ISO-10303-21;
HEADER;
FILE_DESCRIPTION(('KiCad electronic assembly'),'2;1');
FILE_NAME('Custom Macropad.step','2026-02-19T22:46:58',('Pcbnew'),(
    'Kicad'),'Open CASCADE STEP processor 7.9','KiCad to STEP converter'
  ,'Unknown');
FILE_SCHEMA(('AUTOMOTIVE_DESIGN { 1 0 10303 214 1 1 1 1 }'));
ENDSEC;
DATA;
#1 = APPLICATION_PROTOCOL_DEFINITION('international standard',
  'automotive_design',2000,#2);
#2 = APPLICATION_CONTEXT(
  'core data for automotive mechanical design processes');
#3 = SHAPE_DEFINITION_REPRESENTATION(#4,#10);
#4 = PRODUCT_DEFINITION_SHAPE('','',#5);
#5 = PRODUCT_DEFINITION('design','',#6,#9);
#6 = PRODUCT_DEFINITION_FORMATION('','',#7);
#7 = PRODUCT('Custom Macropad 1','Custom Macropad 1','',(#8));
#8 = PRODUCT_CONTEXT('',#2,'mechanical');
#9 = PRODUCT_DEFINITION_CONTEXT('part definition',#2,'design');
#10 = SHAPE_REPRESENTATION('',(#11,#15),#19);
#11 = AXIS2_PLACEMENT_3D('',#12,#13,#14);
#12 = CARTESIAN_POINT('',(0.,0.,0.));
#13 = DIRECTION('',(0.,0.,1.));
#14 = DIRECTION('',(1.,0.,-0.));
#15 = AXIS2_PLACEMENT_3D('',#16,#17,#18);
#16 = CARTESIAN_POINT('',(0.,0.,0.));
#17 = DIRECTION('',(0.,0.,1.));
#18 = DIRECTION('',(1.,0.,-0.));
#19 = ( GEOMETRIC_REPRESENTATION_CONTEXT(3) 
GLOBAL_UNCERTAINTY_ASSIGNED_CONTEXT((#23)) GLOBAL_UNIT_ASSIGNED_CONTEXT(
(#20,#21,#22)) REPRESENTATION_CONTEXT('Context #1',
  '3D Context with UNIT and UNCERTAINTY') );
#20 = ( LENGTH_UNIT() NAMED_UNIT(*) SI_UNIT(.MILLI.,.METRE.) );
#21 = ( NAMED_UNIT(*) PLANE_ANGLE_UNIT() SI_UNIT($,.RADIAN.) );
#22 = ( NAMED_UNIT(*) SI_UNIT($,.STERADIAN.) SOLID_ANGLE_UNIT() );
#23 = UNCERTAINTY_MEASURE_WITH_UNIT(LENGTH_MEASURE(1.E-07),#20,
  'distance_accuracy_value','confusion accuracy');
#24 = PRODUCT_RELATED_PRODUCT_CATEGORY('part',$,(#7));
#25 = SHAPE_DEFINITION_REPRESENTATION(#26,#32);
#26 = PRODUCT_DEFINITION_SHAPE('','',#27);
#27 = PRODUCT_DEFINITION('design','',#28,#31);
#28 = PRODUCT_DEFINITION_FORMATION('','',#29);
#29 = PRODUCT('Custom Macropad_PCB','Custom Macropad_PCB','',(#30));
#30 = PRODUCT_CONTEXT('',#2,'mechanical');
#31 = PRODUCT_DEFINITION_CONTEXT('part definition',#2,'design');
#32 = ADVANCED_BREP_SHAPE_REPRESENTATION('',(#11,#33),#21022);
#33 = MANIFOLD_SOLID_BREP('',#34);
#34 = CLOSED_SHELL('',(#35,#75,#106,#137,#5282,#10427,#10439,#10461,
    #10478,#10495,#10512,#10529,#10546,#10563,#10580,#10597,#10614,
    #10631,#10648,#10665,#10682,#10699,#10716,#10733,#10750,#10767,
    #10784,#10801,#10818,#10835,#10847,#10869,#10886,#10903,#10920,
    #10937,#10954,#10971,#10993,#11010,#11027,#11044,#11061,#11078,
    #11095,#11112,#11129,#11146,#11163,#11180,#11197,#11214,#11231,
    #11248,#11265,#11282,#11299,#11316,#11333,#11350,#11367,#11379,
    #11401,#11418,#11435,#11452,#11469,#11486,#11503,#11525,#11542,
    #11559,#11576,#11593,#11610,#11627,#11644,#11661,#11678,#11695,
    #11712,#11729,#11746,#11763,#11780,#11797,#11814,#11831,#11848,
    #11865,#11882,#11899,#11911,#11933,#11950,#11967,#11984,#12001,
    #12023,#12040,#12062,#12079,#12096,#12113,#12130,#12147,#12164,
    #12181,#12198,#12215,#12232,#12249,#12266,#12283,#12300,#12317,
    #12334,#12351,#12368,#12385,#12402,#12419,#12436,#12448,#12470,
    #12487,#12504,#12526,#12543,#12560,#12582,#12604,#12621,#12638,
    #12655,#12672,#12689,#12706,#12723,#12740,#12757,#12774,#12791,
    #12808,#12825,#12842,#12859,#12876,#12893,#12910,#12927,#12944,
    #12961,#12978,#12990,#13012,#13029,#13046,#13063,#13080,#13097,
    #13119,#13141,#13158,#13180,#13197,#13214,#13231,#13248,#13265,
    #13282,#13299,#13316,#13333,#13350,#13367,#13384,#13401,#13418,
    #13435,#13452,#13469,#13486,#13503,#13520,#13537,#13554,#13566,
    #13583,#13600,#13617,#13634,#13651,#13673,#13690,#13707,#13724,
    #13741,#13758,#13775,#13792,#13809,#13826,#13843,#13860,#13877,
    #13894,#13911,#13928,#13945,#13962,#13979,#13996,#14013,#14030,
    #14047,#14059,#14081,#14098,#14115,#14132,#14149,#14166,#14183,
    #14205,#14227,#14244,#14261,#14278,#14295,#14312,#14329,#14346,
    #14363,#14380,#14397,#14414,#14431,#14448,#14465,#14482,#14499,
    #14516,#14533,#14550,#14567,#14584,#14601,#14618,#14635,#14647,
    #14664,#14686,#14703,#14720,#14737,#14754,#14771,#14793,#14810,
    #14827,#14844,#14861,#14878,#14895,#14912,#14929,#14946,#14963,
    #14980,#14997,#15014,#15031,#15048,#15065,#15082,#15099,#15116,
    #15133,#15150,#15167,#15179,#15201,#15223,#15245,#15262,#15284,
    #15301,#15323,#15345,#15362,#15379,#15396,#15413,#15430,#15447,
    #15464,#15481,#15498,#15515,#15532,#15549,#15566,#15583,#15600,
    #15617,#15634,#15651,#15668,#15685,#15702,#15719,#15731,#15753,
    #15775,#15792,#15809,#15826,#15848,#15865,#15887,#15904,#15921,
    #15938,#15955,#15972,#15989,#16006,#16023,#16040,#16057,#16074,
    #16091,#16108,#16125,#16142,#16159,#16176,#16193,#16210,#16227,
    #16244,#16261,#16273,#16290,#16312,#16329,#16346,#16368,#16390,
    #16412,#16429,#16446,#16463,#16480,#16497,#16519,#16536,#16558,
    #16575,#16592,#16609,#16626,#16643,#16660,#16677,#16694,#16711,
    #16728,#16745,#16762,#16779,#16796,#16813,#16830,#16847,#16864,
    #16881,#16898,#16915,#16932,#16944,#16961,#16978,#16995,#17012,
    #17034,#17051,#17068,#17085,#17102,#17119,#17136,#17153,#17170,
    #17192,#17209,#17226,#17243,#17260,#17277,#17294,#17311,#17328,
    #17345,#17362,#17379,#17396,#17413,#17430,#17447,#17464,#17481,
    #17498,#17515,#17532,#17549,#17566,#17583,#17600,#17612,#17634,
    #17656,#17673,#17690,#17707,#17724,#17741,#17763,#17780,#17802,
    #17819,#17836,#17853,#17870,#17887,#17904,#17921,#17938,#17955,
    #17972,#17989,#18006,#18023,#18040,#18057,#18074,#18091,#18108,
    #18125,#18142,#18159,#18176,#18188,#18205,#18222,#18239,#18256,
    #18273,#18290,#18312,#18329,#18346,#18363,#18380,#18397,#18414,
    #18431,#18448,#18465,#18482,#18499,#18516,#18533,#18550,#18567,
    #18584,#18601,#18618,#18635,#18652,#18669,#18686,#18698,#18715,
    #18732,#18749,#18766,#18788,#18805,#18822,#18839,#18856,#18873,
    #18890,#18907,#18924,#18941,#18958,#18975,#18992,#19009,#19026,
    #19043,#19060,#19077,#19094,#19111,#19128,#19145,#19162,#19179,
    #19196,#19208,#19225,#19242,#19259,#19276,#19293,#19315,#19332,
    #19349,#19361,#19378,#19395,#19412,#19429,#19446,#19468,#19485,
    #19502,#19514,#19536,#19558,#19580,#19602,#19624,#19646,#19668,
    #19690,#19712,#19734,#19756,#19778,#19800,#19822,#19844,#19866,
    #19888,#19910,#19932,#19954,#19976,#20018,#20051,#20073,#20097,
    #20128,#20161,#20192,#20225,#20249,#20282,#20306,#20328,#20350,
    #20372,#20394,#20416,#20438,#20460,#20482,#20504,#20526,#20557,
    #20588,#20619,#20650,#20681,#20712,#20743,#20774,#20805,#20836,
    #20867,#20898,#20929,#20960,#20991));
#35 = ADVANCED_FACE('',(#36),#70,.T.);
#36 = FACE_BOUND('',#37,.T.);
#37 = EDGE_LOOP('',(#38,#48,#56,#64));
#38 = ORIENTED_EDGE('',*,*,#39,.T.);
#39 = EDGE_CURVE('',#40,#42,#44,.T.);
#40 = VERTEX_POINT('',#41);
#41 = CARTESIAN_POINT('',(198.4375,-142.875,0.));
#42 = VERTEX_POINT('',#43);
#43 = CARTESIAN_POINT('',(198.4375,-142.875,1.51));
#44 = LINE('',#45,#46);
#45 = CARTESIAN_POINT('',(198.4375,-142.875,0.));
#46 = VECTOR('',#47,1.);
#47 = DIRECTION('',(0.,0.,1.));
#48 = ORIENTED_EDGE('',*,*,#49,.T.);
#49 = EDGE_CURVE('',#42,#50,#52,.T.);
#50 = VERTEX_POINT('',#51);
#51 = CARTESIAN_POINT('',(115.8875,-142.875,1.51));
#52 = LINE('',#53,#54);
#53 = CARTESIAN_POINT('',(198.4375,-142.875,1.51));
#54 = VECTOR('',#55,1.);
#55 = DIRECTION('',(-1.,0.,0.));
#56 = ORIENTED_EDGE('',*,*,#57,.F.);
#57 = EDGE_CURVE('',#58,#50,#60,.T.);
#58 = VERTEX_POINT('',#59);
#59 = CARTESIAN_POINT('',(115.8875,-142.875,0.));
#60 = LINE('',#61,#62);
#61 = CARTESIAN_POINT('',(115.8875,-142.875,0.));
#62 = VECTOR('',#63,1.);
#63 = DIRECTION('',(0.,0.,1.));
#64 = ORIENTED_EDGE('',*,*,#65,.F.);
#65 = EDGE_CURVE('',#40,#58,#66,.T.);
#66 = LINE('',#67,#68);
#67 = CARTESIAN_POINT('',(198.4375,-142.875,0.));
#68 = VECTOR('',#69,1.);
#69 = DIRECTION('',(-1.,0.,0.));
#70 = PLANE('',#71);
#71 = AXIS2_PLACEMENT_3D('',#72,#73,#74);
#72 = CARTESIAN_POINT('',(198.4375,-142.875,0.));
#73 = DIRECTION('',(0.,-1.,0.));
#74 = DIRECTION('',(-1.,0.,0.));
#75 = ADVANCED_FACE('',(#76),#101,.T.);
#76 = FACE_BOUND('',#77,.T.);
#77 = EDGE_LOOP('',(#78,#88,#94,#95));
#78 = ORIENTED_EDGE('',*,*,#79,.T.);
#79 = EDGE_CURVE('',#80,#82,#84,.T.);
#80 = VERTEX_POINT('',#81);
#81 = CARTESIAN_POINT('',(198.4375,-60.325,0.));
#82 = VERTEX_POINT('',#83);
#83 = CARTESIAN_POINT('',(198.4375,-60.325,1.51));
#84 = LINE('',#85,#86);
#85 = CARTESIAN_POINT('',(198.4375,-60.325,0.));
#86 = VECTOR('',#87,1.);
#87 = DIRECTION('',(0.,0.,1.));
#88 = ORIENTED_EDGE('',*,*,#89,.T.);
#89 = EDGE_CURVE('',#82,#42,#90,.T.);
#90 = LINE('',#91,#92);
#91 = CARTESIAN_POINT('',(198.4375,-60.325,1.51));
#92 = VECTOR('',#93,1.);
#93 = DIRECTION('',(0.,-1.,0.));
#94 = ORIENTED_EDGE('',*,*,#39,.F.);
#95 = ORIENTED_EDGE('',*,*,#96,.F.);
#96 = EDGE_CURVE('',#80,#40,#97,.T.);
#97 = LINE('',#98,#99);
#98 = CARTESIAN_POINT('',(198.4375,-60.325,0.));
#99 = VECTOR('',#100,1.);
#100 = DIRECTION('',(0.,-1.,0.));
#101 = PLANE('',#102);
#102 = AXIS2_PLACEMENT_3D('',#103,#104,#105);
#103 = CARTESIAN_POINT('',(198.4375,-60.325,0.));
#104 = DIRECTION('',(1.,0.,-0.));
#105 = DIRECTION('',(0.,-1.,0.));
#106 = ADVANCED_FACE('',(#107),#132,.T.);
#107 = FACE_BOUND('',#108,.T.);
#108 = EDGE_LOOP('',(#109,#110,#118,#126));
#109 = ORIENTED_EDGE('',*,*,#57,.T.);
#110 = ORIENTED_EDGE('',*,*,#111,.T.);
#111 = EDGE_CURVE('',#50,#112,#114,.T.);
#112 = VERTEX_POINT('',#113);
#113 = CARTESIAN_POINT('',(115.8875,-60.325,1.51));
#114 = LINE('',#115,#116);
#115 = CARTESIAN_POINT('',(115.8875,-142.875,1.51));
#116 = VECTOR('',#117,1.);
#117 = DIRECTION('',(0.,1.,0.));
#118 = ORIENTED_EDGE('',*,*,#119,.F.);
#119 = EDGE_CURVE('',#120,#112,#122,.T.);
#120 = VERTEX_POINT('',#121);
#121 = CARTESIAN_POINT('',(115.8875,-60.325,0.));
#122 = LINE('',#123,#124);
#123 = CARTESIAN_POINT('',(115.8875,-60.325,0.));
#124 = VECTOR('',#125,1.);
#125 = DIRECTION('',(0.,0.,1.));
#126 = ORIENTED_EDGE('',*,*,#127,.F.);
#127 = EDGE_CURVE('',#58,#120,#128,.T.);
#128 = LINE('',#129,#130);
#129 = CARTESIAN_POINT('',(115.8875,-142.875,0.));
#130 = VECTOR('',#131,1.);
#131 = DIRECTION('',(0.,1.,0.));
#132 = PLANE('',#133);
#133 = AXIS2_PLACEMENT_3D('',#134,#135,#136);
#134 = CARTESIAN_POINT('',(115.8875,-142.875,0.));
#135 = DIRECTION('',(-1.,0.,0.));
#136 = DIRECTION('',(0.,1.,0.));
#137 = ADVANCED_FACE('',(#138,#149,#343,#372,#383,#394,#405,#416,#427,
    #438,#632,#661,#672,#683,#694,#705,#716,#727,#921,#950,#961,#972,
    #983,#994,#1023,#1034,#1228,#1257,#1268,#1279,#1308,#1319,#1330,
    #1359,#1553,#1582,#1593,#1604,#1615,#1626,#1637,#1666,#1695,#1706,
    #1900,#1911,#1922,#1933,#1944,#1955,#2149,#2178,#2189,#2200,#2211,
    #2222,#2233,#2244,#2273,#2483,#2494,#2523,#2534,#2545,#2556,#2567,
    #2761,#2790,#2819,#2848,#2859,#2888,#2899,#2928,#3122,#3151,#3180,
    #3191,#3202,#3213,#3242,#3253,#3447,#3458,#3487,#3498,#3509,#3538,
    #3567,#3596,#3607,#3618,#3629,#3640,#3651,#3680,#3874,#3885,#3896,
    #3907,#3918,#3947,#3958,#3969,#3980,#3991,#4002,#4013,#4024,#4035,
    #4245,#4274,#4303,#4314,#4325,#4336,#4347,#4376,#4387,#4581,#4592,
    #4603,#4614,#4625,#4636,#4647,#4841,#4852,#4863,#4874,#4885,#5095,
    #5106,#5117,#5128,#5139,#5150,#5186,#5197,#5208,#5219,#5230,#5241),
  #5277,.F.);
#138 = FACE_BOUND('',#139,.F.);
#139 = EDGE_LOOP('',(#140,#141,#142,#148));
#140 = ORIENTED_EDGE('',*,*,#65,.F.);
#141 = ORIENTED_EDGE('',*,*,#96,.F.);
#142 = ORIENTED_EDGE('',*,*,#143,.F.);
#143 = EDGE_CURVE('',#120,#80,#144,.T.);
#144 = LINE('',#145,#146);
#145 = CARTESIAN_POINT('',(115.8875,-60.325,0.));
#146 = VECTOR('',#147,1.);
#147 = DIRECTION('',(1.,0.,0.));
#148 = ORIENTED_EDGE('',*,*,#127,.F.);
#149 = FACE_BOUND('',#150,.F.);
#150 = EDGE_LOOP('',(#151,#161,#169,#177,#185,#193,#201,#209,#217,#225,
    #233,#241,#249,#257,#265,#273,#281,#289,#297,#305,#313,#321,#329,
    #337));
#151 = ORIENTED_EDGE('',*,*,#152,.F.);
#152 = EDGE_CURVE('',#153,#155,#157,.T.);
#153 = VERTEX_POINT('',#154);
#154 = CARTESIAN_POINT('',(127.697072,-133.379301,0.));
#155 = VERTEX_POINT('',#156);
#156 = CARTESIAN_POINT('',(127.056766,-134.06153,0.));
#157 = LINE('',#158,#159);
#158 = CARTESIAN_POINT('',(127.697072,-133.379301,0.));
#159 = VECTOR('',#160,1.);
#160 = DIRECTION('',(-0.684348484247,-0.729155094688,0.));
#161 = ORIENTED_EDGE('',*,*,#162,.F.);
#162 = EDGE_CURVE('',#163,#153,#165,.T.);
#163 = VERTEX_POINT('',#164);
#164 = CARTESIAN_POINT('',(127.759539,-133.412951,0.));
#165 = LINE('',#166,#167);
#166 = CARTESIAN_POINT('',(127.759539,-133.412951,0.));
#167 = VECTOR('',#168,1.);
#168 = DIRECTION('',(-0.880389175415,0.474251937066,0.));
#169 = ORIENTED_EDGE('',*,*,#170,.F.);
#170 = EDGE_CURVE('',#171,#163,#173,.T.);
#171 = VERTEX_POINT('',#172);
#172 = CARTESIAN_POINT('',(128.011798,-133.481251,0.));
#173 = LINE('',#174,#175);
#174 = CARTESIAN_POINT('',(128.011798,-133.481251,0.));
#175 = VECTOR('',#176,1.);
#176 = DIRECTION('',(-0.965245820026,0.261343656749,0.));
#177 = ORIENTED_EDGE('',*,*,#178,.F.);
#178 = EDGE_CURVE('',#179,#171,#181,.T.);
#179 = VERTEX_POINT('',#180);
#180 = CARTESIAN_POINT('',(129.600703,-133.481251,0.));
#181 = LINE('',#182,#183);
#182 = CARTESIAN_POINT('',(129.600703,-133.481251,0.));
#183 = VECTOR('',#184,1.);
#184 = DIRECTION('',(-1.,0.,0.));
#185 = ORIENTED_EDGE('',*,*,#186,.F.);
#186 = EDGE_CURVE('',#187,#179,#189,.T.);
#187 = VERTEX_POINT('',#188);
#188 = CARTESIAN_POINT('',(129.79476,-133.444603,0.));
#189 = LINE('',#190,#191);
#190 = CARTESIAN_POINT('',(129.79476,-133.444603,0.));
#191 = VECTOR('',#192,1.);
#192 = DIRECTION('',(-0.982630760572,-0.185571518231,0.));
#193 = ORIENTED_EDGE('',*,*,#194,.F.);
#194 = EDGE_CURVE('',#195,#187,#197,.T.);
#195 = VERTEX_POINT('',#196);
#196 = CARTESIAN_POINT('',(129.852961,-133.412952,0.));
#197 = LINE('',#198,#199);
#198 = CARTESIAN_POINT('',(129.852961,-133.412952,0.));
#199 = VECTOR('',#200,1.);
#200 = DIRECTION('',(-0.878497683992,-0.477746605661,0.));
#201 = ORIENTED_EDGE('',*,*,#202,.F.);
#202 = EDGE_CURVE('',#203,#195,#205,.T.);
#203 = VERTEX_POINT('',#204);
#204 = CARTESIAN_POINT('',(130.58427,-133.996573,0.));
#205 = LINE('',#206,#207);
#206 = CARTESIAN_POINT('',(130.58427,-133.996573,0.));
#207 = VECTOR('',#208,1.);
#208 = DIRECTION('',(-0.781611817576,0.623765153424,0.));
#209 = ORIENTED_EDGE('',*,*,#210,.F.);
#210 = EDGE_CURVE('',#211,#203,#213,.T.);
#211 = VERTEX_POINT('',#212);
#212 = CARTESIAN_POINT('',(130.555734,-134.06153,0.));
#213 = LINE('',#214,#215);
#214 = CARTESIAN_POINT('',(130.555734,-134.06153,0.));
#215 = VECTOR('',#216,1.);
#216 = DIRECTION('',(0.402206216355,0.915549102739,0.));
#217 = ORIENTED_EDGE('',*,*,#218,.F.);
#218 = EDGE_CURVE('',#219,#211,#221,.T.);
#219 = VERTEX_POINT('',#220);
#220 = CARTESIAN_POINT('',(130.506249,-134.278408,0.));
#221 = LINE('',#222,#223);
#222 = CARTESIAN_POINT('',(130.506249,-134.278408,0.));
#223 = VECTOR('',#224,1.);
#224 = DIRECTION('',(0.222452619431,0.974943502008,0.));
#225 = ORIENTED_EDGE('',*,*,#226,.F.);
#226 = EDGE_CURVE('',#227,#219,#229,.T.);
#227 = VERTEX_POINT('',#228);
#228 = CARTESIAN_POINT('',(130.506249,-135.684092,0.));
#229 = LINE('',#230,#231);
#230 = CARTESIAN_POINT('',(130.506249,-135.684092,0.));
#231 = VECTOR('',#232,1.);
#232 = DIRECTION('',(0.,1.,0.));
#233 = ORIENTED_EDGE('',*,*,#234,.F.);
#234 = EDGE_CURVE('',#235,#227,#237,.T.);
#235 = VERTEX_POINT('',#236);
#236 = CARTESIAN_POINT('',(130.532796,-135.849703,0.));
#237 = LINE('',#238,#239);
#238 = CARTESIAN_POINT('',(130.532796,-135.849703,0.));
#239 = VECTOR('',#240,1.);
#240 = DIRECTION('',(-0.158276741956,0.987394790829,0.));
#241 = ORIENTED_EDGE('',*,*,#242,.F.);
#242 = EDGE_CURVE('',#243,#235,#245,.T.);
#243 = VERTEX_POINT('',#244);
#244 = CARTESIAN_POINT('',(130.555734,-135.900969,0.));
#245 = LINE('',#246,#247);
#246 = CARTESIAN_POINT('',(130.555734,-135.900969,0.));
#247 = VECTOR('',#248,1.);
#248 = DIRECTION('',(-0.408413690492,0.912796942051,0.));
#249 = ORIENTED_EDGE('',*,*,#250,.F.);
#250 = EDGE_CURVE('',#251,#243,#253,.T.);
#251 = VERTEX_POINT('',#252);
#252 = CARTESIAN_POINT('',(129.915428,-136.583199,0.));
#253 = LINE('',#254,#255);
#254 = CARTESIAN_POINT('',(129.915428,-136.583199,0.));
#255 = VECTOR('',#256,1.);
#256 = DIRECTION('',(0.684347950928,0.729155595234,0.));
#257 = ORIENTED_EDGE('',*,*,#258,.F.);
#258 = EDGE_CURVE('',#259,#251,#261,.T.);
#259 = VERTEX_POINT('',#260);
#260 = CARTESIAN_POINT('',(129.852961,-136.549549,0.));
#261 = LINE('',#262,#263);
#262 = CARTESIAN_POINT('',(129.852961,-136.549549,0.));
#263 = VECTOR('',#264,1.);
#264 = DIRECTION('',(0.880389175415,-0.474251937066,0.));
#265 = ORIENTED_EDGE('',*,*,#266,.F.);
#266 = EDGE_CURVE('',#267,#259,#269,.T.);
#267 = VERTEX_POINT('',#268);
#268 = CARTESIAN_POINT('',(129.600702,-136.48125,0.));
#269 = LINE('',#270,#271);
#270 = CARTESIAN_POINT('',(129.600702,-136.48125,0.));
#271 = VECTOR('',#272,1.);
#272 = DIRECTION('',(0.965246785273,-0.261340091681,0.));
#273 = ORIENTED_EDGE('',*,*,#274,.F.);
#274 = EDGE_CURVE('',#275,#267,#277,.T.);
#275 = VERTEX_POINT('',#276);
#276 = CARTESIAN_POINT('',(128.011798,-136.48125,0.));
#277 = LINE('',#278,#279);
#278 = CARTESIAN_POINT('',(128.011798,-136.48125,0.));
#279 = VECTOR('',#280,1.);
#280 = DIRECTION('',(1.,0.,0.));
#281 = ORIENTED_EDGE('',*,*,#282,.F.);
#282 = EDGE_CURVE('',#283,#275,#285,.T.);
#283 = VERTEX_POINT('',#284);
#284 = CARTESIAN_POINT('',(127.81774,-136.517896,0.));
#285 = LINE('',#286,#287);
#286 = CARTESIAN_POINT('',(127.81774,-136.517896,0.));
#287 = VECTOR('',#288,1.);
#288 = DIRECTION('',(0.982632781566,0.185560816422,0.));
#289 = ORIENTED_EDGE('',*,*,#290,.F.);
#290 = EDGE_CURVE('',#291,#283,#293,.T.);
#291 = VERTEX_POINT('',#292);
#292 = CARTESIAN_POINT('',(127.759539,-136.549547,0.));
#293 = LINE('',#294,#295);
#294 = CARTESIAN_POINT('',(127.759539,-136.549547,0.));
#295 = VECTOR('',#296,1.);
#296 = DIRECTION('',(0.878497683992,0.47774660566,0.));
#297 = ORIENTED_EDGE('',*,*,#298,.F.);
#298 = EDGE_CURVE('',#299,#291,#301,.T.);
#299 = VERTEX_POINT('',#300);
#300 = CARTESIAN_POINT('',(127.02823,-135.965927,0.));
#301 = LINE('',#302,#303);
#302 = CARTESIAN_POINT('',(127.02823,-135.965927,0.));
#303 = VECTOR('',#304,1.);
#304 = DIRECTION('',(0.781612338653,-0.623764500485,0.));
#305 = ORIENTED_EDGE('',*,*,#306,.F.);
#306 = EDGE_CURVE('',#307,#299,#309,.T.);
#307 = VERTEX_POINT('',#308);
#308 = CARTESIAN_POINT('',(127.056766,-135.90097,0.));
#309 = LINE('',#310,#311);
#310 = CARTESIAN_POINT('',(127.056766,-135.90097,0.));
#311 = VECTOR('',#312,1.);
#312 = DIRECTION('',(-0.402206216355,-0.915549102739,0.));
#313 = ORIENTED_EDGE('',*,*,#314,.F.);
#314 = EDGE_CURVE('',#315,#307,#317,.T.);
#315 = VERTEX_POINT('',#316);
#316 = CARTESIAN_POINT('',(127.106251,-135.684092,0.));
#317 = LINE('',#318,#319);
#318 = CARTESIAN_POINT('',(127.106251,-135.684092,0.));
#319 = VECTOR('',#320,1.);
#320 = DIRECTION('',(-0.222452619431,-0.974943502008,0.));
#321 = ORIENTED_EDGE('',*,*,#322,.F.);
#322 = EDGE_CURVE('',#323,#315,#325,.T.);
#323 = VERTEX_POINT('',#324);
#324 = CARTESIAN_POINT('',(127.106251,-134.278408,0.));
#325 = LINE('',#326,#327);
#326 = CARTESIAN_POINT('',(127.106251,-134.278408,0.));
#327 = VECTOR('',#328,1.);
#328 = DIRECTION('',(0.,-1.,0.));
#329 = ORIENTED_EDGE('',*,*,#330,.F.);
#330 = EDGE_CURVE('',#331,#323,#333,.T.);
#331 = VERTEX_POINT('',#332);
#332 = CARTESIAN_POINT('',(127.079704,-134.112796,0.));
#333 = LINE('',#334,#335);
#334 = CARTESIAN_POINT('',(127.079704,-134.112796,0.));
#335 = VECTOR('',#336,1.);
#336 = DIRECTION('',(0.15827581019,-0.987394940188,0.));
#337 = ORIENTED_EDGE('',*,*,#338,.F.);
#338 = EDGE_CURVE('',#155,#331,#339,.T.);
#339 = LINE('',#340,#341);
#340 = CARTESIAN_POINT('',(127.056766,-134.06153,0.));
#341 = VECTOR('',#342,1.);
#342 = DIRECTION('',(0.408413690492,-0.912796942051,0.));
#343 = FACE_BOUND('',#344,.F.);
#344 = EDGE_LOOP('',(#345,#356,#365));
#345 = ORIENTED_EDGE('',*,*,#346,.T.);
#346 = EDGE_CURVE('',#347,#349,#351,.T.);
#347 = VERTEX_POINT('',#348);
#348 = CARTESIAN_POINT('',(123.9152269407,-129.4291724449,0.));
#349 = VERTEX_POINT('',#350);
#350 = CARTESIAN_POINT('',(124.27036093784,-129.8001090965,0.));
#351 = CIRCLE('',#352,0.85);
#352 = AXIS2_PLACEMENT_3D('',#353,#354,#355);
#353 = CARTESIAN_POINT('',(123.5075,-130.175,0.));
#354 = DIRECTION('',(-0.,0.,-1.));
#355 = DIRECTION('',(-0.,-1.,0.));
#356 = ORIENTED_EDGE('',*,*,#357,.T.);
#357 = EDGE_CURVE('',#349,#358,#360,.T.);
#358 = VERTEX_POINT('',#359);
#359 = CARTESIAN_POINT('',(123.5075,-131.025,0.));
#360 = CIRCLE('',#361,0.85);
#361 = AXIS2_PLACEMENT_3D('',#362,#363,#364);
#362 = CARTESIAN_POINT('',(123.5075,-130.175,0.));
#363 = DIRECTION('',(-0.,0.,-1.));
#364 = DIRECTION('',(-0.,-1.,0.));
#365 = ORIENTED_EDGE('',*,*,#366,.T.);
#366 = EDGE_CURVE('',#358,#347,#367,.T.);
#367 = CIRCLE('',#368,0.85);
#368 = AXIS2_PLACEMENT_3D('',#369,#370,#371);
#369 = CARTESIAN_POINT('',(123.5075,-130.175,0.));
#370 = DIRECTION('',(-0.,0.,-1.));
#371 = DIRECTION('',(-0.,-1.,0.));
#372 = FACE_BOUND('',#373,.F.);
#373 = EDGE_LOOP('',(#374));
#374 = ORIENTED_EDGE('',*,*,#375,.T.);
#375 = EDGE_CURVE('',#376,#376,#378,.T.);
#376 = VERTEX_POINT('',#377);
#377 = CARTESIAN_POINT('',(124.7775,-128.385,0.));
#378 = CIRCLE('',#379,0.75);
#379 = AXIS2_PLACEMENT_3D('',#380,#381,#382);
#380 = CARTESIAN_POINT('',(124.7775,-127.635,0.));
#381 = DIRECTION('',(-0.,0.,-1.));
#382 = DIRECTION('',(-0.,-1.,0.));
#383 = FACE_BOUND('',#384,.F.);
#384 = EDGE_LOOP('',(#385));
#385 = ORIENTED_EDGE('',*,*,#386,.T.);
#386 = EDGE_CURVE('',#387,#387,#389,.T.);
#387 = VERTEX_POINT('',#388);
#388 = CARTESIAN_POINT('',(128.5875,-132.175,0.));
#389 = CIRCLE('',#390,2.);
#390 = AXIS2_PLACEMENT_3D('',#391,#392,#393);
#391 = CARTESIAN_POINT('',(128.5875,-130.175,0.));
#392 = DIRECTION('',(-0.,0.,-1.));
#393 = DIRECTION('',(-0.,-1.,0.));
#394 = FACE_BOUND('',#395,.F.);
#395 = EDGE_LOOP('',(#396));
#396 = ORIENTED_EDGE('',*,*,#397,.T.);
#397 = EDGE_CURVE('',#398,#398,#400,.T.);
#398 = VERTEX_POINT('',#399);
#399 = CARTESIAN_POINT('',(136.525,-134.385,0.));
#400 = CIRCLE('',#401,0.4);
#401 = AXIS2_PLACEMENT_3D('',#402,#403,#404);
#402 = CARTESIAN_POINT('',(136.525,-133.985,0.));
#403 = DIRECTION('',(-0.,0.,-1.));
#404 = DIRECTION('',(-0.,-1.,0.));
#405 = FACE_BOUND('',#406,.F.);
#406 = EDGE_LOOP('',(#407));
#407 = ORIENTED_EDGE('',*,*,#408,.T.);
#408 = EDGE_CURVE('',#409,#409,#411,.T.);
#409 = VERTEX_POINT('',#410);
#410 = CARTESIAN_POINT('',(133.6675,-131.025,0.));
#411 = CIRCLE('',#412,0.85);
#412 = AXIS2_PLACEMENT_3D('',#413,#414,#415);
#413 = CARTESIAN_POINT('',(133.6675,-130.175,0.));
#414 = DIRECTION('',(-0.,0.,-1.));
#415 = DIRECTION('',(-3.343730521224E-14,-1.,0.));
#416 = FACE_BOUND('',#417,.F.);
#417 = EDGE_LOOP('',(#418));
#418 = ORIENTED_EDGE('',*,*,#419,.T.);
#419 = EDGE_CURVE('',#420,#420,#422,.T.);
#420 = VERTEX_POINT('',#421);
#421 = CARTESIAN_POINT('',(131.1275,-125.845,0.));
#422 = CIRCLE('',#423,0.75);
#423 = AXIS2_PLACEMENT_3D('',#424,#425,#426);
#424 = CARTESIAN_POINT('',(131.1275,-125.095,0.));
#425 = DIRECTION('',(-0.,0.,-1.));
#426 = DIRECTION('',(-0.,-1.,0.));
#427 = FACE_BOUND('',#428,.F.);
#428 = EDGE_LOOP('',(#429));
#429 = ORIENTED_EDGE('',*,*,#430,.T.);
#430 = EDGE_CURVE('',#431,#431,#433,.T.);
#431 = VERTEX_POINT('',#432);
#432 = CARTESIAN_POINT('',(136.525,-126.765,0.));
#433 = CIRCLE('',#434,0.4);
#434 = AXIS2_PLACEMENT_3D('',#435,#436,#437);
#435 = CARTESIAN_POINT('',(136.525,-126.365,0.));
#436 = DIRECTION('',(-0.,0.,-1.));
#437 = DIRECTION('',(-0.,-1.,0.));
#438 = FACE_BOUND('',#439,.F.);
#439 = EDGE_LOOP('',(#440,#450,#458,#466,#474,#482,#490,#498,#506,#514,
    #522,#530,#538,#546,#554,#562,#570,#578,#586,#594,#602,#610,#618,
    #626));
#440 = ORIENTED_EDGE('',*,*,#441,.F.);
#441 = EDGE_CURVE('',#442,#444,#446,.T.);
#442 = VERTEX_POINT('',#443);
#443 = CARTESIAN_POINT('',(146.52832,-133.2327,0.));
#444 = VERTEX_POINT('',#445);
#445 = CARTESIAN_POINT('',(145.888017,-133.914938,0.));
#446 = LINE('',#447,#448);
#447 = CARTESIAN_POINT('',(146.52832,-133.2327,0.));
#448 = VECTOR('',#449,1.);
#449 = DIRECTION('',(-0.68434197967,-0.729161199504,0.));
#450 = ORIENTED_EDGE('',*,*,#451,.F.);
#451 = EDGE_CURVE('',#452,#442,#454,.T.);
#452 = VERTEX_POINT('',#453);
#453 = CARTESIAN_POINT('',(146.59079,-133.266359,0.));
#454 = LINE('',#455,#456);
#455 = CARTESIAN_POINT('',(146.59079,-133.266359,0.));
#456 = VECTOR('',#457,1.);
#457 = DIRECTION('',(-0.880345725289,0.474332587922,0.));
#458 = ORIENTED_EDGE('',*,*,#459,.F.);
#459 = EDGE_CURVE('',#460,#452,#462,.T.);
#460 = VERTEX_POINT('',#461);
#461 = CARTESIAN_POINT('',(146.843049,-133.334659,0.));
#462 = LINE('',#463,#464);
#463 = CARTESIAN_POINT('',(146.843049,-133.334659,0.));
#464 = VECTOR('',#465,1.);
#465 = DIRECTION('',(-0.965245820026,0.261343656749,0.));
#466 = ORIENTED_EDGE('',*,*,#467,.F.);
#467 = EDGE_CURVE('',#468,#460,#470,.T.);
#468 = VERTEX_POINT('',#469);
#469 = CARTESIAN_POINT('',(148.431954,-133.334659,0.));
#470 = LINE('',#471,#472);
#471 = CARTESIAN_POINT('',(148.431954,-133.334659,0.));
#472 = VECTOR('',#473,1.);
#473 = DIRECTION('',(-1.,0.,0.));
#474 = ORIENTED_EDGE('',*,*,#475,.F.);
#475 = EDGE_CURVE('',#476,#468,#478,.T.);
#476 = VERTEX_POINT('',#477);
#477 = CARTESIAN_POINT('',(148.626011,-133.29801,0.));
#478 = LINE('',#479,#480);
#479 = CARTESIAN_POINT('',(148.626011,-133.29801,0.));
#480 = VECTOR('',#481,1.);
#481 = DIRECTION('',(-0.982629837218,-0.185576407469,0.));
#482 = ORIENTED_EDGE('',*,*,#483,.F.);
#483 = EDGE_CURVE('',#484,#476,#486,.T.);
#484 = VERTEX_POINT('',#485);
#485 = CARTESIAN_POINT('',(148.684212,-133.26636,0.));
#486 = LINE('',#487,#488);
#487 = CARTESIAN_POINT('',(148.684212,-133.26636,0.));
#488 = VECTOR('',#489,1.);
#489 = DIRECTION('',(-0.878504018987,-0.47773495646,0.));
#490 = ORIENTED_EDGE('',*,*,#491,.F.);
#491 = EDGE_CURVE('',#492,#484,#494,.T.);
#492 = VERTEX_POINT('',#493);
#493 = CARTESIAN_POINT('',(149.415524,-133.849984,0.));
#494 = LINE('',#495,#496);
#495 = CARTESIAN_POINT('',(149.415524,-133.849984,0.));
#496 = VECTOR('',#497,1.);
#497 = DIRECTION('',(-0.781611501882,0.623765549005,0.));
#498 = ORIENTED_EDGE('',*,*,#499,.F.);
#499 = EDGE_CURVE('',#500,#492,#502,.T.);
#500 = VERTEX_POINT('',#501);
#501 = CARTESIAN_POINT('',(149.386985,-133.914938,0.));
#502 = LINE('',#503,#504);
#503 = CARTESIAN_POINT('',(149.386985,-133.914938,0.));
#504 = VECTOR('',#505,1.);
#505 = DIRECTION('',(0.402257231305,0.915526689869,0.));
#506 = ORIENTED_EDGE('',*,*,#507,.F.);
#507 = EDGE_CURVE('',#508,#500,#510,.T.);
#508 = VERTEX_POINT('',#509);
#509 = CARTESIAN_POINT('',(149.3375,-134.131816,0.));
#510 = LINE('',#511,#512);
#511 = CARTESIAN_POINT('',(149.3375,-134.131816,0.));
#512 = VECTOR('',#513,1.);
#513 = DIRECTION('',(0.222452619431,0.974943502008,0.));
#514 = ORIENTED_EDGE('',*,*,#515,.F.);
#515 = EDGE_CURVE('',#516,#508,#518,.T.);
#516 = VERTEX_POINT('',#517);
#517 = CARTESIAN_POINT('',(149.3375,-135.5375,0.));
#518 = LINE('',#519,#520);
#519 = CARTESIAN_POINT('',(149.3375,-135.5375,0.));
#520 = VECTOR('',#521,1.);
#521 = DIRECTION('',(0.,1.,0.));
#522 = ORIENTED_EDGE('',*,*,#523,.F.);
#523 = EDGE_CURVE('',#524,#516,#526,.T.);
#524 = VERTEX_POINT('',#525);
#525 = CARTESIAN_POINT('',(149.364048,-135.703111,0.));
#526 = LINE('',#527,#528);
#527 = CARTESIAN_POINT('',(149.364048,-135.703111,0.));
#528 = VECTOR('',#529,1.);
#529 = DIRECTION('',(-0.15828255472,0.987393859041,0.));
#530 = ORIENTED_EDGE('',*,*,#531,.F.);
#531 = EDGE_CURVE('',#532,#524,#534,.T.);
#532 = VERTEX_POINT('',#533);
#533 = CARTESIAN_POINT('',(149.386985,-135.754377,0.));
#534 = LINE('',#535,#536);
#535 = CARTESIAN_POINT('',(149.386985,-135.754377,0.));
#536 = VECTOR('',#537,1.);
#537 = DIRECTION('',(-0.408398855141,0.912803579703,0.));
#538 = ORIENTED_EDGE('',*,*,#539,.F.);
#539 = EDGE_CURVE('',#540,#532,#542,.T.);
#540 = VERTEX_POINT('',#541);
#541 = CARTESIAN_POINT('',(148.746676,-136.436618,0.));
#542 = LINE('',#543,#544);
#543 = CARTESIAN_POINT('',(148.746676,-136.436618,0.));
#544 = VECTOR('',#545,1.);
#545 = DIRECTION('',(0.684343789171,0.729159501222,0.));
#546 = ORIENTED_EDGE('',*,*,#547,.F.);
#547 = EDGE_CURVE('',#548,#540,#550,.T.);
#548 = VERTEX_POINT('',#549);
#549 = CARTESIAN_POINT('',(148.684212,-136.402957,0.));
#550 = LINE('',#551,#552);
#551 = CARTESIAN_POINT('',(148.684212,-136.402957,0.));
#552 = VECTOR('',#553,1.);
#553 = DIRECTION('',(0.880314928453,-0.474389741398,0.));
#554 = ORIENTED_EDGE('',*,*,#555,.F.);
#555 = EDGE_CURVE('',#556,#548,#558,.T.);
#556 = VERTEX_POINT('',#557);
#557 = CARTESIAN_POINT('',(148.431953,-136.334658,0.));
#558 = LINE('',#559,#560);
#559 = CARTESIAN_POINT('',(148.431953,-136.334658,0.));
#560 = VECTOR('',#561,1.);
#561 = DIRECTION('',(0.965246785273,-0.261340091681,0.));
#562 = ORIENTED_EDGE('',*,*,#563,.F.);
#563 = EDGE_CURVE('',#564,#556,#566,.T.);
#564 = VERTEX_POINT('',#565);
#565 = CARTESIAN_POINT('',(146.843049,-136.334658,0.));
#566 = LINE('',#567,#568);
#567 = CARTESIAN_POINT('',(146.843049,-136.334658,0.));
#568 = VECTOR('',#569,1.);
#569 = DIRECTION('',(1.,0.,0.));
#570 = ORIENTED_EDGE('',*,*,#571,.F.);
#571 = EDGE_CURVE('',#572,#564,#574,.T.);
#572 = VERTEX_POINT('',#573);
#573 = CARTESIAN_POINT('',(146.64899,-136.371298,0.));
#574 = LINE('',#575,#576);
#575 = CARTESIAN_POINT('',(146.64899,-136.371298,0.));
#576 = VECTOR('',#577,1.);
#577 = DIRECTION('',(0.982638495187,0.18553055753,0.));
#578 = ORIENTED_EDGE('',*,*,#579,.F.);
#579 = EDGE_CURVE('',#580,#572,#582,.T.);
#580 = VERTEX_POINT('',#581);
#581 = CARTESIAN_POINT('',(146.59079,-136.402955,0.));
#582 = LINE('',#583,#584);
#583 = CARTESIAN_POINT('',(146.59079,-136.402955,0.));
#584 = VECTOR('',#585,1.);
#585 = DIRECTION('',(0.878456226645,0.477822831046,0.));
#586 = ORIENTED_EDGE('',*,*,#587,.F.);
#587 = EDGE_CURVE('',#588,#580,#590,.T.);
#588 = VERTEX_POINT('',#589);
#589 = CARTESIAN_POINT('',(145.859464,-135.819339,0.));
#590 = LINE('',#591,#592);
#591 = CARTESIAN_POINT('',(145.859464,-135.819339,0.));
#592 = VECTOR('',#593,1.);
#593 = DIRECTION('',(0.781621492145,-0.623753030467,0.));
#594 = ORIENTED_EDGE('',*,*,#595,.F.);
#595 = EDGE_CURVE('',#596,#588,#598,.T.);
#596 = VERTEX_POINT('',#597);
#597 = CARTESIAN_POINT('',(145.888017,-135.754378,0.));
#598 = LINE('',#599,#600);
#599 = CARTESIAN_POINT('',(145.888017,-135.754378,0.));
#600 = VECTOR('',#601,1.);
#601 = DIRECTION('',(-0.402386269203,-0.915469983318,0.));
#602 = ORIENTED_EDGE('',*,*,#603,.F.);
#603 = EDGE_CURVE('',#604,#596,#606,.T.);
#604 = VERTEX_POINT('',#605);
#605 = CARTESIAN_POINT('',(145.937502,-135.5375,0.));
#606 = LINE('',#607,#608);
#607 = CARTESIAN_POINT('',(145.937502,-135.5375,0.));
#608 = VECTOR('',#609,1.);
#609 = DIRECTION('',(-0.222452619431,-0.974943502008,0.));
#610 = ORIENTED_EDGE('',*,*,#611,.F.);
#611 = EDGE_CURVE('',#612,#604,#614,.T.);
#612 = VERTEX_POINT('',#613);
#613 = CARTESIAN_POINT('',(145.937502,-134.131816,0.));
#614 = LINE('',#615,#616);
#615 = CARTESIAN_POINT('',(145.937502,-134.131816,0.));
#616 = VECTOR('',#617,1.);
#617 = DIRECTION('',(0.,-1.,0.));
#618 = ORIENTED_EDGE('',*,*,#619,.F.);
#619 = EDGE_CURVE('',#620,#612,#622,.T.);
#620 = VERTEX_POINT('',#621);
#621 = CARTESIAN_POINT('',(145.910953,-133.966205,0.));
#622 = LINE('',#623,#624);
#623 = CARTESIAN_POINT('',(145.910953,-133.966205,0.));
#624 = VECTOR('',#625,1.);
#625 = DIRECTION('',(0.158288367468,-0.98739292722,0.));
#626 = ORIENTED_EDGE('',*,*,#627,.F.);
#627 = EDGE_CURVE('',#444,#620,#628,.T.);
#628 = LINE('',#629,#630);
#629 = CARTESIAN_POINT('',(145.888017,-133.914938,0.));
#630 = VECTOR('',#631,1.);
#631 = DIRECTION('',(0.408377382128,-0.912813186674,0.));
#632 = FACE_BOUND('',#633,.F.);
#633 = EDGE_LOOP('',(#634,#645,#654));
#634 = ORIENTED_EDGE('',*,*,#635,.T.);
#635 = EDGE_CURVE('',#636,#638,#640,.T.);
#636 = VERTEX_POINT('',#637);
#637 = CARTESIAN_POINT('',(142.28136524399,-129.3711034914,0.));
#638 = VERTEX_POINT('',#639);
#639 = CARTESIAN_POINT('',(143.38396071861,-130.3736521597,0.));
#640 = CIRCLE('',#641,0.85);
#641 = AXIS2_PLACEMENT_3D('',#642,#643,#644);
#642 = CARTESIAN_POINT('',(142.5575,-130.175,0.));
#643 = DIRECTION('',(-0.,0.,-1.));
#644 = DIRECTION('',(-0.,-1.,0.));
#645 = ORIENTED_EDGE('',*,*,#646,.T.);
#646 = EDGE_CURVE('',#638,#647,#649,.T.);
#647 = VERTEX_POINT('',#648);
#648 = CARTESIAN_POINT('',(142.5575,-131.025,0.));
#649 = CIRCLE('',#650,0.85);
#650 = AXIS2_PLACEMENT_3D('',#651,#652,#653);
#651 = CARTESIAN_POINT('',(142.5575,-130.175,0.));
#652 = DIRECTION('',(-0.,0.,-1.));
#653 = DIRECTION('',(-0.,-1.,0.));
#654 = ORIENTED_EDGE('',*,*,#655,.T.);
#655 = EDGE_CURVE('',#647,#636,#656,.T.);
#656 = CIRCLE('',#657,0.85);
#657 = AXIS2_PLACEMENT_3D('',#658,#659,#660);
#658 = CARTESIAN_POINT('',(142.5575,-130.175,0.));
#659 = DIRECTION('',(-0.,0.,-1.));
#660 = DIRECTION('',(-0.,-1.,0.));
#661 = FACE_BOUND('',#662,.F.);
#662 = EDGE_LOOP('',(#663));
#663 = ORIENTED_EDGE('',*,*,#664,.T.);
#664 = EDGE_CURVE('',#665,#665,#667,.T.);
#665 = VERTEX_POINT('',#666);
#666 = CARTESIAN_POINT('',(143.8275,-128.385,0.));
#667 = CIRCLE('',#668,0.75);
#668 = AXIS2_PLACEMENT_3D('',#669,#670,#671);
#669 = CARTESIAN_POINT('',(143.8275,-127.635,0.));
#670 = DIRECTION('',(-0.,0.,-1.));
#671 = DIRECTION('',(-0.,-1.,0.));
#672 = FACE_BOUND('',#673,.F.);
#673 = EDGE_LOOP('',(#674));
#674 = ORIENTED_EDGE('',*,*,#675,.T.);
#675 = EDGE_CURVE('',#676,#676,#678,.T.);
#676 = VERTEX_POINT('',#677);
#677 = CARTESIAN_POINT('',(147.6375,-132.175,0.));
#678 = CIRCLE('',#679,2.);
#679 = AXIS2_PLACEMENT_3D('',#680,#681,#682);
#680 = CARTESIAN_POINT('',(147.6375,-130.175,0.));
#681 = DIRECTION('',(-0.,0.,-1.));
#682 = DIRECTION('',(-0.,-1.,0.));
#683 = FACE_BOUND('',#684,.F.);
#684 = EDGE_LOOP('',(#685));
#685 = ORIENTED_EDGE('',*,*,#686,.T.);
#686 = EDGE_CURVE('',#687,#687,#689,.T.);
#687 = VERTEX_POINT('',#688);
#688 = CARTESIAN_POINT('',(155.575,-134.385,0.));
#689 = CIRCLE('',#690,0.4);
#690 = AXIS2_PLACEMENT_3D('',#691,#692,#693);
#691 = CARTESIAN_POINT('',(155.575,-133.985,0.));
#692 = DIRECTION('',(-0.,0.,-1.));
#693 = DIRECTION('',(-0.,-1.,0.));
#694 = FACE_BOUND('',#695,.F.);
#695 = EDGE_LOOP('',(#696));
#696 = ORIENTED_EDGE('',*,*,#697,.T.);
#697 = EDGE_CURVE('',#698,#698,#700,.T.);
#698 = VERTEX_POINT('',#699);
#699 = CARTESIAN_POINT('',(152.7175,-131.025,0.));
#700 = CIRCLE('',#701,0.85);
#701 = AXIS2_PLACEMENT_3D('',#702,#703,#704);
#702 = CARTESIAN_POINT('',(152.7175,-130.175,0.));
#703 = DIRECTION('',(-0.,0.,-1.));
#704 = DIRECTION('',(-0.,-1.,0.));
#705 = FACE_BOUND('',#706,.F.);
#706 = EDGE_LOOP('',(#707));
#707 = ORIENTED_EDGE('',*,*,#708,.T.);
#708 = EDGE_CURVE('',#709,#709,#711,.T.);
#709 = VERTEX_POINT('',#710);
#710 = CARTESIAN_POINT('',(150.1775,-125.845,0.));
#711 = CIRCLE('',#712,0.75);
#712 = AXIS2_PLACEMENT_3D('',#713,#714,#715);
#713 = CARTESIAN_POINT('',(150.1775,-125.095,0.));
#714 = DIRECTION('',(-0.,0.,-1.));
#715 = DIRECTION('',(-0.,-1.,0.));
#716 = FACE_BOUND('',#717,.F.);
#717 = EDGE_LOOP('',(#718));
#718 = ORIENTED_EDGE('',*,*,#719,.T.);
#719 = EDGE_CURVE('',#720,#720,#722,.T.);
#720 = VERTEX_POINT('',#721);
#721 = CARTESIAN_POINT('',(155.575,-126.765,0.));
#722 = CIRCLE('',#723,0.4);
#723 = AXIS2_PLACEMENT_3D('',#724,#725,#726);
#724 = CARTESIAN_POINT('',(155.575,-126.365,0.));
#725 = DIRECTION('',(-0.,0.,-1.));
#726 = DIRECTION('',(-0.,-1.,0.));
#727 = FACE_BOUND('',#728,.F.);
#728 = EDGE_LOOP('',(#729,#739,#747,#755,#763,#771,#779,#787,#795,#803,
    #811,#819,#827,#835,#843,#851,#859,#867,#875,#883,#891,#899,#907,
    #915));
#729 = ORIENTED_EDGE('',*,*,#730,.F.);
#730 = EDGE_CURVE('',#731,#733,#735,.T.);
#731 = VERTEX_POINT('',#732);
#732 = CARTESIAN_POINT('',(127.47832,-114.1827,0.));
#733 = VERTEX_POINT('',#734);
#734 = CARTESIAN_POINT('',(126.838017,-114.864938,0.));
#735 = LINE('',#736,#737);
#736 = CARTESIAN_POINT('',(127.47832,-114.1827,0.));
#737 = VECTOR('',#738,1.);
#738 = DIRECTION('',(-0.68434197967,-0.729161199504,0.));
#739 = ORIENTED_EDGE('',*,*,#740,.F.);
#740 = EDGE_CURVE('',#741,#731,#743,.T.);
#741 = VERTEX_POINT('',#742);
#742 = CARTESIAN_POINT('',(127.54079,-114.216359,0.));
#743 = LINE('',#744,#745);
#744 = CARTESIAN_POINT('',(127.54079,-114.216359,0.));
#745 = VECTOR('',#746,1.);
#746 = DIRECTION('',(-0.880345725289,0.474332587922,0.));
#747 = ORIENTED_EDGE('',*,*,#748,.F.);
#748 = EDGE_CURVE('',#749,#741,#751,.T.);
#749 = VERTEX_POINT('',#750);
#750 = CARTESIAN_POINT('',(127.793049,-114.284659,0.));
#751 = LINE('',#752,#753);
#752 = CARTESIAN_POINT('',(127.793049,-114.284659,0.));
#753 = VECTOR('',#754,1.);
#754 = DIRECTION('',(-0.965245820026,0.261343656749,0.));
#755 = ORIENTED_EDGE('',*,*,#756,.F.);
#756 = EDGE_CURVE('',#757,#749,#759,.T.);
#757 = VERTEX_POINT('',#758);
#758 = CARTESIAN_POINT('',(129.381954,-114.284659,0.));
#759 = LINE('',#760,#761);
#760 = CARTESIAN_POINT('',(129.381954,-114.284659,0.));
#761 = VECTOR('',#762,1.);
#762 = DIRECTION('',(-1.,0.,0.));
#763 = ORIENTED_EDGE('',*,*,#764,.F.);
#764 = EDGE_CURVE('',#765,#757,#767,.T.);
#765 = VERTEX_POINT('',#766);
#766 = CARTESIAN_POINT('',(129.576011,-114.24801,0.));
#767 = LINE('',#768,#769);
#768 = CARTESIAN_POINT('',(129.576011,-114.24801,0.));
#769 = VECTOR('',#770,1.);
#770 = DIRECTION('',(-0.982629837218,-0.185576407469,0.));
#771 = ORIENTED_EDGE('',*,*,#772,.F.);
#772 = EDGE_CURVE('',#773,#765,#775,.T.);
#773 = VERTEX_POINT('',#774);
#774 = CARTESIAN_POINT('',(129.634212,-114.21636,0.));
#775 = LINE('',#776,#777);
#776 = CARTESIAN_POINT('',(129.634212,-114.21636,0.));
#777 = VECTOR('',#778,1.);
#778 = DIRECTION('',(-0.878504018987,-0.47773495646,0.));
#779 = ORIENTED_EDGE('',*,*,#780,.F.);
#780 = EDGE_CURVE('',#781,#773,#783,.T.);
#781 = VERTEX_POINT('',#782);
#782 = CARTESIAN_POINT('',(130.365524,-114.799984,0.));
#783 = LINE('',#784,#785);
#784 = CARTESIAN_POINT('',(130.365524,-114.799984,0.));
#785 = VECTOR('',#786,1.);
#786 = DIRECTION('',(-0.781611501882,0.623765549005,0.));
#787 = ORIENTED_EDGE('',*,*,#788,.F.);
#788 = EDGE_CURVE('',#789,#781,#791,.T.);
#789 = VERTEX_POINT('',#790);
#790 = CARTESIAN_POINT('',(130.336985,-114.864938,0.));
#791 = LINE('',#792,#793);
#792 = CARTESIAN_POINT('',(130.336985,-114.864938,0.));
#793 = VECTOR('',#794,1.);
#794 = DIRECTION('',(0.402257231305,0.915526689869,0.));
#795 = ORIENTED_EDGE('',*,*,#796,.F.);
#796 = EDGE_CURVE('',#797,#789,#799,.T.);
#797 = VERTEX_POINT('',#798);
#798 = CARTESIAN_POINT('',(130.2875,-115.081816,0.));
#799 = LINE('',#800,#801);
#800 = CARTESIAN_POINT('',(130.2875,-115.081816,0.));
#801 = VECTOR('',#802,1.);
#802 = DIRECTION('',(0.222452619431,0.974943502008,0.));
#803 = ORIENTED_EDGE('',*,*,#804,.F.);
#804 = EDGE_CURVE('',#805,#797,#807,.T.);
#805 = VERTEX_POINT('',#806);
#806 = CARTESIAN_POINT('',(130.2875,-116.4875,0.));
#807 = LINE('',#808,#809);
#808 = CARTESIAN_POINT('',(130.2875,-116.4875,0.));
#809 = VECTOR('',#810,1.);
#810 = DIRECTION('',(0.,1.,0.));
#811 = ORIENTED_EDGE('',*,*,#812,.F.);
#812 = EDGE_CURVE('',#813,#805,#815,.T.);
#813 = VERTEX_POINT('',#814);
#814 = CARTESIAN_POINT('',(130.314048,-116.653111,0.));
#815 = LINE('',#816,#817);
#816 = CARTESIAN_POINT('',(130.314048,-116.653111,0.));
#817 = VECTOR('',#818,1.);
#818 = DIRECTION('',(-0.158282554721,0.987393859041,0.));
#819 = ORIENTED_EDGE('',*,*,#820,.F.);
#820 = EDGE_CURVE('',#821,#813,#823,.T.);
#821 = VERTEX_POINT('',#822);
#822 = CARTESIAN_POINT('',(130.336985,-116.704377,0.));
#823 = LINE('',#824,#825);
#824 = CARTESIAN_POINT('',(130.336985,-116.704377,0.));
#825 = VECTOR('',#826,1.);
#826 = DIRECTION('',(-0.408398855141,0.912803579704,0.));
#827 = ORIENTED_EDGE('',*,*,#828,.F.);
#828 = EDGE_CURVE('',#829,#821,#831,.T.);
#829 = VERTEX_POINT('',#830);
#830 = CARTESIAN_POINT('',(129.696676,-117.386618,0.));
#831 = LINE('',#832,#833);
#832 = CARTESIAN_POINT('',(129.696676,-117.386618,0.));
#833 = VECTOR('',#834,1.);
#834 = DIRECTION('',(0.684343789171,0.729159501222,0.));
#835 = ORIENTED_EDGE('',*,*,#836,.F.);
#836 = EDGE_CURVE('',#837,#829,#839,.T.);
#837 = VERTEX_POINT('',#838);
#838 = CARTESIAN_POINT('',(129.634212,-117.352957,0.));
#839 = LINE('',#840,#841);
#840 = CARTESIAN_POINT('',(129.634212,-117.352957,0.));
#841 = VECTOR('',#842,1.);
#842 = DIRECTION('',(0.880314928453,-0.474389741397,0.));
#843 = ORIENTED_EDGE('',*,*,#844,.F.);
#844 = EDGE_CURVE('',#845,#837,#847,.T.);
#845 = VERTEX_POINT('',#846);
#846 = CARTESIAN_POINT('',(129.381953,-117.284658,0.));
#847 = LINE('',#848,#849);
#848 = CARTESIAN_POINT('',(129.381953,-117.284658,0.));
#849 = VECTOR('',#850,1.);
#850 = DIRECTION('',(0.965246785273,-0.261340091681,0.));
#851 = ORIENTED_EDGE('',*,*,#852,.F.);
#852 = EDGE_CURVE('',#853,#845,#855,.T.);
#853 = VERTEX_POINT('',#854);
#854 = CARTESIAN_POINT('',(127.793049,-117.284658,0.));
#855 = LINE('',#856,#857);
#856 = CARTESIAN_POINT('',(127.793049,-117.284658,0.));
#857 = VECTOR('',#858,1.);
#858 = DIRECTION('',(1.,0.,0.));
#859 = ORIENTED_EDGE('',*,*,#860,.F.);
#860 = EDGE_CURVE('',#861,#853,#863,.T.);
#861 = VERTEX_POINT('',#862);
#862 = CARTESIAN_POINT('',(127.59899,-117.321298,0.));
#863 = LINE('',#864,#865);
#864 = CARTESIAN_POINT('',(127.59899,-117.321298,0.));
#865 = VECTOR('',#866,1.);
#866 = DIRECTION('',(0.982638495187,0.18553055753,0.));
#867 = ORIENTED_EDGE('',*,*,#868,.F.);
#868 = EDGE_CURVE('',#869,#861,#871,.T.);
#869 = VERTEX_POINT('',#870);
#870 = CARTESIAN_POINT('',(127.54079,-117.352955,0.));
#871 = LINE('',#872,#873);
#872 = CARTESIAN_POINT('',(127.54079,-117.352955,0.));
#873 = VECTOR('',#874,1.);
#874 = DIRECTION('',(0.878456226645,0.477822831046,0.));
#875 = ORIENTED_EDGE('',*,*,#876,.F.);
#876 = EDGE_CURVE('',#877,#869,#879,.T.);
#877 = VERTEX_POINT('',#878);
#878 = CARTESIAN_POINT('',(126.809464,-116.769339,0.));
#879 = LINE('',#880,#881);
#880 = CARTESIAN_POINT('',(126.809464,-116.769339,0.));
#881 = VECTOR('',#882,1.);
#882 = DIRECTION('',(0.781621492145,-0.623753030467,0.));
#883 = ORIENTED_EDGE('',*,*,#884,.F.);
#884 = EDGE_CURVE('',#885,#877,#887,.T.);
#885 = VERTEX_POINT('',#886);
#886 = CARTESIAN_POINT('',(126.838017,-116.704378,0.));
#887 = LINE('',#888,#889);
#888 = CARTESIAN_POINT('',(126.838017,-116.704378,0.));
#889 = VECTOR('',#890,1.);
#890 = DIRECTION('',(-0.402386269203,-0.915469983318,0.));
#891 = ORIENTED_EDGE('',*,*,#892,.F.);
#892 = EDGE_CURVE('',#893,#885,#895,.T.);
#893 = VERTEX_POINT('',#894);
#894 = CARTESIAN_POINT('',(126.887502,-116.4875,0.));
#895 = LINE('',#896,#897);
#896 = CARTESIAN_POINT('',(126.887502,-116.4875,0.));
#897 = VECTOR('',#898,1.);
#898 = DIRECTION('',(-0.222452619431,-0.974943502008,0.));
#899 = ORIENTED_EDGE('',*,*,#900,.F.);
#900 = EDGE_CURVE('',#901,#893,#903,.T.);
#901 = VERTEX_POINT('',#902);
#902 = CARTESIAN_POINT('',(126.887502,-115.081816,0.));
#903 = LINE('',#904,#905);
#904 = CARTESIAN_POINT('',(126.887502,-115.081816,0.));
#905 = VECTOR('',#906,1.);
#906 = DIRECTION('',(0.,-1.,0.));
#907 = ORIENTED_EDGE('',*,*,#908,.F.);
#908 = EDGE_CURVE('',#909,#901,#911,.T.);
#909 = VERTEX_POINT('',#910);
#910 = CARTESIAN_POINT('',(126.860953,-114.916205,0.));
#911 = LINE('',#912,#913);
#912 = CARTESIAN_POINT('',(126.860953,-114.916205,0.));
#913 = VECTOR('',#914,1.);
#914 = DIRECTION('',(0.158288367468,-0.98739292722,0.));
#915 = ORIENTED_EDGE('',*,*,#916,.F.);
#916 = EDGE_CURVE('',#733,#909,#917,.T.);
#917 = LINE('',#918,#919);
#918 = CARTESIAN_POINT('',(126.838017,-114.864938,0.));
#919 = VECTOR('',#920,1.);
#920 = DIRECTION('',(0.408377382128,-0.912813186674,0.));
#921 = FACE_BOUND('',#922,.F.);
#922 = EDGE_LOOP('',(#923,#934,#943));
#923 = ORIENTED_EDGE('',*,*,#924,.T.);
#924 = EDGE_CURVE('',#925,#927,#929,.T.);
#925 = VERTEX_POINT('',#926);
#926 = CARTESIAN_POINT('',(123.18606929197,-110.3381186239,0.));
#927 = VERTEX_POINT('',#928);
#928 = CARTESIAN_POINT('',(124.32489404931,-111.3581672535,0.));
#929 = CIRCLE('',#930,0.85);
#930 = AXIS2_PLACEMENT_3D('',#931,#932,#933);
#931 = CARTESIAN_POINT('',(123.5075,-111.125,0.));
#932 = DIRECTION('',(-0.,0.,-1.));
#933 = DIRECTION('',(-0.,-1.,0.));
#934 = ORIENTED_EDGE('',*,*,#935,.T.);
#935 = EDGE_CURVE('',#927,#936,#938,.T.);
#936 = VERTEX_POINT('',#937);
#937 = CARTESIAN_POINT('',(123.5075,-111.975,0.));
#938 = CIRCLE('',#939,0.85);
#939 = AXIS2_PLACEMENT_3D('',#940,#941,#942);
#940 = CARTESIAN_POINT('',(123.5075,-111.125,0.));
#941 = DIRECTION('',(-0.,0.,-1.));
#942 = DIRECTION('',(-0.,-1.,0.));
#943 = ORIENTED_EDGE('',*,*,#944,.T.);
#944 = EDGE_CURVE('',#936,#925,#945,.T.);
#945 = CIRCLE('',#946,0.85);
#946 = AXIS2_PLACEMENT_3D('',#947,#948,#949);
#947 = CARTESIAN_POINT('',(123.5075,-111.125,0.));
#948 = DIRECTION('',(-0.,0.,-1.));
#949 = DIRECTION('',(-0.,-1.,0.));
#950 = FACE_BOUND('',#951,.F.);
#951 = EDGE_LOOP('',(#952));
#952 = ORIENTED_EDGE('',*,*,#953,.T.);
#953 = EDGE_CURVE('',#954,#954,#956,.T.);
#954 = VERTEX_POINT('',#955);
#955 = CARTESIAN_POINT('',(128.5875,-113.125,0.));
#956 = CIRCLE('',#957,2.);
#957 = AXIS2_PLACEMENT_3D('',#958,#959,#960);
#958 = CARTESIAN_POINT('',(128.5875,-111.125,0.));
#959 = DIRECTION('',(-0.,0.,-1.));
#960 = DIRECTION('',(-0.,-1.,0.));
#961 = FACE_BOUND('',#962,.F.);
#962 = EDGE_LOOP('',(#963));
#963 = ORIENTED_EDGE('',*,*,#964,.T.);
#964 = EDGE_CURVE('',#965,#965,#967,.T.);
#965 = VERTEX_POINT('',#966);
#966 = CARTESIAN_POINT('',(136.525,-115.335,0.));
#967 = CIRCLE('',#968,0.4);
#968 = AXIS2_PLACEMENT_3D('',#969,#970,#971);
#969 = CARTESIAN_POINT('',(136.525,-114.935,0.));
#970 = DIRECTION('',(-0.,0.,-1.));
#971 = DIRECTION('',(-0.,-1.,0.));
#972 = FACE_BOUND('',#973,.F.);
#973 = EDGE_LOOP('',(#974));
#974 = ORIENTED_EDGE('',*,*,#975,.T.);
#975 = EDGE_CURVE('',#976,#976,#978,.T.);
#976 = VERTEX_POINT('',#977);
#977 = CARTESIAN_POINT('',(133.6675,-111.975,0.));
#978 = CIRCLE('',#979,0.85);
#979 = AXIS2_PLACEMENT_3D('',#980,#981,#982);
#980 = CARTESIAN_POINT('',(133.6675,-111.125,0.));
#981 = DIRECTION('',(-0.,0.,-1.));
#982 = DIRECTION('',(-3.343730521224E-14,-1.,0.));
#983 = FACE_BOUND('',#984,.F.);
#984 = EDGE_LOOP('',(#985));
#985 = ORIENTED_EDGE('',*,*,#986,.T.);
#986 = EDGE_CURVE('',#987,#987,#989,.T.);
#987 = VERTEX_POINT('',#988);
#988 = CARTESIAN_POINT('',(124.7775,-109.335,0.));
#989 = CIRCLE('',#990,0.75);
#990 = AXIS2_PLACEMENT_3D('',#991,#992,#993);
#991 = CARTESIAN_POINT('',(124.7775,-108.585,0.));
#992 = DIRECTION('',(-0.,0.,-1.));
#993 = DIRECTION('',(-0.,-1.,0.));
#994 = FACE_BOUND('',#995,.F.);
#995 = EDGE_LOOP('',(#996,#1007,#1016));
#996 = ORIENTED_EDGE('',*,*,#997,.T.);
#997 = EDGE_CURVE('',#998,#1000,#1002,.T.);
#998 = VERTEX_POINT('',#999);
#999 = CARTESIAN_POINT('',(130.90139829708,-105.329893001,0.));
#1000 = VERTEX_POINT('',#1001);
#1001 = CARTESIAN_POINT('',(131.8744255236,-106.1128399748,0.));
#1002 = CIRCLE('',#1003,0.75);
#1003 = AXIS2_PLACEMENT_3D('',#1004,#1005,#1006);
#1004 = CARTESIAN_POINT('',(131.1275,-106.045,0.));
#1005 = DIRECTION('',(-0.,0.,-1.));
#1006 = DIRECTION('',(-0.,-1.,0.));
#1007 = ORIENTED_EDGE('',*,*,#1008,.T.);
#1008 = EDGE_CURVE('',#1000,#1009,#1011,.T.);
#1009 = VERTEX_POINT('',#1010);
#1010 = CARTESIAN_POINT('',(131.1275,-106.795,0.));
#1011 = CIRCLE('',#1012,0.75);
#1012 = AXIS2_PLACEMENT_3D('',#1013,#1014,#1015);
#1013 = CARTESIAN_POINT('',(131.1275,-106.045,0.));
#1014 = DIRECTION('',(-0.,0.,-1.));
#1015 = DIRECTION('',(-0.,-1.,0.));
#1016 = ORIENTED_EDGE('',*,*,#1017,.T.);
#1017 = EDGE_CURVE('',#1009,#998,#1018,.T.);
#1018 = CIRCLE('',#1019,0.75);
#1019 = AXIS2_PLACEMENT_3D('',#1020,#1021,#1022);
#1020 = CARTESIAN_POINT('',(131.1275,-106.045,0.));
#1021 = DIRECTION('',(-0.,0.,-1.));
#1022 = DIRECTION('',(-0.,-1.,0.));
#1023 = FACE_BOUND('',#1024,.F.);
#1024 = EDGE_LOOP('',(#1025));
#1025 = ORIENTED_EDGE('',*,*,#1026,.T.);
#1026 = EDGE_CURVE('',#1027,#1027,#1029,.T.);
#1027 = VERTEX_POINT('',#1028);
#1028 = CARTESIAN_POINT('',(136.525,-107.715,0.));
#1029 = CIRCLE('',#1030,0.4);
#1030 = AXIS2_PLACEMENT_3D('',#1031,#1032,#1033);
#1031 = CARTESIAN_POINT('',(136.525,-107.315,0.));
#1032 = DIRECTION('',(-0.,0.,-1.));
#1033 = DIRECTION('',(-0.,-1.,0.));
#1034 = FACE_BOUND('',#1035,.F.);
#1035 = EDGE_LOOP('',(#1036,#1046,#1054,#1062,#1070,#1078,#1086,#1094,
    #1102,#1110,#1118,#1126,#1134,#1142,#1150,#1158,#1166,#1174,#1182,
    #1190,#1198,#1206,#1214,#1222));
#1036 = ORIENTED_EDGE('',*,*,#1037,.F.);
#1037 = EDGE_CURVE('',#1038,#1040,#1042,.T.);
#1038 = VERTEX_POINT('',#1039);
#1039 = CARTESIAN_POINT('',(146.52832,-114.1827,0.));
#1040 = VERTEX_POINT('',#1041);
#1041 = CARTESIAN_POINT('',(145.888017,-114.864938,0.));
#1042 = LINE('',#1043,#1044);
#1043 = CARTESIAN_POINT('',(146.52832,-114.1827,0.));
#1044 = VECTOR('',#1045,1.);
#1045 = DIRECTION('',(-0.68434197967,-0.729161199504,0.));
#1046 = ORIENTED_EDGE('',*,*,#1047,.F.);
#1047 = EDGE_CURVE('',#1048,#1038,#1050,.T.);
#1048 = VERTEX_POINT('',#1049);
#1049 = CARTESIAN_POINT('',(146.59079,-114.216359,0.));
#1050 = LINE('',#1051,#1052);
#1051 = CARTESIAN_POINT('',(146.59079,-114.216359,0.));
#1052 = VECTOR('',#1053,1.);
#1053 = DIRECTION('',(-0.880345725289,0.474332587922,0.));
#1054 = ORIENTED_EDGE('',*,*,#1055,.F.);
#1055 = EDGE_CURVE('',#1056,#1048,#1058,.T.);
#1056 = VERTEX_POINT('',#1057);
#1057 = CARTESIAN_POINT('',(146.843049,-114.284659,0.));
#1058 = LINE('',#1059,#1060);
#1059 = CARTESIAN_POINT('',(146.843049,-114.284659,0.));
#1060 = VECTOR('',#1061,1.);
#1061 = DIRECTION('',(-0.965245820026,0.261343656749,0.));
#1062 = ORIENTED_EDGE('',*,*,#1063,.F.);
#1063 = EDGE_CURVE('',#1064,#1056,#1066,.T.);
#1064 = VERTEX_POINT('',#1065);
#1065 = CARTESIAN_POINT('',(148.431954,-114.284659,0.));
#1066 = LINE('',#1067,#1068);
#1067 = CARTESIAN_POINT('',(148.431954,-114.284659,0.));
#1068 = VECTOR('',#1069,1.);
#1069 = DIRECTION('',(-1.,0.,0.));
#1070 = ORIENTED_EDGE('',*,*,#1071,.F.);
#1071 = EDGE_CURVE('',#1072,#1064,#1074,.T.);
#1072 = VERTEX_POINT('',#1073);
#1073 = CARTESIAN_POINT('',(148.626011,-114.24801,0.));
#1074 = LINE('',#1075,#1076);
#1075 = CARTESIAN_POINT('',(148.626011,-114.24801,0.));
#1076 = VECTOR('',#1077,1.);
#1077 = DIRECTION('',(-0.982629837218,-0.185576407469,0.));
#1078 = ORIENTED_EDGE('',*,*,#1079,.F.);
#1079 = EDGE_CURVE('',#1080,#1072,#1082,.T.);
#1080 = VERTEX_POINT('',#1081);
#1081 = CARTESIAN_POINT('',(148.684212,-114.21636,0.));
#1082 = LINE('',#1083,#1084);
#1083 = CARTESIAN_POINT('',(148.684212,-114.21636,0.));
#1084 = VECTOR('',#1085,1.);
#1085 = DIRECTION('',(-0.878504018987,-0.47773495646,0.));
#1086 = ORIENTED_EDGE('',*,*,#1087,.F.);
#1087 = EDGE_CURVE('',#1088,#1080,#1090,.T.);
#1088 = VERTEX_POINT('',#1089);
#1089 = CARTESIAN_POINT('',(149.415524,-114.799984,0.));
#1090 = LINE('',#1091,#1092);
#1091 = CARTESIAN_POINT('',(149.415524,-114.799984,0.));
#1092 = VECTOR('',#1093,1.);
#1093 = DIRECTION('',(-0.781611501882,0.623765549005,0.));
#1094 = ORIENTED_EDGE('',*,*,#1095,.F.);
#1095 = EDGE_CURVE('',#1096,#1088,#1098,.T.);
#1096 = VERTEX_POINT('',#1097);
#1097 = CARTESIAN_POINT('',(149.386985,-114.864938,0.));
#1098 = LINE('',#1099,#1100);
#1099 = CARTESIAN_POINT('',(149.386985,-114.864938,0.));
#1100 = VECTOR('',#1101,1.);
#1101 = DIRECTION('',(0.402257231305,0.915526689869,0.));
#1102 = ORIENTED_EDGE('',*,*,#1103,.F.);
#1103 = EDGE_CURVE('',#1104,#1096,#1106,.T.);
#1104 = VERTEX_POINT('',#1105);
#1105 = CARTESIAN_POINT('',(149.3375,-115.081816,0.));
#1106 = LINE('',#1107,#1108);
#1107 = CARTESIAN_POINT('',(149.3375,-115.081816,0.));
#1108 = VECTOR('',#1109,1.);
#1109 = DIRECTION('',(0.222452619431,0.974943502008,0.));
#1110 = ORIENTED_EDGE('',*,*,#1111,.F.);
#1111 = EDGE_CURVE('',#1112,#1104,#1114,.T.);
#1112 = VERTEX_POINT('',#1113);
#1113 = CARTESIAN_POINT('',(149.3375,-116.4875,0.));
#1114 = LINE('',#1115,#1116);
#1115 = CARTESIAN_POINT('',(149.3375,-116.4875,0.));
#1116 = VECTOR('',#1117,1.);
#1117 = DIRECTION('',(0.,1.,0.));
#1118 = ORIENTED_EDGE('',*,*,#1119,.F.);
#1119 = EDGE_CURVE('',#1120,#1112,#1122,.T.);
#1120 = VERTEX_POINT('',#1121);
#1121 = CARTESIAN_POINT('',(149.364048,-116.653111,0.));
#1122 = LINE('',#1123,#1124);
#1123 = CARTESIAN_POINT('',(149.364048,-116.653111,0.));
#1124 = VECTOR('',#1125,1.);
#1125 = DIRECTION('',(-0.15828255472,0.987393859041,0.));
#1126 = ORIENTED_EDGE('',*,*,#1127,.F.);
#1127 = EDGE_CURVE('',#1128,#1120,#1130,.T.);
#1128 = VERTEX_POINT('',#1129);
#1129 = CARTESIAN_POINT('',(149.386985,-116.704377,0.));
#1130 = LINE('',#1131,#1132);
#1131 = CARTESIAN_POINT('',(149.386985,-116.704377,0.));
#1132 = VECTOR('',#1133,1.);
#1133 = DIRECTION('',(-0.408398855141,0.912803579703,0.));
#1134 = ORIENTED_EDGE('',*,*,#1135,.F.);
#1135 = EDGE_CURVE('',#1136,#1128,#1138,.T.);
#1136 = VERTEX_POINT('',#1137);
#1137 = CARTESIAN_POINT('',(148.746676,-117.386618,0.));
#1138 = LINE('',#1139,#1140);
#1139 = CARTESIAN_POINT('',(148.746676,-117.386618,0.));
#1140 = VECTOR('',#1141,1.);
#1141 = DIRECTION('',(0.684343789171,0.729159501222,0.));
#1142 = ORIENTED_EDGE('',*,*,#1143,.F.);
#1143 = EDGE_CURVE('',#1144,#1136,#1146,.T.);
#1144 = VERTEX_POINT('',#1145);
#1145 = CARTESIAN_POINT('',(148.684212,-117.352957,0.));
#1146 = LINE('',#1147,#1148);
#1147 = CARTESIAN_POINT('',(148.684212,-117.352957,0.));
#1148 = VECTOR('',#1149,1.);
#1149 = DIRECTION('',(0.880314928453,-0.474389741397,0.));
#1150 = ORIENTED_EDGE('',*,*,#1151,.F.);
#1151 = EDGE_CURVE('',#1152,#1144,#1154,.T.);
#1152 = VERTEX_POINT('',#1153);
#1153 = CARTESIAN_POINT('',(148.431953,-117.284658,0.));
#1154 = LINE('',#1155,#1156);
#1155 = CARTESIAN_POINT('',(148.431953,-117.284658,0.));
#1156 = VECTOR('',#1157,1.);
#1157 = DIRECTION('',(0.965246785273,-0.261340091681,0.));
#1158 = ORIENTED_EDGE('',*,*,#1159,.F.);
#1159 = EDGE_CURVE('',#1160,#1152,#1162,.T.);
#1160 = VERTEX_POINT('',#1161);
#1161 = CARTESIAN_POINT('',(146.843049,-117.284658,0.));
#1162 = LINE('',#1163,#1164);
#1163 = CARTESIAN_POINT('',(146.843049,-117.284658,0.));
#1164 = VECTOR('',#1165,1.);
#1165 = DIRECTION('',(1.,0.,0.));
#1166 = ORIENTED_EDGE('',*,*,#1167,.F.);
#1167 = EDGE_CURVE('',#1168,#1160,#1170,.T.);
#1168 = VERTEX_POINT('',#1169);
#1169 = CARTESIAN_POINT('',(146.64899,-117.321298,0.));
#1170 = LINE('',#1171,#1172);
#1171 = CARTESIAN_POINT('',(146.64899,-117.321298,0.));
#1172 = VECTOR('',#1173,1.);
#1173 = DIRECTION('',(0.982638495187,0.18553055753,0.));
#1174 = ORIENTED_EDGE('',*,*,#1175,.F.);
#1175 = EDGE_CURVE('',#1176,#1168,#1178,.T.);
#1176 = VERTEX_POINT('',#1177);
#1177 = CARTESIAN_POINT('',(146.59079,-117.352955,0.));
#1178 = LINE('',#1179,#1180);
#1179 = CARTESIAN_POINT('',(146.59079,-117.352955,0.));
#1180 = VECTOR('',#1181,1.);
#1181 = DIRECTION('',(0.878456226645,0.477822831046,0.));
#1182 = ORIENTED_EDGE('',*,*,#1183,.F.);
#1183 = EDGE_CURVE('',#1184,#1176,#1186,.T.);
#1184 = VERTEX_POINT('',#1185);
#1185 = CARTESIAN_POINT('',(145.859464,-116.769339,0.));
#1186 = LINE('',#1187,#1188);
#1187 = CARTESIAN_POINT('',(145.859464,-116.769339,0.));
#1188 = VECTOR('',#1189,1.);
#1189 = DIRECTION('',(0.781621492145,-0.623753030467,0.));
#1190 = ORIENTED_EDGE('',*,*,#1191,.F.);
#1191 = EDGE_CURVE('',#1192,#1184,#1194,.T.);
#1192 = VERTEX_POINT('',#1193);
#1193 = CARTESIAN_POINT('',(145.888017,-116.704378,0.));
#1194 = LINE('',#1195,#1196);
#1195 = CARTESIAN_POINT('',(145.888017,-116.704378,0.));
#1196 = VECTOR('',#1197,1.);
#1197 = DIRECTION('',(-0.402386269203,-0.915469983318,0.));
#1198 = ORIENTED_EDGE('',*,*,#1199,.F.);
#1199 = EDGE_CURVE('',#1200,#1192,#1202,.T.);
#1200 = VERTEX_POINT('',#1201);
#1201 = CARTESIAN_POINT('',(145.937502,-116.4875,0.));
#1202 = LINE('',#1203,#1204);
#1203 = CARTESIAN_POINT('',(145.937502,-116.4875,0.));
#1204 = VECTOR('',#1205,1.);
#1205 = DIRECTION('',(-0.222452619431,-0.974943502008,0.));
#1206 = ORIENTED_EDGE('',*,*,#1207,.F.);
#1207 = EDGE_CURVE('',#1208,#1200,#1210,.T.);
#1208 = VERTEX_POINT('',#1209);
#1209 = CARTESIAN_POINT('',(145.937502,-115.081816,0.));
#1210 = LINE('',#1211,#1212);
#1211 = CARTESIAN_POINT('',(145.937502,-115.081816,0.));
#1212 = VECTOR('',#1213,1.);
#1213 = DIRECTION('',(0.,-1.,0.));
#1214 = ORIENTED_EDGE('',*,*,#1215,.F.);
#1215 = EDGE_CURVE('',#1216,#1208,#1218,.T.);
#1216 = VERTEX_POINT('',#1217);
#1217 = CARTESIAN_POINT('',(145.910953,-114.916205,0.));
#1218 = LINE('',#1219,#1220);
#1219 = CARTESIAN_POINT('',(145.910953,-114.916205,0.));
#1220 = VECTOR('',#1221,1.);
#1221 = DIRECTION('',(0.158288367468,-0.98739292722,0.));
#1222 = ORIENTED_EDGE('',*,*,#1223,.F.);
#1223 = EDGE_CURVE('',#1040,#1216,#1224,.T.);
#1224 = LINE('',#1225,#1226);
#1225 = CARTESIAN_POINT('',(145.888017,-114.864938,0.));
#1226 = VECTOR('',#1227,1.);
#1227 = DIRECTION('',(0.408377382128,-0.912813186674,0.));
#1228 = FACE_BOUND('',#1229,.F.);
#1229 = EDGE_LOOP('',(#1230,#1241,#1250));
#1230 = ORIENTED_EDGE('',*,*,#1231,.T.);
#1231 = EDGE_CURVE('',#1232,#1234,#1236,.T.);
#1232 = VERTEX_POINT('',#1233);
#1233 = CARTESIAN_POINT('',(141.90514983523,-110.5800786639,0.));
#1234 = VERTEX_POINT('',#1235);
#1235 = CARTESIAN_POINT('',(143.24531647252,-111.6244081498,0.));
#1236 = CIRCLE('',#1237,0.85);
#1237 = AXIS2_PLACEMENT_3D('',#1238,#1239,#1240);
#1238 = CARTESIAN_POINT('',(142.5575,-111.125,0.));
#1239 = DIRECTION('',(-0.,0.,-1.));
#1240 = DIRECTION('',(-0.,-1.,0.));
#1241 = ORIENTED_EDGE('',*,*,#1242,.T.);
#1242 = EDGE_CURVE('',#1234,#1243,#1245,.T.);
#1243 = VERTEX_POINT('',#1244);
#1244 = CARTESIAN_POINT('',(142.5575,-111.975,0.));
#1245 = CIRCLE('',#1246,0.85);
#1246 = AXIS2_PLACEMENT_3D('',#1247,#1248,#1249);
#1247 = CARTESIAN_POINT('',(142.5575,-111.125,0.));
#1248 = DIRECTION('',(-0.,0.,-1.));
#1249 = DIRECTION('',(-0.,-1.,0.));
#1250 = ORIENTED_EDGE('',*,*,#1251,.T.);
#1251 = EDGE_CURVE('',#1243,#1232,#1252,.T.);
#1252 = CIRCLE('',#1253,0.85);
#1253 = AXIS2_PLACEMENT_3D('',#1254,#1255,#1256);
#1254 = CARTESIAN_POINT('',(142.5575,-111.125,0.));
#1255 = DIRECTION('',(-0.,0.,-1.));
#1256 = DIRECTION('',(-0.,-1.,0.));
#1257 = FACE_BOUND('',#1258,.F.);
#1258 = EDGE_LOOP('',(#1259));
#1259 = ORIENTED_EDGE('',*,*,#1260,.T.);
#1260 = EDGE_CURVE('',#1261,#1261,#1263,.T.);
#1261 = VERTEX_POINT('',#1262);
#1262 = CARTESIAN_POINT('',(147.6375,-113.125,0.));
#1263 = CIRCLE('',#1264,2.);
#1264 = AXIS2_PLACEMENT_3D('',#1265,#1266,#1267);
#1265 = CARTESIAN_POINT('',(147.6375,-111.125,0.));
#1266 = DIRECTION('',(-0.,0.,-1.));
#1267 = DIRECTION('',(-0.,-1.,0.));
#1268 = FACE_BOUND('',#1269,.F.);
#1269 = EDGE_LOOP('',(#1270));
#1270 = ORIENTED_EDGE('',*,*,#1271,.T.);
#1271 = EDGE_CURVE('',#1272,#1272,#1274,.T.);
#1272 = VERTEX_POINT('',#1273);
#1273 = CARTESIAN_POINT('',(155.575,-115.335,0.));
#1274 = CIRCLE('',#1275,0.4);
#1275 = AXIS2_PLACEMENT_3D('',#1276,#1277,#1278);
#1276 = CARTESIAN_POINT('',(155.575,-114.935,0.));
#1277 = DIRECTION('',(-0.,0.,-1.));
#1278 = DIRECTION('',(-0.,-1.,0.));
#1279 = FACE_BOUND('',#1280,.F.);
#1280 = EDGE_LOOP('',(#1281,#1292,#1301));
#1281 = ORIENTED_EDGE('',*,*,#1282,.T.);
#1282 = EDGE_CURVE('',#1283,#1285,#1287,.T.);
#1283 = VERTEX_POINT('',#1284);
#1284 = CARTESIAN_POINT('',(152.82373204883,-110.2816645081,0.));
#1285 = VERTEX_POINT('',#1286);
#1286 = CARTESIAN_POINT('',(153.48438360821,-110.7584082223,0.));
#1287 = CIRCLE('',#1288,0.85);
#1288 = AXIS2_PLACEMENT_3D('',#1289,#1290,#1291);
#1289 = CARTESIAN_POINT('',(152.7175,-111.125,0.));
#1290 = DIRECTION('',(-0.,0.,-1.));
#1291 = DIRECTION('',(-0.,-1.,0.));
#1292 = ORIENTED_EDGE('',*,*,#1293,.T.);
#1293 = EDGE_CURVE('',#1285,#1294,#1296,.T.);
#1294 = VERTEX_POINT('',#1295);
#1295 = CARTESIAN_POINT('',(152.7175,-111.975,0.));
#1296 = CIRCLE('',#1297,0.85);
#1297 = AXIS2_PLACEMENT_3D('',#1298,#1299,#1300);
#1298 = CARTESIAN_POINT('',(152.7175,-111.125,0.));
#1299 = DIRECTION('',(-0.,0.,-1.));
#1300 = DIRECTION('',(-0.,-1.,0.));
#1301 = ORIENTED_EDGE('',*,*,#1302,.T.);
#1302 = EDGE_CURVE('',#1294,#1283,#1303,.T.);
#1303 = CIRCLE('',#1304,0.85);
#1304 = AXIS2_PLACEMENT_3D('',#1305,#1306,#1307);
#1305 = CARTESIAN_POINT('',(152.7175,-111.125,0.));
#1306 = DIRECTION('',(-0.,0.,-1.));
#1307 = DIRECTION('',(-0.,-1.,0.));
#1308 = FACE_BOUND('',#1309,.F.);
#1309 = EDGE_LOOP('',(#1310));
#1310 = ORIENTED_EDGE('',*,*,#1311,.T.);
#1311 = EDGE_CURVE('',#1312,#1312,#1314,.T.);
#1312 = VERTEX_POINT('',#1313);
#1313 = CARTESIAN_POINT('',(143.8275,-109.335,0.));
#1314 = CIRCLE('',#1315,0.75);
#1315 = AXIS2_PLACEMENT_3D('',#1316,#1317,#1318);
#1316 = CARTESIAN_POINT('',(143.8275,-108.585,0.));
#1317 = DIRECTION('',(-0.,0.,-1.));
#1318 = DIRECTION('',(-0.,-1.,0.));
#1319 = FACE_BOUND('',#1320,.F.);
#1320 = EDGE_LOOP('',(#1321));
#1321 = ORIENTED_EDGE('',*,*,#1322,.T.);
#1322 = EDGE_CURVE('',#1323,#1323,#1325,.T.);
#1323 = VERTEX_POINT('',#1324);
#1324 = CARTESIAN_POINT('',(150.1775,-106.795,0.));
#1325 = CIRCLE('',#1326,0.75);
#1326 = AXIS2_PLACEMENT_3D('',#1327,#1328,#1329);
#1327 = CARTESIAN_POINT('',(150.1775,-106.045,0.));
#1328 = DIRECTION('',(-0.,0.,-1.));
#1329 = DIRECTION('',(-0.,-1.,0.));
#1330 = FACE_BOUND('',#1331,.F.);
#1331 = EDGE_LOOP('',(#1332,#1343,#1352));
#1332 = ORIENTED_EDGE('',*,*,#1333,.T.);
#1333 = EDGE_CURVE('',#1334,#1336,#1338,.T.);
#1334 = VERTEX_POINT('',#1335);
#1335 = CARTESIAN_POINT('',(155.26065217119,-107.0676430867,0.));
#1336 = VERTEX_POINT('',#1337);
#1337 = CARTESIAN_POINT('',(155.91793372315,-107.5209040104,0.));
#1338 = CIRCLE('',#1339,0.4);
#1339 = AXIS2_PLACEMENT_3D('',#1340,#1341,#1342);
#1340 = CARTESIAN_POINT('',(155.575,-107.315,0.));
#1341 = DIRECTION('',(-0.,0.,-1.));
#1342 = DIRECTION('',(-0.,-1.,0.));
#1343 = ORIENTED_EDGE('',*,*,#1344,.T.);
#1344 = EDGE_CURVE('',#1336,#1345,#1347,.T.);
#1345 = VERTEX_POINT('',#1346);
#1346 = CARTESIAN_POINT('',(155.575,-107.715,0.));
#1347 = CIRCLE('',#1348,0.4);
#1348 = AXIS2_PLACEMENT_3D('',#1349,#1350,#1351);
#1349 = CARTESIAN_POINT('',(155.575,-107.315,0.));
#1350 = DIRECTION('',(-0.,0.,-1.));
#1351 = DIRECTION('',(-0.,-1.,0.));
#1352 = ORIENTED_EDGE('',*,*,#1353,.T.);
#1353 = EDGE_CURVE('',#1345,#1334,#1354,.T.);
#1354 = CIRCLE('',#1355,0.4);
#1355 = AXIS2_PLACEMENT_3D('',#1356,#1357,#1358);
#1356 = CARTESIAN_POINT('',(155.575,-107.315,0.));
#1357 = DIRECTION('',(-0.,0.,-1.));
#1358 = DIRECTION('',(-0.,-1.,0.));
#1359 = FACE_BOUND('',#1360,.F.);
#1360 = EDGE_LOOP('',(#1361,#1371,#1379,#1387,#1395,#1403,#1411,#1419,
    #1427,#1435,#1443,#1451,#1459,#1467,#1475,#1483,#1491,#1499,#1507,
    #1515,#1523,#1531,#1539,#1547));
#1361 = ORIENTED_EDGE('',*,*,#1362,.F.);
#1362 = EDGE_CURVE('',#1363,#1365,#1367,.T.);
#1363 = VERTEX_POINT('',#1364);
#1364 = CARTESIAN_POINT('',(165.57832,-133.2327,0.));
#1365 = VERTEX_POINT('',#1366);
#1366 = CARTESIAN_POINT('',(164.938017,-133.914938,0.));
#1367 = LINE('',#1368,#1369);
#1368 = CARTESIAN_POINT('',(165.57832,-133.2327,0.));
#1369 = VECTOR('',#1370,1.);
#1370 = DIRECTION('',(-0.68434197967,-0.729161199504,0.));
#1371 = ORIENTED_EDGE('',*,*,#1372,.F.);
#1372 = EDGE_CURVE('',#1373,#1363,#1375,.T.);
#1373 = VERTEX_POINT('',#1374);
#1374 = CARTESIAN_POINT('',(165.64079,-133.266359,0.));
#1375 = LINE('',#1376,#1377);
#1376 = CARTESIAN_POINT('',(165.64079,-133.266359,0.));
#1377 = VECTOR('',#1378,1.);
#1378 = DIRECTION('',(-0.880345725289,0.474332587922,0.));
#1379 = ORIENTED_EDGE('',*,*,#1380,.F.);
#1380 = EDGE_CURVE('',#1381,#1373,#1383,.T.);
#1381 = VERTEX_POINT('',#1382);
#1382 = CARTESIAN_POINT('',(165.893049,-133.334659,0.));
#1383 = LINE('',#1384,#1385);
#1384 = CARTESIAN_POINT('',(165.893049,-133.334659,0.));
#1385 = VECTOR('',#1386,1.);
#1386 = DIRECTION('',(-0.965245820026,0.261343656749,0.));
#1387 = ORIENTED_EDGE('',*,*,#1388,.F.);
#1388 = EDGE_CURVE('',#1389,#1381,#1391,.T.);
#1389 = VERTEX_POINT('',#1390);
#1390 = CARTESIAN_POINT('',(167.481954,-133.334659,0.));
#1391 = LINE('',#1392,#1393);
#1392 = CARTESIAN_POINT('',(167.481954,-133.334659,0.));
#1393 = VECTOR('',#1394,1.);
#1394 = DIRECTION('',(-1.,0.,0.));
#1395 = ORIENTED_EDGE('',*,*,#1396,.F.);
#1396 = EDGE_CURVE('',#1397,#1389,#1399,.T.);
#1397 = VERTEX_POINT('',#1398);
#1398 = CARTESIAN_POINT('',(167.676011,-133.29801,0.));
#1399 = LINE('',#1400,#1401);
#1400 = CARTESIAN_POINT('',(167.676011,-133.29801,0.));
#1401 = VECTOR('',#1402,1.);
#1402 = DIRECTION('',(-0.982629837218,-0.185576407469,0.));
#1403 = ORIENTED_EDGE('',*,*,#1404,.F.);
#1404 = EDGE_CURVE('',#1405,#1397,#1407,.T.);
#1405 = VERTEX_POINT('',#1406);
#1406 = CARTESIAN_POINT('',(167.734212,-133.26636,0.));
#1407 = LINE('',#1408,#1409);
#1408 = CARTESIAN_POINT('',(167.734212,-133.26636,0.));
#1409 = VECTOR('',#1410,1.);
#1410 = DIRECTION('',(-0.878504018987,-0.47773495646,0.));
#1411 = ORIENTED_EDGE('',*,*,#1412,.F.);
#1412 = EDGE_CURVE('',#1413,#1405,#1415,.T.);
#1413 = VERTEX_POINT('',#1414);
#1414 = CARTESIAN_POINT('',(168.465524,-133.849984,0.));
#1415 = LINE('',#1416,#1417);
#1416 = CARTESIAN_POINT('',(168.465524,-133.849984,0.));
#1417 = VECTOR('',#1418,1.);
#1418 = DIRECTION('',(-0.781611501882,0.623765549005,0.));
#1419 = ORIENTED_EDGE('',*,*,#1420,.F.);
#1420 = EDGE_CURVE('',#1421,#1413,#1423,.T.);
#1421 = VERTEX_POINT('',#1422);
#1422 = CARTESIAN_POINT('',(168.436985,-133.914938,0.));
#1423 = LINE('',#1424,#1425);
#1424 = CARTESIAN_POINT('',(168.436985,-133.914938,0.));
#1425 = VECTOR('',#1426,1.);
#1426 = DIRECTION('',(0.402257231305,0.915526689869,0.));
#1427 = ORIENTED_EDGE('',*,*,#1428,.F.);
#1428 = EDGE_CURVE('',#1429,#1421,#1431,.T.);
#1429 = VERTEX_POINT('',#1430);
#1430 = CARTESIAN_POINT('',(168.3875,-134.131816,0.));
#1431 = LINE('',#1432,#1433);
#1432 = CARTESIAN_POINT('',(168.3875,-134.131816,0.));
#1433 = VECTOR('',#1434,1.);
#1434 = DIRECTION('',(0.222452619431,0.974943502008,0.));
#1435 = ORIENTED_EDGE('',*,*,#1436,.F.);
#1436 = EDGE_CURVE('',#1437,#1429,#1439,.T.);
#1437 = VERTEX_POINT('',#1438);
#1438 = CARTESIAN_POINT('',(168.3875,-135.5375,0.));
#1439 = LINE('',#1440,#1441);
#1440 = CARTESIAN_POINT('',(168.3875,-135.5375,0.));
#1441 = VECTOR('',#1442,1.);
#1442 = DIRECTION('',(0.,1.,0.));
#1443 = ORIENTED_EDGE('',*,*,#1444,.F.);
#1444 = EDGE_CURVE('',#1445,#1437,#1447,.T.);
#1445 = VERTEX_POINT('',#1446);
#1446 = CARTESIAN_POINT('',(168.414048,-135.703111,0.));
#1447 = LINE('',#1448,#1449);
#1448 = CARTESIAN_POINT('',(168.414048,-135.703111,0.));
#1449 = VECTOR('',#1450,1.);
#1450 = DIRECTION('',(-0.158282554721,0.987393859041,0.));
#1451 = ORIENTED_EDGE('',*,*,#1452,.F.);
#1452 = EDGE_CURVE('',#1453,#1445,#1455,.T.);
#1453 = VERTEX_POINT('',#1454);
#1454 = CARTESIAN_POINT('',(168.436985,-135.754377,0.));
#1455 = LINE('',#1456,#1457);
#1456 = CARTESIAN_POINT('',(168.436985,-135.754377,0.));
#1457 = VECTOR('',#1458,1.);
#1458 = DIRECTION('',(-0.408398855141,0.912803579704,0.));
#1459 = ORIENTED_EDGE('',*,*,#1460,.F.);
#1460 = EDGE_CURVE('',#1461,#1453,#1463,.T.);
#1461 = VERTEX_POINT('',#1462);
#1462 = CARTESIAN_POINT('',(167.796676,-136.436618,0.));
#1463 = LINE('',#1464,#1465);
#1464 = CARTESIAN_POINT('',(167.796676,-136.436618,0.));
#1465 = VECTOR('',#1466,1.);
#1466 = DIRECTION('',(0.684343789171,0.729159501222,0.));
#1467 = ORIENTED_EDGE('',*,*,#1468,.F.);
#1468 = EDGE_CURVE('',#1469,#1461,#1471,.T.);
#1469 = VERTEX_POINT('',#1470);
#1470 = CARTESIAN_POINT('',(167.734212,-136.402957,0.));
#1471 = LINE('',#1472,#1473);
#1472 = CARTESIAN_POINT('',(167.734212,-136.402957,0.));
#1473 = VECTOR('',#1474,1.);
#1474 = DIRECTION('',(0.880314928453,-0.474389741398,0.));
#1475 = ORIENTED_EDGE('',*,*,#1476,.F.);
#1476 = EDGE_CURVE('',#1477,#1469,#1479,.T.);
#1477 = VERTEX_POINT('',#1478);
#1478 = CARTESIAN_POINT('',(167.481953,-136.334658,0.));
#1479 = LINE('',#1480,#1481);
#1480 = CARTESIAN_POINT('',(167.481953,-136.334658,0.));
#1481 = VECTOR('',#1482,1.);
#1482 = DIRECTION('',(0.965246785273,-0.261340091681,0.));
#1483 = ORIENTED_EDGE('',*,*,#1484,.F.);
#1484 = EDGE_CURVE('',#1485,#1477,#1487,.T.);
#1485 = VERTEX_POINT('',#1486);
#1486 = CARTESIAN_POINT('',(165.893049,-136.334658,0.));
#1487 = LINE('',#1488,#1489);
#1488 = CARTESIAN_POINT('',(165.893049,-136.334658,0.));
#1489 = VECTOR('',#1490,1.);
#1490 = DIRECTION('',(1.,0.,0.));
#1491 = ORIENTED_EDGE('',*,*,#1492,.F.);
#1492 = EDGE_CURVE('',#1493,#1485,#1495,.T.);
#1493 = VERTEX_POINT('',#1494);
#1494 = CARTESIAN_POINT('',(165.69899,-136.371298,0.));
#1495 = LINE('',#1496,#1497);
#1496 = CARTESIAN_POINT('',(165.69899,-136.371298,0.));
#1497 = VECTOR('',#1498,1.);
#1498 = DIRECTION('',(0.982638495187,0.18553055753,0.));
#1499 = ORIENTED_EDGE('',*,*,#1500,.F.);
#1500 = EDGE_CURVE('',#1501,#1493,#1503,.T.);
#1501 = VERTEX_POINT('',#1502);
#1502 = CARTESIAN_POINT('',(165.64079,-136.402955,0.));
#1503 = LINE('',#1504,#1505);
#1504 = CARTESIAN_POINT('',(165.64079,-136.402955,0.));
#1505 = VECTOR('',#1506,1.);
#1506 = DIRECTION('',(0.878456226645,0.477822831046,0.));
#1507 = ORIENTED_EDGE('',*,*,#1508,.F.);
#1508 = EDGE_CURVE('',#1509,#1501,#1511,.T.);
#1509 = VERTEX_POINT('',#1510);
#1510 = CARTESIAN_POINT('',(164.909464,-135.819339,0.));
#1511 = LINE('',#1512,#1513);
#1512 = CARTESIAN_POINT('',(164.909464,-135.819339,0.));
#1513 = VECTOR('',#1514,1.);
#1514 = DIRECTION('',(0.781621492145,-0.623753030467,0.));
#1515 = ORIENTED_EDGE('',*,*,#1516,.F.);
#1516 = EDGE_CURVE('',#1517,#1509,#1519,.T.);
#1517 = VERTEX_POINT('',#1518);
#1518 = CARTESIAN_POINT('',(164.938017,-135.754378,0.));
#1519 = LINE('',#1520,#1521);
#1520 = CARTESIAN_POINT('',(164.938017,-135.754378,0.));
#1521 = VECTOR('',#1522,1.);
#1522 = DIRECTION('',(-0.402386269203,-0.915469983318,0.));
#1523 = ORIENTED_EDGE('',*,*,#1524,.F.);
#1524 = EDGE_CURVE('',#1525,#1517,#1527,.T.);
#1525 = VERTEX_POINT('',#1526);
#1526 = CARTESIAN_POINT('',(164.987502,-135.5375,0.));
#1527 = LINE('',#1528,#1529);
#1528 = CARTESIAN_POINT('',(164.987502,-135.5375,0.));
#1529 = VECTOR('',#1530,1.);
#1530 = DIRECTION('',(-0.222452619431,-0.974943502008,0.));
#1531 = ORIENTED_EDGE('',*,*,#1532,.F.);
#1532 = EDGE_CURVE('',#1533,#1525,#1535,.T.);
#1533 = VERTEX_POINT('',#1534);
#1534 = CARTESIAN_POINT('',(164.987502,-134.131816,0.));
#1535 = LINE('',#1536,#1537);
#1536 = CARTESIAN_POINT('',(164.987502,-134.131816,0.));
#1537 = VECTOR('',#1538,1.);
#1538 = DIRECTION('',(0.,-1.,0.));
#1539 = ORIENTED_EDGE('',*,*,#1540,.F.);
#1540 = EDGE_CURVE('',#1541,#1533,#1543,.T.);
#1541 = VERTEX_POINT('',#1542);
#1542 = CARTESIAN_POINT('',(164.960953,-133.966205,0.));
#1543 = LINE('',#1544,#1545);
#1544 = CARTESIAN_POINT('',(164.960953,-133.966205,0.));
#1545 = VECTOR('',#1546,1.);
#1546 = DIRECTION('',(0.158288367468,-0.98739292722,0.));
#1547 = ORIENTED_EDGE('',*,*,#1548,.F.);
#1548 = EDGE_CURVE('',#1365,#1541,#1549,.T.);
#1549 = LINE('',#1550,#1551);
#1550 = CARTESIAN_POINT('',(164.938017,-133.914938,0.));
#1551 = VECTOR('',#1552,1.);
#1552 = DIRECTION('',(0.408377382128,-0.912813186674,0.));
#1553 = FACE_BOUND('',#1554,.F.);
#1554 = EDGE_LOOP('',(#1555,#1566,#1575));
#1555 = ORIENTED_EDGE('',*,*,#1556,.T.);
#1556 = EDGE_CURVE('',#1557,#1559,#1561,.T.);
#1557 = VERTEX_POINT('',#1558);
#1558 = CARTESIAN_POINT('',(161.01766077846,-129.5629626704,0.));
#1559 = VERTEX_POINT('',#1560);
#1560 = CARTESIAN_POINT('',(162.33157882322,-130.6202076569,0.));
#1561 = CIRCLE('',#1562,0.85);
#1562 = AXIS2_PLACEMENT_3D('',#1563,#1564,#1565);
#1563 = CARTESIAN_POINT('',(161.6075,-130.175,0.));
#1564 = DIRECTION('',(-0.,0.,-1.));
#1565 = DIRECTION('',(-3.343730521224E-14,-1.,0.));
#1566 = ORIENTED_EDGE('',*,*,#1567,.T.);
#1567 = EDGE_CURVE('',#1559,#1568,#1570,.T.);
#1568 = VERTEX_POINT('',#1569);
#1569 = CARTESIAN_POINT('',(161.6075,-131.025,0.));
#1570 = CIRCLE('',#1571,0.85);
#1571 = AXIS2_PLACEMENT_3D('',#1572,#1573,#1574);
#1572 = CARTESIAN_POINT('',(161.6075,-130.175,0.));
#1573 = DIRECTION('',(-0.,0.,-1.));
#1574 = DIRECTION('',(-3.343730521224E-14,-1.,0.));
#1575 = ORIENTED_EDGE('',*,*,#1576,.T.);
#1576 = EDGE_CURVE('',#1568,#1557,#1577,.T.);
#1577 = CIRCLE('',#1578,0.85);
#1578 = AXIS2_PLACEMENT_3D('',#1579,#1580,#1581);
#1579 = CARTESIAN_POINT('',(161.6075,-130.175,0.));
#1580 = DIRECTION('',(-0.,0.,-1.));
#1581 = DIRECTION('',(-3.343730521224E-14,-1.,0.));
#1582 = FACE_BOUND('',#1583,.F.);
#1583 = EDGE_LOOP('',(#1584));
#1584 = ORIENTED_EDGE('',*,*,#1585,.T.);
#1585 = EDGE_CURVE('',#1586,#1586,#1588,.T.);
#1586 = VERTEX_POINT('',#1587);
#1587 = CARTESIAN_POINT('',(166.6875,-132.175,0.));
#1588 = CIRCLE('',#1589,2.);
#1589 = AXIS2_PLACEMENT_3D('',#1590,#1591,#1592);
#1590 = CARTESIAN_POINT('',(166.6875,-130.175,0.));
#1591 = DIRECTION('',(-0.,0.,-1.));
#1592 = DIRECTION('',(-0.,-1.,0.));
#1593 = FACE_BOUND('',#1594,.F.);
#1594 = EDGE_LOOP('',(#1595));
#1595 = ORIENTED_EDGE('',*,*,#1596,.T.);
#1596 = EDGE_CURVE('',#1597,#1597,#1599,.T.);
#1597 = VERTEX_POINT('',#1598);
#1598 = CARTESIAN_POINT('',(162.8775,-128.385,0.));
#1599 = CIRCLE('',#1600,0.75);
#1600 = AXIS2_PLACEMENT_3D('',#1601,#1602,#1603);
#1601 = CARTESIAN_POINT('',(162.8775,-127.635,0.));
#1602 = DIRECTION('',(-0.,0.,-1.));
#1603 = DIRECTION('',(-0.,-1.,0.));
#1604 = FACE_BOUND('',#1605,.F.);
#1605 = EDGE_LOOP('',(#1606));
#1606 = ORIENTED_EDGE('',*,*,#1607,.T.);
#1607 = EDGE_CURVE('',#1608,#1608,#1610,.T.);
#1608 = VERTEX_POINT('',#1609);
#1609 = CARTESIAN_POINT('',(174.625,-134.385,0.));
#1610 = CIRCLE('',#1611,0.4);
#1611 = AXIS2_PLACEMENT_3D('',#1612,#1613,#1614);
#1612 = CARTESIAN_POINT('',(174.625,-133.985,0.));
#1613 = DIRECTION('',(-0.,0.,-1.));
#1614 = DIRECTION('',(-0.,-1.,0.));
#1615 = FACE_BOUND('',#1616,.F.);
#1616 = EDGE_LOOP('',(#1617));
#1617 = ORIENTED_EDGE('',*,*,#1618,.T.);
#1618 = EDGE_CURVE('',#1619,#1619,#1621,.T.);
#1619 = VERTEX_POINT('',#1620);
#1620 = CARTESIAN_POINT('',(171.7675,-131.025,0.));
#1621 = CIRCLE('',#1622,0.85);
#1622 = AXIS2_PLACEMENT_3D('',#1623,#1624,#1625);
#1623 = CARTESIAN_POINT('',(171.7675,-130.175,0.));
#1624 = DIRECTION('',(-0.,0.,-1.));
#1625 = DIRECTION('',(3.343730521224E-14,-1.,-0.));
#1626 = FACE_BOUND('',#1627,.F.);
#1627 = EDGE_LOOP('',(#1628));
#1628 = ORIENTED_EDGE('',*,*,#1629,.T.);
#1629 = EDGE_CURVE('',#1630,#1630,#1632,.T.);
#1630 = VERTEX_POINT('',#1631);
#1631 = CARTESIAN_POINT('',(169.2275,-125.845,0.));
#1632 = CIRCLE('',#1633,0.75);
#1633 = AXIS2_PLACEMENT_3D('',#1634,#1635,#1636);
#1634 = CARTESIAN_POINT('',(169.2275,-125.095,0.));
#1635 = DIRECTION('',(-0.,0.,-1.));
#1636 = DIRECTION('',(-0.,-1.,0.));
#1637 = FACE_BOUND('',#1638,.F.);
#1638 = EDGE_LOOP('',(#1639,#1650,#1659));
#1639 = ORIENTED_EDGE('',*,*,#1640,.T.);
#1640 = EDGE_CURVE('',#1641,#1643,#1645,.T.);
#1641 = VERTEX_POINT('',#1642);
#1642 = CARTESIAN_POINT('',(174.56361122338,-125.9697387976,0.));
#1643 = VERTEX_POINT('',#1644);
#1644 = CARTESIAN_POINT('',(175.01946645643,-126.2986960426,0.));
#1645 = CIRCLE('',#1646,0.4);
#1646 = AXIS2_PLACEMENT_3D('',#1647,#1648,#1649);
#1647 = CARTESIAN_POINT('',(174.625,-126.365,0.));
#1648 = DIRECTION('',(-0.,0.,-1.));
#1649 = DIRECTION('',(-0.,-1.,0.));
#1650 = ORIENTED_EDGE('',*,*,#1651,.T.);
#1651 = EDGE_CURVE('',#1643,#1652,#1654,.T.);
#1652 = VERTEX_POINT('',#1653);
#1653 = CARTESIAN_POINT('',(174.625,-126.765,0.));
#1654 = CIRCLE('',#1655,0.4);
#1655 = AXIS2_PLACEMENT_3D('',#1656,#1657,#1658);
#1656 = CARTESIAN_POINT('',(174.625,-126.365,0.));
#1657 = DIRECTION('',(-0.,0.,-1.));
#1658 = DIRECTION('',(-0.,-1.,0.));
#1659 = ORIENTED_EDGE('',*,*,#1660,.T.);
#1660 = EDGE_CURVE('',#1652,#1641,#1661,.T.);
#1661 = CIRCLE('',#1662,0.4);
#1662 = AXIS2_PLACEMENT_3D('',#1663,#1664,#1665);
#1663 = CARTESIAN_POINT('',(174.625,-126.365,0.));
#1664 = DIRECTION('',(-0.,0.,-1.));
#1665 = DIRECTION('',(-0.,-1.,0.));
#1666 = FACE_BOUND('',#1667,.F.);
#1667 = EDGE_LOOP('',(#1668,#1679,#1688));
#1668 = ORIENTED_EDGE('',*,*,#1669,.T.);
#1669 = EDGE_CURVE('',#1670,#1672,#1674,.T.);
#1670 = VERTEX_POINT('',#1671);
#1671 = CARTESIAN_POINT('',(179.88869299656,-129.8124592554,0.));
#1672 = VERTEX_POINT('',#1673);
#1673 = CARTESIAN_POINT('',(181.24385261244,-130.7903784314,0.));
#1674 = CIRCLE('',#1675,0.85);
#1675 = AXIS2_PLACEMENT_3D('',#1676,#1677,#1678);
#1676 = CARTESIAN_POINT('',(180.6575,-130.175,0.));
#1677 = DIRECTION('',(-0.,0.,-1.));
#1678 = DIRECTION('',(-0.,-1.,0.));
#1679 = ORIENTED_EDGE('',*,*,#1680,.T.);
#1680 = EDGE_CURVE('',#1672,#1681,#1683,.T.);
#1681 = VERTEX_POINT('',#1682);
#1682 = CARTESIAN_POINT('',(180.6575,-131.025,0.));
#1683 = CIRCLE('',#1684,0.85);
#1684 = AXIS2_PLACEMENT_3D('',#1685,#1686,#1687);
#1685 = CARTESIAN_POINT('',(180.6575,-130.175,0.));
#1686 = DIRECTION('',(-0.,0.,-1.));
#1687 = DIRECTION('',(-0.,-1.,0.));
#1688 = ORIENTED_EDGE('',*,*,#1689,.T.);
#1689 = EDGE_CURVE('',#1681,#1670,#1690,.T.);
#1690 = CIRCLE('',#1691,0.85);
#1691 = AXIS2_PLACEMENT_3D('',#1692,#1693,#1694);
#1692 = CARTESIAN_POINT('',(180.6575,-130.175,0.));
#1693 = DIRECTION('',(-0.,0.,-1.));
#1694 = DIRECTION('',(-0.,-1.,0.));
#1695 = FACE_BOUND('',#1696,.F.);
#1696 = EDGE_LOOP('',(#1697));
#1697 = ORIENTED_EDGE('',*,*,#1698,.T.);
#1698 = EDGE_CURVE('',#1699,#1699,#1701,.T.);
#1699 = VERTEX_POINT('',#1700);
#1700 = CARTESIAN_POINT('',(181.9275,-128.385,0.));
#1701 = CIRCLE('',#1702,0.75);
#1702 = AXIS2_PLACEMENT_3D('',#1703,#1704,#1705);
#1703 = CARTESIAN_POINT('',(181.9275,-127.635,0.));
#1704 = DIRECTION('',(-0.,0.,-1.));
#1705 = DIRECTION('',(-0.,-1.,0.));
#1706 = FACE_BOUND('',#1707,.F.);
#1707 = EDGE_LOOP('',(#1708,#1718,#1726,#1734,#1742,#1750,#1758,#1766,
    #1774,#1782,#1790,#1798,#1806,#1814,#1822,#1830,#1838,#1846,#1854,
    #1862,#1870,#1878,#1886,#1894));
#1708 = ORIENTED_EDGE('',*,*,#1709,.F.);
#1709 = EDGE_CURVE('',#1710,#1712,#1714,.T.);
#1710 = VERTEX_POINT('',#1711);
#1711 = CARTESIAN_POINT('',(184.62832,-133.2327,0.));
#1712 = VERTEX_POINT('',#1713);
#1713 = CARTESIAN_POINT('',(183.988017,-133.914938,0.));
#1714 = LINE('',#1715,#1716);
#1715 = CARTESIAN_POINT('',(184.62832,-133.2327,0.));
#1716 = VECTOR('',#1717,1.);
#1717 = DIRECTION('',(-0.68434197967,-0.729161199504,0.));
#1718 = ORIENTED_EDGE('',*,*,#1719,.F.);
#1719 = EDGE_CURVE('',#1720,#1710,#1722,.T.);
#1720 = VERTEX_POINT('',#1721);
#1721 = CARTESIAN_POINT('',(184.69079,-133.266359,0.));
#1722 = LINE('',#1723,#1724);
#1723 = CARTESIAN_POINT('',(184.69079,-133.266359,0.));
#1724 = VECTOR('',#1725,1.);
#1725 = DIRECTION('',(-0.880345725289,0.474332587922,0.));
#1726 = ORIENTED_EDGE('',*,*,#1727,.F.);
#1727 = EDGE_CURVE('',#1728,#1720,#1730,.T.);
#1728 = VERTEX_POINT('',#1729);
#1729 = CARTESIAN_POINT('',(184.943049,-133.334659,0.));
#1730 = LINE('',#1731,#1732);
#1731 = CARTESIAN_POINT('',(184.943049,-133.334659,0.));
#1732 = VECTOR('',#1733,1.);
#1733 = DIRECTION('',(-0.965245820026,0.261343656749,0.));
#1734 = ORIENTED_EDGE('',*,*,#1735,.F.);
#1735 = EDGE_CURVE('',#1736,#1728,#1738,.T.);
#1736 = VERTEX_POINT('',#1737);
#1737 = CARTESIAN_POINT('',(186.531954,-133.334659,0.));
#1738 = LINE('',#1739,#1740);
#1739 = CARTESIAN_POINT('',(186.531954,-133.334659,0.));
#1740 = VECTOR('',#1741,1.);
#1741 = DIRECTION('',(-1.,0.,0.));
#1742 = ORIENTED_EDGE('',*,*,#1743,.F.);
#1743 = EDGE_CURVE('',#1744,#1736,#1746,.T.);
#1744 = VERTEX_POINT('',#1745);
#1745 = CARTESIAN_POINT('',(186.726011,-133.29801,0.));
#1746 = LINE('',#1747,#1748);
#1747 = CARTESIAN_POINT('',(186.726011,-133.29801,0.));
#1748 = VECTOR('',#1749,1.);
#1749 = DIRECTION('',(-0.982629837218,-0.185576407469,0.));
#1750 = ORIENTED_EDGE('',*,*,#1751,.F.);
#1751 = EDGE_CURVE('',#1752,#1744,#1754,.T.);
#1752 = VERTEX_POINT('',#1753);
#1753 = CARTESIAN_POINT('',(186.784212,-133.26636,0.));
#1754 = LINE('',#1755,#1756);
#1755 = CARTESIAN_POINT('',(186.784212,-133.26636,0.));
#1756 = VECTOR('',#1757,1.);
#1757 = DIRECTION('',(-0.878504018987,-0.47773495646,0.));
#1758 = ORIENTED_EDGE('',*,*,#1759,.F.);
#1759 = EDGE_CURVE('',#1760,#1752,#1762,.T.);
#1760 = VERTEX_POINT('',#1761);
#1761 = CARTESIAN_POINT('',(187.515524,-133.849984,0.));
#1762 = LINE('',#1763,#1764);
#1763 = CARTESIAN_POINT('',(187.515524,-133.849984,0.));
#1764 = VECTOR('',#1765,1.);
#1765 = DIRECTION('',(-0.781611501882,0.623765549005,0.));
#1766 = ORIENTED_EDGE('',*,*,#1767,.F.);
#1767 = EDGE_CURVE('',#1768,#1760,#1770,.T.);
#1768 = VERTEX_POINT('',#1769);
#1769 = CARTESIAN_POINT('',(187.486985,-133.914938,0.));
#1770 = LINE('',#1771,#1772);
#1771 = CARTESIAN_POINT('',(187.486985,-133.914938,0.));
#1772 = VECTOR('',#1773,1.);
#1773 = DIRECTION('',(0.402257231305,0.915526689869,0.));
#1774 = ORIENTED_EDGE('',*,*,#1775,.F.);
#1775 = EDGE_CURVE('',#1776,#1768,#1778,.T.);
#1776 = VERTEX_POINT('',#1777);
#1777 = CARTESIAN_POINT('',(187.4375,-134.131816,0.));
#1778 = LINE('',#1779,#1780);
#1779 = CARTESIAN_POINT('',(187.4375,-134.131816,0.));
#1780 = VECTOR('',#1781,1.);
#1781 = DIRECTION('',(0.222452619431,0.974943502008,0.));
#1782 = ORIENTED_EDGE('',*,*,#1783,.F.);
#1783 = EDGE_CURVE('',#1784,#1776,#1786,.T.);
#1784 = VERTEX_POINT('',#1785);
#1785 = CARTESIAN_POINT('',(187.4375,-135.5375,0.));
#1786 = LINE('',#1787,#1788);
#1787 = CARTESIAN_POINT('',(187.4375,-135.5375,0.));
#1788 = VECTOR('',#1789,1.);
#1789 = DIRECTION('',(0.,1.,0.));
#1790 = ORIENTED_EDGE('',*,*,#1791,.F.);
#1791 = EDGE_CURVE('',#1792,#1784,#1794,.T.);
#1792 = VERTEX_POINT('',#1793);
#1793 = CARTESIAN_POINT('',(187.464048,-135.703111,0.));
#1794 = LINE('',#1795,#1796);
#1795 = CARTESIAN_POINT('',(187.464048,-135.703111,0.));
#1796 = VECTOR('',#1797,1.);
#1797 = DIRECTION('',(-0.15828255472,0.987393859041,0.));
#1798 = ORIENTED_EDGE('',*,*,#1799,.F.);
#1799 = EDGE_CURVE('',#1800,#1792,#1802,.T.);
#1800 = VERTEX_POINT('',#1801);
#1801 = CARTESIAN_POINT('',(187.486985,-135.754377,0.));
#1802 = LINE('',#1803,#1804);
#1803 = CARTESIAN_POINT('',(187.486985,-135.754377,0.));
#1804 = VECTOR('',#1805,1.);
#1805 = DIRECTION('',(-0.408398855141,0.912803579703,0.));
#1806 = ORIENTED_EDGE('',*,*,#1807,.F.);
#1807 = EDGE_CURVE('',#1808,#1800,#1810,.T.);
#1808 = VERTEX_POINT('',#1809);
#1809 = CARTESIAN_POINT('',(186.846676,-136.436618,0.));
#1810 = LINE('',#1811,#1812);
#1811 = CARTESIAN_POINT('',(186.846676,-136.436618,0.));
#1812 = VECTOR('',#1813,1.);
#1813 = DIRECTION('',(0.684343789171,0.729159501222,0.));
#1814 = ORIENTED_EDGE('',*,*,#1815,.F.);
#1815 = EDGE_CURVE('',#1816,#1808,#1818,.T.);
#1816 = VERTEX_POINT('',#1817);
#1817 = CARTESIAN_POINT('',(186.784212,-136.402957,0.));
#1818 = LINE('',#1819,#1820);
#1819 = CARTESIAN_POINT('',(186.784212,-136.402957,0.));
#1820 = VECTOR('',#1821,1.);
#1821 = DIRECTION('',(0.880314928453,-0.474389741398,0.));
#1822 = ORIENTED_EDGE('',*,*,#1823,.F.);
#1823 = EDGE_CURVE('',#1824,#1816,#1826,.T.);
#1824 = VERTEX_POINT('',#1825);
#1825 = CARTESIAN_POINT('',(186.531953,-136.334658,0.));
#1826 = LINE('',#1827,#1828);
#1827 = CARTESIAN_POINT('',(186.531953,-136.334658,0.));
#1828 = VECTOR('',#1829,1.);
#1829 = DIRECTION('',(0.965246785273,-0.261340091681,0.));
#1830 = ORIENTED_EDGE('',*,*,#1831,.F.);
#1831 = EDGE_CURVE('',#1832,#1824,#1834,.T.);
#1832 = VERTEX_POINT('',#1833);
#1833 = CARTESIAN_POINT('',(184.943049,-136.334658,0.));
#1834 = LINE('',#1835,#1836);
#1835 = CARTESIAN_POINT('',(184.943049,-136.334658,0.));
#1836 = VECTOR('',#1837,1.);
#1837 = DIRECTION('',(1.,0.,0.));
#1838 = ORIENTED_EDGE('',*,*,#1839,.F.);
#1839 = EDGE_CURVE('',#1840,#1832,#1842,.T.);
#1840 = VERTEX_POINT('',#1841);
#1841 = CARTESIAN_POINT('',(184.74899,-136.371298,0.));
#1842 = LINE('',#1843,#1844);
#1843 = CARTESIAN_POINT('',(184.74899,-136.371298,0.));
#1844 = VECTOR('',#1845,1.);
#1845 = DIRECTION('',(0.982638495187,0.18553055753,0.));
#1846 = ORIENTED_EDGE('',*,*,#1847,.F.);
#1847 = EDGE_CURVE('',#1848,#1840,#1850,.T.);
#1848 = VERTEX_POINT('',#1849);
#1849 = CARTESIAN_POINT('',(184.69079,-136.402955,0.));
#1850 = LINE('',#1851,#1852);
#1851 = CARTESIAN_POINT('',(184.69079,-136.402955,0.));
#1852 = VECTOR('',#1853,1.);
#1853 = DIRECTION('',(0.878456226645,0.477822831046,0.));
#1854 = ORIENTED_EDGE('',*,*,#1855,.F.);
#1855 = EDGE_CURVE('',#1856,#1848,#1858,.T.);
#1856 = VERTEX_POINT('',#1857);
#1857 = CARTESIAN_POINT('',(183.959464,-135.819339,0.));
#1858 = LINE('',#1859,#1860);
#1859 = CARTESIAN_POINT('',(183.959464,-135.819339,0.));
#1860 = VECTOR('',#1861,1.);
#1861 = DIRECTION('',(0.781621492145,-0.623753030467,0.));
#1862 = ORIENTED_EDGE('',*,*,#1863,.F.);
#1863 = EDGE_CURVE('',#1864,#1856,#1866,.T.);
#1864 = VERTEX_POINT('',#1865);
#1865 = CARTESIAN_POINT('',(183.988017,-135.754378,0.));
#1866 = LINE('',#1867,#1868);
#1867 = CARTESIAN_POINT('',(183.988017,-135.754378,0.));
#1868 = VECTOR('',#1869,1.);
#1869 = DIRECTION('',(-0.402386269203,-0.915469983318,0.));
#1870 = ORIENTED_EDGE('',*,*,#1871,.F.);
#1871 = EDGE_CURVE('',#1872,#1864,#1874,.T.);
#1872 = VERTEX_POINT('',#1873);
#1873 = CARTESIAN_POINT('',(184.037502,-135.5375,0.));
#1874 = LINE('',#1875,#1876);
#1875 = CARTESIAN_POINT('',(184.037502,-135.5375,0.));
#1876 = VECTOR('',#1877,1.);
#1877 = DIRECTION('',(-0.222452619431,-0.974943502008,0.));
#1878 = ORIENTED_EDGE('',*,*,#1879,.F.);
#1879 = EDGE_CURVE('',#1880,#1872,#1882,.T.);
#1880 = VERTEX_POINT('',#1881);
#1881 = CARTESIAN_POINT('',(184.037502,-134.131816,0.));
#1882 = LINE('',#1883,#1884);
#1883 = CARTESIAN_POINT('',(184.037502,-134.131816,0.));
#1884 = VECTOR('',#1885,1.);
#1885 = DIRECTION('',(0.,-1.,0.));
#1886 = ORIENTED_EDGE('',*,*,#1887,.F.);
#1887 = EDGE_CURVE('',#1888,#1880,#1890,.T.);
#1888 = VERTEX_POINT('',#1889);
#1889 = CARTESIAN_POINT('',(184.010953,-133.966205,0.));
#1890 = LINE('',#1891,#1892);
#1891 = CARTESIAN_POINT('',(184.010953,-133.966205,0.));
#1892 = VECTOR('',#1893,1.);
#1893 = DIRECTION('',(0.158288367468,-0.98739292722,0.));
#1894 = ORIENTED_EDGE('',*,*,#1895,.F.);
#1895 = EDGE_CURVE('',#1712,#1888,#1896,.T.);
#1896 = LINE('',#1897,#1898);
#1897 = CARTESIAN_POINT('',(183.988017,-133.914938,0.));
#1898 = VECTOR('',#1899,1.);
#1899 = DIRECTION('',(0.408377382128,-0.912813186674,0.));
#1900 = FACE_BOUND('',#1901,.F.);
#1901 = EDGE_LOOP('',(#1902));
#1902 = ORIENTED_EDGE('',*,*,#1903,.T.);
#1903 = EDGE_CURVE('',#1904,#1904,#1906,.T.);
#1904 = VERTEX_POINT('',#1905);
#1905 = CARTESIAN_POINT('',(193.675,-134.385,0.));
#1906 = CIRCLE('',#1907,0.4);
#1907 = AXIS2_PLACEMENT_3D('',#1908,#1909,#1910);
#1908 = CARTESIAN_POINT('',(193.675,-133.985,0.));
#1909 = DIRECTION('',(-0.,0.,-1.));
#1910 = DIRECTION('',(-0.,-1.,0.));
#1911 = FACE_BOUND('',#1912,.F.);
#1912 = EDGE_LOOP('',(#1913));
#1913 = ORIENTED_EDGE('',*,*,#1914,.T.);
#1914 = EDGE_CURVE('',#1915,#1915,#1917,.T.);
#1915 = VERTEX_POINT('',#1916);
#1916 = CARTESIAN_POINT('',(185.7375,-132.175,0.));
#1917 = CIRCLE('',#1918,2.);
#1918 = AXIS2_PLACEMENT_3D('',#1919,#1920,#1921);
#1919 = CARTESIAN_POINT('',(185.7375,-130.175,0.));
#1920 = DIRECTION('',(-0.,0.,-1.));
#1921 = DIRECTION('',(-0.,-1.,0.));
#1922 = FACE_BOUND('',#1923,.F.);
#1923 = EDGE_LOOP('',(#1924));
#1924 = ORIENTED_EDGE('',*,*,#1925,.T.);
#1925 = EDGE_CURVE('',#1926,#1926,#1928,.T.);
#1926 = VERTEX_POINT('',#1927);
#1927 = CARTESIAN_POINT('',(190.8175,-131.025,0.));
#1928 = CIRCLE('',#1929,0.85);
#1929 = AXIS2_PLACEMENT_3D('',#1930,#1931,#1932);
#1930 = CARTESIAN_POINT('',(190.8175,-130.175,0.));
#1931 = DIRECTION('',(-0.,0.,-1.));
#1932 = DIRECTION('',(-0.,-1.,0.));
#1933 = FACE_BOUND('',#1934,.F.);
#1934 = EDGE_LOOP('',(#1935));
#1935 = ORIENTED_EDGE('',*,*,#1936,.T.);
#1936 = EDGE_CURVE('',#1937,#1937,#1939,.T.);
#1937 = VERTEX_POINT('',#1938);
#1938 = CARTESIAN_POINT('',(188.2775,-125.845,0.));
#1939 = CIRCLE('',#1940,0.75);
#1940 = AXIS2_PLACEMENT_3D('',#1941,#1942,#1943);
#1941 = CARTESIAN_POINT('',(188.2775,-125.095,0.));
#1942 = DIRECTION('',(-0.,0.,-1.));
#1943 = DIRECTION('',(-0.,-1.,0.));
#1944 = FACE_BOUND('',#1945,.F.);
#1945 = EDGE_LOOP('',(#1946));
#1946 = ORIENTED_EDGE('',*,*,#1947,.T.);
#1947 = EDGE_CURVE('',#1948,#1948,#1950,.T.);
#1948 = VERTEX_POINT('',#1949);
#1949 = CARTESIAN_POINT('',(193.675,-126.765,0.));
#1950 = CIRCLE('',#1951,0.4);
#1951 = AXIS2_PLACEMENT_3D('',#1952,#1953,#1954);
#1952 = CARTESIAN_POINT('',(193.675,-126.365,0.));
#1953 = DIRECTION('',(-0.,0.,-1.));
#1954 = DIRECTION('',(-0.,-1.,0.));
#1955 = FACE_BOUND('',#1956,.F.);
#1956 = EDGE_LOOP('',(#1957,#1967,#1975,#1983,#1991,#1999,#2007,#2015,
    #2023,#2031,#2039,#2047,#2055,#2063,#2071,#2079,#2087,#2095,#2103,
    #2111,#2119,#2127,#2135,#2143));
#1957 = ORIENTED_EDGE('',*,*,#1958,.F.);
#1958 = EDGE_CURVE('',#1959,#1961,#1963,.T.);
#1959 = VERTEX_POINT('',#1960);
#1960 = CARTESIAN_POINT('',(165.57832,-114.1827,0.));
#1961 = VERTEX_POINT('',#1962);
#1962 = CARTESIAN_POINT('',(164.938017,-114.864938,0.));
#1963 = LINE('',#1964,#1965);
#1964 = CARTESIAN_POINT('',(165.57832,-114.1827,0.));
#1965 = VECTOR('',#1966,1.);
#1966 = DIRECTION('',(-0.68434197967,-0.729161199504,0.));
#1967 = ORIENTED_EDGE('',*,*,#1968,.F.);
#1968 = EDGE_CURVE('',#1969,#1959,#1971,.T.);
#1969 = VERTEX_POINT('',#1970);
#1970 = CARTESIAN_POINT('',(165.64079,-114.216359,0.));
#1971 = LINE('',#1972,#1973);
#1972 = CARTESIAN_POINT('',(165.64079,-114.216359,0.));
#1973 = VECTOR('',#1974,1.);
#1974 = DIRECTION('',(-0.880345725289,0.474332587922,0.));
#1975 = ORIENTED_EDGE('',*,*,#1976,.F.);
#1976 = EDGE_CURVE('',#1977,#1969,#1979,.T.);
#1977 = VERTEX_POINT('',#1978);
#1978 = CARTESIAN_POINT('',(165.893049,-114.284659,0.));
#1979 = LINE('',#1980,#1981);
#1980 = CARTESIAN_POINT('',(165.893049,-114.284659,0.));
#1981 = VECTOR('',#1982,1.);
#1982 = DIRECTION('',(-0.965245820026,0.261343656749,0.));
#1983 = ORIENTED_EDGE('',*,*,#1984,.F.);
#1984 = EDGE_CURVE('',#1985,#1977,#1987,.T.);
#1985 = VERTEX_POINT('',#1986);
#1986 = CARTESIAN_POINT('',(167.481954,-114.284659,0.));
#1987 = LINE('',#1988,#1989);
#1988 = CARTESIAN_POINT('',(167.481954,-114.284659,0.));
#1989 = VECTOR('',#1990,1.);
#1990 = DIRECTION('',(-1.,0.,0.));
#1991 = ORIENTED_EDGE('',*,*,#1992,.F.);
#1992 = EDGE_CURVE('',#1993,#1985,#1995,.T.);
#1993 = VERTEX_POINT('',#1994);
#1994 = CARTESIAN_POINT('',(167.676011,-114.24801,0.));
#1995 = LINE('',#1996,#1997);
#1996 = CARTESIAN_POINT('',(167.676011,-114.24801,0.));
#1997 = VECTOR('',#1998,1.);
#1998 = DIRECTION('',(-0.982629837218,-0.185576407469,0.));
#1999 = ORIENTED_EDGE('',*,*,#2000,.F.);
#2000 = EDGE_CURVE('',#2001,#1993,#2003,.T.);
#2001 = VERTEX_POINT('',#2002);
#2002 = CARTESIAN_POINT('',(167.734212,-114.21636,0.));
#2003 = LINE('',#2004,#2005);
#2004 = CARTESIAN_POINT('',(167.734212,-114.21636,0.));
#2005 = VECTOR('',#2006,1.);
#2006 = DIRECTION('',(-0.878504018987,-0.47773495646,0.));
#2007 = ORIENTED_EDGE('',*,*,#2008,.F.);
#2008 = EDGE_CURVE('',#2009,#2001,#2011,.T.);
#2009 = VERTEX_POINT('',#2010);
#2010 = CARTESIAN_POINT('',(168.465524,-114.799984,0.));
#2011 = LINE('',#2012,#2013);
#2012 = CARTESIAN_POINT('',(168.465524,-114.799984,0.));
#2013 = VECTOR('',#2014,1.);
#2014 = DIRECTION('',(-0.781611501882,0.623765549005,0.));
#2015 = ORIENTED_EDGE('',*,*,#2016,.F.);
#2016 = EDGE_CURVE('',#2017,#2009,#2019,.T.);
#2017 = VERTEX_POINT('',#2018);
#2018 = CARTESIAN_POINT('',(168.436985,-114.864938,0.));
#2019 = LINE('',#2020,#2021);
#2020 = CARTESIAN_POINT('',(168.436985,-114.864938,0.));
#2021 = VECTOR('',#2022,1.);
#2022 = DIRECTION('',(0.402257231305,0.915526689869,0.));
#2023 = ORIENTED_EDGE('',*,*,#2024,.F.);
#2024 = EDGE_CURVE('',#2025,#2017,#2027,.T.);
#2025 = VERTEX_POINT('',#2026);
#2026 = CARTESIAN_POINT('',(168.3875,-115.081816,0.));
#2027 = LINE('',#2028,#2029);
#2028 = CARTESIAN_POINT('',(168.3875,-115.081816,0.));
#2029 = VECTOR('',#2030,1.);
#2030 = DIRECTION('',(0.222452619431,0.974943502008,0.));
#2031 = ORIENTED_EDGE('',*,*,#2032,.F.);
#2032 = EDGE_CURVE('',#2033,#2025,#2035,.T.);
#2033 = VERTEX_POINT('',#2034);
#2034 = CARTESIAN_POINT('',(168.3875,-116.4875,0.));
#2035 = LINE('',#2036,#2037);
#2036 = CARTESIAN_POINT('',(168.3875,-116.4875,0.));
#2037 = VECTOR('',#2038,1.);
#2038 = DIRECTION('',(0.,1.,0.));
#2039 = ORIENTED_EDGE('',*,*,#2040,.F.);
#2040 = EDGE_CURVE('',#2041,#2033,#2043,.T.);
#2041 = VERTEX_POINT('',#2042);
#2042 = CARTESIAN_POINT('',(168.414048,-116.653111,0.));
#2043 = LINE('',#2044,#2045);
#2044 = CARTESIAN_POINT('',(168.414048,-116.653111,0.));
#2045 = VECTOR('',#2046,1.);
#2046 = DIRECTION('',(-0.158282554721,0.987393859041,0.));
#2047 = ORIENTED_EDGE('',*,*,#2048,.F.);
#2048 = EDGE_CURVE('',#2049,#2041,#2051,.T.);
#2049 = VERTEX_POINT('',#2050);
#2050 = CARTESIAN_POINT('',(168.436985,-116.704377,0.));
#2051 = LINE('',#2052,#2053);
#2052 = CARTESIAN_POINT('',(168.436985,-116.704377,0.));
#2053 = VECTOR('',#2054,1.);
#2054 = DIRECTION('',(-0.408398855141,0.912803579704,0.));
#2055 = ORIENTED_EDGE('',*,*,#2056,.F.);
#2056 = EDGE_CURVE('',#2057,#2049,#2059,.T.);
#2057 = VERTEX_POINT('',#2058);
#2058 = CARTESIAN_POINT('',(167.796676,-117.386618,0.));
#2059 = LINE('',#2060,#2061);
#2060 = CARTESIAN_POINT('',(167.796676,-117.386618,0.));
#2061 = VECTOR('',#2062,1.);
#2062 = DIRECTION('',(0.684343789171,0.729159501222,0.));
#2063 = ORIENTED_EDGE('',*,*,#2064,.F.);
#2064 = EDGE_CURVE('',#2065,#2057,#2067,.T.);
#2065 = VERTEX_POINT('',#2066);
#2066 = CARTESIAN_POINT('',(167.734212,-117.352957,0.));
#2067 = LINE('',#2068,#2069);
#2068 = CARTESIAN_POINT('',(167.734212,-117.352957,0.));
#2069 = VECTOR('',#2070,1.);
#2070 = DIRECTION('',(0.880314928453,-0.474389741398,0.));
#2071 = ORIENTED_EDGE('',*,*,#2072,.F.);
#2072 = EDGE_CURVE('',#2073,#2065,#2075,.T.);
#2073 = VERTEX_POINT('',#2074);
#2074 = CARTESIAN_POINT('',(167.481953,-117.284658,0.));
#2075 = LINE('',#2076,#2077);
#2076 = CARTESIAN_POINT('',(167.481953,-117.284658,0.));
#2077 = VECTOR('',#2078,1.);
#2078 = DIRECTION('',(0.965246785273,-0.261340091681,0.));
#2079 = ORIENTED_EDGE('',*,*,#2080,.F.);
#2080 = EDGE_CURVE('',#2081,#2073,#2083,.T.);
#2081 = VERTEX_POINT('',#2082);
#2082 = CARTESIAN_POINT('',(165.893049,-117.284658,0.));
#2083 = LINE('',#2084,#2085);
#2084 = CARTESIAN_POINT('',(165.893049,-117.284658,0.));
#2085 = VECTOR('',#2086,1.);
#2086 = DIRECTION('',(1.,0.,0.));
#2087 = ORIENTED_EDGE('',*,*,#2088,.F.);
#2088 = EDGE_CURVE('',#2089,#2081,#2091,.T.);
#2089 = VERTEX_POINT('',#2090);
#2090 = CARTESIAN_POINT('',(165.69899,-117.321298,0.));
#2091 = LINE('',#2092,#2093);
#2092 = CARTESIAN_POINT('',(165.69899,-117.321298,0.));
#2093 = VECTOR('',#2094,1.);
#2094 = DIRECTION('',(0.982638495187,0.18553055753,0.));
#2095 = ORIENTED_EDGE('',*,*,#2096,.F.);
#2096 = EDGE_CURVE('',#2097,#2089,#2099,.T.);
#2097 = VERTEX_POINT('',#2098);
#2098 = CARTESIAN_POINT('',(165.64079,-117.352955,0.));
#2099 = LINE('',#2100,#2101);
#2100 = CARTESIAN_POINT('',(165.64079,-117.352955,0.));
#2101 = VECTOR('',#2102,1.);
#2102 = DIRECTION('',(0.878456226645,0.477822831046,0.));
#2103 = ORIENTED_EDGE('',*,*,#2104,.F.);
#2104 = EDGE_CURVE('',#2105,#2097,#2107,.T.);
#2105 = VERTEX_POINT('',#2106);
#2106 = CARTESIAN_POINT('',(164.909464,-116.769339,0.));
#2107 = LINE('',#2108,#2109);
#2108 = CARTESIAN_POINT('',(164.909464,-116.769339,0.));
#2109 = VECTOR('',#2110,1.);
#2110 = DIRECTION('',(0.781621492145,-0.623753030467,0.));
#2111 = ORIENTED_EDGE('',*,*,#2112,.F.);
#2112 = EDGE_CURVE('',#2113,#2105,#2115,.T.);
#2113 = VERTEX_POINT('',#2114);
#2114 = CARTESIAN_POINT('',(164.938017,-116.704378,0.));
#2115 = LINE('',#2116,#2117);
#2116 = CARTESIAN_POINT('',(164.938017,-116.704378,0.));
#2117 = VECTOR('',#2118,1.);
#2118 = DIRECTION('',(-0.402386269203,-0.915469983318,0.));
#2119 = ORIENTED_EDGE('',*,*,#2120,.F.);
#2120 = EDGE_CURVE('',#2121,#2113,#2123,.T.);
#2121 = VERTEX_POINT('',#2122);
#2122 = CARTESIAN_POINT('',(164.987502,-116.4875,0.));
#2123 = LINE('',#2124,#2125);
#2124 = CARTESIAN_POINT('',(164.987502,-116.4875,0.));
#2125 = VECTOR('',#2126,1.);
#2126 = DIRECTION('',(-0.222452619431,-0.974943502008,0.));
#2127 = ORIENTED_EDGE('',*,*,#2128,.F.);
#2128 = EDGE_CURVE('',#2129,#2121,#2131,.T.);
#2129 = VERTEX_POINT('',#2130);
#2130 = CARTESIAN_POINT('',(164.987502,-115.081816,0.));
#2131 = LINE('',#2132,#2133);
#2132 = CARTESIAN_POINT('',(164.987502,-115.081816,0.));
#2133 = VECTOR('',#2134,1.);
#2134 = DIRECTION('',(0.,-1.,0.));
#2135 = ORIENTED_EDGE('',*,*,#2136,.F.);
#2136 = EDGE_CURVE('',#2137,#2129,#2139,.T.);
#2137 = VERTEX_POINT('',#2138);
#2138 = CARTESIAN_POINT('',(164.960953,-114.916205,0.));
#2139 = LINE('',#2140,#2141);
#2140 = CARTESIAN_POINT('',(164.960953,-114.916205,0.));
#2141 = VECTOR('',#2142,1.);
#2142 = DIRECTION('',(0.158288367468,-0.98739292722,0.));
#2143 = ORIENTED_EDGE('',*,*,#2144,.F.);
#2144 = EDGE_CURVE('',#1961,#2137,#2145,.T.);
#2145 = LINE('',#2146,#2147);
#2146 = CARTESIAN_POINT('',(164.938017,-114.864938,0.));
#2147 = VECTOR('',#2148,1.);
#2148 = DIRECTION('',(0.408377382128,-0.912813186674,0.));
#2149 = FACE_BOUND('',#2150,.F.);
#2150 = EDGE_LOOP('',(#2151,#2162,#2171));
#2151 = ORIENTED_EDGE('',*,*,#2152,.T.);
#2152 = EDGE_CURVE('',#2153,#2155,#2157,.T.);
#2153 = VERTEX_POINT('',#2154);
#2154 = CARTESIAN_POINT('',(160.79279475197,-110.8826049529,0.));
#2155 = VERTEX_POINT('',#2156);
#2156 = CARTESIAN_POINT('',(162.12363754738,-111.8003532647,0.));
#2157 = CIRCLE('',#2158,0.85);
#2158 = AXIS2_PLACEMENT_3D('',#2159,#2160,#2161);
#2159 = CARTESIAN_POINT('',(161.6075,-111.125,0.));
#2160 = DIRECTION('',(-0.,0.,-1.));
#2161 = DIRECTION('',(-3.343730521224E-14,-1.,0.));
#2162 = ORIENTED_EDGE('',*,*,#2163,.T.);
#2163 = EDGE_CURVE('',#2155,#2164,#2166,.T.);
#2164 = VERTEX_POINT('',#2165);
#2165 = CARTESIAN_POINT('',(161.6075,-111.975,0.));
#2166 = CIRCLE('',#2167,0.85);
#2167 = AXIS2_PLACEMENT_3D('',#2168,#2169,#2170);
#2168 = CARTESIAN_POINT('',(161.6075,-111.125,0.));
#2169 = DIRECTION('',(-0.,0.,-1.));
#2170 = DIRECTION('',(-3.343730521224E-14,-1.,0.));
#2171 = ORIENTED_EDGE('',*,*,#2172,.T.);
#2172 = EDGE_CURVE('',#2164,#2153,#2173,.T.);
#2173 = CIRCLE('',#2174,0.85);
#2174 = AXIS2_PLACEMENT_3D('',#2175,#2176,#2177);
#2175 = CARTESIAN_POINT('',(161.6075,-111.125,0.));
#2176 = DIRECTION('',(-0.,0.,-1.));
#2177 = DIRECTION('',(-3.343730521224E-14,-1.,0.));
#2178 = FACE_BOUND('',#2179,.F.);
#2179 = EDGE_LOOP('',(#2180));
#2180 = ORIENTED_EDGE('',*,*,#2181,.T.);
#2181 = EDGE_CURVE('',#2182,#2182,#2184,.T.);
#2182 = VERTEX_POINT('',#2183);
#2183 = CARTESIAN_POINT('',(166.6875,-113.125,0.));
#2184 = CIRCLE('',#2185,2.);
#2185 = AXIS2_PLACEMENT_3D('',#2186,#2187,#2188);
#2186 = CARTESIAN_POINT('',(166.6875,-111.125,0.));
#2187 = DIRECTION('',(-0.,0.,-1.));
#2188 = DIRECTION('',(-0.,-1.,0.));
#2189 = FACE_BOUND('',#2190,.F.);
#2190 = EDGE_LOOP('',(#2191));
#2191 = ORIENTED_EDGE('',*,*,#2192,.T.);
#2192 = EDGE_CURVE('',#2193,#2193,#2195,.T.);
#2193 = VERTEX_POINT('',#2194);
#2194 = CARTESIAN_POINT('',(174.625,-115.335,0.));
#2195 = CIRCLE('',#2196,0.4);
#2196 = AXIS2_PLACEMENT_3D('',#2197,#2198,#2199);
#2197 = CARTESIAN_POINT('',(174.625,-114.935,0.));
#2198 = DIRECTION('',(-0.,0.,-1.));
#2199 = DIRECTION('',(-0.,-1.,0.));
#2200 = FACE_BOUND('',#2201,.F.);
#2201 = EDGE_LOOP('',(#2202));
#2202 = ORIENTED_EDGE('',*,*,#2203,.T.);
#2203 = EDGE_CURVE('',#2204,#2204,#2206,.T.);
#2204 = VERTEX_POINT('',#2205);
#2205 = CARTESIAN_POINT('',(171.7675,-111.975,0.));
#2206 = CIRCLE('',#2207,0.85);
#2207 = AXIS2_PLACEMENT_3D('',#2208,#2209,#2210);
#2208 = CARTESIAN_POINT('',(171.7675,-111.125,0.));
#2209 = DIRECTION('',(-0.,0.,-1.));
#2210 = DIRECTION('',(3.343730521224E-14,-1.,-0.));
#2211 = FACE_BOUND('',#2212,.F.);
#2212 = EDGE_LOOP('',(#2213));
#2213 = ORIENTED_EDGE('',*,*,#2214,.T.);
#2214 = EDGE_CURVE('',#2215,#2215,#2217,.T.);
#2215 = VERTEX_POINT('',#2216);
#2216 = CARTESIAN_POINT('',(162.8775,-109.335,0.));
#2217 = CIRCLE('',#2218,0.75);
#2218 = AXIS2_PLACEMENT_3D('',#2219,#2220,#2221);
#2219 = CARTESIAN_POINT('',(162.8775,-108.585,0.));
#2220 = DIRECTION('',(-0.,0.,-1.));
#2221 = DIRECTION('',(-0.,-1.,0.));
#2222 = FACE_BOUND('',#2223,.F.);
#2223 = EDGE_LOOP('',(#2224));
#2224 = ORIENTED_EDGE('',*,*,#2225,.T.);
#2225 = EDGE_CURVE('',#2226,#2226,#2228,.T.);
#2226 = VERTEX_POINT('',#2227);
#2227 = CARTESIAN_POINT('',(169.2275,-106.795,0.));
#2228 = CIRCLE('',#2229,0.75);
#2229 = AXIS2_PLACEMENT_3D('',#2230,#2231,#2232);
#2230 = CARTESIAN_POINT('',(169.2275,-106.045,0.));
#2231 = DIRECTION('',(-0.,0.,-1.));
#2232 = DIRECTION('',(-0.,-1.,0.));
#2233 = FACE_BOUND('',#2234,.F.);
#2234 = EDGE_LOOP('',(#2235));
#2235 = ORIENTED_EDGE('',*,*,#2236,.T.);
#2236 = EDGE_CURVE('',#2237,#2237,#2239,.T.);
#2237 = VERTEX_POINT('',#2238);
#2238 = CARTESIAN_POINT('',(174.625,-107.715,0.));
#2239 = CIRCLE('',#2240,0.4);
#2240 = AXIS2_PLACEMENT_3D('',#2241,#2242,#2243);
#2241 = CARTESIAN_POINT('',(174.625,-107.315,0.));
#2242 = DIRECTION('',(-0.,0.,-1.));
#2243 = DIRECTION('',(-0.,-1.,0.));
#2244 = FACE_BOUND('',#2245,.F.);
#2245 = EDGE_LOOP('',(#2246,#2257,#2266));
#2246 = ORIENTED_EDGE('',*,*,#2247,.T.);
#2247 = EDGE_CURVE('',#2248,#2250,#2252,.T.);
#2248 = VERTEX_POINT('',#2249);
#2249 = CARTESIAN_POINT('',(180.78355697574,-110.2843992393,0.));
#2250 = VERTEX_POINT('',#2251);
#2251 = CARTESIAN_POINT('',(181.34725809717,-110.6282769711,0.));
#2252 = CIRCLE('',#2253,0.85);
#2253 = AXIS2_PLACEMENT_3D('',#2254,#2255,#2256);
#2254 = CARTESIAN_POINT('',(180.6575,-111.125,0.));
#2255 = DIRECTION('',(-0.,0.,-1.));
#2256 = DIRECTION('',(-0.,-1.,0.));
#2257 = ORIENTED_EDGE('',*,*,#2258,.T.);
#2258 = EDGE_CURVE('',#2250,#2259,#2261,.T.);
#2259 = VERTEX_POINT('',#2260);
#2260 = CARTESIAN_POINT('',(180.6575,-111.975,0.));
#2261 = CIRCLE('',#2262,0.85);
#2262 = AXIS2_PLACEMENT_3D('',#2263,#2264,#2265);
#2263 = CARTESIAN_POINT('',(180.6575,-111.125,0.));
#2264 = DIRECTION('',(-0.,0.,-1.));
#2265 = DIRECTION('',(-0.,-1.,0.));
#2266 = ORIENTED_EDGE('',*,*,#2267,.T.);
#2267 = EDGE_CURVE('',#2259,#2248,#2268,.T.);
#2268 = CIRCLE('',#2269,0.85);
#2269 = AXIS2_PLACEMENT_3D('',#2270,#2271,#2272);
#2270 = CARTESIAN_POINT('',(180.6575,-111.125,0.));
#2271 = DIRECTION('',(-0.,0.,-1.));
#2272 = DIRECTION('',(-0.,-1.,0.));
#2273 = FACE_BOUND('',#2274,.F.);
#2274 = EDGE_LOOP('',(#2275,#2285,#2293,#2301,#2309,#2317,#2325,#2333,
    #2341,#2349,#2357,#2365,#2373,#2381,#2389,#2397,#2405,#2413,#2421,
    #2429,#2437,#2445,#2453,#2461,#2469,#2477));
#2275 = ORIENTED_EDGE('',*,*,#2276,.F.);
#2276 = EDGE_CURVE('',#2277,#2279,#2281,.T.);
#2277 = VERTEX_POINT('',#2278);
#2278 = CARTESIAN_POINT('',(187.125995,-114.153512,0.));
#2279 = VERTEX_POINT('',#2280);
#2280 = CARTESIAN_POINT('',(186.784212,-114.21636,0.));
#2281 = LINE('',#2282,#2283);
#2282 = CARTESIAN_POINT('',(187.125995,-114.153512,0.));
#2283 = VECTOR('',#2284,1.);
#2284 = DIRECTION('',(-0.983510573351,-0.1808506348,0.));
#2285 = ORIENTED_EDGE('',*,*,#2286,.F.);
#2286 = EDGE_CURVE('',#2287,#2277,#2289,.T.);
#2287 = VERTEX_POINT('',#2288);
#2288 = CARTESIAN_POINT('',(187.260604,-114.198207,0.));
#2289 = LINE('',#2290,#2291);
#2290 = CARTESIAN_POINT('',(187.260604,-114.198207,0.));
#2291 = VECTOR('',#2292,1.);
#2292 = DIRECTION('',(-0.949052093459,0.315119221725,0.));
#2293 = ORIENTED_EDGE('',*,*,#2294,.F.);
#2294 = EDGE_CURVE('',#2295,#2287,#2297,.T.);
#2295 = VERTEX_POINT('',#2296);
#2296 = CARTESIAN_POINT('',(187.515613,-114.800012,0.));
#2297 = LINE('',#2298,#2299);
#2298 = CARTESIAN_POINT('',(187.515613,-114.800012,0.));
#2299 = VECTOR('',#2300,1.);
#2300 = DIRECTION('',(-0.390157959902,0.92074793854,0.));
#2301 = ORIENTED_EDGE('',*,*,#2302,.F.);
#2302 = EDGE_CURVE('',#2303,#2295,#2305,.T.);
#2303 = VERTEX_POINT('',#2304);
#2304 = CARTESIAN_POINT('',(187.486985,-114.864938,0.));
#2305 = LINE('',#2306,#2307);
#2306 = CARTESIAN_POINT('',(187.486985,-114.864938,0.));
#2307 = VECTOR('',#2308,1.);
#2308 = DIRECTION('',(0.40345353011,0.915000136088,0.));
#2309 = ORIENTED_EDGE('',*,*,#2310,.F.);
#2310 = EDGE_CURVE('',#2311,#2303,#2313,.T.);
#2311 = VERTEX_POINT('',#2312);
#2312 = CARTESIAN_POINT('',(187.4375,-115.081815,0.));
#2313 = LINE('',#2314,#2315);
#2314 = CARTESIAN_POINT('',(187.4375,-115.081815,0.));
#2315 = VECTOR('',#2316,1.);
#2316 = DIRECTION('',(0.222453594382,0.974943279554,0.));
#2317 = ORIENTED_EDGE('',*,*,#2318,.F.);
#2318 = EDGE_CURVE('',#2319,#2311,#2321,.T.);
#2319 = VERTEX_POINT('',#2320);
#2320 = CARTESIAN_POINT('',(187.4375,-116.4875,0.));
#2321 = LINE('',#2322,#2323);
#2322 = CARTESIAN_POINT('',(187.4375,-116.4875,0.));
#2323 = VECTOR('',#2324,1.);
#2324 = DIRECTION('',(0.,1.,0.));
#2325 = ORIENTED_EDGE('',*,*,#2326,.F.);
#2326 = EDGE_CURVE('',#2327,#2319,#2329,.T.);
#2327 = VERTEX_POINT('',#2328);
#2328 = CARTESIAN_POINT('',(187.464048,-116.653112,0.));
#2329 = LINE('',#2330,#2331);
#2330 = CARTESIAN_POINT('',(187.464048,-116.653112,0.));
#2331 = VECTOR('',#2332,1.);
#2332 = DIRECTION('',(-0.158281622922,0.987394008411,0.));
#2333 = ORIENTED_EDGE('',*,*,#2334,.F.);
#2334 = EDGE_CURVE('',#2335,#2327,#2337,.T.);
#2335 = VERTEX_POINT('',#2336);
#2336 = CARTESIAN_POINT('',(187.486985,-116.704378,0.));
#2337 = LINE('',#2338,#2339);
#2338 = CARTESIAN_POINT('',(187.486985,-116.704378,0.));
#2339 = VECTOR('',#2340,1.);
#2340 = DIRECTION('',(-0.408398855141,0.912803579703,0.));
#2341 = ORIENTED_EDGE('',*,*,#2342,.F.);
#2342 = EDGE_CURVE('',#2343,#2335,#2345,.T.);
#2343 = VERTEX_POINT('',#2344);
#2344 = CARTESIAN_POINT('',(186.846671,-117.386632,0.));
#2345 = LINE('',#2346,#2347);
#2346 = CARTESIAN_POINT('',(186.846671,-117.386632,0.));
#2347 = VECTOR('',#2348,1.);
#2348 = DIRECTION('',(0.684339697344,0.729163341535,0.));
#2349 = ORIENTED_EDGE('',*,*,#2350,.F.);
#2350 = EDGE_CURVE('',#2351,#2343,#2353,.T.);
#2351 = VERTEX_POINT('',#2352);
#2352 = CARTESIAN_POINT('',(186.784212,-117.352957,0.));
#2353 = LINE('',#2354,#2355);
#2354 = CARTESIAN_POINT('',(186.784212,-117.352957,0.));
#2355 = VECTOR('',#2356,1.);
#2356 = DIRECTION('',(0.880216657988,-0.474572054592,0.));
#2357 = ORIENTED_EDGE('',*,*,#2358,.F.);
#2358 = EDGE_CURVE('',#2359,#2351,#2361,.T.);
#2359 = VERTEX_POINT('',#2360);
#2360 = CARTESIAN_POINT('',(186.531953,-117.284658,0.));
#2361 = LINE('',#2362,#2363);
#2362 = CARTESIAN_POINT('',(186.531953,-117.284658,0.));
#2363 = VECTOR('',#2364,1.);
#2364 = DIRECTION('',(0.965246785273,-0.261340091681,0.));
#2365 = ORIENTED_EDGE('',*,*,#2366,.F.);
#2366 = EDGE_CURVE('',#2367,#2359,#2369,.T.);
#2367 = VERTEX_POINT('',#2368);
#2368 = CARTESIAN_POINT('',(184.943049,-117.284658,0.));
#2369 = LINE('',#2370,#2371);
#2370 = CARTESIAN_POINT('',(184.943049,-117.284658,0.));
#2371 = VECTOR('',#2372,1.);
#2372 = DIRECTION('',(1.,0.,0.));
#2373 = ORIENTED_EDGE('',*,*,#2374,.F.);
#2374 = EDGE_CURVE('',#2375,#2367,#2377,.T.);
#2375 = VERTEX_POINT('',#2376);
#2376 = CARTESIAN_POINT('',(184.748998,-117.321318,0.));
#2377 = LINE('',#2378,#2379);
#2378 = CARTESIAN_POINT('',(184.748998,-117.321318,0.));
#2379 = VECTOR('',#2380,1.);
#2380 = DIRECTION('',(0.982618631892,0.185635730015,0.));
#2381 = ORIENTED_EDGE('',*,*,#2382,.F.);
#2382 = EDGE_CURVE('',#2383,#2375,#2385,.T.);
#2383 = VERTEX_POINT('',#2384);
#2384 = CARTESIAN_POINT('',(184.690791,-117.352957,0.));
#2385 = LINE('',#2386,#2387);
#2386 = CARTESIAN_POINT('',(184.690791,-117.352957,0.));
#2387 = VECTOR('',#2388,1.);
#2388 = DIRECTION('',(0.878594357754,0.477568795591,0.));
#2389 = ORIENTED_EDGE('',*,*,#2390,.F.);
#2390 = EDGE_CURVE('',#2391,#2383,#2393,.T.);
#2391 = VERTEX_POINT('',#2392);
#2392 = CARTESIAN_POINT('',(183.959476,-116.769342,0.));
#2393 = LINE('',#2394,#2395);
#2394 = CARTESIAN_POINT('',(183.959476,-116.769342,0.));
#2395 = VECTOR('',#2396,1.);
#2396 = DIRECTION('',(0.781617439079,-0.623758109308,0.));
#2397 = ORIENTED_EDGE('',*,*,#2398,.F.);
#2398 = EDGE_CURVE('',#2399,#2391,#2401,.T.);
#2399 = VERTEX_POINT('',#2400);
#2400 = CARTESIAN_POINT('',(183.988017,-116.704378,0.));
#2401 = LINE('',#2402,#2403);
#2402 = CARTESIAN_POINT('',(183.988017,-116.704378,0.));
#2403 = VECTOR('',#2404,1.);
#2404 = DIRECTION('',(-0.402228954956,-0.915539113198,0.));
#2405 = ORIENTED_EDGE('',*,*,#2406,.F.);
#2406 = EDGE_CURVE('',#2407,#2399,#2409,.T.);
#2407 = VERTEX_POINT('',#2408);
#2408 = CARTESIAN_POINT('',(184.037502,-116.487501,0.));
#2409 = LINE('',#2410,#2411);
#2410 = CARTESIAN_POINT('',(184.037502,-116.487501,0.));
#2411 = VECTOR('',#2412,1.);
#2412 = DIRECTION('',(-0.222453594382,-0.974943279554,0.));
#2413 = ORIENTED_EDGE('',*,*,#2414,.F.);
#2414 = EDGE_CURVE('',#2415,#2407,#2417,.T.);
#2415 = VERTEX_POINT('',#2416);
#2416 = CARTESIAN_POINT('',(184.037502,-115.081816,0.));
#2417 = LINE('',#2418,#2419);
#2418 = CARTESIAN_POINT('',(184.037502,-115.081816,0.));
#2419 = VECTOR('',#2420,1.);
#2420 = DIRECTION('',(0.,-1.,0.));
#2421 = ORIENTED_EDGE('',*,*,#2422,.F.);
#2422 = EDGE_CURVE('',#2423,#2415,#2425,.T.);
#2423 = VERTEX_POINT('',#2424);
#2424 = CARTESIAN_POINT('',(184.010959,-114.916202,0.));
#2425 = LINE('',#2426,#2427);
#2426 = CARTESIAN_POINT('',(184.010959,-114.916202,0.));
#2427 = VECTOR('',#2428,1.);
#2428 = DIRECTION('',(0.158250695858,-0.987398965596,0.));
#2429 = ORIENTED_EDGE('',*,*,#2430,.F.);
#2430 = EDGE_CURVE('',#2431,#2423,#2433,.T.);
#2431 = VERTEX_POINT('',#2432);
#2432 = CARTESIAN_POINT('',(183.988017,-114.864938,0.));
#2433 = LINE('',#2434,#2435);
#2434 = CARTESIAN_POINT('',(183.988017,-114.864938,0.));
#2435 = VECTOR('',#2436,1.);
#2436 = DIRECTION('',(0.408486305654,-0.912764448307,0.));
#2437 = ORIENTED_EDGE('',*,*,#2438,.F.);
#2438 = EDGE_CURVE('',#2439,#2431,#2441,.T.);
#2439 = VERTEX_POINT('',#2440);
#2440 = CARTESIAN_POINT('',(184.628283,-114.18279,0.));
#2441 = LINE('',#2442,#2443);
#2442 = CARTESIAN_POINT('',(184.628283,-114.18279,0.));
#2443 = VECTOR('',#2444,1.);
#2444 = DIRECTION('',(-0.684368955215,-0.729135881121,0.));
#2445 = ORIENTED_EDGE('',*,*,#2446,.F.);
#2446 = EDGE_CURVE('',#2447,#2439,#2449,.T.);
#2447 = VERTEX_POINT('',#2448);
#2448 = CARTESIAN_POINT('',(184.69079,-114.216359,0.));
#2449 = LINE('',#2450,#2451);
#2450 = CARTESIAN_POINT('',(184.69079,-114.216359,0.));
#2451 = VECTOR('',#2452,1.);
#2452 = DIRECTION('',(-0.880991927053,0.473131297282,0.));
#2453 = ORIENTED_EDGE('',*,*,#2454,.F.);
#2454 = EDGE_CURVE('',#2455,#2447,#2457,.T.);
#2455 = VERTEX_POINT('',#2456);
#2456 = CARTESIAN_POINT('',(184.943048,-114.284658,0.));
#2457 = LINE('',#2458,#2459);
#2458 = CARTESIAN_POINT('',(184.943048,-114.284658,0.));
#2459 = VECTOR('',#2460,1.);
#2460 = DIRECTION('',(-0.965246523933,0.261341056926,0.));
#2461 = ORIENTED_EDGE('',*,*,#2462,.F.);
#2462 = EDGE_CURVE('',#2463,#2455,#2465,.T.);
#2463 = VERTEX_POINT('',#2464);
#2464 = CARTESIAN_POINT('',(186.531954,-114.284659,0.));
#2465 = LINE('',#2466,#2467);
#2466 = CARTESIAN_POINT('',(186.531954,-114.284659,0.));
#2467 = VECTOR('',#2468,1.);
#2468 = DIRECTION('',(-1.,6.293638589608E-07,0.));
#2469 = ORIENTED_EDGE('',*,*,#2470,.F.);
#2470 = EDGE_CURVE('',#2471,#2463,#2473,.T.);
#2471 = VERTEX_POINT('',#2472);
#2472 = CARTESIAN_POINT('',(186.726018,-114.248026,0.));
#2473 = LINE('',#2474,#2475);
#2474 = CARTESIAN_POINT('',(186.726018,-114.248026,0.));
#2475 = VECTOR('',#2476,1.);
#2476 = DIRECTION('',(-0.982645827776,-0.185491717212,0.));
#2477 = ORIENTED_EDGE('',*,*,#2478,.F.);
#2478 = EDGE_CURVE('',#2279,#2471,#2479,.T.);
#2479 = LINE('',#2480,#2481);
#2480 = CARTESIAN_POINT('',(186.784212,-114.21636,0.));
#2481 = VECTOR('',#2482,1.);
#2482 = DIRECTION('',(-0.878378517219,-0.477965668733,0.));
#2483 = FACE_BOUND('',#2484,.F.);
#2484 = EDGE_LOOP('',(#2485));
#2485 = ORIENTED_EDGE('',*,*,#2486,.T.);
#2486 = EDGE_CURVE('',#2487,#2487,#2489,.T.);
#2487 = VERTEX_POINT('',#2488);
#2488 = CARTESIAN_POINT('',(193.675,-115.335,0.));
#2489 = CIRCLE('',#2490,0.4);
#2490 = AXIS2_PLACEMENT_3D('',#2491,#2492,#2493);
#2491 = CARTESIAN_POINT('',(193.675,-114.935,0.));
#2492 = DIRECTION('',(-0.,0.,-1.));
#2493 = DIRECTION('',(-0.,-1.,0.));
#2494 = FACE_BOUND('',#2495,.F.);
#2495 = EDGE_LOOP('',(#2496,#2507,#2516));
#2496 = ORIENTED_EDGE('',*,*,#2497,.T.);
#2497 = EDGE_CURVE('',#2498,#2500,#2502,.T.);
#2498 = VERTEX_POINT('',#2499);
#2499 = CARTESIAN_POINT('',(185.7375,-113.125,0.));
#2500 = VERTEX_POINT('',#2501);
#2501 = CARTESIAN_POINT('',(185.39019895348,-113.0946146788,0.));
#2502 = CIRCLE('',#2503,2.);
#2503 = AXIS2_PLACEMENT_3D('',#2504,#2505,#2506);
#2504 = CARTESIAN_POINT('',(185.7375,-111.125,0.));
#2505 = DIRECTION('',(-0.,0.,-1.));
#2506 = DIRECTION('',(-0.,-1.,0.));
#2507 = ORIENTED_EDGE('',*,*,#2508,.T.);
#2508 = EDGE_CURVE('',#2500,#2509,#2511,.T.);
#2509 = VERTEX_POINT('',#2510);
#2510 = CARTESIAN_POINT('',(184.14509007894,-112.3350539836,0.));
#2511 = CIRCLE('',#2512,2.);
#2512 = AXIS2_PLACEMENT_3D('',#2513,#2514,#2515);
#2513 = CARTESIAN_POINT('',(185.7375,-111.125,0.));
#2514 = DIRECTION('',(-0.,0.,-1.));
#2515 = DIRECTION('',(-0.,-1.,0.));
#2516 = ORIENTED_EDGE('',*,*,#2517,.T.);
#2517 = EDGE_CURVE('',#2509,#2498,#2518,.T.);
#2518 = CIRCLE('',#2519,2.);
#2519 = AXIS2_PLACEMENT_3D('',#2520,#2521,#2522);
#2520 = CARTESIAN_POINT('',(185.7375,-111.125,0.));
#2521 = DIRECTION('',(-0.,0.,-1.));
#2522 = DIRECTION('',(-0.,-1.,0.));
#2523 = FACE_BOUND('',#2524,.F.);
#2524 = EDGE_LOOP('',(#2525));
#2525 = ORIENTED_EDGE('',*,*,#2526,.T.);
#2526 = EDGE_CURVE('',#2527,#2527,#2529,.T.);
#2527 = VERTEX_POINT('',#2528);
#2528 = CARTESIAN_POINT('',(190.8175,-111.975,0.));
#2529 = CIRCLE('',#2530,0.85);
#2530 = AXIS2_PLACEMENT_3D('',#2531,#2532,#2533);
#2531 = CARTESIAN_POINT('',(190.8175,-111.125,0.));
#2532 = DIRECTION('',(-0.,0.,-1.));
#2533 = DIRECTION('',(-0.,-1.,0.));
#2534 = FACE_BOUND('',#2535,.F.);
#2535 = EDGE_LOOP('',(#2536));
#2536 = ORIENTED_EDGE('',*,*,#2537,.T.);
#2537 = EDGE_CURVE('',#2538,#2538,#2540,.T.);
#2538 = VERTEX_POINT('',#2539);
#2539 = CARTESIAN_POINT('',(181.9275,-109.335,0.));
#2540 = CIRCLE('',#2541,0.75);
#2541 = AXIS2_PLACEMENT_3D('',#2542,#2543,#2544);
#2542 = CARTESIAN_POINT('',(181.9275,-108.585,0.));
#2543 = DIRECTION('',(-0.,0.,-1.));
#2544 = DIRECTION('',(-0.,-1.,0.));
#2545 = FACE_BOUND('',#2546,.F.);
#2546 = EDGE_LOOP('',(#2547));
#2547 = ORIENTED_EDGE('',*,*,#2548,.T.);
#2548 = EDGE_CURVE('',#2549,#2549,#2551,.T.);
#2549 = VERTEX_POINT('',#2550);
#2550 = CARTESIAN_POINT('',(188.2775,-106.795,0.));
#2551 = CIRCLE('',#2552,0.75);
#2552 = AXIS2_PLACEMENT_3D('',#2553,#2554,#2555);
#2553 = CARTESIAN_POINT('',(188.2775,-106.045,0.));
#2554 = DIRECTION('',(-0.,0.,-1.));
#2555 = DIRECTION('',(-0.,-1.,0.));
#2556 = FACE_BOUND('',#2557,.F.);
#2557 = EDGE_LOOP('',(#2558));
#2558 = ORIENTED_EDGE('',*,*,#2559,.T.);
#2559 = EDGE_CURVE('',#2560,#2560,#2562,.T.);
#2560 = VERTEX_POINT('',#2561);
#2561 = CARTESIAN_POINT('',(193.675,-107.715,0.));
#2562 = CIRCLE('',#2563,0.4);
#2563 = AXIS2_PLACEMENT_3D('',#2564,#2565,#2566);
#2564 = CARTESIAN_POINT('',(193.675,-107.315,0.));
#2565 = DIRECTION('',(-0.,0.,-1.));
#2566 = DIRECTION('',(-0.,-1.,0.));
#2567 = FACE_BOUND('',#2568,.F.);
#2568 = EDGE_LOOP('',(#2569,#2579,#2587,#2595,#2603,#2611,#2619,#2627,
    #2635,#2643,#2651,#2659,#2667,#2675,#2683,#2691,#2699,#2707,#2715,
    #2723,#2731,#2739,#2747,#2755));
#2569 = ORIENTED_EDGE('',*,*,#2570,.F.);
#2570 = EDGE_CURVE('',#2571,#2573,#2575,.T.);
#2571 = VERTEX_POINT('',#2572);
#2572 = CARTESIAN_POINT('',(127.47832,-95.1327,0.));
#2573 = VERTEX_POINT('',#2574);
#2574 = CARTESIAN_POINT('',(126.838017,-95.814938,0.));
#2575 = LINE('',#2576,#2577);
#2576 = CARTESIAN_POINT('',(127.47832,-95.1327,0.));
#2577 = VECTOR('',#2578,1.);
#2578 = DIRECTION('',(-0.68434197967,-0.729161199504,0.));
#2579 = ORIENTED_EDGE('',*,*,#2580,.F.);
#2580 = EDGE_CURVE('',#2581,#2571,#2583,.T.);
#2581 = VERTEX_POINT('',#2582);
#2582 = CARTESIAN_POINT('',(127.54079,-95.166359,0.));
#2583 = LINE('',#2584,#2585);
#2584 = CARTESIAN_POINT('',(127.54079,-95.166359,0.));
#2585 = VECTOR('',#2586,1.);
#2586 = DIRECTION('',(-0.880345725289,0.474332587922,0.));
#2587 = ORIENTED_EDGE('',*,*,#2588,.F.);
#2588 = EDGE_CURVE('',#2589,#2581,#2591,.T.);
#2589 = VERTEX_POINT('',#2590);
#2590 = CARTESIAN_POINT('',(127.793049,-95.234659,0.));
#2591 = LINE('',#2592,#2593);
#2592 = CARTESIAN_POINT('',(127.793049,-95.234659,0.));
#2593 = VECTOR('',#2594,1.);
#2594 = DIRECTION('',(-0.965245820026,0.261343656749,0.));
#2595 = ORIENTED_EDGE('',*,*,#2596,.F.);
#2596 = EDGE_CURVE('',#2597,#2589,#2599,.T.);
#2597 = VERTEX_POINT('',#2598);
#2598 = CARTESIAN_POINT('',(129.381954,-95.234659,0.));
#2599 = LINE('',#2600,#2601);
#2600 = CARTESIAN_POINT('',(129.381954,-95.234659,0.));
#2601 = VECTOR('',#2602,1.);
#2602 = DIRECTION('',(-1.,0.,0.));
#2603 = ORIENTED_EDGE('',*,*,#2604,.F.);
#2604 = EDGE_CURVE('',#2605,#2597,#2607,.T.);
#2605 = VERTEX_POINT('',#2606);
#2606 = CARTESIAN_POINT('',(129.576011,-95.19801,0.));
#2607 = LINE('',#2608,#2609);
#2608 = CARTESIAN_POINT('',(129.576011,-95.19801,0.));
#2609 = VECTOR('',#2610,1.);
#2610 = DIRECTION('',(-0.982629837218,-0.185576407469,0.));
#2611 = ORIENTED_EDGE('',*,*,#2612,.F.);
#2612 = EDGE_CURVE('',#2613,#2605,#2615,.T.);
#2613 = VERTEX_POINT('',#2614);
#2614 = CARTESIAN_POINT('',(129.634212,-95.16636,0.));
#2615 = LINE('',#2616,#2617);
#2616 = CARTESIAN_POINT('',(129.634212,-95.16636,0.));
#2617 = VECTOR('',#2618,1.);
#2618 = DIRECTION('',(-0.878504018987,-0.47773495646,0.));
#2619 = ORIENTED_EDGE('',*,*,#2620,.F.);
#2620 = EDGE_CURVE('',#2621,#2613,#2623,.T.);
#2621 = VERTEX_POINT('',#2622);
#2622 = CARTESIAN_POINT('',(130.365524,-95.749984,0.));
#2623 = LINE('',#2624,#2625);
#2624 = CARTESIAN_POINT('',(130.365524,-95.749984,0.));
#2625 = VECTOR('',#2626,1.);
#2626 = DIRECTION('',(-0.781611501882,0.623765549005,0.));
#2627 = ORIENTED_EDGE('',*,*,#2628,.F.);
#2628 = EDGE_CURVE('',#2629,#2621,#2631,.T.);
#2629 = VERTEX_POINT('',#2630);
#2630 = CARTESIAN_POINT('',(130.336985,-95.814938,0.));
#2631 = LINE('',#2632,#2633);
#2632 = CARTESIAN_POINT('',(130.336985,-95.814938,0.));
#2633 = VECTOR('',#2634,1.);
#2634 = DIRECTION('',(0.402257231305,0.915526689869,0.));
#2635 = ORIENTED_EDGE('',*,*,#2636,.F.);
#2636 = EDGE_CURVE('',#2637,#2629,#2639,.T.);
#2637 = VERTEX_POINT('',#2638);
#2638 = CARTESIAN_POINT('',(130.2875,-96.031816,0.));
#2639 = LINE('',#2640,#2641);
#2640 = CARTESIAN_POINT('',(130.2875,-96.031816,0.));
#2641 = VECTOR('',#2642,1.);
#2642 = DIRECTION('',(0.222452619431,0.974943502008,0.));
#2643 = ORIENTED_EDGE('',*,*,#2644,.F.);
#2644 = EDGE_CURVE('',#2645,#2637,#2647,.T.);
#2645 = VERTEX_POINT('',#2646);
#2646 = CARTESIAN_POINT('',(130.2875,-97.4375,0.));
#2647 = LINE('',#2648,#2649);
#2648 = CARTESIAN_POINT('',(130.2875,-97.4375,0.));
#2649 = VECTOR('',#2650,1.);
#2650 = DIRECTION('',(0.,1.,0.));
#2651 = ORIENTED_EDGE('',*,*,#2652,.F.);
#2652 = EDGE_CURVE('',#2653,#2645,#2655,.T.);
#2653 = VERTEX_POINT('',#2654);
#2654 = CARTESIAN_POINT('',(130.314048,-97.603111,0.));
#2655 = LINE('',#2656,#2657);
#2656 = CARTESIAN_POINT('',(130.314048,-97.603111,0.));
#2657 = VECTOR('',#2658,1.);
#2658 = DIRECTION('',(-0.158282554721,0.987393859041,0.));
#2659 = ORIENTED_EDGE('',*,*,#2660,.F.);
#2660 = EDGE_CURVE('',#2661,#2653,#2663,.T.);
#2661 = VERTEX_POINT('',#2662);
#2662 = CARTESIAN_POINT('',(130.336985,-97.654377,0.));
#2663 = LINE('',#2664,#2665);
#2664 = CARTESIAN_POINT('',(130.336985,-97.654377,0.));
#2665 = VECTOR('',#2666,1.);
#2666 = DIRECTION('',(-0.408398855141,0.912803579704,0.));
#2667 = ORIENTED_EDGE('',*,*,#2668,.F.);
#2668 = EDGE_CURVE('',#2669,#2661,#2671,.T.);
#2669 = VERTEX_POINT('',#2670);
#2670 = CARTESIAN_POINT('',(129.696676,-98.336618,0.));
#2671 = LINE('',#2672,#2673);
#2672 = CARTESIAN_POINT('',(129.696676,-98.336618,0.));
#2673 = VECTOR('',#2674,1.);
#2674 = DIRECTION('',(0.684343789171,0.729159501222,0.));
#2675 = ORIENTED_EDGE('',*,*,#2676,.F.);
#2676 = EDGE_CURVE('',#2677,#2669,#2679,.T.);
#2677 = VERTEX_POINT('',#2678);
#2678 = CARTESIAN_POINT('',(129.634212,-98.302957,0.));
#2679 = LINE('',#2680,#2681);
#2680 = CARTESIAN_POINT('',(129.634212,-98.302957,0.));
#2681 = VECTOR('',#2682,1.);
#2682 = DIRECTION('',(0.880314928453,-0.474389741397,0.));
#2683 = ORIENTED_EDGE('',*,*,#2684,.F.);
#2684 = EDGE_CURVE('',#2685,#2677,#2687,.T.);
#2685 = VERTEX_POINT('',#2686);
#2686 = CARTESIAN_POINT('',(129.381953,-98.234658,0.));
#2687 = LINE('',#2688,#2689);
#2688 = CARTESIAN_POINT('',(129.381953,-98.234658,0.));
#2689 = VECTOR('',#2690,1.);
#2690 = DIRECTION('',(0.965246785273,-0.261340091681,0.));
#2691 = ORIENTED_EDGE('',*,*,#2692,.F.);
#2692 = EDGE_CURVE('',#2693,#2685,#2695,.T.);
#2693 = VERTEX_POINT('',#2694);
#2694 = CARTESIAN_POINT('',(127.793049,-98.234658,0.));
#2695 = LINE('',#2696,#2697);
#2696 = CARTESIAN_POINT('',(127.793049,-98.234658,0.));
#2697 = VECTOR('',#2698,1.);
#2698 = DIRECTION('',(1.,0.,0.));
#2699 = ORIENTED_EDGE('',*,*,#2700,.F.);
#2700 = EDGE_CURVE('',#2701,#2693,#2703,.T.);
#2701 = VERTEX_POINT('',#2702);
#2702 = CARTESIAN_POINT('',(127.59899,-98.271298,0.));
#2703 = LINE('',#2704,#2705);
#2704 = CARTESIAN_POINT('',(127.59899,-98.271298,0.));
#2705 = VECTOR('',#2706,1.);
#2706 = DIRECTION('',(0.982638495187,0.18553055753,0.));
#2707 = ORIENTED_EDGE('',*,*,#2708,.F.);
#2708 = EDGE_CURVE('',#2709,#2701,#2711,.T.);
#2709 = VERTEX_POINT('',#2710);
#2710 = CARTESIAN_POINT('',(127.54079,-98.302955,0.));
#2711 = LINE('',#2712,#2713);
#2712 = CARTESIAN_POINT('',(127.54079,-98.302955,0.));
#2713 = VECTOR('',#2714,1.);
#2714 = DIRECTION('',(0.878456226645,0.477822831046,0.));
#2715 = ORIENTED_EDGE('',*,*,#2716,.F.);
#2716 = EDGE_CURVE('',#2717,#2709,#2719,.T.);
#2717 = VERTEX_POINT('',#2718);
#2718 = CARTESIAN_POINT('',(126.809464,-97.719339,0.));
#2719 = LINE('',#2720,#2721);
#2720 = CARTESIAN_POINT('',(126.809464,-97.719339,0.));
#2721 = VECTOR('',#2722,1.);
#2722 = DIRECTION('',(0.781621492145,-0.623753030467,0.));
#2723 = ORIENTED_EDGE('',*,*,#2724,.F.);
#2724 = EDGE_CURVE('',#2725,#2717,#2727,.T.);
#2725 = VERTEX_POINT('',#2726);
#2726 = CARTESIAN_POINT('',(126.838017,-97.654378,0.));
#2727 = LINE('',#2728,#2729);
#2728 = CARTESIAN_POINT('',(126.838017,-97.654378,0.));
#2729 = VECTOR('',#2730,1.);
#2730 = DIRECTION('',(-0.402386269203,-0.915469983318,0.));
#2731 = ORIENTED_EDGE('',*,*,#2732,.F.);
#2732 = EDGE_CURVE('',#2733,#2725,#2735,.T.);
#2733 = VERTEX_POINT('',#2734);
#2734 = CARTESIAN_POINT('',(126.887502,-97.4375,0.));
#2735 = LINE('',#2736,#2737);
#2736 = CARTESIAN_POINT('',(126.887502,-97.4375,0.));
#2737 = VECTOR('',#2738,1.);
#2738 = DIRECTION('',(-0.222452619431,-0.974943502008,0.));
#2739 = ORIENTED_EDGE('',*,*,#2740,.F.);
#2740 = EDGE_CURVE('',#2741,#2733,#2743,.T.);
#2741 = VERTEX_POINT('',#2742);
#2742 = CARTESIAN_POINT('',(126.887502,-96.031816,0.));
#2743 = LINE('',#2744,#2745);
#2744 = CARTESIAN_POINT('',(126.887502,-96.031816,0.));
#2745 = VECTOR('',#2746,1.);
#2746 = DIRECTION('',(0.,-1.,0.));
#2747 = ORIENTED_EDGE('',*,*,#2748,.F.);
#2748 = EDGE_CURVE('',#2749,#2741,#2751,.T.);
#2749 = VERTEX_POINT('',#2750);
#2750 = CARTESIAN_POINT('',(126.860953,-95.866205,0.));
#2751 = LINE('',#2752,#2753);
#2752 = CARTESIAN_POINT('',(126.860953,-95.866205,0.));
#2753 = VECTOR('',#2754,1.);
#2754 = DIRECTION('',(0.158288367468,-0.98739292722,0.));
#2755 = ORIENTED_EDGE('',*,*,#2756,.F.);
#2756 = EDGE_CURVE('',#2573,#2749,#2757,.T.);
#2757 = LINE('',#2758,#2759);
#2758 = CARTESIAN_POINT('',(126.838017,-95.814938,0.));
#2759 = VECTOR('',#2760,1.);
#2760 = DIRECTION('',(0.408377382128,-0.912813186674,0.));
#2761 = FACE_BOUND('',#2762,.F.);
#2762 = EDGE_LOOP('',(#2763,#2774,#2783));
#2763 = ORIENTED_EDGE('',*,*,#2764,.T.);
#2764 = EDGE_CURVE('',#2765,#2767,#2769,.T.);
#2765 = VERTEX_POINT('',#2766);
#2766 = CARTESIAN_POINT('',(122.78373086269,-91.62928906689,0.));
#2767 = VERTEX_POINT('',#2768);
#2768 = CARTESIAN_POINT('',(124.14076012671,-92.6419934849,0.));
#2769 = CIRCLE('',#2770,0.85);
#2770 = AXIS2_PLACEMENT_3D('',#2771,#2772,#2773);
#2771 = CARTESIAN_POINT('',(123.5075,-92.075,0.));
#2772 = DIRECTION('',(-0.,0.,-1.));
#2773 = DIRECTION('',(-0.,-1.,0.));
#2774 = ORIENTED_EDGE('',*,*,#2775,.T.);
#2775 = EDGE_CURVE('',#2767,#2776,#2778,.T.);
#2776 = VERTEX_POINT('',#2777);
#2777 = CARTESIAN_POINT('',(123.5075,-92.925,0.));
#2778 = CIRCLE('',#2779,0.85);
#2779 = AXIS2_PLACEMENT_3D('',#2780,#2781,#2782);
#2780 = CARTESIAN_POINT('',(123.5075,-92.075,0.));
#2781 = DIRECTION('',(-0.,0.,-1.));
#2782 = DIRECTION('',(-0.,-1.,0.));
#2783 = ORIENTED_EDGE('',*,*,#2784,.T.);
#2784 = EDGE_CURVE('',#2776,#2765,#2785,.T.);
#2785 = CIRCLE('',#2786,0.85);
#2786 = AXIS2_PLACEMENT_3D('',#2787,#2788,#2789);
#2787 = CARTESIAN_POINT('',(123.5075,-92.075,0.));
#2788 = DIRECTION('',(-0.,0.,-1.));
#2789 = DIRECTION('',(-0.,-1.,0.));
#2790 = FACE_BOUND('',#2791,.F.);
#2791 = EDGE_LOOP('',(#2792,#2803,#2812));
#2792 = ORIENTED_EDGE('',*,*,#2793,.T.);
#2793 = EDGE_CURVE('',#2794,#2796,#2798,.T.);
#2794 = VERTEX_POINT('',#2795);
#2795 = CARTESIAN_POINT('',(126.69545289733,-91.4268042261,0.));
#2796 = VERTEX_POINT('',#2797);
#2797 = CARTESIAN_POINT('',(129.79893514031,-93.66635945053,0.));
#2798 = CIRCLE('',#2799,2.);
#2799 = AXIS2_PLACEMENT_3D('',#2800,#2801,#2802);
#2800 = CARTESIAN_POINT('',(128.5875,-92.075,0.));
#2801 = DIRECTION('',(-0.,0.,-1.));
#2802 = DIRECTION('',(-0.,-1.,0.));
#2803 = ORIENTED_EDGE('',*,*,#2804,.T.);
#2804 = EDGE_CURVE('',#2796,#2805,#2807,.T.);
#2805 = VERTEX_POINT('',#2806);
#2806 = CARTESIAN_POINT('',(128.5875,-94.075,0.));
#2807 = CIRCLE('',#2808,2.);
#2808 = AXIS2_PLACEMENT_3D('',#2809,#2810,#2811);
#2809 = CARTESIAN_POINT('',(128.5875,-92.075,0.));
#2810 = DIRECTION('',(-0.,0.,-1.));
#2811 = DIRECTION('',(-0.,-1.,0.));
#2812 = ORIENTED_EDGE('',*,*,#2813,.T.);
#2813 = EDGE_CURVE('',#2805,#2794,#2814,.T.);
#2814 = CIRCLE('',#2815,2.);
#2815 = AXIS2_PLACEMENT_3D('',#2816,#2817,#2818);
#2816 = CARTESIAN_POINT('',(128.5875,-92.075,0.));
#2817 = DIRECTION('',(-0.,0.,-1.));
#2818 = DIRECTION('',(-0.,-1.,0.));
#2819 = FACE_BOUND('',#2820,.F.);
#2820 = EDGE_LOOP('',(#2821,#2832,#2841));
#2821 = ORIENTED_EDGE('',*,*,#2822,.T.);
#2822 = EDGE_CURVE('',#2823,#2825,#2827,.T.);
#2823 = VERTEX_POINT('',#2824);
#2824 = CARTESIAN_POINT('',(132.92349598904,-91.66395495176,0.));
#2825 = VERTEX_POINT('',#2826);
#2826 = CARTESIAN_POINT('',(134.31614594417,-92.62432544006,0.));
#2827 = CIRCLE('',#2828,0.85);
#2828 = AXIS2_PLACEMENT_3D('',#2829,#2830,#2831);
#2829 = CARTESIAN_POINT('',(133.6675,-92.075,0.));
#2830 = DIRECTION('',(-0.,0.,-1.));
#2831 = DIRECTION('',(-3.343730521224E-14,-1.,0.));
#2832 = ORIENTED_EDGE('',*,*,#2833,.T.);
#2833 = EDGE_CURVE('',#2825,#2834,#2836,.T.);
#2834 = VERTEX_POINT('',#2835);
#2835 = CARTESIAN_POINT('',(133.6675,-92.925,0.));
#2836 = CIRCLE('',#2837,0.85);
#2837 = AXIS2_PLACEMENT_3D('',#2838,#2839,#2840);
#2838 = CARTESIAN_POINT('',(133.6675,-92.075,0.));
#2839 = DIRECTION('',(-0.,0.,-1.));
#2840 = DIRECTION('',(-3.343730521224E-14,-1.,0.));
#2841 = ORIENTED_EDGE('',*,*,#2842,.T.);
#2842 = EDGE_CURVE('',#2834,#2823,#2843,.T.);
#2843 = CIRCLE('',#2844,0.85);
#2844 = AXIS2_PLACEMENT_3D('',#2845,#2846,#2847);
#2845 = CARTESIAN_POINT('',(133.6675,-92.075,0.));
#2846 = DIRECTION('',(-0.,0.,-1.));
#2847 = DIRECTION('',(-3.343730521224E-14,-1.,0.));
#2848 = FACE_BOUND('',#2849,.F.);
#2849 = EDGE_LOOP('',(#2850));
#2850 = ORIENTED_EDGE('',*,*,#2851,.T.);
#2851 = EDGE_CURVE('',#2852,#2852,#2854,.T.);
#2852 = VERTEX_POINT('',#2853);
#2853 = CARTESIAN_POINT('',(136.525,-96.285,0.));
#2854 = CIRCLE('',#2855,0.4);
#2855 = AXIS2_PLACEMENT_3D('',#2856,#2857,#2858);
#2856 = CARTESIAN_POINT('',(136.525,-95.885,0.));
#2857 = DIRECTION('',(-0.,0.,-1.));
#2858 = DIRECTION('',(-0.,-1.,0.));
#2859 = FACE_BOUND('',#2860,.F.);
#2860 = EDGE_LOOP('',(#2861,#2872,#2881));
#2861 = ORIENTED_EDGE('',*,*,#2862,.T.);
#2862 = EDGE_CURVE('',#2863,#2865,#2867,.T.);
#2863 = VERTEX_POINT('',#2864);
#2864 = CARTESIAN_POINT('',(124.02822367765,-89.50206077148,0.));
#2865 = VERTEX_POINT('',#2866);
#2866 = CARTESIAN_POINT('',(125.04489142567,-90.23571522424,0.));
#2867 = CIRCLE('',#2868,0.75);
#2868 = AXIS2_PLACEMENT_3D('',#2869,#2870,#2871);
#2869 = CARTESIAN_POINT('',(124.7775,-89.535,0.));
#2870 = DIRECTION('',(-0.,0.,-1.));
#2871 = DIRECTION('',(-0.,-1.,0.));
#2872 = ORIENTED_EDGE('',*,*,#2873,.T.);
#2873 = EDGE_CURVE('',#2865,#2874,#2876,.T.);
#2874 = VERTEX_POINT('',#2875);
#2875 = CARTESIAN_POINT('',(124.7775,-90.285,0.));
#2876 = CIRCLE('',#2877,0.75);
#2877 = AXIS2_PLACEMENT_3D('',#2878,#2879,#2880);
#2878 = CARTESIAN_POINT('',(124.7775,-89.535,0.));
#2879 = DIRECTION('',(-0.,0.,-1.));
#2880 = DIRECTION('',(-0.,-1.,0.));
#2881 = ORIENTED_EDGE('',*,*,#2882,.T.);
#2882 = EDGE_CURVE('',#2874,#2863,#2883,.T.);
#2883 = CIRCLE('',#2884,0.75);
#2884 = AXIS2_PLACEMENT_3D('',#2885,#2886,#2887);
#2885 = CARTESIAN_POINT('',(124.7775,-89.535,0.));
#2886 = DIRECTION('',(-0.,0.,-1.));
#2887 = DIRECTION('',(-0.,-1.,0.));
#2888 = FACE_BOUND('',#2889,.F.);
#2889 = EDGE_LOOP('',(#2890));
#2890 = ORIENTED_EDGE('',*,*,#2891,.T.);
#2891 = EDGE_CURVE('',#2892,#2892,#2894,.T.);
#2892 = VERTEX_POINT('',#2893);
#2893 = CARTESIAN_POINT('',(131.1275,-87.745,0.));
#2894 = CIRCLE('',#2895,0.75);
#2895 = AXIS2_PLACEMENT_3D('',#2896,#2897,#2898);
#2896 = CARTESIAN_POINT('',(131.1275,-86.995,0.));
#2897 = DIRECTION('',(-0.,0.,-1.));
#2898 = DIRECTION('',(-0.,-1.,0.));
#2899 = FACE_BOUND('',#2900,.F.);
#2900 = EDGE_LOOP('',(#2901,#2912,#2921));
#2901 = ORIENTED_EDGE('',*,*,#2902,.T.);
#2902 = EDGE_CURVE('',#2903,#2905,#2907,.T.);
#2903 = VERTEX_POINT('',#2904);
#2904 = CARTESIAN_POINT('',(136.14562803388,-88.39179476062,0.));
#2905 = VERTEX_POINT('',#2906);
#2906 = CARTESIAN_POINT('',(136.56356307674,-88.66313677186,0.));
#2907 = CIRCLE('',#2908,0.4);
#2908 = AXIS2_PLACEMENT_3D('',#2909,#2910,#2911);
#2909 = CARTESIAN_POINT('',(136.525,-88.265,0.));
#2910 = DIRECTION('',(-0.,0.,-1.));
#2911 = DIRECTION('',(-0.,-1.,0.));
#2912 = ORIENTED_EDGE('',*,*,#2913,.T.);
#2913 = EDGE_CURVE('',#2905,#2914,#2916,.T.);
#2914 = VERTEX_POINT('',#2915);
#2915 = CARTESIAN_POINT('',(136.525,-88.665,0.));
#2916 = CIRCLE('',#2917,0.4);
#2917 = AXIS2_PLACEMENT_3D('',#2918,#2919,#2920);
#2918 = CARTESIAN_POINT('',(136.525,-88.265,0.));
#2919 = DIRECTION('',(-0.,0.,-1.));
#2920 = DIRECTION('',(-0.,-1.,0.));
#2921 = ORIENTED_EDGE('',*,*,#2922,.T.);
#2922 = EDGE_CURVE('',#2914,#2903,#2923,.T.);
#2923 = CIRCLE('',#2924,0.4);
#2924 = AXIS2_PLACEMENT_3D('',#2925,#2926,#2927);
#2925 = CARTESIAN_POINT('',(136.525,-88.265,0.));
#2926 = DIRECTION('',(-0.,0.,-1.));
#2927 = DIRECTION('',(-0.,-1.,0.));
#2928 = FACE_BOUND('',#2929,.F.);
#2929 = EDGE_LOOP('',(#2930,#2940,#2948,#2956,#2964,#2972,#2980,#2988,
    #2996,#3004,#3012,#3020,#3028,#3036,#3044,#3052,#3060,#3068,#3076,
    #3084,#3092,#3100,#3108,#3116));
#2930 = ORIENTED_EDGE('',*,*,#2931,.F.);
#2931 = EDGE_CURVE('',#2932,#2934,#2936,.T.);
#2932 = VERTEX_POINT('',#2933);
#2933 = CARTESIAN_POINT('',(146.52832,-95.1327,0.));
#2934 = VERTEX_POINT('',#2935);
#2935 = CARTESIAN_POINT('',(145.888017,-95.814938,0.));
#2936 = LINE('',#2937,#2938);
#2937 = CARTESIAN_POINT('',(146.52832,-95.1327,0.));
#2938 = VECTOR('',#2939,1.);
#2939 = DIRECTION('',(-0.68434197967,-0.729161199504,0.));
#2940 = ORIENTED_EDGE('',*,*,#2941,.F.);
#2941 = EDGE_CURVE('',#2942,#2932,#2944,.T.);
#2942 = VERTEX_POINT('',#2943);
#2943 = CARTESIAN_POINT('',(146.59079,-95.166359,0.));
#2944 = LINE('',#2945,#2946);
#2945 = CARTESIAN_POINT('',(146.59079,-95.166359,0.));
#2946 = VECTOR('',#2947,1.);
#2947 = DIRECTION('',(-0.880345725289,0.474332587922,0.));
#2948 = ORIENTED_EDGE('',*,*,#2949,.F.);
#2949 = EDGE_CURVE('',#2950,#2942,#2952,.T.);
#2950 = VERTEX_POINT('',#2951);
#2951 = CARTESIAN_POINT('',(146.843049,-95.234659,0.));
#2952 = LINE('',#2953,#2954);
#2953 = CARTESIAN_POINT('',(146.843049,-95.234659,0.));
#2954 = VECTOR('',#2955,1.);
#2955 = DIRECTION('',(-0.965245820026,0.261343656749,0.));
#2956 = ORIENTED_EDGE('',*,*,#2957,.F.);
#2957 = EDGE_CURVE('',#2958,#2950,#2960,.T.);
#2958 = VERTEX_POINT('',#2959);
#2959 = CARTESIAN_POINT('',(148.431954,-95.234659,0.));
#2960 = LINE('',#2961,#2962);
#2961 = CARTESIAN_POINT('',(148.431954,-95.234659,0.));
#2962 = VECTOR('',#2963,1.);
#2963 = DIRECTION('',(-1.,0.,0.));
#2964 = ORIENTED_EDGE('',*,*,#2965,.F.);
#2965 = EDGE_CURVE('',#2966,#2958,#2968,.T.);
#2966 = VERTEX_POINT('',#2967);
#2967 = CARTESIAN_POINT('',(148.626011,-95.19801,0.));
#2968 = LINE('',#2969,#2970);
#2969 = CARTESIAN_POINT('',(148.626011,-95.19801,0.));
#2970 = VECTOR('',#2971,1.);
#2971 = DIRECTION('',(-0.982629837218,-0.185576407469,0.));
#2972 = ORIENTED_EDGE('',*,*,#2973,.F.);
#2973 = EDGE_CURVE('',#2974,#2966,#2976,.T.);
#2974 = VERTEX_POINT('',#2975);
#2975 = CARTESIAN_POINT('',(148.684212,-95.16636,0.));
#2976 = LINE('',#2977,#2978);
#2977 = CARTESIAN_POINT('',(148.684212,-95.16636,0.));
#2978 = VECTOR('',#2979,1.);
#2979 = DIRECTION('',(-0.878504018987,-0.47773495646,0.));
#2980 = ORIENTED_EDGE('',*,*,#2981,.F.);
#2981 = EDGE_CURVE('',#2982,#2974,#2984,.T.);
#2982 = VERTEX_POINT('',#2983);
#2983 = CARTESIAN_POINT('',(149.415524,-95.749984,0.));
#2984 = LINE('',#2985,#2986);
#2985 = CARTESIAN_POINT('',(149.415524,-95.749984,0.));
#2986 = VECTOR('',#2987,1.);
#2987 = DIRECTION('',(-0.781611501882,0.623765549005,0.));
#2988 = ORIENTED_EDGE('',*,*,#2989,.F.);
#2989 = EDGE_CURVE('',#2990,#2982,#2992,.T.);
#2990 = VERTEX_POINT('',#2991);
#2991 = CARTESIAN_POINT('',(149.386985,-95.814938,0.));
#2992 = LINE('',#2993,#2994);
#2993 = CARTESIAN_POINT('',(149.386985,-95.814938,0.));
#2994 = VECTOR('',#2995,1.);
#2995 = DIRECTION('',(0.402257231305,0.915526689869,0.));
#2996 = ORIENTED_EDGE('',*,*,#2997,.F.);
#2997 = EDGE_CURVE('',#2998,#2990,#3000,.T.);
#2998 = VERTEX_POINT('',#2999);
#2999 = CARTESIAN_POINT('',(149.3375,-96.031816,0.));
#3000 = LINE('',#3001,#3002);
#3001 = CARTESIAN_POINT('',(149.3375,-96.031816,0.));
#3002 = VECTOR('',#3003,1.);
#3003 = DIRECTION('',(0.222452619431,0.974943502008,0.));
#3004 = ORIENTED_EDGE('',*,*,#3005,.F.);
#3005 = EDGE_CURVE('',#3006,#2998,#3008,.T.);
#3006 = VERTEX_POINT('',#3007);
#3007 = CARTESIAN_POINT('',(149.3375,-97.4375,0.));
#3008 = LINE('',#3009,#3010);
#3009 = CARTESIAN_POINT('',(149.3375,-97.4375,0.));
#3010 = VECTOR('',#3011,1.);
#3011 = DIRECTION('',(0.,1.,0.));
#3012 = ORIENTED_EDGE('',*,*,#3013,.F.);
#3013 = EDGE_CURVE('',#3014,#3006,#3016,.T.);
#3014 = VERTEX_POINT('',#3015);
#3015 = CARTESIAN_POINT('',(149.364048,-97.603111,0.));
#3016 = LINE('',#3017,#3018);
#3017 = CARTESIAN_POINT('',(149.364048,-97.603111,0.));
#3018 = VECTOR('',#3019,1.);
#3019 = DIRECTION('',(-0.15828255472,0.987393859041,0.));
#3020 = ORIENTED_EDGE('',*,*,#3021,.F.);
#3021 = EDGE_CURVE('',#3022,#3014,#3024,.T.);
#3022 = VERTEX_POINT('',#3023);
#3023 = CARTESIAN_POINT('',(149.386985,-97.654377,0.));
#3024 = LINE('',#3025,#3026);
#3025 = CARTESIAN_POINT('',(149.386985,-97.654377,0.));
#3026 = VECTOR('',#3027,1.);
#3027 = DIRECTION('',(-0.408398855141,0.912803579703,0.));
#3028 = ORIENTED_EDGE('',*,*,#3029,.F.);
#3029 = EDGE_CURVE('',#3030,#3022,#3032,.T.);
#3030 = VERTEX_POINT('',#3031);
#3031 = CARTESIAN_POINT('',(148.746676,-98.336618,0.));
#3032 = LINE('',#3033,#3034);
#3033 = CARTESIAN_POINT('',(148.746676,-98.336618,0.));
#3034 = VECTOR('',#3035,1.);
#3035 = DIRECTION('',(0.684343789171,0.729159501222,0.));
#3036 = ORIENTED_EDGE('',*,*,#3037,.F.);
#3037 = EDGE_CURVE('',#3038,#3030,#3040,.T.);
#3038 = VERTEX_POINT('',#3039);
#3039 = CARTESIAN_POINT('',(148.684212,-98.302957,0.));
#3040 = LINE('',#3041,#3042);
#3041 = CARTESIAN_POINT('',(148.684212,-98.302957,0.));
#3042 = VECTOR('',#3043,1.);
#3043 = DIRECTION('',(0.880314928453,-0.474389741397,0.));
#3044 = ORIENTED_EDGE('',*,*,#3045,.F.);
#3045 = EDGE_CURVE('',#3046,#3038,#3048,.T.);
#3046 = VERTEX_POINT('',#3047);
#3047 = CARTESIAN_POINT('',(148.431953,-98.234658,0.));
#3048 = LINE('',#3049,#3050);
#3049 = CARTESIAN_POINT('',(148.431953,-98.234658,0.));
#3050 = VECTOR('',#3051,1.);
#3051 = DIRECTION('',(0.965246785273,-0.261340091681,0.));
#3052 = ORIENTED_EDGE('',*,*,#3053,.F.);
#3053 = EDGE_CURVE('',#3054,#3046,#3056,.T.);
#3054 = VERTEX_POINT('',#3055);
#3055 = CARTESIAN_POINT('',(146.843049,-98.234658,0.));
#3056 = LINE('',#3057,#3058);
#3057 = CARTESIAN_POINT('',(146.843049,-98.234658,0.));
#3058 = VECTOR('',#3059,1.);
#3059 = DIRECTION('',(1.,0.,0.));
#3060 = ORIENTED_EDGE('',*,*,#3061,.F.);
#3061 = EDGE_CURVE('',#3062,#3054,#3064,.T.);
#3062 = VERTEX_POINT('',#3063);
#3063 = CARTESIAN_POINT('',(146.64899,-98.271298,0.));
#3064 = LINE('',#3065,#3066);
#3065 = CARTESIAN_POINT('',(146.64899,-98.271298,0.));
#3066 = VECTOR('',#3067,1.);
#3067 = DIRECTION('',(0.982638495187,0.18553055753,0.));
#3068 = ORIENTED_EDGE('',*,*,#3069,.F.);
#3069 = EDGE_CURVE('',#3070,#3062,#3072,.T.);
#3070 = VERTEX_POINT('',#3071);
#3071 = CARTESIAN_POINT('',(146.59079,-98.302955,0.));
#3072 = LINE('',#3073,#3074);
#3073 = CARTESIAN_POINT('',(146.59079,-98.302955,0.));
#3074 = VECTOR('',#3075,1.);
#3075 = DIRECTION('',(0.878456226645,0.477822831046,0.));
#3076 = ORIENTED_EDGE('',*,*,#3077,.F.);
#3077 = EDGE_CURVE('',#3078,#3070,#3080,.T.);
#3078 = VERTEX_POINT('',#3079);
#3079 = CARTESIAN_POINT('',(145.859464,-97.719339,0.));
#3080 = LINE('',#3081,#3082);
#3081 = CARTESIAN_POINT('',(145.859464,-97.719339,0.));
#3082 = VECTOR('',#3083,1.);
#3083 = DIRECTION('',(0.781621492145,-0.623753030467,0.));
#3084 = ORIENTED_EDGE('',*,*,#3085,.F.);
#3085 = EDGE_CURVE('',#3086,#3078,#3088,.T.);
#3086 = VERTEX_POINT('',#3087);
#3087 = CARTESIAN_POINT('',(145.888017,-97.654378,0.));
#3088 = LINE('',#3089,#3090);
#3089 = CARTESIAN_POINT('',(145.888017,-97.654378,0.));
#3090 = VECTOR('',#3091,1.);
#3091 = DIRECTION('',(-0.402386269203,-0.915469983318,0.));
#3092 = ORIENTED_EDGE('',*,*,#3093,.F.);
#3093 = EDGE_CURVE('',#3094,#3086,#3096,.T.);
#3094 = VERTEX_POINT('',#3095);
#3095 = CARTESIAN_POINT('',(145.937502,-97.4375,0.));
#3096 = LINE('',#3097,#3098);
#3097 = CARTESIAN_POINT('',(145.937502,-97.4375,0.));
#3098 = VECTOR('',#3099,1.);
#3099 = DIRECTION('',(-0.222452619431,-0.974943502008,0.));
#3100 = ORIENTED_EDGE('',*,*,#3101,.F.);
#3101 = EDGE_CURVE('',#3102,#3094,#3104,.T.);
#3102 = VERTEX_POINT('',#3103);
#3103 = CARTESIAN_POINT('',(145.937502,-96.031816,0.));
#3104 = LINE('',#3105,#3106);
#3105 = CARTESIAN_POINT('',(145.937502,-96.031816,0.));
#3106 = VECTOR('',#3107,1.);
#3107 = DIRECTION('',(0.,-1.,0.));
#3108 = ORIENTED_EDGE('',*,*,#3109,.F.);
#3109 = EDGE_CURVE('',#3110,#3102,#3112,.T.);
#3110 = VERTEX_POINT('',#3111);
#3111 = CARTESIAN_POINT('',(145.910953,-95.866205,0.));
#3112 = LINE('',#3113,#3114);
#3113 = CARTESIAN_POINT('',(145.910953,-95.866205,0.));
#3114 = VECTOR('',#3115,1.);
#3115 = DIRECTION('',(0.158288367468,-0.98739292722,0.));
#3116 = ORIENTED_EDGE('',*,*,#3117,.F.);
#3117 = EDGE_CURVE('',#2934,#3110,#3118,.T.);
#3118 = LINE('',#3119,#3120);
#3119 = CARTESIAN_POINT('',(145.888017,-95.814938,0.));
#3120 = VECTOR('',#3121,1.);
#3121 = DIRECTION('',(0.408377382128,-0.912813186674,0.));
#3122 = FACE_BOUND('',#3123,.F.);
#3123 = EDGE_LOOP('',(#3124,#3135,#3144));
#3124 = ORIENTED_EDGE('',*,*,#3125,.T.);
#3125 = EDGE_CURVE('',#3126,#3128,#3130,.T.);
#3126 = VERTEX_POINT('',#3127);
#3127 = CARTESIAN_POINT('',(141.71041210121,-92.00469998769,0.));
#3128 = VERTEX_POINT('',#3129);
#3129 = CARTESIAN_POINT('',(142.96643497343,-92.82016587917,0.));
#3130 = CIRCLE('',#3131,0.85);
#3131 = AXIS2_PLACEMENT_3D('',#3132,#3133,#3134);
#3132 = CARTESIAN_POINT('',(142.5575,-92.075,0.));
#3133 = DIRECTION('',(-0.,0.,-1.));
#3134 = DIRECTION('',(-0.,-1.,0.));
#3135 = ORIENTED_EDGE('',*,*,#3136,.T.);
#3136 = EDGE_CURVE('',#3128,#3137,#3139,.T.);
#3137 = VERTEX_POINT('',#3138);
#3138 = CARTESIAN_POINT('',(142.5575,-92.925,0.));
#3139 = CIRCLE('',#3140,0.85);
#3140 = AXIS2_PLACEMENT_3D('',#3141,#3142,#3143);
#3141 = CARTESIAN_POINT('',(142.5575,-92.075,0.));
#3142 = DIRECTION('',(-0.,0.,-1.));
#3143 = DIRECTION('',(-0.,-1.,0.));
#3144 = ORIENTED_EDGE('',*,*,#3145,.T.);
#3145 = EDGE_CURVE('',#3137,#3126,#3146,.T.);
#3146 = CIRCLE('',#3147,0.85);
#3147 = AXIS2_PLACEMENT_3D('',#3148,#3149,#3150);
#3148 = CARTESIAN_POINT('',(142.5575,-92.075,0.));
#3149 = DIRECTION('',(-0.,0.,-1.));
#3150 = DIRECTION('',(-0.,-1.,0.));
#3151 = FACE_BOUND('',#3152,.F.);
#3152 = EDGE_LOOP('',(#3153,#3164,#3173));
#3153 = ORIENTED_EDGE('',*,*,#3154,.T.);
#3154 = EDGE_CURVE('',#3155,#3157,#3159,.T.);
#3155 = VERTEX_POINT('',#3156);
#3156 = CARTESIAN_POINT('',(147.65545790944,-90.07508062325,0.));
#3157 = VERTEX_POINT('',#3158);
#3158 = CARTESIAN_POINT('',(149.4075547316,-91.14392199728,0.));
#3159 = CIRCLE('',#3160,2.);
#3160 = AXIS2_PLACEMENT_3D('',#3161,#3162,#3163);
#3161 = CARTESIAN_POINT('',(147.6375,-92.075,0.));
#3162 = DIRECTION('',(-0.,0.,-1.));
#3163 = DIRECTION('',(-0.,-1.,0.));
#3164 = ORIENTED_EDGE('',*,*,#3165,.T.);
#3165 = EDGE_CURVE('',#3157,#3166,#3168,.T.);
#3166 = VERTEX_POINT('',#3167);
#3167 = CARTESIAN_POINT('',(147.6375,-94.075,0.));
#3168 = CIRCLE('',#3169,2.);
#3169 = AXIS2_PLACEMENT_3D('',#3170,#3171,#3172);
#3170 = CARTESIAN_POINT('',(147.6375,-92.075,0.));
#3171 = DIRECTION('',(-0.,0.,-1.));
#3172 = DIRECTION('',(-0.,-1.,0.));
#3173 = ORIENTED_EDGE('',*,*,#3174,.T.);
#3174 = EDGE_CURVE('',#3166,#3155,#3175,.T.);
#3175 = CIRCLE('',#3176,2.);
#3176 = AXIS2_PLACEMENT_3D('',#3177,#3178,#3179);
#3177 = CARTESIAN_POINT('',(147.6375,-92.075,0.));
#3178 = DIRECTION('',(-0.,0.,-1.));
#3179 = DIRECTION('',(-0.,-1.,0.));
#3180 = FACE_BOUND('',#3181,.F.);
#3181 = EDGE_LOOP('',(#3182));
#3182 = ORIENTED_EDGE('',*,*,#3183,.T.);
#3183 = EDGE_CURVE('',#3184,#3184,#3186,.T.);
#3184 = VERTEX_POINT('',#3185);
#3185 = CARTESIAN_POINT('',(152.7175,-92.925,0.));
#3186 = CIRCLE('',#3187,0.85);
#3187 = AXIS2_PLACEMENT_3D('',#3188,#3189,#3190);
#3188 = CARTESIAN_POINT('',(152.7175,-92.075,0.));
#3189 = DIRECTION('',(-0.,0.,-1.));
#3190 = DIRECTION('',(-0.,-1.,0.));
#3191 = FACE_BOUND('',#3192,.F.);
#3192 = EDGE_LOOP('',(#3193));
#3193 = ORIENTED_EDGE('',*,*,#3194,.T.);
#3194 = EDGE_CURVE('',#3195,#3195,#3197,.T.);
#3195 = VERTEX_POINT('',#3196);
#3196 = CARTESIAN_POINT('',(155.575,-96.285,0.));
#3197 = CIRCLE('',#3198,0.4);
#3198 = AXIS2_PLACEMENT_3D('',#3199,#3200,#3201);
#3199 = CARTESIAN_POINT('',(155.575,-95.885,0.));
#3200 = DIRECTION('',(-0.,0.,-1.));
#3201 = DIRECTION('',(-0.,-1.,0.));
#3202 = FACE_BOUND('',#3203,.F.);
#3203 = EDGE_LOOP('',(#3204));
#3204 = ORIENTED_EDGE('',*,*,#3205,.T.);
#3205 = EDGE_CURVE('',#3206,#3206,#3208,.T.);
#3206 = VERTEX_POINT('',#3207);
#3207 = CARTESIAN_POINT('',(143.8275,-90.285,0.));
#3208 = CIRCLE('',#3209,0.75);
#3209 = AXIS2_PLACEMENT_3D('',#3210,#3211,#3212);
#3210 = CARTESIAN_POINT('',(143.8275,-89.535,0.));
#3211 = DIRECTION('',(-0.,0.,-1.));
#3212 = DIRECTION('',(-0.,-1.,0.));
#3213 = FACE_BOUND('',#3214,.F.);
#3214 = EDGE_LOOP('',(#3215,#3226,#3235));
#3215 = ORIENTED_EDGE('',*,*,#3216,.T.);
#3216 = EDGE_CURVE('',#3217,#3219,#3221,.T.);
#3217 = VERTEX_POINT('',#3218);
#3218 = CARTESIAN_POINT('',(155.37654604362,-87.91770181802,0.));
#3219 = VERTEX_POINT('',#3220);
#3220 = CARTESIAN_POINT('',(155.97490483135,-88.25627498637,0.));
#3221 = CIRCLE('',#3222,0.4);
#3222 = AXIS2_PLACEMENT_3D('',#3223,#3224,#3225);
#3223 = CARTESIAN_POINT('',(155.575,-88.265,0.));
#3224 = DIRECTION('',(-0.,0.,-1.));
#3225 = DIRECTION('',(-0.,-1.,0.));
#3226 = ORIENTED_EDGE('',*,*,#3227,.T.);
#3227 = EDGE_CURVE('',#3219,#3228,#3230,.T.);
#3228 = VERTEX_POINT('',#3229);
#3229 = CARTESIAN_POINT('',(155.575,-88.665,0.));
#3230 = CIRCLE('',#3231,0.4);
#3231 = AXIS2_PLACEMENT_3D('',#3232,#3233,#3234);
#3232 = CARTESIAN_POINT('',(155.575,-88.265,0.));
#3233 = DIRECTION('',(-0.,0.,-1.));
#3234 = DIRECTION('',(-0.,-1.,0.));
#3235 = ORIENTED_EDGE('',*,*,#3236,.T.);
#3236 = EDGE_CURVE('',#3228,#3217,#3237,.T.);
#3237 = CIRCLE('',#3238,0.4);
#3238 = AXIS2_PLACEMENT_3D('',#3239,#3240,#3241);
#3239 = CARTESIAN_POINT('',(155.575,-88.265,0.));
#3240 = DIRECTION('',(-0.,0.,-1.));
#3241 = DIRECTION('',(-0.,-1.,0.));
#3242 = FACE_BOUND('',#3243,.F.);
#3243 = EDGE_LOOP('',(#3244));
#3244 = ORIENTED_EDGE('',*,*,#3245,.T.);
#3245 = EDGE_CURVE('',#3246,#3246,#3248,.T.);
#3246 = VERTEX_POINT('',#3247);
#3247 = CARTESIAN_POINT('',(150.1775,-87.745,0.));
#3248 = CIRCLE('',#3249,0.75);
#3249 = AXIS2_PLACEMENT_3D('',#3250,#3251,#3252);
#3250 = CARTESIAN_POINT('',(150.1775,-86.995,0.));
#3251 = DIRECTION('',(-0.,0.,-1.));
#3252 = DIRECTION('',(-0.,-1.,0.));
#3253 = FACE_BOUND('',#3254,.F.);
#3254 = EDGE_LOOP('',(#3255,#3265,#3273,#3281,#3289,#3297,#3305,#3313,
    #3321,#3329,#3337,#3345,#3353,#3361,#3369,#3377,#3385,#3393,#3401,
    #3409,#3417,#3425,#3433,#3441));
#3255 = ORIENTED_EDGE('',*,*,#3256,.F.);
#3256 = EDGE_CURVE('',#3257,#3259,#3261,.T.);
#3257 = VERTEX_POINT('',#3258);
#3258 = CARTESIAN_POINT('',(127.47832,-76.0827,0.));
#3259 = VERTEX_POINT('',#3260);
#3260 = CARTESIAN_POINT('',(126.838017,-76.764938,0.));
#3261 = LINE('',#3262,#3263);
#3262 = CARTESIAN_POINT('',(127.47832,-76.0827,0.));
#3263 = VECTOR('',#3264,1.);
#3264 = DIRECTION('',(-0.68434197967,-0.729161199504,0.));
#3265 = ORIENTED_EDGE('',*,*,#3266,.F.);
#3266 = EDGE_CURVE('',#3267,#3257,#3269,.T.);
#3267 = VERTEX_POINT('',#3268);
#3268 = CARTESIAN_POINT('',(127.54079,-76.116359,0.));
#3269 = LINE('',#3270,#3271);
#3270 = CARTESIAN_POINT('',(127.54079,-76.116359,0.));
#3271 = VECTOR('',#3272,1.);
#3272 = DIRECTION('',(-0.880345725289,0.474332587922,0.));
#3273 = ORIENTED_EDGE('',*,*,#3274,.F.);
#3274 = EDGE_CURVE('',#3275,#3267,#3277,.T.);
#3275 = VERTEX_POINT('',#3276);
#3276 = CARTESIAN_POINT('',(127.793049,-76.184659,0.));
#3277 = LINE('',#3278,#3279);
#3278 = CARTESIAN_POINT('',(127.793049,-76.184659,0.));
#3279 = VECTOR('',#3280,1.);
#3280 = DIRECTION('',(-0.965245820026,0.261343656749,0.));
#3281 = ORIENTED_EDGE('',*,*,#3282,.F.);
#3282 = EDGE_CURVE('',#3283,#3275,#3285,.T.);
#3283 = VERTEX_POINT('',#3284);
#3284 = CARTESIAN_POINT('',(129.381954,-76.184659,0.));
#3285 = LINE('',#3286,#3287);
#3286 = CARTESIAN_POINT('',(129.381954,-76.184659,0.));
#3287 = VECTOR('',#3288,1.);
#3288 = DIRECTION('',(-1.,0.,0.));
#3289 = ORIENTED_EDGE('',*,*,#3290,.F.);
#3290 = EDGE_CURVE('',#3291,#3283,#3293,.T.);
#3291 = VERTEX_POINT('',#3292);
#3292 = CARTESIAN_POINT('',(129.576011,-76.14801,0.));
#3293 = LINE('',#3294,#3295);
#3294 = CARTESIAN_POINT('',(129.576011,-76.14801,0.));
#3295 = VECTOR('',#3296,1.);
#3296 = DIRECTION('',(-0.982629837218,-0.185576407469,0.));
#3297 = ORIENTED_EDGE('',*,*,#3298,.F.);
#3298 = EDGE_CURVE('',#3299,#3291,#3301,.T.);
#3299 = VERTEX_POINT('',#3300);
#3300 = CARTESIAN_POINT('',(129.634212,-76.11636,0.));
#3301 = LINE('',#3302,#3303);
#3302 = CARTESIAN_POINT('',(129.634212,-76.11636,0.));
#3303 = VECTOR('',#3304,1.);
#3304 = DIRECTION('',(-0.878504018987,-0.47773495646,0.));
#3305 = ORIENTED_EDGE('',*,*,#3306,.F.);
#3306 = EDGE_CURVE('',#3307,#3299,#3309,.T.);
#3307 = VERTEX_POINT('',#3308);
#3308 = CARTESIAN_POINT('',(130.365524,-76.699984,0.));
#3309 = LINE('',#3310,#3311);
#3310 = CARTESIAN_POINT('',(130.365524,-76.699984,0.));
#3311 = VECTOR('',#3312,1.);
#3312 = DIRECTION('',(-0.781611501882,0.623765549005,0.));
#3313 = ORIENTED_EDGE('',*,*,#3314,.F.);
#3314 = EDGE_CURVE('',#3315,#3307,#3317,.T.);
#3315 = VERTEX_POINT('',#3316);
#3316 = CARTESIAN_POINT('',(130.336985,-76.764938,0.));
#3317 = LINE('',#3318,#3319);
#3318 = CARTESIAN_POINT('',(130.336985,-76.764938,0.));
#3319 = VECTOR('',#3320,1.);
#3320 = DIRECTION('',(0.402257231305,0.915526689869,0.));
#3321 = ORIENTED_EDGE('',*,*,#3322,.F.);
#3322 = EDGE_CURVE('',#3323,#3315,#3325,.T.);
#3323 = VERTEX_POINT('',#3324);
#3324 = CARTESIAN_POINT('',(130.2875,-76.981816,0.));
#3325 = LINE('',#3326,#3327);
#3326 = CARTESIAN_POINT('',(130.2875,-76.981816,0.));
#3327 = VECTOR('',#3328,1.);
#3328 = DIRECTION('',(0.222452619431,0.974943502008,0.));
#3329 = ORIENTED_EDGE('',*,*,#3330,.F.);
#3330 = EDGE_CURVE('',#3331,#3323,#3333,.T.);
#3331 = VERTEX_POINT('',#3332);
#3332 = CARTESIAN_POINT('',(130.2875,-78.3875,0.));
#3333 = LINE('',#3334,#3335);
#3334 = CARTESIAN_POINT('',(130.2875,-78.3875,0.));
#3335 = VECTOR('',#3336,1.);
#3336 = DIRECTION('',(0.,1.,0.));
#3337 = ORIENTED_EDGE('',*,*,#3338,.F.);
#3338 = EDGE_CURVE('',#3339,#3331,#3341,.T.);
#3339 = VERTEX_POINT('',#3340);
#3340 = CARTESIAN_POINT('',(130.314048,-78.553111,0.));
#3341 = LINE('',#3342,#3343);
#3342 = CARTESIAN_POINT('',(130.314048,-78.553111,0.));
#3343 = VECTOR('',#3344,1.);
#3344 = DIRECTION('',(-0.158282554721,0.987393859041,0.));
#3345 = ORIENTED_EDGE('',*,*,#3346,.F.);
#3346 = EDGE_CURVE('',#3347,#3339,#3349,.T.);
#3347 = VERTEX_POINT('',#3348);
#3348 = CARTESIAN_POINT('',(130.336985,-78.604377,0.));
#3349 = LINE('',#3350,#3351);
#3350 = CARTESIAN_POINT('',(130.336985,-78.604377,0.));
#3351 = VECTOR('',#3352,1.);
#3352 = DIRECTION('',(-0.408398855141,0.912803579704,0.));
#3353 = ORIENTED_EDGE('',*,*,#3354,.F.);
#3354 = EDGE_CURVE('',#3355,#3347,#3357,.T.);
#3355 = VERTEX_POINT('',#3356);
#3356 = CARTESIAN_POINT('',(129.696676,-79.286618,0.));
#3357 = LINE('',#3358,#3359);
#3358 = CARTESIAN_POINT('',(129.696676,-79.286618,0.));
#3359 = VECTOR('',#3360,1.);
#3360 = DIRECTION('',(0.684343789171,0.729159501222,0.));
#3361 = ORIENTED_EDGE('',*,*,#3362,.F.);
#3362 = EDGE_CURVE('',#3363,#3355,#3365,.T.);
#3363 = VERTEX_POINT('',#3364);
#3364 = CARTESIAN_POINT('',(129.634212,-79.252957,0.));
#3365 = LINE('',#3366,#3367);
#3366 = CARTESIAN_POINT('',(129.634212,-79.252957,0.));
#3367 = VECTOR('',#3368,1.);
#3368 = DIRECTION('',(0.880314928453,-0.474389741398,0.));
#3369 = ORIENTED_EDGE('',*,*,#3370,.F.);
#3370 = EDGE_CURVE('',#3371,#3363,#3373,.T.);
#3371 = VERTEX_POINT('',#3372);
#3372 = CARTESIAN_POINT('',(129.381953,-79.184658,0.));
#3373 = LINE('',#3374,#3375);
#3374 = CARTESIAN_POINT('',(129.381953,-79.184658,0.));
#3375 = VECTOR('',#3376,1.);
#3376 = DIRECTION('',(0.965246785273,-0.261340091681,0.));
#3377 = ORIENTED_EDGE('',*,*,#3378,.F.);
#3378 = EDGE_CURVE('',#3379,#3371,#3381,.T.);
#3379 = VERTEX_POINT('',#3380);
#3380 = CARTESIAN_POINT('',(127.793049,-79.184658,0.));
#3381 = LINE('',#3382,#3383);
#3382 = CARTESIAN_POINT('',(127.793049,-79.184658,0.));
#3383 = VECTOR('',#3384,1.);
#3384 = DIRECTION('',(1.,0.,0.));
#3385 = ORIENTED_EDGE('',*,*,#3386,.F.);
#3386 = EDGE_CURVE('',#3387,#3379,#3389,.T.);
#3387 = VERTEX_POINT('',#3388);
#3388 = CARTESIAN_POINT('',(127.59899,-79.221298,0.));
#3389 = LINE('',#3390,#3391);
#3390 = CARTESIAN_POINT('',(127.59899,-79.221298,0.));
#3391 = VECTOR('',#3392,1.);
#3392 = DIRECTION('',(0.982638495187,0.18553055753,0.));
#3393 = ORIENTED_EDGE('',*,*,#3394,.F.);
#3394 = EDGE_CURVE('',#3395,#3387,#3397,.T.);
#3395 = VERTEX_POINT('',#3396);
#3396 = CARTESIAN_POINT('',(127.54079,-79.252955,0.));
#3397 = LINE('',#3398,#3399);
#3398 = CARTESIAN_POINT('',(127.54079,-79.252955,0.));
#3399 = VECTOR('',#3400,1.);
#3400 = DIRECTION('',(0.878456226645,0.477822831046,0.));
#3401 = ORIENTED_EDGE('',*,*,#3402,.F.);
#3402 = EDGE_CURVE('',#3403,#3395,#3405,.T.);
#3403 = VERTEX_POINT('',#3404);
#3404 = CARTESIAN_POINT('',(126.809464,-78.669339,0.));
#3405 = LINE('',#3406,#3407);
#3406 = CARTESIAN_POINT('',(126.809464,-78.669339,0.));
#3407 = VECTOR('',#3408,1.);
#3408 = DIRECTION('',(0.781621492145,-0.623753030467,0.));
#3409 = ORIENTED_EDGE('',*,*,#3410,.F.);
#3410 = EDGE_CURVE('',#3411,#3403,#3413,.T.);
#3411 = VERTEX_POINT('',#3412);
#3412 = CARTESIAN_POINT('',(126.838017,-78.604378,0.));
#3413 = LINE('',#3414,#3415);
#3414 = CARTESIAN_POINT('',(126.838017,-78.604378,0.));
#3415 = VECTOR('',#3416,1.);
#3416 = DIRECTION('',(-0.402386269203,-0.915469983318,0.));
#3417 = ORIENTED_EDGE('',*,*,#3418,.F.);
#3418 = EDGE_CURVE('',#3419,#3411,#3421,.T.);
#3419 = VERTEX_POINT('',#3420);
#3420 = CARTESIAN_POINT('',(126.887502,-78.3875,0.));
#3421 = LINE('',#3422,#3423);
#3422 = CARTESIAN_POINT('',(126.887502,-78.3875,0.));
#3423 = VECTOR('',#3424,1.);
#3424 = DIRECTION('',(-0.222452619431,-0.974943502008,0.));
#3425 = ORIENTED_EDGE('',*,*,#3426,.F.);
#3426 = EDGE_CURVE('',#3427,#3419,#3429,.T.);
#3427 = VERTEX_POINT('',#3428);
#3428 = CARTESIAN_POINT('',(126.887502,-76.981816,0.));
#3429 = LINE('',#3430,#3431);
#3430 = CARTESIAN_POINT('',(126.887502,-76.981816,0.));
#3431 = VECTOR('',#3432,1.);
#3432 = DIRECTION('',(0.,-1.,0.));
#3433 = ORIENTED_EDGE('',*,*,#3434,.F.);
#3434 = EDGE_CURVE('',#3435,#3427,#3437,.T.);
#3435 = VERTEX_POINT('',#3436);
#3436 = CARTESIAN_POINT('',(126.860953,-76.816205,0.));
#3437 = LINE('',#3438,#3439);
#3438 = CARTESIAN_POINT('',(126.860953,-76.816205,0.));
#3439 = VECTOR('',#3440,1.);
#3440 = DIRECTION('',(0.158288367468,-0.98739292722,0.));
#3441 = ORIENTED_EDGE('',*,*,#3442,.F.);
#3442 = EDGE_CURVE('',#3259,#3435,#3443,.T.);
#3443 = LINE('',#3444,#3445);
#3444 = CARTESIAN_POINT('',(126.838017,-76.764938,0.));
#3445 = VECTOR('',#3446,1.);
#3446 = DIRECTION('',(0.408377382128,-0.912813186674,0.));
#3447 = FACE_BOUND('',#3448,.F.);
#3448 = EDGE_LOOP('',(#3449));
#3449 = ORIENTED_EDGE('',*,*,#3450,.T.);
#3450 = EDGE_CURVE('',#3451,#3451,#3453,.T.);
#3451 = VERTEX_POINT('',#3452);
#3452 = CARTESIAN_POINT('',(140.0125,-81.145,0.));
#3453 = CIRCLE('',#3454,0.5);
#3454 = AXIS2_PLACEMENT_3D('',#3455,#3456,#3457);
#3455 = CARTESIAN_POINT('',(140.0125,-80.645,0.));
#3456 = DIRECTION('',(-0.,0.,-1.));
#3457 = DIRECTION('',(-0.,-1.,0.));
#3458 = FACE_BOUND('',#3459,.F.);
#3459 = EDGE_LOOP('',(#3460,#3471,#3480));
#3460 = ORIENTED_EDGE('',*,*,#3461,.T.);
#3461 = EDGE_CURVE('',#3462,#3464,#3466,.T.);
#3462 = VERTEX_POINT('',#3463);
#3463 = CARTESIAN_POINT('',(135.62770295998,-76.74308800603,0.));
#3464 = VERTEX_POINT('',#3465);
#3465 = CARTESIAN_POINT('',(136.29625916188,-77.12138142485,0.));
#3466 = CIRCLE('',#3467,0.4);
#3467 = AXIS2_PLACEMENT_3D('',#3468,#3469,#3470);
#3468 = CARTESIAN_POINT('',(136.017,-76.835,0.));
#3469 = DIRECTION('',(-0.,0.,-1.));
#3470 = DIRECTION('',(-0.,-1.,0.));
#3471 = ORIENTED_EDGE('',*,*,#3472,.T.);
#3472 = EDGE_CURVE('',#3464,#3473,#3475,.T.);
#3473 = VERTEX_POINT('',#3474);
#3474 = CARTESIAN_POINT('',(136.017,-77.235,0.));
#3475 = CIRCLE('',#3476,0.4);
#3476 = AXIS2_PLACEMENT_3D('',#3477,#3478,#3479);
#3477 = CARTESIAN_POINT('',(136.017,-76.835,0.));
#3478 = DIRECTION('',(-0.,0.,-1.));
#3479 = DIRECTION('',(-0.,-1.,0.));
#3480 = ORIENTED_EDGE('',*,*,#3481,.T.);
#3481 = EDGE_CURVE('',#3473,#3462,#3482,.T.);
#3482 = CIRCLE('',#3483,0.4);
#3483 = AXIS2_PLACEMENT_3D('',#3484,#3485,#3486);
#3484 = CARTESIAN_POINT('',(136.017,-76.835,0.));
#3485 = DIRECTION('',(-0.,0.,-1.));
#3486 = DIRECTION('',(-0.,-1.,0.));
#3487 = FACE_BOUND('',#3488,.F.);
#3488 = EDGE_LOOP('',(#3489));
#3489 = ORIENTED_EDGE('',*,*,#3490,.T.);
#3490 = EDGE_CURVE('',#3491,#3491,#3493,.T.);
#3491 = VERTEX_POINT('',#3492);
#3492 = CARTESIAN_POINT('',(140.0125,-78.605,0.));
#3493 = CIRCLE('',#3494,0.5);
#3494 = AXIS2_PLACEMENT_3D('',#3495,#3496,#3497);
#3495 = CARTESIAN_POINT('',(140.0125,-78.105,0.));
#3496 = DIRECTION('',(-0.,0.,-1.));
#3497 = DIRECTION('',(-0.,-1.,0.));
#3498 = FACE_BOUND('',#3499,.F.);
#3499 = EDGE_LOOP('',(#3500));
#3500 = ORIENTED_EDGE('',*,*,#3501,.T.);
#3501 = EDGE_CURVE('',#3502,#3502,#3504,.T.);
#3502 = VERTEX_POINT('',#3503);
#3503 = CARTESIAN_POINT('',(140.0125,-76.065,0.));
#3504 = CIRCLE('',#3505,0.5);
#3505 = AXIS2_PLACEMENT_3D('',#3506,#3507,#3508);
#3506 = CARTESIAN_POINT('',(140.0125,-75.565,0.));
#3507 = DIRECTION('',(-0.,0.,-1.));
#3508 = DIRECTION('',(-0.,-1.,0.));
#3509 = FACE_BOUND('',#3510,.F.);
#3510 = EDGE_LOOP('',(#3511,#3522,#3531));
#3511 = ORIENTED_EDGE('',*,*,#3512,.T.);
#3512 = EDGE_CURVE('',#3513,#3515,#3517,.T.);
#3513 = VERTEX_POINT('',#3514);
#3514 = CARTESIAN_POINT('',(122.67990405896,-73.21886840481,0.));
#3515 = VERTEX_POINT('',#3516);
#3516 = CARTESIAN_POINT('',(123.72973075288,-73.84543494103,0.));
#3517 = CIRCLE('',#3518,0.85);
#3518 = AXIS2_PLACEMENT_3D('',#3519,#3520,#3521);
#3519 = CARTESIAN_POINT('',(123.5075,-73.025,0.));
#3520 = DIRECTION('',(-0.,0.,-1.));
#3521 = DIRECTION('',(-0.,-1.,0.));
#3522 = ORIENTED_EDGE('',*,*,#3523,.T.);
#3523 = EDGE_CURVE('',#3515,#3524,#3526,.T.);
#3524 = VERTEX_POINT('',#3525);
#3525 = CARTESIAN_POINT('',(123.5075,-73.875,0.));
#3526 = CIRCLE('',#3527,0.85);
#3527 = AXIS2_PLACEMENT_3D('',#3528,#3529,#3530);
#3528 = CARTESIAN_POINT('',(123.5075,-73.025,0.));
#3529 = DIRECTION('',(-0.,0.,-1.));
#3530 = DIRECTION('',(-0.,-1.,0.));
#3531 = ORIENTED_EDGE('',*,*,#3532,.T.);
#3532 = EDGE_CURVE('',#3524,#3513,#3533,.T.);
#3533 = CIRCLE('',#3534,0.85);
#3534 = AXIS2_PLACEMENT_3D('',#3535,#3536,#3537);
#3535 = CARTESIAN_POINT('',(123.5075,-73.025,0.));
#3536 = DIRECTION('',(-0.,0.,-1.));
#3537 = DIRECTION('',(-0.,-1.,0.));
#3538 = FACE_BOUND('',#3539,.F.);
#3539 = EDGE_LOOP('',(#3540,#3551,#3560));
#3540 = ORIENTED_EDGE('',*,*,#3541,.T.);
#3541 = EDGE_CURVE('',#3542,#3544,#3546,.T.);
#3542 = VERTEX_POINT('',#3543);
#3543 = CARTESIAN_POINT('',(124.08011399392,-70.20904210731,0.));
#3544 = VERTEX_POINT('',#3545);
#3545 = CARTESIAN_POINT('',(125.37317852298,-70.94070505511,0.));
#3546 = CIRCLE('',#3547,0.75);
#3547 = AXIS2_PLACEMENT_3D('',#3548,#3549,#3550);
#3548 = CARTESIAN_POINT('',(124.7775,-70.485,0.));
#3549 = DIRECTION('',(-0.,0.,-1.));
#3550 = DIRECTION('',(-0.,-1.,0.));
#3551 = ORIENTED_EDGE('',*,*,#3552,.T.);
#3552 = EDGE_CURVE('',#3544,#3553,#3555,.T.);
#3553 = VERTEX_POINT('',#3554);
#3554 = CARTESIAN_POINT('',(124.7775,-71.235,0.));
#3555 = CIRCLE('',#3556,0.75);
#3556 = AXIS2_PLACEMENT_3D('',#3557,#3558,#3559);
#3557 = CARTESIAN_POINT('',(124.7775,-70.485,0.));
#3558 = DIRECTION('',(-0.,0.,-1.));
#3559 = DIRECTION('',(-0.,-1.,0.));
#3560 = ORIENTED_EDGE('',*,*,#3561,.T.);
#3561 = EDGE_CURVE('',#3553,#3542,#3562,.T.);
#3562 = CIRCLE('',#3563,0.75);
#3563 = AXIS2_PLACEMENT_3D('',#3564,#3565,#3566);
#3564 = CARTESIAN_POINT('',(124.7775,-70.485,0.));
#3565 = DIRECTION('',(-0.,0.,-1.));
#3566 = DIRECTION('',(-0.,-1.,0.));
#3567 = FACE_BOUND('',#3568,.F.);
#3568 = EDGE_LOOP('',(#3569,#3580,#3589));
#3569 = ORIENTED_EDGE('',*,*,#3570,.T.);
#3570 = EDGE_CURVE('',#3571,#3573,#3575,.T.);
#3571 = VERTEX_POINT('',#3572);
#3572 = CARTESIAN_POINT('',(126.97229614622,-71.84554397676,0.));
#3573 = VERTEX_POINT('',#3574);
#3574 = CARTESIAN_POINT('',(130.43030774222,-73.80221272839,0.));
#3575 = CIRCLE('',#3576,2.);
#3576 = AXIS2_PLACEMENT_3D('',#3577,#3578,#3579);
#3577 = CARTESIAN_POINT('',(128.5875,-73.025,0.));
#3578 = DIRECTION('',(-0.,0.,-1.));
#3579 = DIRECTION('',(-0.,-1.,0.));
#3580 = ORIENTED_EDGE('',*,*,#3581,.T.);
#3581 = EDGE_CURVE('',#3573,#3582,#3584,.T.);
#3582 = VERTEX_POINT('',#3583);
#3583 = CARTESIAN_POINT('',(128.5875,-75.025,0.));
#3584 = CIRCLE('',#3585,2.);
#3585 = AXIS2_PLACEMENT_3D('',#3586,#3587,#3588);
#3586 = CARTESIAN_POINT('',(128.5875,-73.025,0.));
#3587 = DIRECTION('',(-0.,0.,-1.));
#3588 = DIRECTION('',(-0.,-1.,0.));
#3589 = ORIENTED_EDGE('',*,*,#3590,.T.);
#3590 = EDGE_CURVE('',#3582,#3571,#3591,.T.);
#3591 = CIRCLE('',#3592,2.);
#3592 = AXIS2_PLACEMENT_3D('',#3593,#3594,#3595);
#3593 = CARTESIAN_POINT('',(128.5875,-73.025,0.));
#3594 = DIRECTION('',(-0.,0.,-1.));
#3595 = DIRECTION('',(-0.,-1.,0.));
#3596 = FACE_BOUND('',#3597,.F.);
#3597 = EDGE_LOOP('',(#3598));
#3598 = ORIENTED_EDGE('',*,*,#3599,.T.);
#3599 = EDGE_CURVE('',#3600,#3600,#3602,.T.);
#3600 = VERTEX_POINT('',#3601);
#3601 = CARTESIAN_POINT('',(133.6675,-73.875,0.));
#3602 = CIRCLE('',#3603,0.85);
#3603 = AXIS2_PLACEMENT_3D('',#3604,#3605,#3606);
#3604 = CARTESIAN_POINT('',(133.6675,-73.025,0.));
#3605 = DIRECTION('',(-0.,0.,-1.));
#3606 = DIRECTION('',(-3.343730521224E-14,-1.,0.));
#3607 = FACE_BOUND('',#3608,.F.);
#3608 = EDGE_LOOP('',(#3609));
#3609 = ORIENTED_EDGE('',*,*,#3610,.T.);
#3610 = EDGE_CURVE('',#3611,#3611,#3613,.T.);
#3611 = VERTEX_POINT('',#3612);
#3612 = CARTESIAN_POINT('',(140.0125,-70.985,0.));
#3613 = CIRCLE('',#3614,0.5);
#3614 = AXIS2_PLACEMENT_3D('',#3615,#3616,#3617);
#3615 = CARTESIAN_POINT('',(140.0125,-70.485,0.));
#3616 = DIRECTION('',(-0.,0.,-1.));
#3617 = DIRECTION('',(-0.,-1.,0.));
#3618 = FACE_BOUND('',#3619,.F.);
#3619 = EDGE_LOOP('',(#3620));
#3620 = ORIENTED_EDGE('',*,*,#3621,.T.);
#3621 = EDGE_CURVE('',#3622,#3622,#3624,.T.);
#3622 = VERTEX_POINT('',#3623);
#3623 = CARTESIAN_POINT('',(136.017,-69.615,0.));
#3624 = CIRCLE('',#3625,0.4);
#3625 = AXIS2_PLACEMENT_3D('',#3626,#3627,#3628);
#3626 = CARTESIAN_POINT('',(136.017,-69.215,0.));
#3627 = DIRECTION('',(-0.,0.,-1.));
#3628 = DIRECTION('',(-0.,-1.,0.));
#3629 = FACE_BOUND('',#3630,.F.);
#3630 = EDGE_LOOP('',(#3631));
#3631 = ORIENTED_EDGE('',*,*,#3632,.T.);
#3632 = EDGE_CURVE('',#3633,#3633,#3635,.T.);
#3633 = VERTEX_POINT('',#3634);
#3634 = CARTESIAN_POINT('',(140.0125,-68.445,0.));
#3635 = CIRCLE('',#3636,0.5);
#3636 = AXIS2_PLACEMENT_3D('',#3637,#3638,#3639);
#3637 = CARTESIAN_POINT('',(140.0125,-67.945,0.));
#3638 = DIRECTION('',(-0.,0.,-1.));
#3639 = DIRECTION('',(-0.,-1.,0.));
#3640 = FACE_BOUND('',#3641,.F.);
#3641 = EDGE_LOOP('',(#3642));
#3642 = ORIENTED_EDGE('',*,*,#3643,.T.);
#3643 = EDGE_CURVE('',#3644,#3644,#3646,.T.);
#3644 = VERTEX_POINT('',#3645);
#3645 = CARTESIAN_POINT('',(140.0125,-65.905,0.));
#3646 = CIRCLE('',#3647,0.5);
#3647 = AXIS2_PLACEMENT_3D('',#3648,#3649,#3650);
#3648 = CARTESIAN_POINT('',(140.0125,-65.405,0.));
#3649 = DIRECTION('',(-0.,0.,-1.));
#3650 = DIRECTION('',(-0.,-1.,0.));
#3651 = FACE_BOUND('',#3652,.F.);
#3652 = EDGE_LOOP('',(#3653,#3664,#3673));
#3653 = ORIENTED_EDGE('',*,*,#3654,.T.);
#3654 = EDGE_CURVE('',#3655,#3657,#3659,.T.);
#3655 = VERTEX_POINT('',#3656);
#3656 = CARTESIAN_POINT('',(145.288,-82.15625,0.));
#3657 = VERTEX_POINT('',#3658);
#3658 = CARTESIAN_POINT('',(145.15267430349,-82.13266327802,0.));
#3659 = CIRCLE('',#3660,0.4);
#3660 = AXIS2_PLACEMENT_3D('',#3661,#3662,#3663);
#3661 = CARTESIAN_POINT('',(145.288,-81.75625,0.));
#3662 = DIRECTION('',(-0.,0.,-1.));
#3663 = DIRECTION('',(-0.,-1.,0.));
#3664 = ORIENTED_EDGE('',*,*,#3665,.T.);
#3665 = EDGE_CURVE('',#3657,#3666,#3668,.T.);
#3666 = VERTEX_POINT('',#3667);
#3667 = CARTESIAN_POINT('',(145.0350188781,-82.06608955844,0.));
#3668 = CIRCLE('',#3669,0.4);
#3669 = AXIS2_PLACEMENT_3D('',#3670,#3671,#3672);
#3670 = CARTESIAN_POINT('',(145.288,-81.75625,0.));
#3671 = DIRECTION('',(-0.,0.,-1.));
#3672 = DIRECTION('',(-0.,-1.,0.));
#3673 = ORIENTED_EDGE('',*,*,#3674,.T.);
#3674 = EDGE_CURVE('',#3666,#3655,#3675,.T.);
#3675 = CIRCLE('',#3676,0.4);
#3676 = AXIS2_PLACEMENT_3D('',#3677,#3678,#3679);
#3677 = CARTESIAN_POINT('',(145.288,-81.75625,0.));
#3678 = DIRECTION('',(-0.,0.,-1.));
#3679 = DIRECTION('',(-0.,-1.,0.));
#3680 = FACE_BOUND('',#3681,.F.);
#3681 = EDGE_LOOP('',(#3682,#3692,#3700,#3708,#3716,#3724,#3732,#3740,
    #3748,#3756,#3764,#3772,#3780,#3788,#3796,#3804,#3812,#3820,#3828,
    #3836,#3844,#3852,#3860,#3868));
#3682 = ORIENTED_EDGE('',*,*,#3683,.F.);
#3683 = EDGE_CURVE('',#3684,#3686,#3688,.T.);
#3684 = VERTEX_POINT('',#3685);
#3685 = CARTESIAN_POINT('',(146.52832,-76.0827,0.));
#3686 = VERTEX_POINT('',#3687);
#3687 = CARTESIAN_POINT('',(145.888017,-76.764938,0.));
#3688 = LINE('',#3689,#3690);
#3689 = CARTESIAN_POINT('',(146.52832,-76.0827,0.));
#3690 = VECTOR('',#3691,1.);
#3691 = DIRECTION('',(-0.68434197967,-0.729161199504,0.));
#3692 = ORIENTED_EDGE('',*,*,#3693,.F.);
#3693 = EDGE_CURVE('',#3694,#3684,#3696,.T.);
#3694 = VERTEX_POINT('',#3695);
#3695 = CARTESIAN_POINT('',(146.59079,-76.116359,0.));
#3696 = LINE('',#3697,#3698);
#3697 = CARTESIAN_POINT('',(146.59079,-76.116359,0.));
#3698 = VECTOR('',#3699,1.);
#3699 = DIRECTION('',(-0.880345725289,0.474332587922,0.));
#3700 = ORIENTED_EDGE('',*,*,#3701,.F.);
#3701 = EDGE_CURVE('',#3702,#3694,#3704,.T.);
#3702 = VERTEX_POINT('',#3703);
#3703 = CARTESIAN_POINT('',(146.843049,-76.184659,0.));
#3704 = LINE('',#3705,#3706);
#3705 = CARTESIAN_POINT('',(146.843049,-76.184659,0.));
#3706 = VECTOR('',#3707,1.);
#3707 = DIRECTION('',(-0.965245820026,0.261343656749,0.));
#3708 = ORIENTED_EDGE('',*,*,#3709,.F.);
#3709 = EDGE_CURVE('',#3710,#3702,#3712,.T.);
#3710 = VERTEX_POINT('',#3711);
#3711 = CARTESIAN_POINT('',(148.431954,-76.184659,0.));
#3712 = LINE('',#3713,#3714);
#3713 = CARTESIAN_POINT('',(148.431954,-76.184659,0.));
#3714 = VECTOR('',#3715,1.);
#3715 = DIRECTION('',(-1.,0.,0.));
#3716 = ORIENTED_EDGE('',*,*,#3717,.F.);
#3717 = EDGE_CURVE('',#3718,#3710,#3720,.T.);
#3718 = VERTEX_POINT('',#3719);
#3719 = CARTESIAN_POINT('',(148.626011,-76.14801,0.));
#3720 = LINE('',#3721,#3722);
#3721 = CARTESIAN_POINT('',(148.626011,-76.14801,0.));
#3722 = VECTOR('',#3723,1.);
#3723 = DIRECTION('',(-0.982629837218,-0.185576407469,0.));
#3724 = ORIENTED_EDGE('',*,*,#3725,.F.);
#3725 = EDGE_CURVE('',#3726,#3718,#3728,.T.);
#3726 = VERTEX_POINT('',#3727);
#3727 = CARTESIAN_POINT('',(148.684212,-76.11636,0.));
#3728 = LINE('',#3729,#3730);
#3729 = CARTESIAN_POINT('',(148.684212,-76.11636,0.));
#3730 = VECTOR('',#3731,1.);
#3731 = DIRECTION('',(-0.878504018987,-0.47773495646,0.));
#3732 = ORIENTED_EDGE('',*,*,#3733,.F.);
#3733 = EDGE_CURVE('',#3734,#3726,#3736,.T.);
#3734 = VERTEX_POINT('',#3735);
#3735 = CARTESIAN_POINT('',(149.415524,-76.699984,0.));
#3736 = LINE('',#3737,#3738);
#3737 = CARTESIAN_POINT('',(149.415524,-76.699984,0.));
#3738 = VECTOR('',#3739,1.);
#3739 = DIRECTION('',(-0.781611501882,0.623765549005,0.));
#3740 = ORIENTED_EDGE('',*,*,#3741,.F.);
#3741 = EDGE_CURVE('',#3742,#3734,#3744,.T.);
#3742 = VERTEX_POINT('',#3743);
#3743 = CARTESIAN_POINT('',(149.386985,-76.764938,0.));
#3744 = LINE('',#3745,#3746);
#3745 = CARTESIAN_POINT('',(149.386985,-76.764938,0.));
#3746 = VECTOR('',#3747,1.);
#3747 = DIRECTION('',(0.402257231305,0.915526689869,0.));
#3748 = ORIENTED_EDGE('',*,*,#3749,.F.);
#3749 = EDGE_CURVE('',#3750,#3742,#3752,.T.);
#3750 = VERTEX_POINT('',#3751);
#3751 = CARTESIAN_POINT('',(149.3375,-76.981816,0.));
#3752 = LINE('',#3753,#3754);
#3753 = CARTESIAN_POINT('',(149.3375,-76.981816,0.));
#3754 = VECTOR('',#3755,1.);
#3755 = DIRECTION('',(0.222452619431,0.974943502008,0.));
#3756 = ORIENTED_EDGE('',*,*,#3757,.F.);
#3757 = EDGE_CURVE('',#3758,#3750,#3760,.T.);
#3758 = VERTEX_POINT('',#3759);
#3759 = CARTESIAN_POINT('',(149.3375,-78.3875,0.));
#3760 = LINE('',#3761,#3762);
#3761 = CARTESIAN_POINT('',(149.3375,-78.3875,0.));
#3762 = VECTOR('',#3763,1.);
#3763 = DIRECTION('',(0.,1.,0.));
#3764 = ORIENTED_EDGE('',*,*,#3765,.F.);
#3765 = EDGE_CURVE('',#3766,#3758,#3768,.T.);
#3766 = VERTEX_POINT('',#3767);
#3767 = CARTESIAN_POINT('',(149.364048,-78.553111,0.));
#3768 = LINE('',#3769,#3770);
#3769 = CARTESIAN_POINT('',(149.364048,-78.553111,0.));
#3770 = VECTOR('',#3771,1.);
#3771 = DIRECTION('',(-0.15828255472,0.987393859041,0.));
#3772 = ORIENTED_EDGE('',*,*,#3773,.F.);
#3773 = EDGE_CURVE('',#3774,#3766,#3776,.T.);
#3774 = VERTEX_POINT('',#3775);
#3775 = CARTESIAN_POINT('',(149.386985,-78.604377,0.));
#3776 = LINE('',#3777,#3778);
#3777 = CARTESIAN_POINT('',(149.386985,-78.604377,0.));
#3778 = VECTOR('',#3779,1.);
#3779 = DIRECTION('',(-0.408398855141,0.912803579703,0.));
#3780 = ORIENTED_EDGE('',*,*,#3781,.F.);
#3781 = EDGE_CURVE('',#3782,#3774,#3784,.T.);
#3782 = VERTEX_POINT('',#3783);
#3783 = CARTESIAN_POINT('',(148.746676,-79.286618,0.));
#3784 = LINE('',#3785,#3786);
#3785 = CARTESIAN_POINT('',(148.746676,-79.286618,0.));
#3786 = VECTOR('',#3787,1.);
#3787 = DIRECTION('',(0.684343789171,0.729159501222,0.));
#3788 = ORIENTED_EDGE('',*,*,#3789,.F.);
#3789 = EDGE_CURVE('',#3790,#3782,#3792,.T.);
#3790 = VERTEX_POINT('',#3791);
#3791 = CARTESIAN_POINT('',(148.684212,-79.252957,0.));
#3792 = LINE('',#3793,#3794);
#3793 = CARTESIAN_POINT('',(148.684212,-79.252957,0.));
#3794 = VECTOR('',#3795,1.);
#3795 = DIRECTION('',(0.880314928453,-0.474389741398,0.));
#3796 = ORIENTED_EDGE('',*,*,#3797,.F.);
#3797 = EDGE_CURVE('',#3798,#3790,#3800,.T.);
#3798 = VERTEX_POINT('',#3799);
#3799 = CARTESIAN_POINT('',(148.431953,-79.184658,0.));
#3800 = LINE('',#3801,#3802);
#3801 = CARTESIAN_POINT('',(148.431953,-79.184658,0.));
#3802 = VECTOR('',#3803,1.);
#3803 = DIRECTION('',(0.965246785273,-0.261340091681,0.));
#3804 = ORIENTED_EDGE('',*,*,#3805,.F.);
#3805 = EDGE_CURVE('',#3806,#3798,#3808,.T.);
#3806 = VERTEX_POINT('',#3807);
#3807 = CARTESIAN_POINT('',(146.843049,-79.184658,0.));
#3808 = LINE('',#3809,#3810);
#3809 = CARTESIAN_POINT('',(146.843049,-79.184658,0.));
#3810 = VECTOR('',#3811,1.);
#3811 = DIRECTION('',(1.,0.,0.));
#3812 = ORIENTED_EDGE('',*,*,#3813,.F.);
#3813 = EDGE_CURVE('',#3814,#3806,#3816,.T.);
#3814 = VERTEX_POINT('',#3815);
#3815 = CARTESIAN_POINT('',(146.64899,-79.221298,0.));
#3816 = LINE('',#3817,#3818);
#3817 = CARTESIAN_POINT('',(146.64899,-79.221298,0.));
#3818 = VECTOR('',#3819,1.);
#3819 = DIRECTION('',(0.982638495187,0.18553055753,0.));
#3820 = ORIENTED_EDGE('',*,*,#3821,.F.);
#3821 = EDGE_CURVE('',#3822,#3814,#3824,.T.);
#3822 = VERTEX_POINT('',#3823);
#3823 = CARTESIAN_POINT('',(146.59079,-79.252955,0.));
#3824 = LINE('',#3825,#3826);
#3825 = CARTESIAN_POINT('',(146.59079,-79.252955,0.));
#3826 = VECTOR('',#3827,1.);
#3827 = DIRECTION('',(0.878456226645,0.477822831046,0.));
#3828 = ORIENTED_EDGE('',*,*,#3829,.F.);
#3829 = EDGE_CURVE('',#3830,#3822,#3832,.T.);
#3830 = VERTEX_POINT('',#3831);
#3831 = CARTESIAN_POINT('',(145.859464,-78.669339,0.));
#3832 = LINE('',#3833,#3834);
#3833 = CARTESIAN_POINT('',(145.859464,-78.669339,0.));
#3834 = VECTOR('',#3835,1.);
#3835 = DIRECTION('',(0.781621492145,-0.623753030467,0.));
#3836 = ORIENTED_EDGE('',*,*,#3837,.F.);
#3837 = EDGE_CURVE('',#3838,#3830,#3840,.T.);
#3838 = VERTEX_POINT('',#3839);
#3839 = CARTESIAN_POINT('',(145.888017,-78.604378,0.));
#3840 = LINE('',#3841,#3842);
#3841 = CARTESIAN_POINT('',(145.888017,-78.604378,0.));
#3842 = VECTOR('',#3843,1.);
#3843 = DIRECTION('',(-0.402386269203,-0.915469983318,0.));
#3844 = ORIENTED_EDGE('',*,*,#3845,.F.);
#3845 = EDGE_CURVE('',#3846,#3838,#3848,.T.);
#3846 = VERTEX_POINT('',#3847);
#3847 = CARTESIAN_POINT('',(145.937502,-78.3875,0.));
#3848 = LINE('',#3849,#3850);
#3849 = CARTESIAN_POINT('',(145.937502,-78.3875,0.));
#3850 = VECTOR('',#3851,1.);
#3851 = DIRECTION('',(-0.222452619431,-0.974943502008,0.));
#3852 = ORIENTED_EDGE('',*,*,#3853,.F.);
#3853 = EDGE_CURVE('',#3854,#3846,#3856,.T.);
#3854 = VERTEX_POINT('',#3855);
#3855 = CARTESIAN_POINT('',(145.937502,-76.981816,0.));
#3856 = LINE('',#3857,#3858);
#3857 = CARTESIAN_POINT('',(145.937502,-76.981816,0.));
#3858 = VECTOR('',#3859,1.);
#3859 = DIRECTION('',(0.,-1.,0.));
#3860 = ORIENTED_EDGE('',*,*,#3861,.F.);
#3861 = EDGE_CURVE('',#3862,#3854,#3864,.T.);
#3862 = VERTEX_POINT('',#3863);
#3863 = CARTESIAN_POINT('',(145.910953,-76.816205,0.));
#3864 = LINE('',#3865,#3866);
#3865 = CARTESIAN_POINT('',(145.910953,-76.816205,0.));
#3866 = VECTOR('',#3867,1.);
#3867 = DIRECTION('',(0.158288367468,-0.98739292722,0.));
#3868 = ORIENTED_EDGE('',*,*,#3869,.F.);
#3869 = EDGE_CURVE('',#3686,#3862,#3870,.T.);
#3870 = LINE('',#3871,#3872);
#3871 = CARTESIAN_POINT('',(145.888017,-76.764938,0.));
#3872 = VECTOR('',#3873,1.);
#3873 = DIRECTION('',(0.408377382128,-0.912813186674,0.));
#3874 = FACE_BOUND('',#3875,.F.);
#3875 = EDGE_LOOP('',(#3876));
#3876 = ORIENTED_EDGE('',*,*,#3877,.T.);
#3877 = EDGE_CURVE('',#3878,#3878,#3880,.T.);
#3878 = VERTEX_POINT('',#3879);
#3879 = CARTESIAN_POINT('',(152.908,-82.15625,0.));
#3880 = CIRCLE('',#3881,0.4);
#3881 = AXIS2_PLACEMENT_3D('',#3882,#3883,#3884);
#3882 = CARTESIAN_POINT('',(152.908,-81.75625,0.));
#3883 = DIRECTION('',(-0.,0.,-1.));
#3884 = DIRECTION('',(-7.105427357601E-14,-1.,0.));
#3885 = FACE_BOUND('',#3886,.F.);
#3886 = EDGE_LOOP('',(#3887));
#3887 = ORIENTED_EDGE('',*,*,#3888,.T.);
#3888 = EDGE_CURVE('',#3889,#3889,#3891,.T.);
#3889 = VERTEX_POINT('',#3890);
#3890 = CARTESIAN_POINT('',(155.2625,-81.145,0.));
#3891 = CIRCLE('',#3892,0.5);
#3892 = AXIS2_PLACEMENT_3D('',#3893,#3894,#3895);
#3893 = CARTESIAN_POINT('',(155.2625,-80.645,0.));
#3894 = DIRECTION('',(-0.,0.,-1.));
#3895 = DIRECTION('',(-0.,-1.,0.));
#3896 = FACE_BOUND('',#3897,.F.);
#3897 = EDGE_LOOP('',(#3898));
#3898 = ORIENTED_EDGE('',*,*,#3899,.T.);
#3899 = EDGE_CURVE('',#3900,#3900,#3902,.T.);
#3900 = VERTEX_POINT('',#3901);
#3901 = CARTESIAN_POINT('',(155.2625,-78.605,0.));
#3902 = CIRCLE('',#3903,0.5);
#3903 = AXIS2_PLACEMENT_3D('',#3904,#3905,#3906);
#3904 = CARTESIAN_POINT('',(155.2625,-78.105,0.));
#3905 = DIRECTION('',(-0.,0.,-1.));
#3906 = DIRECTION('',(-0.,-1.,0.));
#3907 = FACE_BOUND('',#3908,.F.);
#3908 = EDGE_LOOP('',(#3909));
#3909 = ORIENTED_EDGE('',*,*,#3910,.T.);
#3910 = EDGE_CURVE('',#3911,#3911,#3913,.T.);
#3911 = VERTEX_POINT('',#3912);
#3912 = CARTESIAN_POINT('',(155.2625,-76.065,0.));
#3913 = CIRCLE('',#3914,0.5);
#3914 = AXIS2_PLACEMENT_3D('',#3915,#3916,#3917);
#3915 = CARTESIAN_POINT('',(155.2625,-75.565,0.));
#3916 = DIRECTION('',(-0.,0.,-1.));
#3917 = DIRECTION('',(-0.,-1.,0.));
#3918 = FACE_BOUND('',#3919,.F.);
#3919 = EDGE_LOOP('',(#3920,#3931,#3940));
#3920 = ORIENTED_EDGE('',*,*,#3921,.T.);
#3921 = EDGE_CURVE('',#3922,#3924,#3926,.T.);
#3922 = VERTEX_POINT('',#3923);
#3923 = CARTESIAN_POINT('',(141.70753690954,-73.01707883467,0.));
#3924 = VERTEX_POINT('',#3925);
#3925 = CARTESIAN_POINT('',(143.05727254462,-73.71255174615,0.));
#3926 = CIRCLE('',#3927,0.85);
#3927 = AXIS2_PLACEMENT_3D('',#3928,#3929,#3930);
#3928 = CARTESIAN_POINT('',(142.5575,-73.025,0.));
#3929 = DIRECTION('',(-0.,0.,-1.));
#3930 = DIRECTION('',(-0.,-1.,0.));
#3931 = ORIENTED_EDGE('',*,*,#3932,.T.);
#3932 = EDGE_CURVE('',#3924,#3933,#3935,.T.);
#3933 = VERTEX_POINT('',#3934);
#3934 = CARTESIAN_POINT('',(142.5575,-73.875,0.));
#3935 = CIRCLE('',#3936,0.85);
#3936 = AXIS2_PLACEMENT_3D('',#3937,#3938,#3939);
#3937 = CARTESIAN_POINT('',(142.5575,-73.025,0.));
#3938 = DIRECTION('',(-0.,0.,-1.));
#3939 = DIRECTION('',(-0.,-1.,0.));
#3940 = ORIENTED_EDGE('',*,*,#3941,.T.);
#3941 = EDGE_CURVE('',#3933,#3922,#3942,.T.);
#3942 = CIRCLE('',#3943,0.85);
#3943 = AXIS2_PLACEMENT_3D('',#3944,#3945,#3946);
#3944 = CARTESIAN_POINT('',(142.5575,-73.025,0.));
#3945 = DIRECTION('',(-0.,0.,-1.));
#3946 = DIRECTION('',(-0.,-1.,0.));
#3947 = FACE_BOUND('',#3948,.F.);
#3948 = EDGE_LOOP('',(#3949));
#3949 = ORIENTED_EDGE('',*,*,#3950,.T.);
#3950 = EDGE_CURVE('',#3951,#3951,#3953,.T.);
#3951 = VERTEX_POINT('',#3952);
#3952 = CARTESIAN_POINT('',(143.8275,-71.235,0.));
#3953 = CIRCLE('',#3954,0.75);
#3954 = AXIS2_PLACEMENT_3D('',#3955,#3956,#3957);
#3955 = CARTESIAN_POINT('',(143.8275,-70.485,0.));
#3956 = DIRECTION('',(-0.,0.,-1.));
#3957 = DIRECTION('',(-0.,-1.,0.));
#3958 = FACE_BOUND('',#3959,.F.);
#3959 = EDGE_LOOP('',(#3960));
#3960 = ORIENTED_EDGE('',*,*,#3961,.T.);
#3961 = EDGE_CURVE('',#3962,#3962,#3964,.T.);
#3962 = VERTEX_POINT('',#3963);
#3963 = CARTESIAN_POINT('',(147.6375,-75.025,0.));
#3964 = CIRCLE('',#3965,2.);
#3965 = AXIS2_PLACEMENT_3D('',#3966,#3967,#3968);
#3966 = CARTESIAN_POINT('',(147.6375,-73.025,0.));
#3967 = DIRECTION('',(-0.,0.,-1.));
#3968 = DIRECTION('',(-0.,-1.,0.));
#3969 = FACE_BOUND('',#3970,.F.);
#3970 = EDGE_LOOP('',(#3971));
#3971 = ORIENTED_EDGE('',*,*,#3972,.T.);
#3972 = EDGE_CURVE('',#3973,#3973,#3975,.T.);
#3973 = VERTEX_POINT('',#3974);
#3974 = CARTESIAN_POINT('',(152.7175,-73.875,0.));
#3975 = CIRCLE('',#3976,0.85);
#3976 = AXIS2_PLACEMENT_3D('',#3977,#3978,#3979);
#3977 = CARTESIAN_POINT('',(152.7175,-73.025,0.));
#3978 = DIRECTION('',(-0.,0.,-1.));
#3979 = DIRECTION('',(-0.,-1.,0.));
#3980 = FACE_BOUND('',#3981,.F.);
#3981 = EDGE_LOOP('',(#3982));
#3982 = ORIENTED_EDGE('',*,*,#3983,.T.);
#3983 = EDGE_CURVE('',#3984,#3984,#3986,.T.);
#3984 = VERTEX_POINT('',#3985);
#3985 = CARTESIAN_POINT('',(155.2625,-73.525,0.));
#3986 = CIRCLE('',#3987,0.5);
#3987 = AXIS2_PLACEMENT_3D('',#3988,#3989,#3990);
#3988 = CARTESIAN_POINT('',(155.2625,-73.025,0.));
#3989 = DIRECTION('',(-0.,0.,-1.));
#3990 = DIRECTION('',(-0.,-1.,0.));
#3991 = FACE_BOUND('',#3992,.F.);
#3992 = EDGE_LOOP('',(#3993));
#3993 = ORIENTED_EDGE('',*,*,#3994,.T.);
#3994 = EDGE_CURVE('',#3995,#3995,#3997,.T.);
#3995 = VERTEX_POINT('',#3996);
#3996 = CARTESIAN_POINT('',(155.2625,-70.985,0.));
#3997 = CIRCLE('',#3998,0.5);
#3998 = AXIS2_PLACEMENT_3D('',#3999,#4000,#4001);
#3999 = CARTESIAN_POINT('',(155.2625,-70.485,0.));
#4000 = DIRECTION('',(-0.,0.,-1.));
#4001 = DIRECTION('',(-0.,-1.,0.));
#4002 = FACE_BOUND('',#4003,.F.);
#4003 = EDGE_LOOP('',(#4004));
#4004 = ORIENTED_EDGE('',*,*,#4005,.T.);
#4005 = EDGE_CURVE('',#4006,#4006,#4008,.T.);
#4006 = VERTEX_POINT('',#4007);
#4007 = CARTESIAN_POINT('',(150.1775,-68.695,0.));
#4008 = CIRCLE('',#4009,0.75);
#4009 = AXIS2_PLACEMENT_3D('',#4010,#4011,#4012);
#4010 = CARTESIAN_POINT('',(150.1775,-67.945,0.));
#4011 = DIRECTION('',(-0.,0.,-1.));
#4012 = DIRECTION('',(-0.,-1.,0.));
#4013 = FACE_BOUND('',#4014,.F.);
#4014 = EDGE_LOOP('',(#4015));
#4015 = ORIENTED_EDGE('',*,*,#4016,.T.);
#4016 = EDGE_CURVE('',#4017,#4017,#4019,.T.);
#4017 = VERTEX_POINT('',#4018);
#4018 = CARTESIAN_POINT('',(155.2625,-68.445,0.));
#4019 = CIRCLE('',#4020,0.5);
#4020 = AXIS2_PLACEMENT_3D('',#4021,#4022,#4023);
#4021 = CARTESIAN_POINT('',(155.2625,-67.945,0.));
#4022 = DIRECTION('',(-0.,0.,-1.));
#4023 = DIRECTION('',(-0.,-1.,0.));
#4024 = FACE_BOUND('',#4025,.F.);
#4025 = EDGE_LOOP('',(#4026));
#4026 = ORIENTED_EDGE('',*,*,#4027,.T.);
#4027 = EDGE_CURVE('',#4028,#4028,#4030,.T.);
#4028 = VERTEX_POINT('',#4029);
#4029 = CARTESIAN_POINT('',(155.2625,-65.905,0.));
#4030 = CIRCLE('',#4031,0.5);
#4031 = AXIS2_PLACEMENT_3D('',#4032,#4033,#4034);
#4032 = CARTESIAN_POINT('',(155.2625,-65.405,0.));
#4033 = DIRECTION('',(-0.,0.,-1.));
#4034 = DIRECTION('',(-0.,-1.,0.));
#4035 = FACE_BOUND('',#4036,.F.);
#4036 = EDGE_LOOP('',(#4037,#4047,#4055,#4063,#4071,#4079,#4087,#4095,
    #4103,#4111,#4119,#4127,#4135,#4143,#4151,#4159,#4167,#4175,#4183,
    #4191,#4199,#4207,#4215,#4223,#4231,#4239));
#4037 = ORIENTED_EDGE('',*,*,#4038,.F.);
#4038 = EDGE_CURVE('',#4039,#4041,#4043,.T.);
#4039 = VERTEX_POINT('',#4040);
#4040 = CARTESIAN_POINT('',(168.075995,-95.103512,0.));
#4041 = VERTEX_POINT('',#4042);
#4042 = CARTESIAN_POINT('',(167.734212,-95.16636,0.));
#4043 = LINE('',#4044,#4045);
#4044 = CARTESIAN_POINT('',(168.075995,-95.103512,0.));
#4045 = VECTOR('',#4046,1.);
#4046 = DIRECTION('',(-0.983510573351,-0.1808506348,0.));
#4047 = ORIENTED_EDGE('',*,*,#4048,.F.);
#4048 = EDGE_CURVE('',#4049,#4039,#4051,.T.);
#4049 = VERTEX_POINT('',#4050);
#4050 = CARTESIAN_POINT('',(168.210604,-95.148207,0.));
#4051 = LINE('',#4052,#4053);
#4052 = CARTESIAN_POINT('',(168.210604,-95.148207,0.));
#4053 = VECTOR('',#4054,1.);
#4054 = DIRECTION('',(-0.949052093459,0.315119221725,0.));
#4055 = ORIENTED_EDGE('',*,*,#4056,.F.);
#4056 = EDGE_CURVE('',#4057,#4049,#4059,.T.);
#4057 = VERTEX_POINT('',#4058);
#4058 = CARTESIAN_POINT('',(168.465613,-95.750012,0.));
#4059 = LINE('',#4060,#4061);
#4060 = CARTESIAN_POINT('',(168.465613,-95.750012,0.));
#4061 = VECTOR('',#4062,1.);
#4062 = DIRECTION('',(-0.390157959902,0.92074793854,0.));
#4063 = ORIENTED_EDGE('',*,*,#4064,.F.);
#4064 = EDGE_CURVE('',#4065,#4057,#4067,.T.);
#4065 = VERTEX_POINT('',#4066);
#4066 = CARTESIAN_POINT('',(168.436985,-95.814938,0.));
#4067 = LINE('',#4068,#4069);
#4068 = CARTESIAN_POINT('',(168.436985,-95.814938,0.));
#4069 = VECTOR('',#4070,1.);
#4070 = DIRECTION('',(0.40345353011,0.915000136088,0.));
#4071 = ORIENTED_EDGE('',*,*,#4072,.F.);
#4072 = EDGE_CURVE('',#4073,#4065,#4075,.T.);
#4073 = VERTEX_POINT('',#4074);
#4074 = CARTESIAN_POINT('',(168.3875,-96.031815,0.));
#4075 = LINE('',#4076,#4077);
#4076 = CARTESIAN_POINT('',(168.3875,-96.031815,0.));
#4077 = VECTOR('',#4078,1.);
#4078 = DIRECTION('',(0.222453594382,0.974943279554,0.));
#4079 = ORIENTED_EDGE('',*,*,#4080,.F.);
#4080 = EDGE_CURVE('',#4081,#4073,#4083,.T.);
#4081 = VERTEX_POINT('',#4082);
#4082 = CARTESIAN_POINT('',(168.3875,-97.4375,0.));
#4083 = LINE('',#4084,#4085);
#4084 = CARTESIAN_POINT('',(168.3875,-97.4375,0.));
#4085 = VECTOR('',#4086,1.);
#4086 = DIRECTION('',(0.,1.,0.));
#4087 = ORIENTED_EDGE('',*,*,#4088,.F.);
#4088 = EDGE_CURVE('',#4089,#4081,#4091,.T.);
#4089 = VERTEX_POINT('',#4090);
#4090 = CARTESIAN_POINT('',(168.414048,-97.603112,0.));
#4091 = LINE('',#4092,#4093);
#4092 = CARTESIAN_POINT('',(168.414048,-97.603112,0.));
#4093 = VECTOR('',#4094,1.);
#4094 = DIRECTION('',(-0.158281622922,0.987394008411,0.));
#4095 = ORIENTED_EDGE('',*,*,#4096,.F.);
#4096 = EDGE_CURVE('',#4097,#4089,#4099,.T.);
#4097 = VERTEX_POINT('',#4098);
#4098 = CARTESIAN_POINT('',(168.436985,-97.654378,0.));
#4099 = LINE('',#4100,#4101);
#4100 = CARTESIAN_POINT('',(168.436985,-97.654378,0.));
#4101 = VECTOR('',#4102,1.);
#4102 = DIRECTION('',(-0.408398855141,0.912803579704,0.));
#4103 = ORIENTED_EDGE('',*,*,#4104,.F.);
#4104 = EDGE_CURVE('',#4105,#4097,#4107,.T.);
#4105 = VERTEX_POINT('',#4106);
#4106 = CARTESIAN_POINT('',(167.796671,-98.336632,0.));
#4107 = LINE('',#4108,#4109);
#4108 = CARTESIAN_POINT('',(167.796671,-98.336632,0.));
#4109 = VECTOR('',#4110,1.);
#4110 = DIRECTION('',(0.684339697344,0.729163341535,0.));
#4111 = ORIENTED_EDGE('',*,*,#4112,.F.);
#4112 = EDGE_CURVE('',#4113,#4105,#4115,.T.);
#4113 = VERTEX_POINT('',#4114);
#4114 = CARTESIAN_POINT('',(167.734212,-98.302957,0.));
#4115 = LINE('',#4116,#4117);
#4116 = CARTESIAN_POINT('',(167.734212,-98.302957,0.));
#4117 = VECTOR('',#4118,1.);
#4118 = DIRECTION('',(0.880216657988,-0.474572054592,0.));
#4119 = ORIENTED_EDGE('',*,*,#4120,.F.);
#4120 = EDGE_CURVE('',#4121,#4113,#4123,.T.);
#4121 = VERTEX_POINT('',#4122);
#4122 = CARTESIAN_POINT('',(167.481953,-98.234658,0.));
#4123 = LINE('',#4124,#4125);
#4124 = CARTESIAN_POINT('',(167.481953,-98.234658,0.));
#4125 = VECTOR('',#4126,1.);
#4126 = DIRECTION('',(0.965246785273,-0.261340091681,0.));
#4127 = ORIENTED_EDGE('',*,*,#4128,.F.);
#4128 = EDGE_CURVE('',#4129,#4121,#4131,.T.);
#4129 = VERTEX_POINT('',#4130);
#4130 = CARTESIAN_POINT('',(165.893049,-98.234658,0.));
#4131 = LINE('',#4132,#4133);
#4132 = CARTESIAN_POINT('',(165.893049,-98.234658,0.));
#4133 = VECTOR('',#4134,1.);
#4134 = DIRECTION('',(1.,0.,0.));
#4135 = ORIENTED_EDGE('',*,*,#4136,.F.);
#4136 = EDGE_CURVE('',#4137,#4129,#4139,.T.);
#4137 = VERTEX_POINT('',#4138);
#4138 = CARTESIAN_POINT('',(165.698998,-98.271318,0.));
#4139 = LINE('',#4140,#4141);
#4140 = CARTESIAN_POINT('',(165.698998,-98.271318,0.));
#4141 = VECTOR('',#4142,1.);
#4142 = DIRECTION('',(0.982618631892,0.185635730015,0.));
#4143 = ORIENTED_EDGE('',*,*,#4144,.F.);
#4144 = EDGE_CURVE('',#4145,#4137,#4147,.T.);
#4145 = VERTEX_POINT('',#4146);
#4146 = CARTESIAN_POINT('',(165.640791,-98.302957,0.));
#4147 = LINE('',#4148,#4149);
#4148 = CARTESIAN_POINT('',(165.640791,-98.302957,0.));
#4149 = VECTOR('',#4150,1.);
#4150 = DIRECTION('',(0.878594357754,0.477568795592,0.));
#4151 = ORIENTED_EDGE('',*,*,#4152,.F.);
#4152 = EDGE_CURVE('',#4153,#4145,#4155,.T.);
#4153 = VERTEX_POINT('',#4154);
#4154 = CARTESIAN_POINT('',(164.909476,-97.719342,0.));
#4155 = LINE('',#4156,#4157);
#4156 = CARTESIAN_POINT('',(164.909476,-97.719342,0.));
#4157 = VECTOR('',#4158,1.);
#4158 = DIRECTION('',(0.781617439079,-0.623758109308,0.));
#4159 = ORIENTED_EDGE('',*,*,#4160,.F.);
#4160 = EDGE_CURVE('',#4161,#4153,#4163,.T.);
#4161 = VERTEX_POINT('',#4162);
#4162 = CARTESIAN_POINT('',(164.938017,-97.654378,0.));
#4163 = LINE('',#4164,#4165);
#4164 = CARTESIAN_POINT('',(164.938017,-97.654378,0.));
#4165 = VECTOR('',#4166,1.);
#4166 = DIRECTION('',(-0.402228954956,-0.915539113198,0.));
#4167 = ORIENTED_EDGE('',*,*,#4168,.F.);
#4168 = EDGE_CURVE('',#4169,#4161,#4171,.T.);
#4169 = VERTEX_POINT('',#4170);
#4170 = CARTESIAN_POINT('',(164.987502,-97.437501,0.));
#4171 = LINE('',#4172,#4173);
#4172 = CARTESIAN_POINT('',(164.987502,-97.437501,0.));
#4173 = VECTOR('',#4174,1.);
#4174 = DIRECTION('',(-0.222453594382,-0.974943279554,0.));
#4175 = ORIENTED_EDGE('',*,*,#4176,.F.);
#4176 = EDGE_CURVE('',#4177,#4169,#4179,.T.);
#4177 = VERTEX_POINT('',#4178);
#4178 = CARTESIAN_POINT('',(164.987502,-96.031816,0.));
#4179 = LINE('',#4180,#4181);
#4180 = CARTESIAN_POINT('',(164.987502,-96.031816,0.));
#4181 = VECTOR('',#4182,1.);
#4182 = DIRECTION('',(0.,-1.,0.));
#4183 = ORIENTED_EDGE('',*,*,#4184,.F.);
#4184 = EDGE_CURVE('',#4185,#4177,#4187,.T.);
#4185 = VERTEX_POINT('',#4186);
#4186 = CARTESIAN_POINT('',(164.960959,-95.866202,0.));
#4187 = LINE('',#4188,#4189);
#4188 = CARTESIAN_POINT('',(164.960959,-95.866202,0.));
#4189 = VECTOR('',#4190,1.);
#4190 = DIRECTION('',(0.158250695858,-0.987398965596,0.));
#4191 = ORIENTED_EDGE('',*,*,#4192,.F.);
#4192 = EDGE_CURVE('',#4193,#4185,#4195,.T.);
#4193 = VERTEX_POINT('',#4194);
#4194 = CARTESIAN_POINT('',(164.938017,-95.814938,0.));
#4195 = LINE('',#4196,#4197);
#4196 = CARTESIAN_POINT('',(164.938017,-95.814938,0.));
#4197 = VECTOR('',#4198,1.);
#4198 = DIRECTION('',(0.408486305654,-0.912764448307,0.));
#4199 = ORIENTED_EDGE('',*,*,#4200,.F.);
#4200 = EDGE_CURVE('',#4201,#4193,#4203,.T.);
#4201 = VERTEX_POINT('',#4202);
#4202 = CARTESIAN_POINT('',(165.578283,-95.13279,0.));
#4203 = LINE('',#4204,#4205);
#4204 = CARTESIAN_POINT('',(165.578283,-95.13279,0.));
#4205 = VECTOR('',#4206,1.);
#4206 = DIRECTION('',(-0.684368955215,-0.729135881121,0.));
#4207 = ORIENTED_EDGE('',*,*,#4208,.F.);
#4208 = EDGE_CURVE('',#4209,#4201,#4211,.T.);
#4209 = VERTEX_POINT('',#4210);
#4210 = CARTESIAN_POINT('',(165.64079,-95.166359,0.));
#4211 = LINE('',#4212,#4213);
#4212 = CARTESIAN_POINT('',(165.64079,-95.166359,0.));
#4213 = VECTOR('',#4214,1.);
#4214 = DIRECTION('',(-0.880991927053,0.473131297282,0.));
#4215 = ORIENTED_EDGE('',*,*,#4216,.F.);
#4216 = EDGE_CURVE('',#4217,#4209,#4219,.T.);
#4217 = VERTEX_POINT('',#4218);
#4218 = CARTESIAN_POINT('',(165.893048,-95.234658,0.));
#4219 = LINE('',#4220,#4221);
#4220 = CARTESIAN_POINT('',(165.893048,-95.234658,0.));
#4221 = VECTOR('',#4222,1.);
#4222 = DIRECTION('',(-0.965246523933,0.261341056926,0.));
#4223 = ORIENTED_EDGE('',*,*,#4224,.F.);
#4224 = EDGE_CURVE('',#4225,#4217,#4227,.T.);
#4225 = VERTEX_POINT('',#4226);
#4226 = CARTESIAN_POINT('',(167.481954,-95.234659,0.));
#4227 = LINE('',#4228,#4229);
#4228 = CARTESIAN_POINT('',(167.481954,-95.234659,0.));
#4229 = VECTOR('',#4230,1.);
#4230 = DIRECTION('',(-1.,6.29363850017E-07,0.));
#4231 = ORIENTED_EDGE('',*,*,#4232,.F.);
#4232 = EDGE_CURVE('',#4233,#4225,#4235,.T.);
#4233 = VERTEX_POINT('',#4234);
#4234 = CARTESIAN_POINT('',(167.676018,-95.198026,0.));
#4235 = LINE('',#4236,#4237);
#4236 = CARTESIAN_POINT('',(167.676018,-95.198026,0.));
#4237 = VECTOR('',#4238,1.);
#4238 = DIRECTION('',(-0.982645827776,-0.185491717211,0.));
#4239 = ORIENTED_EDGE('',*,*,#4240,.F.);
#4240 = EDGE_CURVE('',#4041,#4233,#4241,.T.);
#4241 = LINE('',#4242,#4243);
#4242 = CARTESIAN_POINT('',(167.734212,-95.16636,0.));
#4243 = VECTOR('',#4244,1.);
#4244 = DIRECTION('',(-0.878378517219,-0.477965668733,0.));
#4245 = FACE_BOUND('',#4246,.F.);
#4246 = EDGE_LOOP('',(#4247,#4258,#4267));
#4247 = ORIENTED_EDGE('',*,*,#4248,.T.);
#4248 = EDGE_CURVE('',#4249,#4251,#4253,.T.);
#4249 = VERTEX_POINT('',#4250);
#4250 = CARTESIAN_POINT('',(161.31394688729,-91.27729919768,0.));
#4251 = VERTEX_POINT('',#4252);
#4252 = CARTESIAN_POINT('',(162.44246941094,-91.91585829334,0.));
#4253 = CIRCLE('',#4254,0.85);
#4254 = AXIS2_PLACEMENT_3D('',#4255,#4256,#4257);
#4255 = CARTESIAN_POINT('',(161.6075,-92.075,0.));
#4256 = DIRECTION('',(-0.,0.,-1.));
#4257 = DIRECTION('',(-3.343730521224E-14,-1.,0.));
#4258 = ORIENTED_EDGE('',*,*,#4259,.T.);
#4259 = EDGE_CURVE('',#4251,#4260,#4262,.T.);
#4260 = VERTEX_POINT('',#4261);
#4261 = CARTESIAN_POINT('',(161.6075,-92.925,0.));
#4262 = CIRCLE('',#4263,0.85);
#4263 = AXIS2_PLACEMENT_3D('',#4264,#4265,#4266);
#4264 = CARTESIAN_POINT('',(161.6075,-92.075,0.));
#4265 = DIRECTION('',(-0.,0.,-1.));
#4266 = DIRECTION('',(-3.343730521224E-14,-1.,0.));
#4267 = ORIENTED_EDGE('',*,*,#4268,.T.);
#4268 = EDGE_CURVE('',#4260,#4249,#4269,.T.);
#4269 = CIRCLE('',#4270,0.85);
#4270 = AXIS2_PLACEMENT_3D('',#4271,#4272,#4273);
#4271 = CARTESIAN_POINT('',(161.6075,-92.075,0.));
#4272 = DIRECTION('',(-0.,0.,-1.));
#4273 = DIRECTION('',(-3.343730521224E-14,-1.,0.));
#4274 = FACE_BOUND('',#4275,.F.);
#4275 = EDGE_LOOP('',(#4276,#4287,#4296));
#4276 = ORIENTED_EDGE('',*,*,#4277,.T.);
#4277 = EDGE_CURVE('',#4278,#4280,#4282,.T.);
#4278 = VERTEX_POINT('',#4279);
#4279 = CARTESIAN_POINT('',(166.6875,-94.075,0.));
#4280 = VERTEX_POINT('',#4281);
#4281 = CARTESIAN_POINT('',(166.10516303107,-93.98834357986,0.));
#4282 = CIRCLE('',#4283,2.);
#4283 = AXIS2_PLACEMENT_3D('',#4284,#4285,#4286);
#4284 = CARTESIAN_POINT('',(166.6875,-92.075,0.));
#4285 = DIRECTION('',(-0.,0.,-1.));
#4286 = DIRECTION('',(-0.,-1.,0.));
#4287 = ORIENTED_EDGE('',*,*,#4288,.T.);
#4288 = EDGE_CURVE('',#4280,#4289,#4291,.T.);
#4289 = VERTEX_POINT('',#4290);
#4290 = CARTESIAN_POINT('',(165.34722712227,-93.55947587155,0.));
#4291 = CIRCLE('',#4292,2.);
#4292 = AXIS2_PLACEMENT_3D('',#4293,#4294,#4295);
#4293 = CARTESIAN_POINT('',(166.6875,-92.075,0.));
#4294 = DIRECTION('',(-0.,0.,-1.));
#4295 = DIRECTION('',(-0.,-1.,0.));
#4296 = ORIENTED_EDGE('',*,*,#4297,.T.);
#4297 = EDGE_CURVE('',#4289,#4278,#4298,.T.);
#4298 = CIRCLE('',#4299,2.);
#4299 = AXIS2_PLACEMENT_3D('',#4300,#4301,#4302);
#4300 = CARTESIAN_POINT('',(166.6875,-92.075,0.));
#4301 = DIRECTION('',(-0.,0.,-1.));
#4302 = DIRECTION('',(-0.,-1.,0.));
#4303 = FACE_BOUND('',#4304,.F.);
#4304 = EDGE_LOOP('',(#4305));
#4305 = ORIENTED_EDGE('',*,*,#4306,.T.);
#4306 = EDGE_CURVE('',#4307,#4307,#4309,.T.);
#4307 = VERTEX_POINT('',#4308);
#4308 = CARTESIAN_POINT('',(174.625,-96.285,0.));
#4309 = CIRCLE('',#4310,0.4);
#4310 = AXIS2_PLACEMENT_3D('',#4311,#4312,#4313);
#4311 = CARTESIAN_POINT('',(174.625,-95.885,0.));
#4312 = DIRECTION('',(-0.,0.,-1.));
#4313 = DIRECTION('',(-0.,-1.,0.));
#4314 = FACE_BOUND('',#4315,.F.);
#4315 = EDGE_LOOP('',(#4316));
#4316 = ORIENTED_EDGE('',*,*,#4317,.T.);
#4317 = EDGE_CURVE('',#4318,#4318,#4320,.T.);
#4318 = VERTEX_POINT('',#4319);
#4319 = CARTESIAN_POINT('',(171.7675,-92.925,0.));
#4320 = CIRCLE('',#4321,0.85);
#4321 = AXIS2_PLACEMENT_3D('',#4322,#4323,#4324);
#4322 = CARTESIAN_POINT('',(171.7675,-92.075,0.));
#4323 = DIRECTION('',(-0.,0.,-1.));
#4324 = DIRECTION('',(3.343730521224E-14,-1.,-0.));
#4325 = FACE_BOUND('',#4326,.F.);
#4326 = EDGE_LOOP('',(#4327));
#4327 = ORIENTED_EDGE('',*,*,#4328,.T.);
#4328 = EDGE_CURVE('',#4329,#4329,#4331,.T.);
#4329 = VERTEX_POINT('',#4330);
#4330 = CARTESIAN_POINT('',(162.8775,-90.285,0.));
#4331 = CIRCLE('',#4332,0.75);
#4332 = AXIS2_PLACEMENT_3D('',#4333,#4334,#4335);
#4333 = CARTESIAN_POINT('',(162.8775,-89.535,0.));
#4334 = DIRECTION('',(-0.,0.,-1.));
#4335 = DIRECTION('',(-0.,-1.,0.));
#4336 = FACE_BOUND('',#4337,.F.);
#4337 = EDGE_LOOP('',(#4338));
#4338 = ORIENTED_EDGE('',*,*,#4339,.T.);
#4339 = EDGE_CURVE('',#4340,#4340,#4342,.T.);
#4340 = VERTEX_POINT('',#4341);
#4341 = CARTESIAN_POINT('',(174.625,-88.665,0.));
#4342 = CIRCLE('',#4343,0.4);
#4343 = AXIS2_PLACEMENT_3D('',#4344,#4345,#4346);
#4344 = CARTESIAN_POINT('',(174.625,-88.265,0.));
#4345 = DIRECTION('',(-0.,0.,-1.));
#4346 = DIRECTION('',(-0.,-1.,0.));
#4347 = FACE_BOUND('',#4348,.F.);
#4348 = EDGE_LOOP('',(#4349,#4360,#4369));
#4349 = ORIENTED_EDGE('',*,*,#4350,.T.);
#4350 = EDGE_CURVE('',#4351,#4353,#4355,.T.);
#4351 = VERTEX_POINT('',#4352);
#4352 = CARTESIAN_POINT('',(168.49790474629,-86.82124509857,0.));
#4353 = VERTEX_POINT('',#4354);
#4354 = CARTESIAN_POINT('',(169.79245369975,-87.48828218814,0.));
#4355 = CIRCLE('',#4356,0.75);
#4356 = AXIS2_PLACEMENT_3D('',#4357,#4358,#4359);
#4357 = CARTESIAN_POINT('',(169.2275,-86.995,0.));
#4358 = DIRECTION('',(-0.,0.,-1.));
#4359 = DIRECTION('',(-0.,-1.,0.));
#4360 = ORIENTED_EDGE('',*,*,#4361,.T.);
#4361 = EDGE_CURVE('',#4353,#4362,#4364,.T.);
#4362 = VERTEX_POINT('',#4363);
#4363 = CARTESIAN_POINT('',(169.2275,-87.745,0.));
#4364 = CIRCLE('',#4365,0.75);
#4365 = AXIS2_PLACEMENT_3D('',#4366,#4367,#4368);
#4366 = CARTESIAN_POINT('',(169.2275,-86.995,0.));
#4367 = DIRECTION('',(-0.,0.,-1.));
#4368 = DIRECTION('',(-0.,-1.,0.));
#4369 = ORIENTED_EDGE('',*,*,#4370,.T.);
#4370 = EDGE_CURVE('',#4362,#4351,#4371,.T.);
#4371 = CIRCLE('',#4372,0.75);
#4372 = AXIS2_PLACEMENT_3D('',#4373,#4374,#4375);
#4373 = CARTESIAN_POINT('',(169.2275,-86.995,0.));
#4374 = DIRECTION('',(-0.,0.,-1.));
#4375 = DIRECTION('',(-0.,-1.,0.));
#4376 = FACE_BOUND('',#4377,.F.);
#4377 = EDGE_LOOP('',(#4378));
#4378 = ORIENTED_EDGE('',*,*,#4379,.T.);
#4379 = EDGE_CURVE('',#4380,#4380,#4382,.T.);
#4380 = VERTEX_POINT('',#4381);
#4381 = CARTESIAN_POINT('',(180.6575,-92.925,0.));
#4382 = CIRCLE('',#4383,0.85);
#4383 = AXIS2_PLACEMENT_3D('',#4384,#4385,#4386);
#4384 = CARTESIAN_POINT('',(180.6575,-92.075,0.));
#4385 = DIRECTION('',(-0.,0.,-1.));
#4386 = DIRECTION('',(-0.,-1.,0.));
#4387 = FACE_BOUND('',#4388,.F.);
#4388 = EDGE_LOOP('',(#4389,#4399,#4407,#4415,#4423,#4431,#4439,#4447,
    #4455,#4463,#4471,#4479,#4487,#4495,#4503,#4511,#4519,#4527,#4535,
    #4543,#4551,#4559,#4567,#4575));
#4389 = ORIENTED_EDGE('',*,*,#4390,.F.);
#4390 = EDGE_CURVE('',#4391,#4393,#4395,.T.);
#4391 = VERTEX_POINT('',#4392);
#4392 = CARTESIAN_POINT('',(184.62832,-95.1327,0.));
#4393 = VERTEX_POINT('',#4394);
#4394 = CARTESIAN_POINT('',(183.988017,-95.814938,0.));
#4395 = LINE('',#4396,#4397);
#4396 = CARTESIAN_POINT('',(184.62832,-95.1327,0.));
#4397 = VECTOR('',#4398,1.);
#4398 = DIRECTION('',(-0.68434197967,-0.729161199504,0.));
#4399 = ORIENTED_EDGE('',*,*,#4400,.F.);
#4400 = EDGE_CURVE('',#4401,#4391,#4403,.T.);
#4401 = VERTEX_POINT('',#4402);
#4402 = CARTESIAN_POINT('',(184.69079,-95.166359,0.));
#4403 = LINE('',#4404,#4405);
#4404 = CARTESIAN_POINT('',(184.69079,-95.166359,0.));
#4405 = VECTOR('',#4406,1.);
#4406 = DIRECTION('',(-0.880345725289,0.474332587922,0.));
#4407 = ORIENTED_EDGE('',*,*,#4408,.F.);
#4408 = EDGE_CURVE('',#4409,#4401,#4411,.T.);
#4409 = VERTEX_POINT('',#4410);
#4410 = CARTESIAN_POINT('',(184.943049,-95.234659,0.));
#4411 = LINE('',#4412,#4413);
#4412 = CARTESIAN_POINT('',(184.943049,-95.234659,0.));
#4413 = VECTOR('',#4414,1.);
#4414 = DIRECTION('',(-0.965245820026,0.261343656749,0.));
#4415 = ORIENTED_EDGE('',*,*,#4416,.F.);
#4416 = EDGE_CURVE('',#4417,#4409,#4419,.T.);
#4417 = VERTEX_POINT('',#4418);
#4418 = CARTESIAN_POINT('',(186.531954,-95.234659,0.));
#4419 = LINE('',#4420,#4421);
#4420 = CARTESIAN_POINT('',(186.531954,-95.234659,0.));
#4421 = VECTOR('',#4422,1.);
#4422 = DIRECTION('',(-1.,0.,0.));
#4423 = ORIENTED_EDGE('',*,*,#4424,.F.);
#4424 = EDGE_CURVE('',#4425,#4417,#4427,.T.);
#4425 = VERTEX_POINT('',#4426);
#4426 = CARTESIAN_POINT('',(186.726011,-95.19801,0.));
#4427 = LINE('',#4428,#4429);
#4428 = CARTESIAN_POINT('',(186.726011,-95.19801,0.));
#4429 = VECTOR('',#4430,1.);
#4430 = DIRECTION('',(-0.982629837218,-0.185576407469,0.));
#4431 = ORIENTED_EDGE('',*,*,#4432,.F.);
#4432 = EDGE_CURVE('',#4433,#4425,#4435,.T.);
#4433 = VERTEX_POINT('',#4434);
#4434 = CARTESIAN_POINT('',(186.784212,-95.16636,0.));
#4435 = LINE('',#4436,#4437);
#4436 = CARTESIAN_POINT('',(186.784212,-95.16636,0.));
#4437 = VECTOR('',#4438,1.);
#4438 = DIRECTION('',(-0.878504018987,-0.47773495646,0.));
#4439 = ORIENTED_EDGE('',*,*,#4440,.F.);
#4440 = EDGE_CURVE('',#4441,#4433,#4443,.T.);
#4441 = VERTEX_POINT('',#4442);
#4442 = CARTESIAN_POINT('',(187.515524,-95.749984,0.));
#4443 = LINE('',#4444,#4445);
#4444 = CARTESIAN_POINT('',(187.515524,-95.749984,0.));
#4445 = VECTOR('',#4446,1.);
#4446 = DIRECTION('',(-0.781611501882,0.623765549005,0.));
#4447 = ORIENTED_EDGE('',*,*,#4448,.F.);
#4448 = EDGE_CURVE('',#4449,#4441,#4451,.T.);
#4449 = VERTEX_POINT('',#4450);
#4450 = CARTESIAN_POINT('',(187.486985,-95.814938,0.));
#4451 = LINE('',#4452,#4453);
#4452 = CARTESIAN_POINT('',(187.486985,-95.814938,0.));
#4453 = VECTOR('',#4454,1.);
#4454 = DIRECTION('',(0.402257231305,0.915526689869,0.));
#4455 = ORIENTED_EDGE('',*,*,#4456,.F.);
#4456 = EDGE_CURVE('',#4457,#4449,#4459,.T.);
#4457 = VERTEX_POINT('',#4458);
#4458 = CARTESIAN_POINT('',(187.4375,-96.031816,0.));
#4459 = LINE('',#4460,#4461);
#4460 = CARTESIAN_POINT('',(187.4375,-96.031816,0.));
#4461 = VECTOR('',#4462,1.);
#4462 = DIRECTION('',(0.222452619431,0.974943502008,0.));
#4463 = ORIENTED_EDGE('',*,*,#4464,.F.);
#4464 = EDGE_CURVE('',#4465,#4457,#4467,.T.);
#4465 = VERTEX_POINT('',#4466);
#4466 = CARTESIAN_POINT('',(187.4375,-97.4375,0.));
#4467 = LINE('',#4468,#4469);
#4468 = CARTESIAN_POINT('',(187.4375,-97.4375,0.));
#4469 = VECTOR('',#4470,1.);
#4470 = DIRECTION('',(0.,1.,0.));
#4471 = ORIENTED_EDGE('',*,*,#4472,.F.);
#4472 = EDGE_CURVE('',#4473,#4465,#4475,.T.);
#4473 = VERTEX_POINT('',#4474);
#4474 = CARTESIAN_POINT('',(187.464048,-97.603111,0.));
#4475 = LINE('',#4476,#4477);
#4476 = CARTESIAN_POINT('',(187.464048,-97.603111,0.));
#4477 = VECTOR('',#4478,1.);
#4478 = DIRECTION('',(-0.15828255472,0.987393859041,0.));
#4479 = ORIENTED_EDGE('',*,*,#4480,.F.);
#4480 = EDGE_CURVE('',#4481,#4473,#4483,.T.);
#4481 = VERTEX_POINT('',#4482);
#4482 = CARTESIAN_POINT('',(187.486985,-97.654377,0.));
#4483 = LINE('',#4484,#4485);
#4484 = CARTESIAN_POINT('',(187.486985,-97.654377,0.));
#4485 = VECTOR('',#4486,1.);
#4486 = DIRECTION('',(-0.408398855141,0.912803579703,0.));
#4487 = ORIENTED_EDGE('',*,*,#4488,.F.);
#4488 = EDGE_CURVE('',#4489,#4481,#4491,.T.);
#4489 = VERTEX_POINT('',#4490);
#4490 = CARTESIAN_POINT('',(186.846676,-98.336618,0.));
#4491 = LINE('',#4492,#4493);
#4492 = CARTESIAN_POINT('',(186.846676,-98.336618,0.));
#4493 = VECTOR('',#4494,1.);
#4494 = DIRECTION('',(0.684343789171,0.729159501222,0.));
#4495 = ORIENTED_EDGE('',*,*,#4496,.F.);
#4496 = EDGE_CURVE('',#4497,#4489,#4499,.T.);
#4497 = VERTEX_POINT('',#4498);
#4498 = CARTESIAN_POINT('',(186.784212,-98.302957,0.));
#4499 = LINE('',#4500,#4501);
#4500 = CARTESIAN_POINT('',(186.784212,-98.302957,0.));
#4501 = VECTOR('',#4502,1.);
#4502 = DIRECTION('',(0.880314928453,-0.474389741397,0.));
#4503 = ORIENTED_EDGE('',*,*,#4504,.F.);
#4504 = EDGE_CURVE('',#4505,#4497,#4507,.T.);
#4505 = VERTEX_POINT('',#4506);
#4506 = CARTESIAN_POINT('',(186.531953,-98.234658,0.));
#4507 = LINE('',#4508,#4509);
#4508 = CARTESIAN_POINT('',(186.531953,-98.234658,0.));
#4509 = VECTOR('',#4510,1.);
#4510 = DIRECTION('',(0.965246785273,-0.261340091681,0.));
#4511 = ORIENTED_EDGE('',*,*,#4512,.F.);
#4512 = EDGE_CURVE('',#4513,#4505,#4515,.T.);
#4513 = VERTEX_POINT('',#4514);
#4514 = CARTESIAN_POINT('',(184.943049,-98.234658,0.));
#4515 = LINE('',#4516,#4517);
#4516 = CARTESIAN_POINT('',(184.943049,-98.234658,0.));
#4517 = VECTOR('',#4518,1.);
#4518 = DIRECTION('',(1.,0.,0.));
#4519 = ORIENTED_EDGE('',*,*,#4520,.F.);
#4520 = EDGE_CURVE('',#4521,#4513,#4523,.T.);
#4521 = VERTEX_POINT('',#4522);
#4522 = CARTESIAN_POINT('',(184.74899,-98.271298,0.));
#4523 = LINE('',#4524,#4525);
#4524 = CARTESIAN_POINT('',(184.74899,-98.271298,0.));
#4525 = VECTOR('',#4526,1.);
#4526 = DIRECTION('',(0.982638495187,0.18553055753,0.));
#4527 = ORIENTED_EDGE('',*,*,#4528,.F.);
#4528 = EDGE_CURVE('',#4529,#4521,#4531,.T.);
#4529 = VERTEX_POINT('',#4530);
#4530 = CARTESIAN_POINT('',(184.69079,-98.302955,0.));
#4531 = LINE('',#4532,#4533);
#4532 = CARTESIAN_POINT('',(184.69079,-98.302955,0.));
#4533 = VECTOR('',#4534,1.);
#4534 = DIRECTION('',(0.878456226645,0.477822831046,0.));
#4535 = ORIENTED_EDGE('',*,*,#4536,.F.);
#4536 = EDGE_CURVE('',#4537,#4529,#4539,.T.);
#4537 = VERTEX_POINT('',#4538);
#4538 = CARTESIAN_POINT('',(183.959464,-97.719339,0.));
#4539 = LINE('',#4540,#4541);
#4540 = CARTESIAN_POINT('',(183.959464,-97.719339,0.));
#4541 = VECTOR('',#4542,1.);
#4542 = DIRECTION('',(0.781621492145,-0.623753030467,0.));
#4543 = ORIENTED_EDGE('',*,*,#4544,.F.);
#4544 = EDGE_CURVE('',#4545,#4537,#4547,.T.);
#4545 = VERTEX_POINT('',#4546);
#4546 = CARTESIAN_POINT('',(183.988017,-97.654378,0.));
#4547 = LINE('',#4548,#4549);
#4548 = CARTESIAN_POINT('',(183.988017,-97.654378,0.));
#4549 = VECTOR('',#4550,1.);
#4550 = DIRECTION('',(-0.402386269203,-0.915469983318,0.));
#4551 = ORIENTED_EDGE('',*,*,#4552,.F.);
#4552 = EDGE_CURVE('',#4553,#4545,#4555,.T.);
#4553 = VERTEX_POINT('',#4554);
#4554 = CARTESIAN_POINT('',(184.037502,-97.4375,0.));
#4555 = LINE('',#4556,#4557);
#4556 = CARTESIAN_POINT('',(184.037502,-97.4375,0.));
#4557 = VECTOR('',#4558,1.);
#4558 = DIRECTION('',(-0.222452619431,-0.974943502008,0.));
#4559 = ORIENTED_EDGE('',*,*,#4560,.F.);
#4560 = EDGE_CURVE('',#4561,#4553,#4563,.T.);
#4561 = VERTEX_POINT('',#4562);
#4562 = CARTESIAN_POINT('',(184.037502,-96.031816,0.));
#4563 = LINE('',#4564,#4565);
#4564 = CARTESIAN_POINT('',(184.037502,-96.031816,0.));
#4565 = VECTOR('',#4566,1.);
#4566 = DIRECTION('',(0.,-1.,0.));
#4567 = ORIENTED_EDGE('',*,*,#4568,.F.);
#4568 = EDGE_CURVE('',#4569,#4561,#4571,.T.);
#4569 = VERTEX_POINT('',#4570);
#4570 = CARTESIAN_POINT('',(184.010953,-95.866205,0.));
#4571 = LINE('',#4572,#4573);
#4572 = CARTESIAN_POINT('',(184.010953,-95.866205,0.));
#4573 = VECTOR('',#4574,1.);
#4574 = DIRECTION('',(0.158288367468,-0.98739292722,0.));
#4575 = ORIENTED_EDGE('',*,*,#4576,.F.);
#4576 = EDGE_CURVE('',#4393,#4569,#4577,.T.);
#4577 = LINE('',#4578,#4579);
#4578 = CARTESIAN_POINT('',(183.988017,-95.814938,0.));
#4579 = VECTOR('',#4580,1.);
#4580 = DIRECTION('',(0.408377382128,-0.912813186674,0.));
#4581 = FACE_BOUND('',#4582,.F.);
#4582 = EDGE_LOOP('',(#4583));
#4583 = ORIENTED_EDGE('',*,*,#4584,.T.);
#4584 = EDGE_CURVE('',#4585,#4585,#4587,.T.);
#4585 = VERTEX_POINT('',#4586);
#4586 = CARTESIAN_POINT('',(185.7375,-94.075,0.));
#4587 = CIRCLE('',#4588,2.);
#4588 = AXIS2_PLACEMENT_3D('',#4589,#4590,#4591);
#4589 = CARTESIAN_POINT('',(185.7375,-92.075,0.));
#4590 = DIRECTION('',(-0.,0.,-1.));
#4591 = DIRECTION('',(-0.,-1.,0.));
#4592 = FACE_BOUND('',#4593,.F.);
#4593 = EDGE_LOOP('',(#4594));
#4594 = ORIENTED_EDGE('',*,*,#4595,.T.);
#4595 = EDGE_CURVE('',#4596,#4596,#4598,.T.);
#4596 = VERTEX_POINT('',#4597);
#4597 = CARTESIAN_POINT('',(193.675,-96.285,0.));
#4598 = CIRCLE('',#4599,0.4);
#4599 = AXIS2_PLACEMENT_3D('',#4600,#4601,#4602);
#4600 = CARTESIAN_POINT('',(193.675,-95.885,0.));
#4601 = DIRECTION('',(-0.,0.,-1.));
#4602 = DIRECTION('',(-0.,-1.,0.));
#4603 = FACE_BOUND('',#4604,.F.);
#4604 = EDGE_LOOP('',(#4605));
#4605 = ORIENTED_EDGE('',*,*,#4606,.T.);
#4606 = EDGE_CURVE('',#4607,#4607,#4609,.T.);
#4607 = VERTEX_POINT('',#4608);
#4608 = CARTESIAN_POINT('',(190.8175,-92.925,0.));
#4609 = CIRCLE('',#4610,0.85);
#4610 = AXIS2_PLACEMENT_3D('',#4611,#4612,#4613);
#4611 = CARTESIAN_POINT('',(190.8175,-92.075,0.));
#4612 = DIRECTION('',(-0.,0.,-1.));
#4613 = DIRECTION('',(-0.,-1.,0.));
#4614 = FACE_BOUND('',#4615,.F.);
#4615 = EDGE_LOOP('',(#4616));
#4616 = ORIENTED_EDGE('',*,*,#4617,.T.);
#4617 = EDGE_CURVE('',#4618,#4618,#4620,.T.);
#4618 = VERTEX_POINT('',#4619);
#4619 = CARTESIAN_POINT('',(181.9275,-90.285,0.));
#4620 = CIRCLE('',#4621,0.75);
#4621 = AXIS2_PLACEMENT_3D('',#4622,#4623,#4624);
#4622 = CARTESIAN_POINT('',(181.9275,-89.535,0.));
#4623 = DIRECTION('',(-0.,0.,-1.));
#4624 = DIRECTION('',(-0.,-1.,0.));
#4625 = FACE_BOUND('',#4626,.F.);
#4626 = EDGE_LOOP('',(#4627));
#4627 = ORIENTED_EDGE('',*,*,#4628,.T.);
#4628 = EDGE_CURVE('',#4629,#4629,#4631,.T.);
#4629 = VERTEX_POINT('',#4630);
#4630 = CARTESIAN_POINT('',(193.675,-88.665,0.));
#4631 = CIRCLE('',#4632,0.4);
#4632 = AXIS2_PLACEMENT_3D('',#4633,#4634,#4635);
#4633 = CARTESIAN_POINT('',(193.675,-88.265,0.));
#4634 = DIRECTION('',(-0.,0.,-1.));
#4635 = DIRECTION('',(-0.,-1.,0.));
#4636 = FACE_BOUND('',#4637,.F.);
#4637 = EDGE_LOOP('',(#4638));
#4638 = ORIENTED_EDGE('',*,*,#4639,.T.);
#4639 = EDGE_CURVE('',#4640,#4640,#4642,.T.);
#4640 = VERTEX_POINT('',#4641);
#4641 = CARTESIAN_POINT('',(188.2775,-87.745,0.));
#4642 = CIRCLE('',#4643,0.75);
#4643 = AXIS2_PLACEMENT_3D('',#4644,#4645,#4646);
#4644 = CARTESIAN_POINT('',(188.2775,-86.995,0.));
#4645 = DIRECTION('',(-0.,0.,-1.));
#4646 = DIRECTION('',(-0.,-1.,0.));
#4647 = FACE_BOUND('',#4648,.F.);
#4648 = EDGE_LOOP('',(#4649,#4659,#4667,#4675,#4683,#4691,#4699,#4707,
    #4715,#4723,#4731,#4739,#4747,#4755,#4763,#4771,#4779,#4787,#4795,
    #4803,#4811,#4819,#4827,#4835));
#4649 = ORIENTED_EDGE('',*,*,#4650,.F.);
#4650 = EDGE_CURVE('',#4651,#4653,#4655,.T.);
#4651 = VERTEX_POINT('',#4652);
#4652 = CARTESIAN_POINT('',(165.57832,-76.0827,0.));
#4653 = VERTEX_POINT('',#4654);
#4654 = CARTESIAN_POINT('',(164.938017,-76.764938,0.));
#4655 = LINE('',#4656,#4657);
#4656 = CARTESIAN_POINT('',(165.57832,-76.0827,0.));
#4657 = VECTOR('',#4658,1.);
#4658 = DIRECTION('',(-0.68434197967,-0.729161199504,0.));
#4659 = ORIENTED_EDGE('',*,*,#4660,.F.);
#4660 = EDGE_CURVE('',#4661,#4651,#4663,.T.);
#4661 = VERTEX_POINT('',#4662);
#4662 = CARTESIAN_POINT('',(165.64079,-76.116359,0.));
#4663 = LINE('',#4664,#4665);
#4664 = CARTESIAN_POINT('',(165.64079,-76.116359,0.));
#4665 = VECTOR('',#4666,1.);
#4666 = DIRECTION('',(-0.880345725289,0.474332587922,0.));
#4667 = ORIENTED_EDGE('',*,*,#4668,.F.);
#4668 = EDGE_CURVE('',#4669,#4661,#4671,.T.);
#4669 = VERTEX_POINT('',#4670);
#4670 = CARTESIAN_POINT('',(165.893049,-76.184659,0.));
#4671 = LINE('',#4672,#4673);
#4672 = CARTESIAN_POINT('',(165.893049,-76.184659,0.));
#4673 = VECTOR('',#4674,1.);
#4674 = DIRECTION('',(-0.965245820026,0.261343656749,0.));
#4675 = ORIENTED_EDGE('',*,*,#4676,.F.);
#4676 = EDGE_CURVE('',#4677,#4669,#4679,.T.);
#4677 = VERTEX_POINT('',#4678);
#4678 = CARTESIAN_POINT('',(167.481954,-76.184659,0.));
#4679 = LINE('',#4680,#4681);
#4680 = CARTESIAN_POINT('',(167.481954,-76.184659,0.));
#4681 = VECTOR('',#4682,1.);
#4682 = DIRECTION('',(-1.,0.,0.));
#4683 = ORIENTED_EDGE('',*,*,#4684,.F.);
#4684 = EDGE_CURVE('',#4685,#4677,#4687,.T.);
#4685 = VERTEX_POINT('',#4686);
#4686 = CARTESIAN_POINT('',(167.676011,-76.14801,0.));
#4687 = LINE('',#4688,#4689);
#4688 = CARTESIAN_POINT('',(167.676011,-76.14801,0.));
#4689 = VECTOR('',#4690,1.);
#4690 = DIRECTION('',(-0.982629837218,-0.185576407469,0.));
#4691 = ORIENTED_EDGE('',*,*,#4692,.F.);
#4692 = EDGE_CURVE('',#4693,#4685,#4695,.T.);
#4693 = VERTEX_POINT('',#4694);
#4694 = CARTESIAN_POINT('',(167.734212,-76.11636,0.));
#4695 = LINE('',#4696,#4697);
#4696 = CARTESIAN_POINT('',(167.734212,-76.11636,0.));
#4697 = VECTOR('',#4698,1.);
#4698 = DIRECTION('',(-0.878504018987,-0.47773495646,0.));
#4699 = ORIENTED_EDGE('',*,*,#4700,.F.);
#4700 = EDGE_CURVE('',#4701,#4693,#4703,.T.);
#4701 = VERTEX_POINT('',#4702);
#4702 = CARTESIAN_POINT('',(168.465524,-76.699984,0.));
#4703 = LINE('',#4704,#4705);
#4704 = CARTESIAN_POINT('',(168.465524,-76.699984,0.));
#4705 = VECTOR('',#4706,1.);
#4706 = DIRECTION('',(-0.781611501882,0.623765549005,0.));
#4707 = ORIENTED_EDGE('',*,*,#4708,.F.);
#4708 = EDGE_CURVE('',#4709,#4701,#4711,.T.);
#4709 = VERTEX_POINT('',#4710);
#4710 = CARTESIAN_POINT('',(168.436985,-76.764938,0.));
#4711 = LINE('',#4712,#4713);
#4712 = CARTESIAN_POINT('',(168.436985,-76.764938,0.));
#4713 = VECTOR('',#4714,1.);
#4714 = DIRECTION('',(0.402257231305,0.915526689869,0.));
#4715 = ORIENTED_EDGE('',*,*,#4716,.F.);
#4716 = EDGE_CURVE('',#4717,#4709,#4719,.T.);
#4717 = VERTEX_POINT('',#4718);
#4718 = CARTESIAN_POINT('',(168.3875,-76.981816,0.));
#4719 = LINE('',#4720,#4721);
#4720 = CARTESIAN_POINT('',(168.3875,-76.981816,0.));
#4721 = VECTOR('',#4722,1.);
#4722 = DIRECTION('',(0.222452619431,0.974943502008,0.));
#4723 = ORIENTED_EDGE('',*,*,#4724,.F.);
#4724 = EDGE_CURVE('',#4725,#4717,#4727,.T.);
#4725 = VERTEX_POINT('',#4726);
#4726 = CARTESIAN_POINT('',(168.3875,-78.3875,0.));
#4727 = LINE('',#4728,#4729);
#4728 = CARTESIAN_POINT('',(168.3875,-78.3875,0.));
#4729 = VECTOR('',#4730,1.);
#4730 = DIRECTION('',(0.,1.,0.));
#4731 = ORIENTED_EDGE('',*,*,#4732,.F.);
#4732 = EDGE_CURVE('',#4733,#4725,#4735,.T.);
#4733 = VERTEX_POINT('',#4734);
#4734 = CARTESIAN_POINT('',(168.414048,-78.553111,0.));
#4735 = LINE('',#4736,#4737);
#4736 = CARTESIAN_POINT('',(168.414048,-78.553111,0.));
#4737 = VECTOR('',#4738,1.);
#4738 = DIRECTION('',(-0.158282554721,0.987393859041,0.));
#4739 = ORIENTED_EDGE('',*,*,#4740,.F.);
#4740 = EDGE_CURVE('',#4741,#4733,#4743,.T.);
#4741 = VERTEX_POINT('',#4742);
#4742 = CARTESIAN_POINT('',(168.436985,-78.604377,0.));
#4743 = LINE('',#4744,#4745);
#4744 = CARTESIAN_POINT('',(168.436985,-78.604377,0.));
#4745 = VECTOR('',#4746,1.);
#4746 = DIRECTION('',(-0.408398855141,0.912803579704,0.));
#4747 = ORIENTED_EDGE('',*,*,#4748,.F.);
#4748 = EDGE_CURVE('',#4749,#4741,#4751,.T.);
#4749 = VERTEX_POINT('',#4750);
#4750 = CARTESIAN_POINT('',(167.796676,-79.286618,0.));
#4751 = LINE('',#4752,#4753);
#4752 = CARTESIAN_POINT('',(167.796676,-79.286618,0.));
#4753 = VECTOR('',#4754,1.);
#4754 = DIRECTION('',(0.684343789171,0.729159501222,0.));
#4755 = ORIENTED_EDGE('',*,*,#4756,.F.);
#4756 = EDGE_CURVE('',#4757,#4749,#4759,.T.);
#4757 = VERTEX_POINT('',#4758);
#4758 = CARTESIAN_POINT('',(167.734212,-79.252957,0.));
#4759 = LINE('',#4760,#4761);
#4760 = CARTESIAN_POINT('',(167.734212,-79.252957,0.));
#4761 = VECTOR('',#4762,1.);
#4762 = DIRECTION('',(0.880314928453,-0.474389741398,0.));
#4763 = ORIENTED_EDGE('',*,*,#4764,.F.);
#4764 = EDGE_CURVE('',#4765,#4757,#4767,.T.);
#4765 = VERTEX_POINT('',#4766);
#4766 = CARTESIAN_POINT('',(167.481953,-79.184658,0.));
#4767 = LINE('',#4768,#4769);
#4768 = CARTESIAN_POINT('',(167.481953,-79.184658,0.));
#4769 = VECTOR('',#4770,1.);
#4770 = DIRECTION('',(0.965246785273,-0.261340091681,0.));
#4771 = ORIENTED_EDGE('',*,*,#4772,.F.);
#4772 = EDGE_CURVE('',#4773,#4765,#4775,.T.);
#4773 = VERTEX_POINT('',#4774);
#4774 = CARTESIAN_POINT('',(165.893049,-79.184658,0.));
#4775 = LINE('',#4776,#4777);
#4776 = CARTESIAN_POINT('',(165.893049,-79.184658,0.));
#4777 = VECTOR('',#4778,1.);
#4778 = DIRECTION('',(1.,0.,0.));
#4779 = ORIENTED_EDGE('',*,*,#4780,.F.);
#4780 = EDGE_CURVE('',#4781,#4773,#4783,.T.);
#4781 = VERTEX_POINT('',#4782);
#4782 = CARTESIAN_POINT('',(165.69899,-79.221298,0.));
#4783 = LINE('',#4784,#4785);
#4784 = CARTESIAN_POINT('',(165.69899,-79.221298,0.));
#4785 = VECTOR('',#4786,1.);
#4786 = DIRECTION('',(0.982638495187,0.18553055753,0.));
#4787 = ORIENTED_EDGE('',*,*,#4788,.F.);
#4788 = EDGE_CURVE('',#4789,#4781,#4791,.T.);
#4789 = VERTEX_POINT('',#4790);
#4790 = CARTESIAN_POINT('',(165.64079,-79.252955,0.));
#4791 = LINE('',#4792,#4793);
#4792 = CARTESIAN_POINT('',(165.64079,-79.252955,0.));
#4793 = VECTOR('',#4794,1.);
#4794 = DIRECTION('',(0.878456226645,0.477822831046,0.));
#4795 = ORIENTED_EDGE('',*,*,#4796,.F.);
#4796 = EDGE_CURVE('',#4797,#4789,#4799,.T.);
#4797 = VERTEX_POINT('',#4798);
#4798 = CARTESIAN_POINT('',(164.909464,-78.669339,0.));
#4799 = LINE('',#4800,#4801);
#4800 = CARTESIAN_POINT('',(164.909464,-78.669339,0.));
#4801 = VECTOR('',#4802,1.);
#4802 = DIRECTION('',(0.781621492145,-0.623753030467,0.));
#4803 = ORIENTED_EDGE('',*,*,#4804,.F.);
#4804 = EDGE_CURVE('',#4805,#4797,#4807,.T.);
#4805 = VERTEX_POINT('',#4806);
#4806 = CARTESIAN_POINT('',(164.938017,-78.604378,0.));
#4807 = LINE('',#4808,#4809);
#4808 = CARTESIAN_POINT('',(164.938017,-78.604378,0.));
#4809 = VECTOR('',#4810,1.);
#4810 = DIRECTION('',(-0.402386269203,-0.915469983318,0.));
#4811 = ORIENTED_EDGE('',*,*,#4812,.F.);
#4812 = EDGE_CURVE('',#4813,#4805,#4815,.T.);
#4813 = VERTEX_POINT('',#4814);
#4814 = CARTESIAN_POINT('',(164.987502,-78.3875,0.));
#4815 = LINE('',#4816,#4817);
#4816 = CARTESIAN_POINT('',(164.987502,-78.3875,0.));
#4817 = VECTOR('',#4818,1.);
#4818 = DIRECTION('',(-0.222452619431,-0.974943502008,0.));
#4819 = ORIENTED_EDGE('',*,*,#4820,.F.);
#4820 = EDGE_CURVE('',#4821,#4813,#4823,.T.);
#4821 = VERTEX_POINT('',#4822);
#4822 = CARTESIAN_POINT('',(164.987502,-76.981816,0.));
#4823 = LINE('',#4824,#4825);
#4824 = CARTESIAN_POINT('',(164.987502,-76.981816,0.));
#4825 = VECTOR('',#4826,1.);
#4826 = DIRECTION('',(0.,-1.,0.));
#4827 = ORIENTED_EDGE('',*,*,#4828,.F.);
#4828 = EDGE_CURVE('',#4829,#4821,#4831,.T.);
#4829 = VERTEX_POINT('',#4830);
#4830 = CARTESIAN_POINT('',(164.960953,-76.816205,0.));
#4831 = LINE('',#4832,#4833);
#4832 = CARTESIAN_POINT('',(164.960953,-76.816205,0.));
#4833 = VECTOR('',#4834,1.);
#4834 = DIRECTION('',(0.158288367468,-0.98739292722,0.));
#4835 = ORIENTED_EDGE('',*,*,#4836,.F.);
#4836 = EDGE_CURVE('',#4653,#4829,#4837,.T.);
#4837 = LINE('',#4838,#4839);
#4838 = CARTESIAN_POINT('',(164.938017,-76.764938,0.));
#4839 = VECTOR('',#4840,1.);
#4840 = DIRECTION('',(0.408377382128,-0.912813186674,0.));
#4841 = FACE_BOUND('',#4842,.F.);
#4842 = EDGE_LOOP('',(#4843));
#4843 = ORIENTED_EDGE('',*,*,#4844,.T.);
#4844 = EDGE_CURVE('',#4845,#4845,#4847,.T.);
#4845 = VERTEX_POINT('',#4846);
#4846 = CARTESIAN_POINT('',(174.625,-77.235,0.));
#4847 = CIRCLE('',#4848,0.4);
#4848 = AXIS2_PLACEMENT_3D('',#4849,#4850,#4851);
#4849 = CARTESIAN_POINT('',(174.625,-76.835,0.));
#4850 = DIRECTION('',(-0.,0.,-1.));
#4851 = DIRECTION('',(-0.,-1.,0.));
#4852 = FACE_BOUND('',#4853,.F.);
#4853 = EDGE_LOOP('',(#4854));
#4854 = ORIENTED_EDGE('',*,*,#4855,.T.);
#4855 = EDGE_CURVE('',#4856,#4856,#4858,.T.);
#4856 = VERTEX_POINT('',#4857);
#4857 = CARTESIAN_POINT('',(161.6075,-73.875,0.));
#4858 = CIRCLE('',#4859,0.85);
#4859 = AXIS2_PLACEMENT_3D('',#4860,#4861,#4862);
#4860 = CARTESIAN_POINT('',(161.6075,-73.025,0.));
#4861 = DIRECTION('',(-0.,0.,-1.));
#4862 = DIRECTION('',(-3.343730521224E-14,-1.,0.));
#4863 = FACE_BOUND('',#4864,.F.);
#4864 = EDGE_LOOP('',(#4865));
#4865 = ORIENTED_EDGE('',*,*,#4866,.T.);
#4866 = EDGE_CURVE('',#4867,#4867,#4869,.T.);
#4867 = VERTEX_POINT('',#4868);
#4868 = CARTESIAN_POINT('',(166.6875,-75.025,0.));
#4869 = CIRCLE('',#4870,2.);
#4870 = AXIS2_PLACEMENT_3D('',#4871,#4872,#4873);
#4871 = CARTESIAN_POINT('',(166.6875,-73.025,0.));
#4872 = DIRECTION('',(-0.,0.,-1.));
#4873 = DIRECTION('',(-0.,-1.,0.));
#4874 = FACE_BOUND('',#4875,.F.);
#4875 = EDGE_LOOP('',(#4876));
#4876 = ORIENTED_EDGE('',*,*,#4877,.T.);
#4877 = EDGE_CURVE('',#4878,#4878,#4880,.T.);
#4878 = VERTEX_POINT('',#4879);
#4879 = CARTESIAN_POINT('',(162.8775,-71.235,0.));
#4880 = CIRCLE('',#4881,0.75);
#4881 = AXIS2_PLACEMENT_3D('',#4882,#4883,#4884);
#4882 = CARTESIAN_POINT('',(162.8775,-70.485,0.));
#4883 = DIRECTION('',(-0.,0.,-1.));
#4884 = DIRECTION('',(-0.,-1.,0.));
#4885 = FACE_BOUND('',#4886,.F.);
#4886 = EDGE_LOOP('',(#4887,#4897,#4905,#4913,#4921,#4929,#4937,#4945,
    #4953,#4961,#4969,#4977,#4985,#4993,#5001,#5009,#5017,#5025,#5033,
    #5041,#5049,#5057,#5065,#5073,#5081,#5089));
#4887 = ORIENTED_EDGE('',*,*,#4888,.F.);
#4888 = EDGE_CURVE('',#4889,#4891,#4893,.T.);
#4889 = VERTEX_POINT('',#4890);
#4890 = CARTESIAN_POINT('',(164.900995,-64.941012,0.));
#4891 = VERTEX_POINT('',#4892);
#4892 = CARTESIAN_POINT('',(164.559212,-65.00386,0.));
#4893 = LINE('',#4894,#4895);
#4894 = CARTESIAN_POINT('',(164.900995,-64.941012,0.));
#4895 = VECTOR('',#4896,1.);
#4896 = DIRECTION('',(-0.983510573351,-0.1808506348,0.));
#4897 = ORIENTED_EDGE('',*,*,#4898,.F.);
#4898 = EDGE_CURVE('',#4899,#4889,#4901,.T.);
#4899 = VERTEX_POINT('',#4900);
#4900 = CARTESIAN_POINT('',(165.035604,-64.985707,0.));
#4901 = LINE('',#4902,#4903);
#4902 = CARTESIAN_POINT('',(165.035604,-64.985707,0.));
#4903 = VECTOR('',#4904,1.);
#4904 = DIRECTION('',(-0.949052093459,0.315119221725,0.));
#4905 = ORIENTED_EDGE('',*,*,#4906,.F.);
#4906 = EDGE_CURVE('',#4907,#4899,#4909,.T.);
#4907 = VERTEX_POINT('',#4908);
#4908 = CARTESIAN_POINT('',(165.290613,-65.587512,0.));
#4909 = LINE('',#4910,#4911);
#4910 = CARTESIAN_POINT('',(165.290613,-65.587512,0.));
#4911 = VECTOR('',#4912,1.);
#4912 = DIRECTION('',(-0.390157959902,0.92074793854,0.));
#4913 = ORIENTED_EDGE('',*,*,#4914,.F.);
#4914 = EDGE_CURVE('',#4915,#4907,#4917,.T.);
#4915 = VERTEX_POINT('',#4916);
#4916 = CARTESIAN_POINT('',(165.261985,-65.652438,0.));
#4917 = LINE('',#4918,#4919);
#4918 = CARTESIAN_POINT('',(165.261985,-65.652438,0.));
#4919 = VECTOR('',#4920,1.);
#4920 = DIRECTION('',(0.40345353011,0.915000136088,0.));
#4921 = ORIENTED_EDGE('',*,*,#4922,.F.);
#4922 = EDGE_CURVE('',#4923,#4915,#4925,.T.);
#4923 = VERTEX_POINT('',#4924);
#4924 = CARTESIAN_POINT('',(165.2125,-65.869315,0.));
#4925 = LINE('',#4926,#4927);
#4926 = CARTESIAN_POINT('',(165.2125,-65.869315,0.));
#4927 = VECTOR('',#4928,1.);
#4928 = DIRECTION('',(0.222453594382,0.974943279554,0.));
#4929 = ORIENTED_EDGE('',*,*,#4930,.F.);
#4930 = EDGE_CURVE('',#4931,#4923,#4933,.T.);
#4931 = VERTEX_POINT('',#4932);
#4932 = CARTESIAN_POINT('',(165.2125,-67.275,0.));
#4933 = LINE('',#4934,#4935);
#4934 = CARTESIAN_POINT('',(165.2125,-67.275,0.));
#4935 = VECTOR('',#4936,1.);
#4936 = DIRECTION('',(0.,1.,0.));
#4937 = ORIENTED_EDGE('',*,*,#4938,.F.);
#4938 = EDGE_CURVE('',#4939,#4931,#4941,.T.);
#4939 = VERTEX_POINT('',#4940);
#4940 = CARTESIAN_POINT('',(165.239048,-67.440612,0.));
#4941 = LINE('',#4942,#4943);
#4942 = CARTESIAN_POINT('',(165.239048,-67.440612,0.));
#4943 = VECTOR('',#4944,1.);
#4944 = DIRECTION('',(-0.158281622922,0.987394008411,0.));
#4945 = ORIENTED_EDGE('',*,*,#4946,.F.);
#4946 = EDGE_CURVE('',#4947,#4939,#4949,.T.);
#4947 = VERTEX_POINT('',#4948);
#4948 = CARTESIAN_POINT('',(165.261985,-67.491878,0.));
#4949 = LINE('',#4950,#4951);
#4950 = CARTESIAN_POINT('',(165.261985,-67.491878,0.));
#4951 = VECTOR('',#4952,1.);
#4952 = DIRECTION('',(-0.408398855141,0.912803579703,0.));
#4953 = ORIENTED_EDGE('',*,*,#4954,.F.);
#4954 = EDGE_CURVE('',#4955,#4947,#4957,.T.);
#4955 = VERTEX_POINT('',#4956);
#4956 = CARTESIAN_POINT('',(164.621671,-68.174132,0.));
#4957 = LINE('',#4958,#4959);
#4958 = CARTESIAN_POINT('',(164.621671,-68.174132,0.));
#4959 = VECTOR('',#4960,1.);
#4960 = DIRECTION('',(0.684339697344,0.729163341535,0.));
#4961 = ORIENTED_EDGE('',*,*,#4962,.F.);
#4962 = EDGE_CURVE('',#4963,#4955,#4965,.T.);
#4963 = VERTEX_POINT('',#4964);
#4964 = CARTESIAN_POINT('',(164.559212,-68.140457,0.));
#4965 = LINE('',#4966,#4967);
#4966 = CARTESIAN_POINT('',(164.559212,-68.140457,0.));
#4967 = VECTOR('',#4968,1.);
#4968 = DIRECTION('',(0.880216657988,-0.474572054592,0.));
#4969 = ORIENTED_EDGE('',*,*,#4970,.F.);
#4970 = EDGE_CURVE('',#4971,#4963,#4973,.T.);
#4971 = VERTEX_POINT('',#4972);
#4972 = CARTESIAN_POINT('',(164.306953,-68.072158,0.));
#4973 = LINE('',#4974,#4975);
#4974 = CARTESIAN_POINT('',(164.306953,-68.072158,0.));
#4975 = VECTOR('',#4976,1.);
#4976 = DIRECTION('',(0.965246785273,-0.261340091681,0.));
#4977 = ORIENTED_EDGE('',*,*,#4978,.F.);
#4978 = EDGE_CURVE('',#4979,#4971,#4981,.T.);
#4979 = VERTEX_POINT('',#4980);
#4980 = CARTESIAN_POINT('',(162.718049,-68.072158,0.));
#4981 = LINE('',#4982,#4983);
#4982 = CARTESIAN_POINT('',(162.718049,-68.072158,0.));
#4983 = VECTOR('',#4984,1.);
#4984 = DIRECTION('',(1.,0.,0.));
#4985 = ORIENTED_EDGE('',*,*,#4986,.F.);
#4986 = EDGE_CURVE('',#4987,#4979,#4989,.T.);
#4987 = VERTEX_POINT('',#4988);
#4988 = CARTESIAN_POINT('',(162.523998,-68.108818,0.));
#4989 = LINE('',#4990,#4991);
#4990 = CARTESIAN_POINT('',(162.523998,-68.108818,0.));
#4991 = VECTOR('',#4992,1.);
#4992 = DIRECTION('',(0.982618631892,0.185635730015,0.));
#4993 = ORIENTED_EDGE('',*,*,#4994,.F.);
#4994 = EDGE_CURVE('',#4995,#4987,#4997,.T.);
#4995 = VERTEX_POINT('',#4996);
#4996 = CARTESIAN_POINT('',(162.465791,-68.140457,0.));
#4997 = LINE('',#4998,#4999);
#4998 = CARTESIAN_POINT('',(162.465791,-68.140457,0.));
#4999 = VECTOR('',#5000,1.);
#5000 = DIRECTION('',(0.878594357754,0.477568795591,0.));
#5001 = ORIENTED_EDGE('',*,*,#5002,.F.);
#5002 = EDGE_CURVE('',#5003,#4995,#5005,.T.);
#5003 = VERTEX_POINT('',#5004);
#5004 = CARTESIAN_POINT('',(161.734476,-67.556842,0.));
#5005 = LINE('',#5006,#5007);
#5006 = CARTESIAN_POINT('',(161.734476,-67.556842,0.));
#5007 = VECTOR('',#5008,1.);
#5008 = DIRECTION('',(0.781617439079,-0.623758109308,0.));
#5009 = ORIENTED_EDGE('',*,*,#5010,.F.);
#5010 = EDGE_CURVE('',#5011,#5003,#5013,.T.);
#5011 = VERTEX_POINT('',#5012);
#5012 = CARTESIAN_POINT('',(161.763017,-67.491878,0.));
#5013 = LINE('',#5014,#5015);
#5014 = CARTESIAN_POINT('',(161.763017,-67.491878,0.));
#5015 = VECTOR('',#5016,1.);
#5016 = DIRECTION('',(-0.402228954956,-0.915539113198,0.));
#5017 = ORIENTED_EDGE('',*,*,#5018,.F.);
#5018 = EDGE_CURVE('',#5019,#5011,#5021,.T.);
#5019 = VERTEX_POINT('',#5020);
#5020 = CARTESIAN_POINT('',(161.812502,-67.275001,0.));
#5021 = LINE('',#5022,#5023);
#5022 = CARTESIAN_POINT('',(161.812502,-67.275001,0.));
#5023 = VECTOR('',#5024,1.);
#5024 = DIRECTION('',(-0.222453594382,-0.974943279554,0.));
#5025 = ORIENTED_EDGE('',*,*,#5026,.F.);
#5026 = EDGE_CURVE('',#5027,#5019,#5029,.T.);
#5027 = VERTEX_POINT('',#5028);
#5028 = CARTESIAN_POINT('',(161.812502,-65.869316,0.));
#5029 = LINE('',#5030,#5031);
#5030 = CARTESIAN_POINT('',(161.812502,-65.869316,0.));
#5031 = VECTOR('',#5032,1.);
#5032 = DIRECTION('',(0.,-1.,0.));
#5033 = ORIENTED_EDGE('',*,*,#5034,.F.);
#5034 = EDGE_CURVE('',#5035,#5027,#5037,.T.);
#5035 = VERTEX_POINT('',#5036);
#5036 = CARTESIAN_POINT('',(161.785959,-65.703702,0.));
#5037 = LINE('',#5038,#5039);
#5038 = CARTESIAN_POINT('',(161.785959,-65.703702,0.));
#5039 = VECTOR('',#5040,1.);
#5040 = DIRECTION('',(0.158250695858,-0.987398965596,0.));
#5041 = ORIENTED_EDGE('',*,*,#5042,.F.);
#5042 = EDGE_CURVE('',#5043,#5035,#5045,.T.);
#5043 = VERTEX_POINT('',#5044);
#5044 = CARTESIAN_POINT('',(161.763017,-65.652438,0.));
#5045 = LINE('',#5046,#5047);
#5046 = CARTESIAN_POINT('',(161.763017,-65.652438,0.));
#5047 = VECTOR('',#5048,1.);
#5048 = DIRECTION('',(0.408486305654,-0.912764448307,0.));
#5049 = ORIENTED_EDGE('',*,*,#5050,.F.);
#5050 = EDGE_CURVE('',#5051,#5043,#5053,.T.);
#5051 = VERTEX_POINT('',#5052);
#5052 = CARTESIAN_POINT('',(162.403283,-64.97029,0.));
#5053 = LINE('',#5054,#5055);
#5054 = CARTESIAN_POINT('',(162.403283,-64.97029,0.));
#5055 = VECTOR('',#5056,1.);
#5056 = DIRECTION('',(-0.684368955215,-0.729135881121,0.));
#5057 = ORIENTED_EDGE('',*,*,#5058,.F.);
#5058 = EDGE_CURVE('',#5059,#5051,#5061,.T.);
#5059 = VERTEX_POINT('',#5060);
#5060 = CARTESIAN_POINT('',(162.46579,-65.003859,0.));
#5061 = LINE('',#5062,#5063);
#5062 = CARTESIAN_POINT('',(162.46579,-65.003859,0.));
#5063 = VECTOR('',#5064,1.);
#5064 = DIRECTION('',(-0.880991927053,0.473131297282,0.));
#5065 = ORIENTED_EDGE('',*,*,#5066,.F.);
#5066 = EDGE_CURVE('',#5067,#5059,#5069,.T.);
#5067 = VERTEX_POINT('',#5068);
#5068 = CARTESIAN_POINT('',(162.718048,-65.072158,0.));
#5069 = LINE('',#5070,#5071);
#5070 = CARTESIAN_POINT('',(162.718048,-65.072158,0.));
#5071 = VECTOR('',#5072,1.);
#5072 = DIRECTION('',(-0.965246523933,0.261341056926,0.));
#5073 = ORIENTED_EDGE('',*,*,#5074,.F.);
#5074 = EDGE_CURVE('',#5075,#5067,#5077,.T.);
#5075 = VERTEX_POINT('',#5076);
#5076 = CARTESIAN_POINT('',(164.306954,-65.072159,0.));
#5077 = LINE('',#5078,#5079);
#5078 = CARTESIAN_POINT('',(164.306954,-65.072159,0.));
#5079 = VECTOR('',#5080,1.);
#5080 = DIRECTION('',(-1.,6.29363850017E-07,0.));
#5081 = ORIENTED_EDGE('',*,*,#5082,.F.);
#5082 = EDGE_CURVE('',#5083,#5075,#5085,.T.);
#5083 = VERTEX_POINT('',#5084);
#5084 = CARTESIAN_POINT('',(164.501018,-65.035526,0.));
#5085 = LINE('',#5086,#5087);
#5086 = CARTESIAN_POINT('',(164.501018,-65.035526,0.));
#5087 = VECTOR('',#5088,1.);
#5088 = DIRECTION('',(-0.982645827776,-0.185491717211,0.));
#5089 = ORIENTED_EDGE('',*,*,#5090,.F.);
#5090 = EDGE_CURVE('',#4891,#5083,#5091,.T.);
#5091 = LINE('',#5092,#5093);
#5092 = CARTESIAN_POINT('',(164.559212,-65.00386,0.));
#5093 = VECTOR('',#5094,1.);
#5094 = DIRECTION('',(-0.878378517219,-0.477965668733,0.));
#5095 = FACE_BOUND('',#5096,.F.);
#5096 = EDGE_LOOP('',(#5097));
#5097 = ORIENTED_EDGE('',*,*,#5098,.T.);
#5098 = EDGE_CURVE('',#5099,#5099,#5101,.T.);
#5099 = VERTEX_POINT('',#5100);
#5100 = CARTESIAN_POINT('',(171.7675,-73.875,0.));
#5101 = CIRCLE('',#5102,0.85);
#5102 = AXIS2_PLACEMENT_3D('',#5103,#5104,#5105);
#5103 = CARTESIAN_POINT('',(171.7675,-73.025,0.));
#5104 = DIRECTION('',(-0.,0.,-1.));
#5105 = DIRECTION('',(3.343730521224E-14,-1.,-0.));
#5106 = FACE_BOUND('',#5107,.F.);
#5107 = EDGE_LOOP('',(#5108));
#5108 = ORIENTED_EDGE('',*,*,#5109,.T.);
#5109 = EDGE_CURVE('',#5110,#5110,#5112,.T.);
#5110 = VERTEX_POINT('',#5111);
#5111 = CARTESIAN_POINT('',(169.2275,-68.695,0.));
#5112 = CIRCLE('',#5113,0.75);
#5113 = AXIS2_PLACEMENT_3D('',#5114,#5115,#5116);
#5114 = CARTESIAN_POINT('',(169.2275,-67.945,0.));
#5115 = DIRECTION('',(-0.,0.,-1.));
#5116 = DIRECTION('',(-0.,-1.,0.));
#5117 = FACE_BOUND('',#5118,.F.);
#5118 = EDGE_LOOP('',(#5119));
#5119 = ORIENTED_EDGE('',*,*,#5120,.T.);
#5120 = EDGE_CURVE('',#5121,#5121,#5123,.T.);
#5121 = VERTEX_POINT('',#5122);
#5122 = CARTESIAN_POINT('',(174.625,-69.615,0.));
#5123 = CIRCLE('',#5124,0.4);
#5124 = AXIS2_PLACEMENT_3D('',#5125,#5126,#5127);
#5125 = CARTESIAN_POINT('',(174.625,-69.215,0.));
#5126 = DIRECTION('',(-0.,0.,-1.));
#5127 = DIRECTION('',(-0.,-1.,0.));
#5128 = FACE_BOUND('',#5129,.F.);
#5129 = EDGE_LOOP('',(#5130));
#5130 = ORIENTED_EDGE('',*,*,#5131,.T.);
#5131 = EDGE_CURVE('',#5132,#5132,#5134,.T.);
#5132 = VERTEX_POINT('',#5133);
#5133 = CARTESIAN_POINT('',(183.642,-81.807,0.));
#5134 = CIRCLE('',#5135,0.4);
#5135 = AXIS2_PLACEMENT_3D('',#5136,#5137,#5138);
#5136 = CARTESIAN_POINT('',(183.642,-81.407,0.));
#5137 = DIRECTION('',(-0.,0.,-1.));
#5138 = DIRECTION('',(-0.,-1.,0.));
#5139 = FACE_BOUND('',#5140,.F.);
#5140 = EDGE_LOOP('',(#5141));
#5141 = ORIENTED_EDGE('',*,*,#5142,.T.);
#5142 = EDGE_CURVE('',#5143,#5143,#5145,.T.);
#5143 = VERTEX_POINT('',#5144);
#5144 = CARTESIAN_POINT('',(178.4875,-76.025,0.));
#5145 = CIRCLE('',#5146,0.5);
#5146 = AXIS2_PLACEMENT_3D('',#5147,#5148,#5149);
#5147 = CARTESIAN_POINT('',(178.4875,-75.525,0.));
#5148 = DIRECTION('',(-0.,0.,-1.));
#5149 = DIRECTION('',(-0.,-1.,0.));
#5150 = FACE_BOUND('',#5151,.F.);
#5151 = EDGE_LOOP('',(#5152,#5163,#5171,#5180));
#5152 = ORIENTED_EDGE('',*,*,#5153,.T.);
#5153 = EDGE_CURVE('',#5154,#5156,#5158,.T.);
#5154 = VERTEX_POINT('',#5155);
#5155 = CARTESIAN_POINT('',(186.6375,-77.875,0.));
#5156 = VERTEX_POINT('',#5157);
#5157 = CARTESIAN_POINT('',(186.6375,-79.375,0.));
#5158 = CIRCLE('',#5159,0.75);
#5159 = AXIS2_PLACEMENT_3D('',#5160,#5161,#5162);
#5160 = CARTESIAN_POINT('',(186.6375,-78.625,0.));
#5161 = DIRECTION('',(-0.,0.,-1.));
#5162 = DIRECTION('',(-0.,-1.,0.));
#5163 = ORIENTED_EDGE('',*,*,#5164,.T.);
#5164 = EDGE_CURVE('',#5156,#5165,#5167,.T.);
#5165 = VERTEX_POINT('',#5166);
#5166 = CARTESIAN_POINT('',(185.3375,-79.375,0.));
#5167 = LINE('',#5168,#5169);
#5168 = CARTESIAN_POINT('',(92.66875,-79.375,0.));
#5169 = VECTOR('',#5170,1.);
#5170 = DIRECTION('',(-1.,0.,0.));
#5171 = ORIENTED_EDGE('',*,*,#5172,.T.);
#5172 = EDGE_CURVE('',#5165,#5173,#5175,.T.);
#5173 = VERTEX_POINT('',#5174);
#5174 = CARTESIAN_POINT('',(185.3375,-77.875,0.));
#5175 = CIRCLE('',#5176,0.75);
#5176 = AXIS2_PLACEMENT_3D('',#5177,#5178,#5179);
#5177 = CARTESIAN_POINT('',(185.3375,-78.625,0.));
#5178 = DIRECTION('',(-0.,0.,-1.));
#5179 = DIRECTION('',(0.,1.,0.));
#5180 = ORIENTED_EDGE('',*,*,#5181,.T.);
#5181 = EDGE_CURVE('',#5173,#5154,#5182,.T.);
#5182 = LINE('',#5183,#5184);
#5183 = CARTESIAN_POINT('',(93.31875,-77.875,0.));
#5184 = VECTOR('',#5185,1.);
#5185 = DIRECTION('',(1.,0.,-0.));
#5186 = FACE_BOUND('',#5187,.F.);
#5187 = EDGE_LOOP('',(#5188));
#5188 = ORIENTED_EDGE('',*,*,#5189,.T.);
#5189 = EDGE_CURVE('',#5190,#5190,#5192,.T.);
#5190 = VERTEX_POINT('',#5191);
#5191 = CARTESIAN_POINT('',(191.262,-81.807,0.));
#5192 = CIRCLE('',#5193,0.4);
#5193 = AXIS2_PLACEMENT_3D('',#5194,#5195,#5196);
#5194 = CARTESIAN_POINT('',(191.262,-81.407,0.));
#5195 = DIRECTION('',(-0.,0.,-1.));
#5196 = DIRECTION('',(-0.,-1.,0.));
#5197 = FACE_BOUND('',#5198,.F.);
#5198 = EDGE_LOOP('',(#5199));
#5199 = ORIENTED_EDGE('',*,*,#5200,.T.);
#5200 = EDGE_CURVE('',#5201,#5201,#5203,.T.);
#5201 = VERTEX_POINT('',#5202);
#5202 = CARTESIAN_POINT('',(192.9875,-76.025,0.));
#5203 = CIRCLE('',#5204,0.5);
#5204 = AXIS2_PLACEMENT_3D('',#5205,#5206,#5207);
#5205 = CARTESIAN_POINT('',(192.9875,-75.525,0.));
#5206 = DIRECTION('',(-0.,0.,-1.));
#5207 = DIRECTION('',(-0.,-1.,0.));
#5208 = FACE_BOUND('',#5209,.F.);
#5209 = EDGE_LOOP('',(#5210));
#5210 = ORIENTED_EDGE('',*,*,#5211,.T.);
#5211 = EDGE_CURVE('',#5212,#5212,#5214,.T.);
#5212 = VERTEX_POINT('',#5213);
#5213 = CARTESIAN_POINT('',(178.4875,-73.525,0.));
#5214 = CIRCLE('',#5215,0.5);
#5215 = AXIS2_PLACEMENT_3D('',#5216,#5217,#5218);
#5216 = CARTESIAN_POINT('',(178.4875,-73.025,0.));
#5217 = DIRECTION('',(-0.,0.,-1.));
#5218 = DIRECTION('',(-0.,-1.,0.));
#5219 = FACE_BOUND('',#5220,.F.);
#5220 = EDGE_LOOP('',(#5221));
#5221 = ORIENTED_EDGE('',*,*,#5222,.T.);
#5222 = EDGE_CURVE('',#5223,#5223,#5225,.T.);
#5223 = VERTEX_POINT('',#5224);
#5224 = CARTESIAN_POINT('',(178.4875,-71.025,0.));
#5225 = CIRCLE('',#5226,0.5);
#5226 = AXIS2_PLACEMENT_3D('',#5227,#5228,#5229);
#5227 = CARTESIAN_POINT('',(178.4875,-70.525,0.));
#5228 = DIRECTION('',(-0.,0.,-1.));
#5229 = DIRECTION('',(-0.,-1.,0.));
#5230 = FACE_BOUND('',#5231,.F.);
#5231 = EDGE_LOOP('',(#5232));
#5232 = ORIENTED_EDGE('',*,*,#5233,.T.);
#5233 = EDGE_CURVE('',#5234,#5234,#5236,.T.);
#5234 = VERTEX_POINT('',#5235);
#5235 = CARTESIAN_POINT('',(192.9875,-71.025,0.));
#5236 = CIRCLE('',#5237,0.5);
#5237 = AXIS2_PLACEMENT_3D('',#5238,#5239,#5240);
#5238 = CARTESIAN_POINT('',(192.9875,-70.525,0.));
#5239 = DIRECTION('',(-0.,0.,-1.));
#5240 = DIRECTION('',(-0.,-1.,0.));
#5241 = FACE_BOUND('',#5242,.F.);
#5242 = EDGE_LOOP('',(#5243,#5254,#5262,#5271));
#5243 = ORIENTED_EDGE('',*,*,#5244,.T.);
#5244 = EDGE_CURVE('',#5245,#5247,#5249,.T.);
#5245 = VERTEX_POINT('',#5246);
#5246 = CARTESIAN_POINT('',(186.6375,-66.675,0.));
#5247 = VERTEX_POINT('',#5248);
#5248 = CARTESIAN_POINT('',(186.6375,-68.175,0.));
#5249 = CIRCLE('',#5250,0.75);
#5250 = AXIS2_PLACEMENT_3D('',#5251,#5252,#5253);
#5251 = CARTESIAN_POINT('',(186.6375,-67.425,0.));
#5252 = DIRECTION('',(-0.,0.,-1.));
#5253 = DIRECTION('',(-0.,-1.,0.));
#5254 = ORIENTED_EDGE('',*,*,#5255,.T.);
#5255 = EDGE_CURVE('',#5247,#5256,#5258,.T.);
#5256 = VERTEX_POINT('',#5257);
#5257 = CARTESIAN_POINT('',(185.3375,-68.175,0.));
#5258 = LINE('',#5259,#5260);
#5259 = CARTESIAN_POINT('',(92.66875,-68.175,0.));
#5260 = VECTOR('',#5261,1.);
#5261 = DIRECTION('',(-1.,0.,0.));
#5262 = ORIENTED_EDGE('',*,*,#5263,.T.);
#5263 = EDGE_CURVE('',#5256,#5264,#5266,.T.);
#5264 = VERTEX_POINT('',#5265);
#5265 = CARTESIAN_POINT('',(185.3375,-66.675,0.));
#5266 = CIRCLE('',#5267,0.75);
#5267 = AXIS2_PLACEMENT_3D('',#5268,#5269,#5270);
#5268 = CARTESIAN_POINT('',(185.3375,-67.425,0.));
#5269 = DIRECTION('',(-0.,0.,-1.));
#5270 = DIRECTION('',(0.,1.,0.));
#5271 = ORIENTED_EDGE('',*,*,#5272,.T.);
#5272 = EDGE_CURVE('',#5264,#5245,#5273,.T.);
#5273 = LINE('',#5274,#5275);
#5274 = CARTESIAN_POINT('',(93.31875,-66.675,0.));
#5275 = VECTOR('',#5276,1.);
#5276 = DIRECTION('',(1.,0.,-0.));
#5277 = PLANE('',#5278);
#5278 = AXIS2_PLACEMENT_3D('',#5279,#5280,#5281);
#5279 = CARTESIAN_POINT('',(0.,0.,0.));
#5280 = DIRECTION('',(0.,0.,1.));
#5281 = DIRECTION('',(1.,0.,-0.));
#5282 = ADVANCED_FACE('',(#5283,#5294,#5488,#5517,#5528,#5539,#5550,
    #5561,#5572,#5583,#5777,#5806,#5817,#5828,#5839,#5850,#5861,#5872,
    #6066,#6095,#6106,#6117,#6128,#6139,#6168,#6179,#6373,#6402,#6413,
    #6424,#6453,#6464,#6475,#6504,#6698,#6727,#6738,#6749,#6760,#6771,
    #6782,#6811,#6840,#6851,#7045,#7056,#7067,#7078,#7089,#7100,#7294,
    #7323,#7334,#7345,#7356,#7367,#7378,#7389,#7418,#7628,#7639,#7668,
    #7679,#7690,#7701,#7712,#7906,#7935,#7964,#7993,#8004,#8033,#8044,
    #8073,#8267,#8296,#8325,#8336,#8347,#8358,#8387,#8398,#8592,#8603,
    #8632,#8643,#8654,#8683,#8712,#8741,#8752,#8763,#8774,#8785,#8796,
    #8825,#9019,#9030,#9041,#9052,#9063,#9092,#9103,#9114,#9125,#9136,
    #9147,#9158,#9169,#9180,#9390,#9419,#9448,#9459,#9470,#9481,#9492,
    #9521,#9532,#9726,#9737,#9748,#9759,#9770,#9781,#9792,#9986,#9997,
    #10008,#10019,#10030,#10240,#10251,#10262,#10273,#10284,#10295,
    #10331,#10342,#10353,#10364,#10375,#10386),#10422,.T.);
#5283 = FACE_BOUND('',#5284,.T.);
#5284 = EDGE_LOOP('',(#5285,#5286,#5287,#5293));
#5285 = ORIENTED_EDGE('',*,*,#49,.F.);
#5286 = ORIENTED_EDGE('',*,*,#89,.F.);
#5287 = ORIENTED_EDGE('',*,*,#5288,.F.);
#5288 = EDGE_CURVE('',#112,#82,#5289,.T.);
#5289 = LINE('',#5290,#5291);
#5290 = CARTESIAN_POINT('',(115.8875,-60.325,1.51));
#5291 = VECTOR('',#5292,1.);
#5292 = DIRECTION('',(1.,0.,0.));
#5293 = ORIENTED_EDGE('',*,*,#111,.F.);
#5294 = FACE_BOUND('',#5295,.T.);
#5295 = EDGE_LOOP('',(#5296,#5306,#5314,#5322,#5330,#5338,#5346,#5354,
    #5362,#5370,#5378,#5386,#5394,#5402,#5410,#5418,#5426,#5434,#5442,
    #5450,#5458,#5466,#5474,#5482));
#5296 = ORIENTED_EDGE('',*,*,#5297,.F.);
#5297 = EDGE_CURVE('',#5298,#5300,#5302,.T.);
#5298 = VERTEX_POINT('',#5299);
#5299 = CARTESIAN_POINT('',(127.697072,-133.379301,1.51));
#5300 = VERTEX_POINT('',#5301);
#5301 = CARTESIAN_POINT('',(127.056766,-134.06153,1.51));
#5302 = LINE('',#5303,#5304);
#5303 = CARTESIAN_POINT('',(127.697072,-133.379301,1.51));
#5304 = VECTOR('',#5305,1.);
#5305 = DIRECTION('',(-0.684348484247,-0.729155094688,0.));
#5306 = ORIENTED_EDGE('',*,*,#5307,.F.);
#5307 = EDGE_CURVE('',#5308,#5298,#5310,.T.);
#5308 = VERTEX_POINT('',#5309);
#5309 = CARTESIAN_POINT('',(127.759539,-133.412951,1.51));
#5310 = LINE('',#5311,#5312);
#5311 = CARTESIAN_POINT('',(127.759539,-133.412951,1.51));
#5312 = VECTOR('',#5313,1.);
#5313 = DIRECTION('',(-0.880389175415,0.474251937066,0.));
#5314 = ORIENTED_EDGE('',*,*,#5315,.F.);
#5315 = EDGE_CURVE('',#5316,#5308,#5318,.T.);
#5316 = VERTEX_POINT('',#5317);
#5317 = CARTESIAN_POINT('',(128.011798,-133.481251,1.51));
#5318 = LINE('',#5319,#5320);
#5319 = CARTESIAN_POINT('',(128.011798,-133.481251,1.51));
#5320 = VECTOR('',#5321,1.);
#5321 = DIRECTION('',(-0.965245820026,0.261343656749,0.));
#5322 = ORIENTED_EDGE('',*,*,#5323,.F.);
#5323 = EDGE_CURVE('',#5324,#5316,#5326,.T.);
#5324 = VERTEX_POINT('',#5325);
#5325 = CARTESIAN_POINT('',(129.600703,-133.481251,1.51));
#5326 = LINE('',#5327,#5328);
#5327 = CARTESIAN_POINT('',(129.600703,-133.481251,1.51));
#5328 = VECTOR('',#5329,1.);
#5329 = DIRECTION('',(-1.,0.,0.));
#5330 = ORIENTED_EDGE('',*,*,#5331,.F.);
#5331 = EDGE_CURVE('',#5332,#5324,#5334,.T.);
#5332 = VERTEX_POINT('',#5333);
#5333 = CARTESIAN_POINT('',(129.79476,-133.444603,1.51));
#5334 = LINE('',#5335,#5336);
#5335 = CARTESIAN_POINT('',(129.79476,-133.444603,1.51));
#5336 = VECTOR('',#5337,1.);
#5337 = DIRECTION('',(-0.982630760572,-0.185571518231,0.));
#5338 = ORIENTED_EDGE('',*,*,#5339,.F.);
#5339 = EDGE_CURVE('',#5340,#5332,#5342,.T.);
#5340 = VERTEX_POINT('',#5341);
#5341 = CARTESIAN_POINT('',(129.852961,-133.412952,1.51));
#5342 = LINE('',#5343,#5344);
#5343 = CARTESIAN_POINT('',(129.852961,-133.412952,1.51));
#5344 = VECTOR('',#5345,1.);
#5345 = DIRECTION('',(-0.878497683992,-0.477746605661,0.));
#5346 = ORIENTED_EDGE('',*,*,#5347,.F.);
#5347 = EDGE_CURVE('',#5348,#5340,#5350,.T.);
#5348 = VERTEX_POINT('',#5349);
#5349 = CARTESIAN_POINT('',(130.58427,-133.996573,1.51));
#5350 = LINE('',#5351,#5352);
#5351 = CARTESIAN_POINT('',(130.58427,-133.996573,1.51));
#5352 = VECTOR('',#5353,1.);
#5353 = DIRECTION('',(-0.781611817576,0.623765153424,0.));
#5354 = ORIENTED_EDGE('',*,*,#5355,.F.);
#5355 = EDGE_CURVE('',#5356,#5348,#5358,.T.);
#5356 = VERTEX_POINT('',#5357);
#5357 = CARTESIAN_POINT('',(130.555734,-134.06153,1.51));
#5358 = LINE('',#5359,#5360);
#5359 = CARTESIAN_POINT('',(130.555734,-134.06153,1.51));
#5360 = VECTOR('',#5361,1.);
#5361 = DIRECTION('',(0.402206216355,0.915549102739,0.));
#5362 = ORIENTED_EDGE('',*,*,#5363,.F.);
#5363 = EDGE_CURVE('',#5364,#5356,#5366,.T.);
#5364 = VERTEX_POINT('',#5365);
#5365 = CARTESIAN_POINT('',(130.506249,-134.278408,1.51));
#5366 = LINE('',#5367,#5368);
#5367 = CARTESIAN_POINT('',(130.506249,-134.278408,1.51));
#5368 = VECTOR('',#5369,1.);
#5369 = DIRECTION('',(0.222452619431,0.974943502008,0.));
#5370 = ORIENTED_EDGE('',*,*,#5371,.F.);
#5371 = EDGE_CURVE('',#5372,#5364,#5374,.T.);
#5372 = VERTEX_POINT('',#5373);
#5373 = CARTESIAN_POINT('',(130.506249,-135.684092,1.51));
#5374 = LINE('',#5375,#5376);
#5375 = CARTESIAN_POINT('',(130.506249,-135.684092,1.51));
#5376 = VECTOR('',#5377,1.);
#5377 = DIRECTION('',(0.,1.,0.));
#5378 = ORIENTED_EDGE('',*,*,#5379,.F.);
#5379 = EDGE_CURVE('',#5380,#5372,#5382,.T.);
#5380 = VERTEX_POINT('',#5381);
#5381 = CARTESIAN_POINT('',(130.532796,-135.849703,1.51));
#5382 = LINE('',#5383,#5384);
#5383 = CARTESIAN_POINT('',(130.532796,-135.849703,1.51));
#5384 = VECTOR('',#5385,1.);
#5385 = DIRECTION('',(-0.158276741956,0.987394790829,0.));
#5386 = ORIENTED_EDGE('',*,*,#5387,.F.);
#5387 = EDGE_CURVE('',#5388,#5380,#5390,.T.);
#5388 = VERTEX_POINT('',#5389);
#5389 = CARTESIAN_POINT('',(130.555734,-135.900969,1.51));
#5390 = LINE('',#5391,#5392);
#5391 = CARTESIAN_POINT('',(130.555734,-135.900969,1.51));
#5392 = VECTOR('',#5393,1.);
#5393 = DIRECTION('',(-0.408413690492,0.912796942051,0.));
#5394 = ORIENTED_EDGE('',*,*,#5395,.F.);
#5395 = EDGE_CURVE('',#5396,#5388,#5398,.T.);
#5396 = VERTEX_POINT('',#5397);
#5397 = CARTESIAN_POINT('',(129.915428,-136.583199,1.51));
#5398 = LINE('',#5399,#5400);
#5399 = CARTESIAN_POINT('',(129.915428,-136.583199,1.51));
#5400 = VECTOR('',#5401,1.);
#5401 = DIRECTION('',(0.684347950928,0.729155595234,0.));
#5402 = ORIENTED_EDGE('',*,*,#5403,.F.);
#5403 = EDGE_CURVE('',#5404,#5396,#5406,.T.);
#5404 = VERTEX_POINT('',#5405);
#5405 = CARTESIAN_POINT('',(129.852961,-136.549549,1.51));
#5406 = LINE('',#5407,#5408);
#5407 = CARTESIAN_POINT('',(129.852961,-136.549549,1.51));
#5408 = VECTOR('',#5409,1.);
#5409 = DIRECTION('',(0.880389175415,-0.474251937066,0.));
#5410 = ORIENTED_EDGE('',*,*,#5411,.F.);
#5411 = EDGE_CURVE('',#5412,#5404,#5414,.T.);
#5412 = VERTEX_POINT('',#5413);
#5413 = CARTESIAN_POINT('',(129.600702,-136.48125,1.51));
#5414 = LINE('',#5415,#5416);
#5415 = CARTESIAN_POINT('',(129.600702,-136.48125,1.51));
#5416 = VECTOR('',#5417,1.);
#5417 = DIRECTION('',(0.965246785273,-0.261340091681,0.));
#5418 = ORIENTED_EDGE('',*,*,#5419,.F.);
#5419 = EDGE_CURVE('',#5420,#5412,#5422,.T.);
#5420 = VERTEX_POINT('',#5421);
#5421 = CARTESIAN_POINT('',(128.011798,-136.48125,1.51));
#5422 = LINE('',#5423,#5424);
#5423 = CARTESIAN_POINT('',(128.011798,-136.48125,1.51));
#5424 = VECTOR('',#5425,1.);
#5425 = DIRECTION('',(1.,0.,0.));
#5426 = ORIENTED_EDGE('',*,*,#5427,.F.);
#5427 = EDGE_CURVE('',#5428,#5420,#5430,.T.);
#5428 = VERTEX_POINT('',#5429);
#5429 = CARTESIAN_POINT('',(127.81774,-136.517896,1.51));
#5430 = LINE('',#5431,#5432);
#5431 = CARTESIAN_POINT('',(127.81774,-136.517896,1.51));
#5432 = VECTOR('',#5433,1.);
#5433 = DIRECTION('',(0.982632781566,0.185560816422,0.));
#5434 = ORIENTED_EDGE('',*,*,#5435,.F.);
#5435 = EDGE_CURVE('',#5436,#5428,#5438,.T.);
#5436 = VERTEX_POINT('',#5437);
#5437 = CARTESIAN_POINT('',(127.759539,-136.549547,1.51));
#5438 = LINE('',#5439,#5440);
#5439 = CARTESIAN_POINT('',(127.759539,-136.549547,1.51));
#5440 = VECTOR('',#5441,1.);
#5441 = DIRECTION('',(0.878497683992,0.47774660566,0.));
#5442 = ORIENTED_EDGE('',*,*,#5443,.F.);
#5443 = EDGE_CURVE('',#5444,#5436,#5446,.T.);
#5444 = VERTEX_POINT('',#5445);
#5445 = CARTESIAN_POINT('',(127.02823,-135.965927,1.51));
#5446 = LINE('',#5447,#5448);
#5447 = CARTESIAN_POINT('',(127.02823,-135.965927,1.51));
#5448 = VECTOR('',#5449,1.);
#5449 = DIRECTION('',(0.781612338653,-0.623764500485,0.));
#5450 = ORIENTED_EDGE('',*,*,#5451,.F.);
#5451 = EDGE_CURVE('',#5452,#5444,#5454,.T.);
#5452 = VERTEX_POINT('',#5453);
#5453 = CARTESIAN_POINT('',(127.056766,-135.90097,1.51));
#5454 = LINE('',#5455,#5456);
#5455 = CARTESIAN_POINT('',(127.056766,-135.90097,1.51));
#5456 = VECTOR('',#5457,1.);
#5457 = DIRECTION('',(-0.402206216355,-0.915549102739,0.));
#5458 = ORIENTED_EDGE('',*,*,#5459,.F.);
#5459 = EDGE_CURVE('',#5460,#5452,#5462,.T.);
#5460 = VERTEX_POINT('',#5461);
#5461 = CARTESIAN_POINT('',(127.106251,-135.684092,1.51));
#5462 = LINE('',#5463,#5464);
#5463 = CARTESIAN_POINT('',(127.106251,-135.684092,1.51));
#5464 = VECTOR('',#5465,1.);
#5465 = DIRECTION('',(-0.222452619431,-0.974943502008,0.));
#5466 = ORIENTED_EDGE('',*,*,#5467,.F.);
#5467 = EDGE_CURVE('',#5468,#5460,#5470,.T.);
#5468 = VERTEX_POINT('',#5469);
#5469 = CARTESIAN_POINT('',(127.106251,-134.278408,1.51));
#5470 = LINE('',#5471,#5472);
#5471 = CARTESIAN_POINT('',(127.106251,-134.278408,1.51));
#5472 = VECTOR('',#5473,1.);
#5473 = DIRECTION('',(0.,-1.,0.));
#5474 = ORIENTED_EDGE('',*,*,#5475,.F.);
#5475 = EDGE_CURVE('',#5476,#5468,#5478,.T.);
#5476 = VERTEX_POINT('',#5477);
#5477 = CARTESIAN_POINT('',(127.079704,-134.112796,1.51));
#5478 = LINE('',#5479,#5480);
#5479 = CARTESIAN_POINT('',(127.079704,-134.112796,1.51));
#5480 = VECTOR('',#5481,1.);
#5481 = DIRECTION('',(0.15827581019,-0.987394940188,0.));
#5482 = ORIENTED_EDGE('',*,*,#5483,.F.);
#5483 = EDGE_CURVE('',#5300,#5476,#5484,.T.);
#5484 = LINE('',#5485,#5486);
#5485 = CARTESIAN_POINT('',(127.056766,-134.06153,1.51));
#5486 = VECTOR('',#5487,1.);
#5487 = DIRECTION('',(0.408413690492,-0.912796942051,0.));
#5488 = FACE_BOUND('',#5489,.T.);
#5489 = EDGE_LOOP('',(#5490,#5501,#5510));
#5490 = ORIENTED_EDGE('',*,*,#5491,.T.);
#5491 = EDGE_CURVE('',#5492,#5494,#5496,.T.);
#5492 = VERTEX_POINT('',#5493);
#5493 = CARTESIAN_POINT('',(123.9152269407,-129.4291724449,1.51));
#5494 = VERTEX_POINT('',#5495);
#5495 = CARTESIAN_POINT('',(124.27036093784,-129.8001090965,1.51));
#5496 = CIRCLE('',#5497,0.85);
#5497 = AXIS2_PLACEMENT_3D('',#5498,#5499,#5500);
#5498 = CARTESIAN_POINT('',(123.5075,-130.175,1.51));
#5499 = DIRECTION('',(-0.,0.,-1.));
#5500 = DIRECTION('',(-0.,-1.,0.));
#5501 = ORIENTED_EDGE('',*,*,#5502,.T.);
#5502 = EDGE_CURVE('',#5494,#5503,#5505,.T.);
#5503 = VERTEX_POINT('',#5504);
#5504 = CARTESIAN_POINT('',(123.5075,-131.025,1.51));
#5505 = CIRCLE('',#5506,0.85);
#5506 = AXIS2_PLACEMENT_3D('',#5507,#5508,#5509);
#5507 = CARTESIAN_POINT('',(123.5075,-130.175,1.51));
#5508 = DIRECTION('',(-0.,0.,-1.));
#5509 = DIRECTION('',(-0.,-1.,0.));
#5510 = ORIENTED_EDGE('',*,*,#5511,.T.);
#5511 = EDGE_CURVE('',#5503,#5492,#5512,.T.);
#5512 = CIRCLE('',#5513,0.85);
#5513 = AXIS2_PLACEMENT_3D('',#5514,#5515,#5516);
#5514 = CARTESIAN_POINT('',(123.5075,-130.175,1.51));
#5515 = DIRECTION('',(-0.,0.,-1.));
#5516 = DIRECTION('',(-0.,-1.,0.));
#5517 = FACE_BOUND('',#5518,.T.);
#5518 = EDGE_LOOP('',(#5519));
#5519 = ORIENTED_EDGE('',*,*,#5520,.T.);
#5520 = EDGE_CURVE('',#5521,#5521,#5523,.T.);
#5521 = VERTEX_POINT('',#5522);
#5522 = CARTESIAN_POINT('',(124.7775,-128.385,1.51));
#5523 = CIRCLE('',#5524,0.75);
#5524 = AXIS2_PLACEMENT_3D('',#5525,#5526,#5527);
#5525 = CARTESIAN_POINT('',(124.7775,-127.635,1.51));
#5526 = DIRECTION('',(-0.,0.,-1.));
#5527 = DIRECTION('',(-0.,-1.,0.));
#5528 = FACE_BOUND('',#5529,.T.);
#5529 = EDGE_LOOP('',(#5530));
#5530 = ORIENTED_EDGE('',*,*,#5531,.T.);
#5531 = EDGE_CURVE('',#5532,#5532,#5534,.T.);
#5532 = VERTEX_POINT('',#5533);
#5533 = CARTESIAN_POINT('',(128.5875,-132.175,1.51));
#5534 = CIRCLE('',#5535,2.);
#5535 = AXIS2_PLACEMENT_3D('',#5536,#5537,#5538);
#5536 = CARTESIAN_POINT('',(128.5875,-130.175,1.51));
#5537 = DIRECTION('',(-0.,0.,-1.));
#5538 = DIRECTION('',(-0.,-1.,0.));
#5539 = FACE_BOUND('',#5540,.T.);
#5540 = EDGE_LOOP('',(#5541));
#5541 = ORIENTED_EDGE('',*,*,#5542,.T.);
#5542 = EDGE_CURVE('',#5543,#5543,#5545,.T.);
#5543 = VERTEX_POINT('',#5544);
#5544 = CARTESIAN_POINT('',(136.525,-134.385,1.51));
#5545 = CIRCLE('',#5546,0.4);
#5546 = AXIS2_PLACEMENT_3D('',#5547,#5548,#5549);
#5547 = CARTESIAN_POINT('',(136.525,-133.985,1.51));
#5548 = DIRECTION('',(-0.,0.,-1.));
#5549 = DIRECTION('',(-0.,-1.,0.));
#5550 = FACE_BOUND('',#5551,.T.);
#5551 = EDGE_LOOP('',(#5552));
#5552 = ORIENTED_EDGE('',*,*,#5553,.T.);
#5553 = EDGE_CURVE('',#5554,#5554,#5556,.T.);
#5554 = VERTEX_POINT('',#5555);
#5555 = CARTESIAN_POINT('',(133.6675,-131.025,1.51));
#5556 = CIRCLE('',#5557,0.85);
#5557 = AXIS2_PLACEMENT_3D('',#5558,#5559,#5560);
#5558 = CARTESIAN_POINT('',(133.6675,-130.175,1.51));
#5559 = DIRECTION('',(-0.,0.,-1.));
#5560 = DIRECTION('',(-3.343730521224E-14,-1.,0.));
#5561 = FACE_BOUND('',#5562,.T.);
#5562 = EDGE_LOOP('',(#5563));
#5563 = ORIENTED_EDGE('',*,*,#5564,.T.);
#5564 = EDGE_CURVE('',#5565,#5565,#5567,.T.);
#5565 = VERTEX_POINT('',#5566);
#5566 = CARTESIAN_POINT('',(131.1275,-125.845,1.51));
#5567 = CIRCLE('',#5568,0.75);
#5568 = AXIS2_PLACEMENT_3D('',#5569,#5570,#5571);
#5569 = CARTESIAN_POINT('',(131.1275,-125.095,1.51));
#5570 = DIRECTION('',(-0.,0.,-1.));
#5571 = DIRECTION('',(-0.,-1.,0.));
#5572 = FACE_BOUND('',#5573,.T.);
#5573 = EDGE_LOOP('',(#5574));
#5574 = ORIENTED_EDGE('',*,*,#5575,.T.);
#5575 = EDGE_CURVE('',#5576,#5576,#5578,.T.);
#5576 = VERTEX_POINT('',#5577);
#5577 = CARTESIAN_POINT('',(136.525,-126.765,1.51));
#5578 = CIRCLE('',#5579,0.4);
#5579 = AXIS2_PLACEMENT_3D('',#5580,#5581,#5582);
#5580 = CARTESIAN_POINT('',(136.525,-126.365,1.51));
#5581 = DIRECTION('',(-0.,0.,-1.));
#5582 = DIRECTION('',(-0.,-1.,0.));
#5583 = FACE_BOUND('',#5584,.T.);
#5584 = EDGE_LOOP('',(#5585,#5595,#5603,#5611,#5619,#5627,#5635,#5643,
    #5651,#5659,#5667,#5675,#5683,#5691,#5699,#5707,#5715,#5723,#5731,
    #5739,#5747,#5755,#5763,#5771));
#5585 = ORIENTED_EDGE('',*,*,#5586,.F.);
#5586 = EDGE_CURVE('',#5587,#5589,#5591,.T.);
#5587 = VERTEX_POINT('',#5588);
#5588 = CARTESIAN_POINT('',(146.52832,-133.2327,1.51));
#5589 = VERTEX_POINT('',#5590);
#5590 = CARTESIAN_POINT('',(145.888017,-133.914938,1.51));
#5591 = LINE('',#5592,#5593);
#5592 = CARTESIAN_POINT('',(146.52832,-133.2327,1.51));
#5593 = VECTOR('',#5594,1.);
#5594 = DIRECTION('',(-0.68434197967,-0.729161199504,0.));
#5595 = ORIENTED_EDGE('',*,*,#5596,.F.);
#5596 = EDGE_CURVE('',#5597,#5587,#5599,.T.);
#5597 = VERTEX_POINT('',#5598);
#5598 = CARTESIAN_POINT('',(146.59079,-133.266359,1.51));
#5599 = LINE('',#5600,#5601);
#5600 = CARTESIAN_POINT('',(146.59079,-133.266359,1.51));
#5601 = VECTOR('',#5602,1.);
#5602 = DIRECTION('',(-0.880345725289,0.474332587922,0.));
#5603 = ORIENTED_EDGE('',*,*,#5604,.F.);
#5604 = EDGE_CURVE('',#5605,#5597,#5607,.T.);
#5605 = VERTEX_POINT('',#5606);
#5606 = CARTESIAN_POINT('',(146.843049,-133.334659,1.51));
#5607 = LINE('',#5608,#5609);
#5608 = CARTESIAN_POINT('',(146.843049,-133.334659,1.51));
#5609 = VECTOR('',#5610,1.);
#5610 = DIRECTION('',(-0.965245820026,0.261343656749,0.));
#5611 = ORIENTED_EDGE('',*,*,#5612,.F.);
#5612 = EDGE_CURVE('',#5613,#5605,#5615,.T.);
#5613 = VERTEX_POINT('',#5614);
#5614 = CARTESIAN_POINT('',(148.431954,-133.334659,1.51));
#5615 = LINE('',#5616,#5617);
#5616 = CARTESIAN_POINT('',(148.431954,-133.334659,1.51));
#5617 = VECTOR('',#5618,1.);
#5618 = DIRECTION('',(-1.,0.,0.));
#5619 = ORIENTED_EDGE('',*,*,#5620,.F.);
#5620 = EDGE_CURVE('',#5621,#5613,#5623,.T.);
#5621 = VERTEX_POINT('',#5622);
#5622 = CARTESIAN_POINT('',(148.626011,-133.29801,1.51));
#5623 = LINE('',#5624,#5625);
#5624 = CARTESIAN_POINT('',(148.626011,-133.29801,1.51));
#5625 = VECTOR('',#5626,1.);
#5626 = DIRECTION('',(-0.982629837218,-0.185576407469,0.));
#5627 = ORIENTED_EDGE('',*,*,#5628,.F.);
#5628 = EDGE_CURVE('',#5629,#5621,#5631,.T.);
#5629 = VERTEX_POINT('',#5630);
#5630 = CARTESIAN_POINT('',(148.684212,-133.26636,1.51));
#5631 = LINE('',#5632,#5633);
#5632 = CARTESIAN_POINT('',(148.684212,-133.26636,1.51));
#5633 = VECTOR('',#5634,1.);
#5634 = DIRECTION('',(-0.878504018987,-0.47773495646,0.));
#5635 = ORIENTED_EDGE('',*,*,#5636,.F.);
#5636 = EDGE_CURVE('',#5637,#5629,#5639,.T.);
#5637 = VERTEX_POINT('',#5638);
#5638 = CARTESIAN_POINT('',(149.415524,-133.849984,1.51));
#5639 = LINE('',#5640,#5641);
#5640 = CARTESIAN_POINT('',(149.415524,-133.849984,1.51));
#5641 = VECTOR('',#5642,1.);
#5642 = DIRECTION('',(-0.781611501882,0.623765549005,0.));
#5643 = ORIENTED_EDGE('',*,*,#5644,.F.);
#5644 = EDGE_CURVE('',#5645,#5637,#5647,.T.);
#5645 = VERTEX_POINT('',#5646);
#5646 = CARTESIAN_POINT('',(149.386985,-133.914938,1.51));
#5647 = LINE('',#5648,#5649);
#5648 = CARTESIAN_POINT('',(149.386985,-133.914938,1.51));
#5649 = VECTOR('',#5650,1.);
#5650 = DIRECTION('',(0.402257231305,0.915526689869,0.));
#5651 = ORIENTED_EDGE('',*,*,#5652,.F.);
#5652 = EDGE_CURVE('',#5653,#5645,#5655,.T.);
#5653 = VERTEX_POINT('',#5654);
#5654 = CARTESIAN_POINT('',(149.3375,-134.131816,1.51));
#5655 = LINE('',#5656,#5657);
#5656 = CARTESIAN_POINT('',(149.3375,-134.131816,1.51));
#5657 = VECTOR('',#5658,1.);
#5658 = DIRECTION('',(0.222452619431,0.974943502008,0.));
#5659 = ORIENTED_EDGE('',*,*,#5660,.F.);
#5660 = EDGE_CURVE('',#5661,#5653,#5663,.T.);
#5661 = VERTEX_POINT('',#5662);
#5662 = CARTESIAN_POINT('',(149.3375,-135.5375,1.51));
#5663 = LINE('',#5664,#5665);
#5664 = CARTESIAN_POINT('',(149.3375,-135.5375,1.51));
#5665 = VECTOR('',#5666,1.);
#5666 = DIRECTION('',(0.,1.,0.));
#5667 = ORIENTED_EDGE('',*,*,#5668,.F.);
#5668 = EDGE_CURVE('',#5669,#5661,#5671,.T.);
#5669 = VERTEX_POINT('',#5670);
#5670 = CARTESIAN_POINT('',(149.364048,-135.703111,1.51));
#5671 = LINE('',#5672,#5673);
#5672 = CARTESIAN_POINT('',(149.364048,-135.703111,1.51));
#5673 = VECTOR('',#5674,1.);
#5674 = DIRECTION('',(-0.15828255472,0.987393859041,0.));
#5675 = ORIENTED_EDGE('',*,*,#5676,.F.);
#5676 = EDGE_CURVE('',#5677,#5669,#5679,.T.);
#5677 = VERTEX_POINT('',#5678);
#5678 = CARTESIAN_POINT('',(149.386985,-135.754377,1.51));
#5679 = LINE('',#5680,#5681);
#5680 = CARTESIAN_POINT('',(149.386985,-135.754377,1.51));
#5681 = VECTOR('',#5682,1.);
#5682 = DIRECTION('',(-0.408398855141,0.912803579703,0.));
#5683 = ORIENTED_EDGE('',*,*,#5684,.F.);
#5684 = EDGE_CURVE('',#5685,#5677,#5687,.T.);
#5685 = VERTEX_POINT('',#5686);
#5686 = CARTESIAN_POINT('',(148.746676,-136.436618,1.51));
#5687 = LINE('',#5688,#5689);
#5688 = CARTESIAN_POINT('',(148.746676,-136.436618,1.51));
#5689 = VECTOR('',#5690,1.);
#5690 = DIRECTION('',(0.684343789171,0.729159501222,0.));
#5691 = ORIENTED_EDGE('',*,*,#5692,.F.);
#5692 = EDGE_CURVE('',#5693,#5685,#5695,.T.);
#5693 = VERTEX_POINT('',#5694);
#5694 = CARTESIAN_POINT('',(148.684212,-136.402957,1.51));
#5695 = LINE('',#5696,#5697);
#5696 = CARTESIAN_POINT('',(148.684212,-136.402957,1.51));
#5697 = VECTOR('',#5698,1.);
#5698 = DIRECTION('',(0.880314928453,-0.474389741398,0.));
#5699 = ORIENTED_EDGE('',*,*,#5700,.F.);
#5700 = EDGE_CURVE('',#5701,#5693,#5703,.T.);
#5701 = VERTEX_POINT('',#5702);
#5702 = CARTESIAN_POINT('',(148.431953,-136.334658,1.51));
#5703 = LINE('',#5704,#5705);
#5704 = CARTESIAN_POINT('',(148.431953,-136.334658,1.51));
#5705 = VECTOR('',#5706,1.);
#5706 = DIRECTION('',(0.965246785273,-0.261340091681,0.));
#5707 = ORIENTED_EDGE('',*,*,#5708,.F.);
#5708 = EDGE_CURVE('',#5709,#5701,#5711,.T.);
#5709 = VERTEX_POINT('',#5710);
#5710 = CARTESIAN_POINT('',(146.843049,-136.334658,1.51));
#5711 = LINE('',#5712,#5713);
#5712 = CARTESIAN_POINT('',(146.843049,-136.334658,1.51));
#5713 = VECTOR('',#5714,1.);
#5714 = DIRECTION('',(1.,0.,0.));
#5715 = ORIENTED_EDGE('',*,*,#5716,.F.);
#5716 = EDGE_CURVE('',#5717,#5709,#5719,.T.);
#5717 = VERTEX_POINT('',#5718);
#5718 = CARTESIAN_POINT('',(146.64899,-136.371298,1.51));
#5719 = LINE('',#5720,#5721);
#5720 = CARTESIAN_POINT('',(146.64899,-136.371298,1.51));
#5721 = VECTOR('',#5722,1.);
#5722 = DIRECTION('',(0.982638495187,0.18553055753,0.));
#5723 = ORIENTED_EDGE('',*,*,#5724,.F.);
#5724 = EDGE_CURVE('',#5725,#5717,#5727,.T.);
#5725 = VERTEX_POINT('',#5726);
#5726 = CARTESIAN_POINT('',(146.59079,-136.402955,1.51));
#5727 = LINE('',#5728,#5729);
#5728 = CARTESIAN_POINT('',(146.59079,-136.402955,1.51));
#5729 = VECTOR('',#5730,1.);
#5730 = DIRECTION('',(0.878456226645,0.477822831046,0.));
#5731 = ORIENTED_EDGE('',*,*,#5732,.F.);
#5732 = EDGE_CURVE('',#5733,#5725,#5735,.T.);
#5733 = VERTEX_POINT('',#5734);
#5734 = CARTESIAN_POINT('',(145.859464,-135.819339,1.51));
#5735 = LINE('',#5736,#5737);
#5736 = CARTESIAN_POINT('',(145.859464,-135.819339,1.51));
#5737 = VECTOR('',#5738,1.);
#5738 = DIRECTION('',(0.781621492145,-0.623753030467,0.));
#5739 = ORIENTED_EDGE('',*,*,#5740,.F.);
#5740 = EDGE_CURVE('',#5741,#5733,#5743,.T.);
#5741 = VERTEX_POINT('',#5742);
#5742 = CARTESIAN_POINT('',(145.888017,-135.754378,1.51));
#5743 = LINE('',#5744,#5745);
#5744 = CARTESIAN_POINT('',(145.888017,-135.754378,1.51));
#5745 = VECTOR('',#5746,1.);
#5746 = DIRECTION('',(-0.402386269203,-0.915469983318,0.));
#5747 = ORIENTED_EDGE('',*,*,#5748,.F.);
#5748 = EDGE_CURVE('',#5749,#5741,#5751,.T.);
#5749 = VERTEX_POINT('',#5750);
#5750 = CARTESIAN_POINT('',(145.937502,-135.5375,1.51));
#5751 = LINE('',#5752,#5753);
#5752 = CARTESIAN_POINT('',(145.937502,-135.5375,1.51));
#5753 = VECTOR('',#5754,1.);
#5754 = DIRECTION('',(-0.222452619431,-0.974943502008,0.));
#5755 = ORIENTED_EDGE('',*,*,#5756,.F.);
#5756 = EDGE_CURVE('',#5757,#5749,#5759,.T.);
#5757 = VERTEX_POINT('',#5758);
#5758 = CARTESIAN_POINT('',(145.937502,-134.131816,1.51));
#5759 = LINE('',#5760,#5761);
#5760 = CARTESIAN_POINT('',(145.937502,-134.131816,1.51));
#5761 = VECTOR('',#5762,1.);
#5762 = DIRECTION('',(0.,-1.,0.));
#5763 = ORIENTED_EDGE('',*,*,#5764,.F.);
#5764 = EDGE_CURVE('',#5765,#5757,#5767,.T.);
#5765 = VERTEX_POINT('',#5766);
#5766 = CARTESIAN_POINT('',(145.910953,-133.966205,1.51));
#5767 = LINE('',#5768,#5769);
#5768 = CARTESIAN_POINT('',(145.910953,-133.966205,1.51));
#5769 = VECTOR('',#5770,1.);
#5770 = DIRECTION('',(0.158288367468,-0.98739292722,0.));
#5771 = ORIENTED_EDGE('',*,*,#5772,.F.);
#5772 = EDGE_CURVE('',#5589,#5765,#5773,.T.);
#5773 = LINE('',#5774,#5775);
#5774 = CARTESIAN_POINT('',(145.888017,-133.914938,1.51));
#5775 = VECTOR('',#5776,1.);
#5776 = DIRECTION('',(0.408377382128,-0.912813186674,0.));
#5777 = FACE_BOUND('',#5778,.T.);
#5778 = EDGE_LOOP('',(#5779,#5790,#5799));
#5779 = ORIENTED_EDGE('',*,*,#5780,.T.);
#5780 = EDGE_CURVE('',#5781,#5783,#5785,.T.);
#5781 = VERTEX_POINT('',#5782);
#5782 = CARTESIAN_POINT('',(142.28136524399,-129.3711034914,1.51));
#5783 = VERTEX_POINT('',#5784);
#5784 = CARTESIAN_POINT('',(143.38396071861,-130.3736521597,1.51));
#5785 = CIRCLE('',#5786,0.85);
#5786 = AXIS2_PLACEMENT_3D('',#5787,#5788,#5789);
#5787 = CARTESIAN_POINT('',(142.5575,-130.175,1.51));
#5788 = DIRECTION('',(-0.,0.,-1.));
#5789 = DIRECTION('',(-0.,-1.,0.));
#5790 = ORIENTED_EDGE('',*,*,#5791,.T.);
#5791 = EDGE_CURVE('',#5783,#5792,#5794,.T.);
#5792 = VERTEX_POINT('',#5793);
#5793 = CARTESIAN_POINT('',(142.5575,-131.025,1.51));
#5794 = CIRCLE('',#5795,0.85);
#5795 = AXIS2_PLACEMENT_3D('',#5796,#5797,#5798);
#5796 = CARTESIAN_POINT('',(142.5575,-130.175,1.51));
#5797 = DIRECTION('',(-0.,0.,-1.));
#5798 = DIRECTION('',(-0.,-1.,0.));
#5799 = ORIENTED_EDGE('',*,*,#5800,.T.);
#5800 = EDGE_CURVE('',#5792,#5781,#5801,.T.);
#5801 = CIRCLE('',#5802,0.85);
#5802 = AXIS2_PLACEMENT_3D('',#5803,#5804,#5805);
#5803 = CARTESIAN_POINT('',(142.5575,-130.175,1.51));
#5804 = DIRECTION('',(-0.,0.,-1.));
#5805 = DIRECTION('',(-0.,-1.,0.));
#5806 = FACE_BOUND('',#5807,.T.);
#5807 = EDGE_LOOP('',(#5808));
#5808 = ORIENTED_EDGE('',*,*,#5809,.T.);
#5809 = EDGE_CURVE('',#5810,#5810,#5812,.T.);
#5810 = VERTEX_POINT('',#5811);
#5811 = CARTESIAN_POINT('',(143.8275,-128.385,1.51));
#5812 = CIRCLE('',#5813,0.75);
#5813 = AXIS2_PLACEMENT_3D('',#5814,#5815,#5816);
#5814 = CARTESIAN_POINT('',(143.8275,-127.635,1.51));
#5815 = DIRECTION('',(-0.,0.,-1.));
#5816 = DIRECTION('',(-0.,-1.,0.));
#5817 = FACE_BOUND('',#5818,.T.);
#5818 = EDGE_LOOP('',(#5819));
#5819 = ORIENTED_EDGE('',*,*,#5820,.T.);
#5820 = EDGE_CURVE('',#5821,#5821,#5823,.T.);
#5821 = VERTEX_POINT('',#5822);
#5822 = CARTESIAN_POINT('',(147.6375,-132.175,1.51));
#5823 = CIRCLE('',#5824,2.);
#5824 = AXIS2_PLACEMENT_3D('',#5825,#5826,#5827);
#5825 = CARTESIAN_POINT('',(147.6375,-130.175,1.51));
#5826 = DIRECTION('',(-0.,0.,-1.));
#5827 = DIRECTION('',(-0.,-1.,0.));
#5828 = FACE_BOUND('',#5829,.T.);
#5829 = EDGE_LOOP('',(#5830));
#5830 = ORIENTED_EDGE('',*,*,#5831,.T.);
#5831 = EDGE_CURVE('',#5832,#5832,#5834,.T.);
#5832 = VERTEX_POINT('',#5833);
#5833 = CARTESIAN_POINT('',(155.575,-134.385,1.51));
#5834 = CIRCLE('',#5835,0.4);
#5835 = AXIS2_PLACEMENT_3D('',#5836,#5837,#5838);
#5836 = CARTESIAN_POINT('',(155.575,-133.985,1.51));
#5837 = DIRECTION('',(-0.,0.,-1.));
#5838 = DIRECTION('',(-0.,-1.,0.));
#5839 = FACE_BOUND('',#5840,.T.);
#5840 = EDGE_LOOP('',(#5841));
#5841 = ORIENTED_EDGE('',*,*,#5842,.T.);
#5842 = EDGE_CURVE('',#5843,#5843,#5845,.T.);
#5843 = VERTEX_POINT('',#5844);
#5844 = CARTESIAN_POINT('',(152.7175,-131.025,1.51));
#5845 = CIRCLE('',#5846,0.85);
#5846 = AXIS2_PLACEMENT_3D('',#5847,#5848,#5849);
#5847 = CARTESIAN_POINT('',(152.7175,-130.175,1.51));
#5848 = DIRECTION('',(-0.,0.,-1.));
#5849 = DIRECTION('',(-0.,-1.,0.));
#5850 = FACE_BOUND('',#5851,.T.);
#5851 = EDGE_LOOP('',(#5852));
#5852 = ORIENTED_EDGE('',*,*,#5853,.T.);
#5853 = EDGE_CURVE('',#5854,#5854,#5856,.T.);
#5854 = VERTEX_POINT('',#5855);
#5855 = CARTESIAN_POINT('',(150.1775,-125.845,1.51));
#5856 = CIRCLE('',#5857,0.75);
#5857 = AXIS2_PLACEMENT_3D('',#5858,#5859,#5860);
#5858 = CARTESIAN_POINT('',(150.1775,-125.095,1.51));
#5859 = DIRECTION('',(-0.,0.,-1.));
#5860 = DIRECTION('',(-0.,-1.,0.));
#5861 = FACE_BOUND('',#5862,.T.);
#5862 = EDGE_LOOP('',(#5863));
#5863 = ORIENTED_EDGE('',*,*,#5864,.T.);
#5864 = EDGE_CURVE('',#5865,#5865,#5867,.T.);
#5865 = VERTEX_POINT('',#5866);
#5866 = CARTESIAN_POINT('',(155.575,-126.765,1.51));
#5867 = CIRCLE('',#5868,0.4);
#5868 = AXIS2_PLACEMENT_3D('',#5869,#5870,#5871);
#5869 = CARTESIAN_POINT('',(155.575,-126.365,1.51));
#5870 = DIRECTION('',(-0.,0.,-1.));
#5871 = DIRECTION('',(-0.,-1.,0.));
#5872 = FACE_BOUND('',#5873,.T.);
#5873 = EDGE_LOOP('',(#5874,#5884,#5892,#5900,#5908,#5916,#5924,#5932,
    #5940,#5948,#5956,#5964,#5972,#5980,#5988,#5996,#6004,#6012,#6020,
    #6028,#6036,#6044,#6052,#6060));
#5874 = ORIENTED_EDGE('',*,*,#5875,.F.);
#5875 = EDGE_CURVE('',#5876,#5878,#5880,.T.);
#5876 = VERTEX_POINT('',#5877);
#5877 = CARTESIAN_POINT('',(127.47832,-114.1827,1.51));
#5878 = VERTEX_POINT('',#5879);
#5879 = CARTESIAN_POINT('',(126.838017,-114.864938,1.51));
#5880 = LINE('',#5881,#5882);
#5881 = CARTESIAN_POINT('',(127.47832,-114.1827,1.51));
#5882 = VECTOR('',#5883,1.);
#5883 = DIRECTION('',(-0.68434197967,-0.729161199504,0.));
#5884 = ORIENTED_EDGE('',*,*,#5885,.F.);
#5885 = EDGE_CURVE('',#5886,#5876,#5888,.T.);
#5886 = VERTEX_POINT('',#5887);
#5887 = CARTESIAN_POINT('',(127.54079,-114.216359,1.51));
#5888 = LINE('',#5889,#5890);
#5889 = CARTESIAN_POINT('',(127.54079,-114.216359,1.51));
#5890 = VECTOR('',#5891,1.);
#5891 = DIRECTION('',(-0.880345725289,0.474332587922,0.));
#5892 = ORIENTED_EDGE('',*,*,#5893,.F.);
#5893 = EDGE_CURVE('',#5894,#5886,#5896,.T.);
#5894 = VERTEX_POINT('',#5895);
#5895 = CARTESIAN_POINT('',(127.793049,-114.284659,1.51));
#5896 = LINE('',#5897,#5898);
#5897 = CARTESIAN_POINT('',(127.793049,-114.284659,1.51));
#5898 = VECTOR('',#5899,1.);
#5899 = DIRECTION('',(-0.965245820026,0.261343656749,0.));
#5900 = ORIENTED_EDGE('',*,*,#5901,.F.);
#5901 = EDGE_CURVE('',#5902,#5894,#5904,.T.);
#5902 = VERTEX_POINT('',#5903);
#5903 = CARTESIAN_POINT('',(129.381954,-114.284659,1.51));
#5904 = LINE('',#5905,#5906);
#5905 = CARTESIAN_POINT('',(129.381954,-114.284659,1.51));
#5906 = VECTOR('',#5907,1.);
#5907 = DIRECTION('',(-1.,0.,0.));
#5908 = ORIENTED_EDGE('',*,*,#5909,.F.);
#5909 = EDGE_CURVE('',#5910,#5902,#5912,.T.);
#5910 = VERTEX_POINT('',#5911);
#5911 = CARTESIAN_POINT('',(129.576011,-114.24801,1.51));
#5912 = LINE('',#5913,#5914);
#5913 = CARTESIAN_POINT('',(129.576011,-114.24801,1.51));
#5914 = VECTOR('',#5915,1.);
#5915 = DIRECTION('',(-0.982629837218,-0.185576407469,0.));
#5916 = ORIENTED_EDGE('',*,*,#5917,.F.);
#5917 = EDGE_CURVE('',#5918,#5910,#5920,.T.);
#5918 = VERTEX_POINT('',#5919);
#5919 = CARTESIAN_POINT('',(129.634212,-114.21636,1.51));
#5920 = LINE('',#5921,#5922);
#5921 = CARTESIAN_POINT('',(129.634212,-114.21636,1.51));
#5922 = VECTOR('',#5923,1.);
#5923 = DIRECTION('',(-0.878504018987,-0.47773495646,0.));
#5924 = ORIENTED_EDGE('',*,*,#5925,.F.);
#5925 = EDGE_CURVE('',#5926,#5918,#5928,.T.);
#5926 = VERTEX_POINT('',#5927);
#5927 = CARTESIAN_POINT('',(130.365524,-114.799984,1.51));
#5928 = LINE('',#5929,#5930);
#5929 = CARTESIAN_POINT('',(130.365524,-114.799984,1.51));
#5930 = VECTOR('',#5931,1.);
#5931 = DIRECTION('',(-0.781611501882,0.623765549005,0.));
#5932 = ORIENTED_EDGE('',*,*,#5933,.F.);
#5933 = EDGE_CURVE('',#5934,#5926,#5936,.T.);
#5934 = VERTEX_POINT('',#5935);
#5935 = CARTESIAN_POINT('',(130.336985,-114.864938,1.51));
#5936 = LINE('',#5937,#5938);
#5937 = CARTESIAN_POINT('',(130.336985,-114.864938,1.51));
#5938 = VECTOR('',#5939,1.);
#5939 = DIRECTION('',(0.402257231305,0.915526689869,0.));
#5940 = ORIENTED_EDGE('',*,*,#5941,.F.);
#5941 = EDGE_CURVE('',#5942,#5934,#5944,.T.);
#5942 = VERTEX_POINT('',#5943);
#5943 = CARTESIAN_POINT('',(130.2875,-115.081816,1.51));
#5944 = LINE('',#5945,#5946);
#5945 = CARTESIAN_POINT('',(130.2875,-115.081816,1.51));
#5946 = VECTOR('',#5947,1.);
#5947 = DIRECTION('',(0.222452619431,0.974943502008,0.));
#5948 = ORIENTED_EDGE('',*,*,#5949,.F.);
#5949 = EDGE_CURVE('',#5950,#5942,#5952,.T.);
#5950 = VERTEX_POINT('',#5951);
#5951 = CARTESIAN_POINT('',(130.2875,-116.4875,1.51));
#5952 = LINE('',#5953,#5954);
#5953 = CARTESIAN_POINT('',(130.2875,-116.4875,1.51));
#5954 = VECTOR('',#5955,1.);
#5955 = DIRECTION('',(0.,1.,0.));
#5956 = ORIENTED_EDGE('',*,*,#5957,.F.);
#5957 = EDGE_CURVE('',#5958,#5950,#5960,.T.);
#5958 = VERTEX_POINT('',#5959);
#5959 = CARTESIAN_POINT('',(130.314048,-116.653111,1.51));
#5960 = LINE('',#5961,#5962);
#5961 = CARTESIAN_POINT('',(130.314048,-116.653111,1.51));
#5962 = VECTOR('',#5963,1.);
#5963 = DIRECTION('',(-0.158282554721,0.987393859041,0.));
#5964 = ORIENTED_EDGE('',*,*,#5965,.F.);
#5965 = EDGE_CURVE('',#5966,#5958,#5968,.T.);
#5966 = VERTEX_POINT('',#5967);
#5967 = CARTESIAN_POINT('',(130.336985,-116.704377,1.51));
#5968 = LINE('',#5969,#5970);
#5969 = CARTESIAN_POINT('',(130.336985,-116.704377,1.51));
#5970 = VECTOR('',#5971,1.);
#5971 = DIRECTION('',(-0.408398855141,0.912803579704,0.));
#5972 = ORIENTED_EDGE('',*,*,#5973,.F.);
#5973 = EDGE_CURVE('',#5974,#5966,#5976,.T.);
#5974 = VERTEX_POINT('',#5975);
#5975 = CARTESIAN_POINT('',(129.696676,-117.386618,1.51));
#5976 = LINE('',#5977,#5978);
#5977 = CARTESIAN_POINT('',(129.696676,-117.386618,1.51));
#5978 = VECTOR('',#5979,1.);
#5979 = DIRECTION('',(0.684343789171,0.729159501222,0.));
#5980 = ORIENTED_EDGE('',*,*,#5981,.F.);
#5981 = EDGE_CURVE('',#5982,#5974,#5984,.T.);
#5982 = VERTEX_POINT('',#5983);
#5983 = CARTESIAN_POINT('',(129.634212,-117.352957,1.51));
#5984 = LINE('',#5985,#5986);
#5985 = CARTESIAN_POINT('',(129.634212,-117.352957,1.51));
#5986 = VECTOR('',#5987,1.);
#5987 = DIRECTION('',(0.880314928453,-0.474389741397,0.));
#5988 = ORIENTED_EDGE('',*,*,#5989,.F.);
#5989 = EDGE_CURVE('',#5990,#5982,#5992,.T.);
#5990 = VERTEX_POINT('',#5991);
#5991 = CARTESIAN_POINT('',(129.381953,-117.284658,1.51));
#5992 = LINE('',#5993,#5994);
#5993 = CARTESIAN_POINT('',(129.381953,-117.284658,1.51));
#5994 = VECTOR('',#5995,1.);
#5995 = DIRECTION('',(0.965246785273,-0.261340091681,0.));
#5996 = ORIENTED_EDGE('',*,*,#5997,.F.);
#5997 = EDGE_CURVE('',#5998,#5990,#6000,.T.);
#5998 = VERTEX_POINT('',#5999);
#5999 = CARTESIAN_POINT('',(127.793049,-117.284658,1.51));
#6000 = LINE('',#6001,#6002);
#6001 = CARTESIAN_POINT('',(127.793049,-117.284658,1.51));
#6002 = VECTOR('',#6003,1.);
#6003 = DIRECTION('',(1.,0.,0.));
#6004 = ORIENTED_EDGE('',*,*,#6005,.F.);
#6005 = EDGE_CURVE('',#6006,#5998,#6008,.T.);
#6006 = VERTEX_POINT('',#6007);
#6007 = CARTESIAN_POINT('',(127.59899,-117.321298,1.51));
#6008 = LINE('',#6009,#6010);
#6009 = CARTESIAN_POINT('',(127.59899,-117.321298,1.51));
#6010 = VECTOR('',#6011,1.);
#6011 = DIRECTION('',(0.982638495187,0.18553055753,0.));
#6012 = ORIENTED_EDGE('',*,*,#6013,.F.);
#6013 = EDGE_CURVE('',#6014,#6006,#6016,.T.);
#6014 = VERTEX_POINT('',#6015);
#6015 = CARTESIAN_POINT('',(127.54079,-117.352955,1.51));
#6016 = LINE('',#6017,#6018);
#6017 = CARTESIAN_POINT('',(127.54079,-117.352955,1.51));
#6018 = VECTOR('',#6019,1.);
#6019 = DIRECTION('',(0.878456226645,0.477822831046,0.));
#6020 = ORIENTED_EDGE('',*,*,#6021,.F.);
#6021 = EDGE_CURVE('',#6022,#6014,#6024,.T.);
#6022 = VERTEX_POINT('',#6023);
#6023 = CARTESIAN_POINT('',(126.809464,-116.769339,1.51));
#6024 = LINE('',#6025,#6026);
#6025 = CARTESIAN_POINT('',(126.809464,-116.769339,1.51));
#6026 = VECTOR('',#6027,1.);
#6027 = DIRECTION('',(0.781621492145,-0.623753030467,0.));
#6028 = ORIENTED_EDGE('',*,*,#6029,.F.);
#6029 = EDGE_CURVE('',#6030,#6022,#6032,.T.);
#6030 = VERTEX_POINT('',#6031);
#6031 = CARTESIAN_POINT('',(126.838017,-116.704378,1.51));
#6032 = LINE('',#6033,#6034);
#6033 = CARTESIAN_POINT('',(126.838017,-116.704378,1.51));
#6034 = VECTOR('',#6035,1.);
#6035 = DIRECTION('',(-0.402386269203,-0.915469983318,0.));
#6036 = ORIENTED_EDGE('',*,*,#6037,.F.);
#6037 = EDGE_CURVE('',#6038,#6030,#6040,.T.);
#6038 = VERTEX_POINT('',#6039);
#6039 = CARTESIAN_POINT('',(126.887502,-116.4875,1.51));
#6040 = LINE('',#6041,#6042);
#6041 = CARTESIAN_POINT('',(126.887502,-116.4875,1.51));
#6042 = VECTOR('',#6043,1.);
#6043 = DIRECTION('',(-0.222452619431,-0.974943502008,0.));
#6044 = ORIENTED_EDGE('',*,*,#6045,.F.);
#6045 = EDGE_CURVE('',#6046,#6038,#6048,.T.);
#6046 = VERTEX_POINT('',#6047);
#6047 = CARTESIAN_POINT('',(126.887502,-115.081816,1.51));
#6048 = LINE('',#6049,#6050);
#6049 = CARTESIAN_POINT('',(126.887502,-115.081816,1.51));
#6050 = VECTOR('',#6051,1.);
#6051 = DIRECTION('',(0.,-1.,0.));
#6052 = ORIENTED_EDGE('',*,*,#6053,.F.);
#6053 = EDGE_CURVE('',#6054,#6046,#6056,.T.);
#6054 = VERTEX_POINT('',#6055);
#6055 = CARTESIAN_POINT('',(126.860953,-114.916205,1.51));
#6056 = LINE('',#6057,#6058);
#6057 = CARTESIAN_POINT('',(126.860953,-114.916205,1.51));
#6058 = VECTOR('',#6059,1.);
#6059 = DIRECTION('',(0.158288367468,-0.98739292722,0.));
#6060 = ORIENTED_EDGE('',*,*,#6061,.F.);
#6061 = EDGE_CURVE('',#5878,#6054,#6062,.T.);
#6062 = LINE('',#6063,#6064);
#6063 = CARTESIAN_POINT('',(126.838017,-114.864938,1.51));
#6064 = VECTOR('',#6065,1.);
#6065 = DIRECTION('',(0.408377382128,-0.912813186674,0.));
#6066 = FACE_BOUND('',#6067,.T.);
#6067 = EDGE_LOOP('',(#6068,#6079,#6088));
#6068 = ORIENTED_EDGE('',*,*,#6069,.T.);
#6069 = EDGE_CURVE('',#6070,#6072,#6074,.T.);
#6070 = VERTEX_POINT('',#6071);
#6071 = CARTESIAN_POINT('',(123.18606929197,-110.3381186239,1.51));
#6072 = VERTEX_POINT('',#6073);
#6073 = CARTESIAN_POINT('',(124.32489404931,-111.3581672535,1.51));
#6074 = CIRCLE('',#6075,0.85);
#6075 = AXIS2_PLACEMENT_3D('',#6076,#6077,#6078);
#6076 = CARTESIAN_POINT('',(123.5075,-111.125,1.51));
#6077 = DIRECTION('',(-0.,0.,-1.));
#6078 = DIRECTION('',(-0.,-1.,0.));
#6079 = ORIENTED_EDGE('',*,*,#6080,.T.);
#6080 = EDGE_CURVE('',#6072,#6081,#6083,.T.);
#6081 = VERTEX_POINT('',#6082);
#6082 = CARTESIAN_POINT('',(123.5075,-111.975,1.51));
#6083 = CIRCLE('',#6084,0.85);
#6084 = AXIS2_PLACEMENT_3D('',#6085,#6086,#6087);
#6085 = CARTESIAN_POINT('',(123.5075,-111.125,1.51));
#6086 = DIRECTION('',(-0.,0.,-1.));
#6087 = DIRECTION('',(-0.,-1.,0.));
#6088 = ORIENTED_EDGE('',*,*,#6089,.T.);
#6089 = EDGE_CURVE('',#6081,#6070,#6090,.T.);
#6090 = CIRCLE('',#6091,0.85);
#6091 = AXIS2_PLACEMENT_3D('',#6092,#6093,#6094);
#6092 = CARTESIAN_POINT('',(123.5075,-111.125,1.51));
#6093 = DIRECTION('',(-0.,0.,-1.));
#6094 = DIRECTION('',(-0.,-1.,0.));
#6095 = FACE_BOUND('',#6096,.T.);
#6096 = EDGE_LOOP('',(#6097));
#6097 = ORIENTED_EDGE('',*,*,#6098,.T.);
#6098 = EDGE_CURVE('',#6099,#6099,#6101,.T.);
#6099 = VERTEX_POINT('',#6100);
#6100 = CARTESIAN_POINT('',(128.5875,-113.125,1.51));
#6101 = CIRCLE('',#6102,2.);
#6102 = AXIS2_PLACEMENT_3D('',#6103,#6104,#6105);
#6103 = CARTESIAN_POINT('',(128.5875,-111.125,1.51));
#6104 = DIRECTION('',(-0.,0.,-1.));
#6105 = DIRECTION('',(-0.,-1.,0.));
#6106 = FACE_BOUND('',#6107,.T.);
#6107 = EDGE_LOOP('',(#6108));
#6108 = ORIENTED_EDGE('',*,*,#6109,.T.);
#6109 = EDGE_CURVE('',#6110,#6110,#6112,.T.);
#6110 = VERTEX_POINT('',#6111);
#6111 = CARTESIAN_POINT('',(136.525,-115.335,1.51));
#6112 = CIRCLE('',#6113,0.4);
#6113 = AXIS2_PLACEMENT_3D('',#6114,#6115,#6116);
#6114 = CARTESIAN_POINT('',(136.525,-114.935,1.51));
#6115 = DIRECTION('',(-0.,0.,-1.));
#6116 = DIRECTION('',(-0.,-1.,0.));
#6117 = FACE_BOUND('',#6118,.T.);
#6118 = EDGE_LOOP('',(#6119));
#6119 = ORIENTED_EDGE('',*,*,#6120,.T.);
#6120 = EDGE_CURVE('',#6121,#6121,#6123,.T.);
#6121 = VERTEX_POINT('',#6122);
#6122 = CARTESIAN_POINT('',(133.6675,-111.975,1.51));
#6123 = CIRCLE('',#6124,0.85);
#6124 = AXIS2_PLACEMENT_3D('',#6125,#6126,#6127);
#6125 = CARTESIAN_POINT('',(133.6675,-111.125,1.51));
#6126 = DIRECTION('',(-0.,0.,-1.));
#6127 = DIRECTION('',(-3.343730521224E-14,-1.,0.));
#6128 = FACE_BOUND('',#6129,.T.);
#6129 = EDGE_LOOP('',(#6130));
#6130 = ORIENTED_EDGE('',*,*,#6131,.T.);
#6131 = EDGE_CURVE('',#6132,#6132,#6134,.T.);
#6132 = VERTEX_POINT('',#6133);
#6133 = CARTESIAN_POINT('',(124.7775,-109.335,1.51));
#6134 = CIRCLE('',#6135,0.75);
#6135 = AXIS2_PLACEMENT_3D('',#6136,#6137,#6138);
#6136 = CARTESIAN_POINT('',(124.7775,-108.585,1.51));
#6137 = DIRECTION('',(-0.,0.,-1.));
#6138 = DIRECTION('',(-0.,-1.,0.));
#6139 = FACE_BOUND('',#6140,.T.);
#6140 = EDGE_LOOP('',(#6141,#6152,#6161));
#6141 = ORIENTED_EDGE('',*,*,#6142,.T.);
#6142 = EDGE_CURVE('',#6143,#6145,#6147,.T.);
#6143 = VERTEX_POINT('',#6144);
#6144 = CARTESIAN_POINT('',(130.90139829708,-105.329893001,1.51));
#6145 = VERTEX_POINT('',#6146);
#6146 = CARTESIAN_POINT('',(131.8744255236,-106.1128399748,1.51));
#6147 = CIRCLE('',#6148,0.75);
#6148 = AXIS2_PLACEMENT_3D('',#6149,#6150,#6151);
#6149 = CARTESIAN_POINT('',(131.1275,-106.045,1.51));
#6150 = DIRECTION('',(-0.,0.,-1.));
#6151 = DIRECTION('',(-0.,-1.,0.));
#6152 = ORIENTED_EDGE('',*,*,#6153,.T.);
#6153 = EDGE_CURVE('',#6145,#6154,#6156,.T.);
#6154 = VERTEX_POINT('',#6155);
#6155 = CARTESIAN_POINT('',(131.1275,-106.795,1.51));
#6156 = CIRCLE('',#6157,0.75);
#6157 = AXIS2_PLACEMENT_3D('',#6158,#6159,#6160);
#6158 = CARTESIAN_POINT('',(131.1275,-106.045,1.51));
#6159 = DIRECTION('',(-0.,0.,-1.));
#6160 = DIRECTION('',(-0.,-1.,0.));
#6161 = ORIENTED_EDGE('',*,*,#6162,.T.);
#6162 = EDGE_CURVE('',#6154,#6143,#6163,.T.);
#6163 = CIRCLE('',#6164,0.75);
#6164 = AXIS2_PLACEMENT_3D('',#6165,#6166,#6167);
#6165 = CARTESIAN_POINT('',(131.1275,-106.045,1.51));
#6166 = DIRECTION('',(-0.,0.,-1.));
#6167 = DIRECTION('',(-0.,-1.,0.));
#6168 = FACE_BOUND('',#6169,.T.);
#6169 = EDGE_LOOP('',(#6170));
#6170 = ORIENTED_EDGE('',*,*,#6171,.T.);
#6171 = EDGE_CURVE('',#6172,#6172,#6174,.T.);
#6172 = VERTEX_POINT('',#6173);
#6173 = CARTESIAN_POINT('',(136.525,-107.715,1.51));
#6174 = CIRCLE('',#6175,0.4);
#6175 = AXIS2_PLACEMENT_3D('',#6176,#6177,#6178);
#6176 = CARTESIAN_POINT('',(136.525,-107.315,1.51));
#6177 = DIRECTION('',(-0.,0.,-1.));
#6178 = DIRECTION('',(-0.,-1.,0.));
#6179 = FACE_BOUND('',#6180,.T.);
#6180 = EDGE_LOOP('',(#6181,#6191,#6199,#6207,#6215,#6223,#6231,#6239,
    #6247,#6255,#6263,#6271,#6279,#6287,#6295,#6303,#6311,#6319,#6327,
    #6335,#6343,#6351,#6359,#6367));
#6181 = ORIENTED_EDGE('',*,*,#6182,.F.);
#6182 = EDGE_CURVE('',#6183,#6185,#6187,.T.);
#6183 = VERTEX_POINT('',#6184);
#6184 = CARTESIAN_POINT('',(146.52832,-114.1827,1.51));
#6185 = VERTEX_POINT('',#6186);
#6186 = CARTESIAN_POINT('',(145.888017,-114.864938,1.51));
#6187 = LINE('',#6188,#6189);
#6188 = CARTESIAN_POINT('',(146.52832,-114.1827,1.51));
#6189 = VECTOR('',#6190,1.);
#6190 = DIRECTION('',(-0.68434197967,-0.729161199504,0.));
#6191 = ORIENTED_EDGE('',*,*,#6192,.F.);
#6192 = EDGE_CURVE('',#6193,#6183,#6195,.T.);
#6193 = VERTEX_POINT('',#6194);
#6194 = CARTESIAN_POINT('',(146.59079,-114.216359,1.51));
#6195 = LINE('',#6196,#6197);
#6196 = CARTESIAN_POINT('',(146.59079,-114.216359,1.51));
#6197 = VECTOR('',#6198,1.);
#6198 = DIRECTION('',(-0.880345725289,0.474332587922,0.));
#6199 = ORIENTED_EDGE('',*,*,#6200,.F.);
#6200 = EDGE_CURVE('',#6201,#6193,#6203,.T.);
#6201 = VERTEX_POINT('',#6202);
#6202 = CARTESIAN_POINT('',(146.843049,-114.284659,1.51));
#6203 = LINE('',#6204,#6205);
#6204 = CARTESIAN_POINT('',(146.843049,-114.284659,1.51));
#6205 = VECTOR('',#6206,1.);
#6206 = DIRECTION('',(-0.965245820026,0.261343656749,0.));
#6207 = ORIENTED_EDGE('',*,*,#6208,.F.);
#6208 = EDGE_CURVE('',#6209,#6201,#6211,.T.);
#6209 = VERTEX_POINT('',#6210);
#6210 = CARTESIAN_POINT('',(148.431954,-114.284659,1.51));
#6211 = LINE('',#6212,#6213);
#6212 = CARTESIAN_POINT('',(148.431954,-114.284659,1.51));
#6213 = VECTOR('',#6214,1.);
#6214 = DIRECTION('',(-1.,0.,0.));
#6215 = ORIENTED_EDGE('',*,*,#6216,.F.);
#6216 = EDGE_CURVE('',#6217,#6209,#6219,.T.);
#6217 = VERTEX_POINT('',#6218);
#6218 = CARTESIAN_POINT('',(148.626011,-114.24801,1.51));
#6219 = LINE('',#6220,#6221);
#6220 = CARTESIAN_POINT('',(148.626011,-114.24801,1.51));
#6221 = VECTOR('',#6222,1.);
#6222 = DIRECTION('',(-0.982629837218,-0.185576407469,0.));
#6223 = ORIENTED_EDGE('',*,*,#6224,.F.);
#6224 = EDGE_CURVE('',#6225,#6217,#6227,.T.);
#6225 = VERTEX_POINT('',#6226);
#6226 = CARTESIAN_POINT('',(148.684212,-114.21636,1.51));
#6227 = LINE('',#6228,#6229);
#6228 = CARTESIAN_POINT('',(148.684212,-114.21636,1.51));
#6229 = VECTOR('',#6230,1.);
#6230 = DIRECTION('',(-0.878504018987,-0.47773495646,0.));
#6231 = ORIENTED_EDGE('',*,*,#6232,.F.);
#6232 = EDGE_CURVE('',#6233,#6225,#6235,.T.);
#6233 = VERTEX_POINT('',#6234);
#6234 = CARTESIAN_POINT('',(149.415524,-114.799984,1.51));
#6235 = LINE('',#6236,#6237);
#6236 = CARTESIAN_POINT('',(149.415524,-114.799984,1.51));
#6237 = VECTOR('',#6238,1.);
#6238 = DIRECTION('',(-0.781611501882,0.623765549005,0.));
#6239 = ORIENTED_EDGE('',*,*,#6240,.F.);
#6240 = EDGE_CURVE('',#6241,#6233,#6243,.T.);
#6241 = VERTEX_POINT('',#6242);
#6242 = CARTESIAN_POINT('',(149.386985,-114.864938,1.51));
#6243 = LINE('',#6244,#6245);
#6244 = CARTESIAN_POINT('',(149.386985,-114.864938,1.51));
#6245 = VECTOR('',#6246,1.);
#6246 = DIRECTION('',(0.402257231305,0.915526689869,0.));
#6247 = ORIENTED_EDGE('',*,*,#6248,.F.);
#6248 = EDGE_CURVE('',#6249,#6241,#6251,.T.);
#6249 = VERTEX_POINT('',#6250);
#6250 = CARTESIAN_POINT('',(149.3375,-115.081816,1.51));
#6251 = LINE('',#6252,#6253);
#6252 = CARTESIAN_POINT('',(149.3375,-115.081816,1.51));
#6253 = VECTOR('',#6254,1.);
#6254 = DIRECTION('',(0.222452619431,0.974943502008,0.));
#6255 = ORIENTED_EDGE('',*,*,#6256,.F.);
#6256 = EDGE_CURVE('',#6257,#6249,#6259,.T.);
#6257 = VERTEX_POINT('',#6258);
#6258 = CARTESIAN_POINT('',(149.3375,-116.4875,1.51));
#6259 = LINE('',#6260,#6261);
#6260 = CARTESIAN_POINT('',(149.3375,-116.4875,1.51));
#6261 = VECTOR('',#6262,1.);
#6262 = DIRECTION('',(0.,1.,0.));
#6263 = ORIENTED_EDGE('',*,*,#6264,.F.);
#6264 = EDGE_CURVE('',#6265,#6257,#6267,.T.);
#6265 = VERTEX_POINT('',#6266);
#6266 = CARTESIAN_POINT('',(149.364048,-116.653111,1.51));
#6267 = LINE('',#6268,#6269);
#6268 = CARTESIAN_POINT('',(149.364048,-116.653111,1.51));
#6269 = VECTOR('',#6270,1.);
#6270 = DIRECTION('',(-0.15828255472,0.987393859041,0.));
#6271 = ORIENTED_EDGE('',*,*,#6272,.F.);
#6272 = EDGE_CURVE('',#6273,#6265,#6275,.T.);
#6273 = VERTEX_POINT('',#6274);
#6274 = CARTESIAN_POINT('',(149.386985,-116.704377,1.51));
#6275 = LINE('',#6276,#6277);
#6276 = CARTESIAN_POINT('',(149.386985,-116.704377,1.51));
#6277 = VECTOR('',#6278,1.);
#6278 = DIRECTION('',(-0.408398855141,0.912803579703,0.));
#6279 = ORIENTED_EDGE('',*,*,#6280,.F.);
#6280 = EDGE_CURVE('',#6281,#6273,#6283,.T.);
#6281 = VERTEX_POINT('',#6282);
#6282 = CARTESIAN_POINT('',(148.746676,-117.386618,1.51));
#6283 = LINE('',#6284,#6285);
#6284 = CARTESIAN_POINT('',(148.746676,-117.386618,1.51));
#6285 = VECTOR('',#6286,1.);
#6286 = DIRECTION('',(0.684343789171,0.729159501222,0.));
#6287 = ORIENTED_EDGE('',*,*,#6288,.F.);
#6288 = EDGE_CURVE('',#6289,#6281,#6291,.T.);
#6289 = VERTEX_POINT('',#6290);
#6290 = CARTESIAN_POINT('',(148.684212,-117.352957,1.51));
#6291 = LINE('',#6292,#6293);
#6292 = CARTESIAN_POINT('',(148.684212,-117.352957,1.51));
#6293 = VECTOR('',#6294,1.);
#6294 = DIRECTION('',(0.880314928453,-0.474389741397,0.));
#6295 = ORIENTED_EDGE('',*,*,#6296,.F.);
#6296 = EDGE_CURVE('',#6297,#6289,#6299,.T.);
#6297 = VERTEX_POINT('',#6298);
#6298 = CARTESIAN_POINT('',(148.431953,-117.284658,1.51));
#6299 = LINE('',#6300,#6301);
#6300 = CARTESIAN_POINT('',(148.431953,-117.284658,1.51));
#6301 = VECTOR('',#6302,1.);
#6302 = DIRECTION('',(0.965246785273,-0.261340091681,0.));
#6303 = ORIENTED_EDGE('',*,*,#6304,.F.);
#6304 = EDGE_CURVE('',#6305,#6297,#6307,.T.);
#6305 = VERTEX_POINT('',#6306);
#6306 = CARTESIAN_POINT('',(146.843049,-117.284658,1.51));
#6307 = LINE('',#6308,#6309);
#6308 = CARTESIAN_POINT('',(146.843049,-117.284658,1.51));
#6309 = VECTOR('',#6310,1.);
#6310 = DIRECTION('',(1.,0.,0.));
#6311 = ORIENTED_EDGE('',*,*,#6312,.F.);
#6312 = EDGE_CURVE('',#6313,#6305,#6315,.T.);
#6313 = VERTEX_POINT('',#6314);
#6314 = CARTESIAN_POINT('',(146.64899,-117.321298,1.51));
#6315 = LINE('',#6316,#6317);
#6316 = CARTESIAN_POINT('',(146.64899,-117.321298,1.51));
#6317 = VECTOR('',#6318,1.);
#6318 = DIRECTION('',(0.982638495187,0.18553055753,0.));
#6319 = ORIENTED_EDGE('',*,*,#6320,.F.);
#6320 = EDGE_CURVE('',#6321,#6313,#6323,.T.);
#6321 = VERTEX_POINT('',#6322);
#6322 = CARTESIAN_POINT('',(146.59079,-117.352955,1.51));
#6323 = LINE('',#6324,#6325);
#6324 = CARTESIAN_POINT('',(146.59079,-117.352955,1.51));
#6325 = VECTOR('',#6326,1.);
#6326 = DIRECTION('',(0.878456226645,0.477822831046,0.));
#6327 = ORIENTED_EDGE('',*,*,#6328,.F.);
#6328 = EDGE_CURVE('',#6329,#6321,#6331,.T.);
#6329 = VERTEX_POINT('',#6330);
#6330 = CARTESIAN_POINT('',(145.859464,-116.769339,1.51));
#6331 = LINE('',#6332,#6333);
#6332 = CARTESIAN_POINT('',(145.859464,-116.769339,1.51));
#6333 = VECTOR('',#6334,1.);
#6334 = DIRECTION('',(0.781621492145,-0.623753030467,0.));
#6335 = ORIENTED_EDGE('',*,*,#6336,.F.);
#6336 = EDGE_CURVE('',#6337,#6329,#6339,.T.);
#6337 = VERTEX_POINT('',#6338);
#6338 = CARTESIAN_POINT('',(145.888017,-116.704378,1.51));
#6339 = LINE('',#6340,#6341);
#6340 = CARTESIAN_POINT('',(145.888017,-116.704378,1.51));
#6341 = VECTOR('',#6342,1.);
#6342 = DIRECTION('',(-0.402386269203,-0.915469983318,0.));
#6343 = ORIENTED_EDGE('',*,*,#6344,.F.);
#6344 = EDGE_CURVE('',#6345,#6337,#6347,.T.);
#6345 = VERTEX_POINT('',#6346);
#6346 = CARTESIAN_POINT('',(145.937502,-116.4875,1.51));
#6347 = LINE('',#6348,#6349);
#6348 = CARTESIAN_POINT('',(145.937502,-116.4875,1.51));
#6349 = VECTOR('',#6350,1.);
#6350 = DIRECTION('',(-0.222452619431,-0.974943502008,0.));
#6351 = ORIENTED_EDGE('',*,*,#6352,.F.);
#6352 = EDGE_CURVE('',#6353,#6345,#6355,.T.);
#6353 = VERTEX_POINT('',#6354);
#6354 = CARTESIAN_POINT('',(145.937502,-115.081816,1.51));
#6355 = LINE('',#6356,#6357);
#6356 = CARTESIAN_POINT('',(145.937502,-115.081816,1.51));
#6357 = VECTOR('',#6358,1.);
#6358 = DIRECTION('',(0.,-1.,0.));
#6359 = ORIENTED_EDGE('',*,*,#6360,.F.);
#6360 = EDGE_CURVE('',#6361,#6353,#6363,.T.);
#6361 = VERTEX_POINT('',#6362);
#6362 = CARTESIAN_POINT('',(145.910953,-114.916205,1.51));
#6363 = LINE('',#6364,#6365);
#6364 = CARTESIAN_POINT('',(145.910953,-114.916205,1.51));
#6365 = VECTOR('',#6366,1.);
#6366 = DIRECTION('',(0.158288367468,-0.98739292722,0.));
#6367 = ORIENTED_EDGE('',*,*,#6368,.F.);
#6368 = EDGE_CURVE('',#6185,#6361,#6369,.T.);
#6369 = LINE('',#6370,#6371);
#6370 = CARTESIAN_POINT('',(145.888017,-114.864938,1.51));
#6371 = VECTOR('',#6372,1.);
#6372 = DIRECTION('',(0.408377382128,-0.912813186674,0.));
#6373 = FACE_BOUND('',#6374,.T.);
#6374 = EDGE_LOOP('',(#6375,#6386,#6395));
#6375 = ORIENTED_EDGE('',*,*,#6376,.T.);
#6376 = EDGE_CURVE('',#6377,#6379,#6381,.T.);
#6377 = VERTEX_POINT('',#6378);
#6378 = CARTESIAN_POINT('',(141.90514983523,-110.5800786639,1.51));
#6379 = VERTEX_POINT('',#6380);
#6380 = CARTESIAN_POINT('',(143.24531647252,-111.6244081498,1.51));
#6381 = CIRCLE('',#6382,0.85);
#6382 = AXIS2_PLACEMENT_3D('',#6383,#6384,#6385);
#6383 = CARTESIAN_POINT('',(142.5575,-111.125,1.51));
#6384 = DIRECTION('',(-0.,0.,-1.));
#6385 = DIRECTION('',(-0.,-1.,0.));
#6386 = ORIENTED_EDGE('',*,*,#6387,.T.);
#6387 = EDGE_CURVE('',#6379,#6388,#6390,.T.);
#6388 = VERTEX_POINT('',#6389);
#6389 = CARTESIAN_POINT('',(142.5575,-111.975,1.51));
#6390 = CIRCLE('',#6391,0.85);
#6391 = AXIS2_PLACEMENT_3D('',#6392,#6393,#6394);
#6392 = CARTESIAN_POINT('',(142.5575,-111.125,1.51));
#6393 = DIRECTION('',(-0.,0.,-1.));
#6394 = DIRECTION('',(-0.,-1.,0.));
#6395 = ORIENTED_EDGE('',*,*,#6396,.T.);
#6396 = EDGE_CURVE('',#6388,#6377,#6397,.T.);
#6397 = CIRCLE('',#6398,0.85);
#6398 = AXIS2_PLACEMENT_3D('',#6399,#6400,#6401);
#6399 = CARTESIAN_POINT('',(142.5575,-111.125,1.51));
#6400 = DIRECTION('',(-0.,0.,-1.));
#6401 = DIRECTION('',(-0.,-1.,0.));
#6402 = FACE_BOUND('',#6403,.T.);
#6403 = EDGE_LOOP('',(#6404));
#6404 = ORIENTED_EDGE('',*,*,#6405,.T.);
#6405 = EDGE_CURVE('',#6406,#6406,#6408,.T.);
#6406 = VERTEX_POINT('',#6407);
#6407 = CARTESIAN_POINT('',(147.6375,-113.125,1.51));
#6408 = CIRCLE('',#6409,2.);
#6409 = AXIS2_PLACEMENT_3D('',#6410,#6411,#6412);
#6410 = CARTESIAN_POINT('',(147.6375,-111.125,1.51));
#6411 = DIRECTION('',(-0.,0.,-1.));
#6412 = DIRECTION('',(-0.,-1.,0.));
#6413 = FACE_BOUND('',#6414,.T.);
#6414 = EDGE_LOOP('',(#6415));
#6415 = ORIENTED_EDGE('',*,*,#6416,.T.);
#6416 = EDGE_CURVE('',#6417,#6417,#6419,.T.);
#6417 = VERTEX_POINT('',#6418);
#6418 = CARTESIAN_POINT('',(155.575,-115.335,1.51));
#6419 = CIRCLE('',#6420,0.4);
#6420 = AXIS2_PLACEMENT_3D('',#6421,#6422,#6423);
#6421 = CARTESIAN_POINT('',(155.575,-114.935,1.51));
#6422 = DIRECTION('',(-0.,0.,-1.));
#6423 = DIRECTION('',(-0.,-1.,0.));
#6424 = FACE_BOUND('',#6425,.T.);
#6425 = EDGE_LOOP('',(#6426,#6437,#6446));
#6426 = ORIENTED_EDGE('',*,*,#6427,.T.);
#6427 = EDGE_CURVE('',#6428,#6430,#6432,.T.);
#6428 = VERTEX_POINT('',#6429);
#6429 = CARTESIAN_POINT('',(152.82373204883,-110.2816645081,1.51));
#6430 = VERTEX_POINT('',#6431);
#6431 = CARTESIAN_POINT('',(153.48438360821,-110.7584082223,1.51));
#6432 = CIRCLE('',#6433,0.85);
#6433 = AXIS2_PLACEMENT_3D('',#6434,#6435,#6436);
#6434 = CARTESIAN_POINT('',(152.7175,-111.125,1.51));
#6435 = DIRECTION('',(-0.,0.,-1.));
#6436 = DIRECTION('',(-0.,-1.,0.));
#6437 = ORIENTED_EDGE('',*,*,#6438,.T.);
#6438 = EDGE_CURVE('',#6430,#6439,#6441,.T.);
#6439 = VERTEX_POINT('',#6440);
#6440 = CARTESIAN_POINT('',(152.7175,-111.975,1.51));
#6441 = CIRCLE('',#6442,0.85);
#6442 = AXIS2_PLACEMENT_3D('',#6443,#6444,#6445);
#6443 = CARTESIAN_POINT('',(152.7175,-111.125,1.51));
#6444 = DIRECTION('',(-0.,0.,-1.));
#6445 = DIRECTION('',(-0.,-1.,0.));
#6446 = ORIENTED_EDGE('',*,*,#6447,.T.);
#6447 = EDGE_CURVE('',#6439,#6428,#6448,.T.);
#6448 = CIRCLE('',#6449,0.85);
#6449 = AXIS2_PLACEMENT_3D('',#6450,#6451,#6452);
#6450 = CARTESIAN_POINT('',(152.7175,-111.125,1.51));
#6451 = DIRECTION('',(-0.,0.,-1.));
#6452 = DIRECTION('',(-0.,-1.,0.));
#6453 = FACE_BOUND('',#6454,.T.);
#6454 = EDGE_LOOP('',(#6455));
#6455 = ORIENTED_EDGE('',*,*,#6456,.T.);
#6456 = EDGE_CURVE('',#6457,#6457,#6459,.T.);
#6457 = VERTEX_POINT('',#6458);
#6458 = CARTESIAN_POINT('',(143.8275,-109.335,1.51));
#6459 = CIRCLE('',#6460,0.75);
#6460 = AXIS2_PLACEMENT_3D('',#6461,#6462,#6463);
#6461 = CARTESIAN_POINT('',(143.8275,-108.585,1.51));
#6462 = DIRECTION('',(-0.,0.,-1.));
#6463 = DIRECTION('',(-0.,-1.,0.));
#6464 = FACE_BOUND('',#6465,.T.);
#6465 = EDGE_LOOP('',(#6466));
#6466 = ORIENTED_EDGE('',*,*,#6467,.T.);
#6467 = EDGE_CURVE('',#6468,#6468,#6470,.T.);
#6468 = VERTEX_POINT('',#6469);
#6469 = CARTESIAN_POINT('',(150.1775,-106.795,1.51));
#6470 = CIRCLE('',#6471,0.75);
#6471 = AXIS2_PLACEMENT_3D('',#6472,#6473,#6474);
#6472 = CARTESIAN_POINT('',(150.1775,-106.045,1.51));
#6473 = DIRECTION('',(-0.,0.,-1.));
#6474 = DIRECTION('',(-0.,-1.,0.));
#6475 = FACE_BOUND('',#6476,.T.);
#6476 = EDGE_LOOP('',(#6477,#6488,#6497));
#6477 = ORIENTED_EDGE('',*,*,#6478,.T.);
#6478 = EDGE_CURVE('',#6479,#6481,#6483,.T.);
#6479 = VERTEX_POINT('',#6480);
#6480 = CARTESIAN_POINT('',(155.26065217119,-107.0676430867,1.51));
#6481 = VERTEX_POINT('',#6482);
#6482 = CARTESIAN_POINT('',(155.91793372315,-107.5209040104,1.51));
#6483 = CIRCLE('',#6484,0.4);
#6484 = AXIS2_PLACEMENT_3D('',#6485,#6486,#6487);
#6485 = CARTESIAN_POINT('',(155.575,-107.315,1.51));
#6486 = DIRECTION('',(-0.,0.,-1.));
#6487 = DIRECTION('',(-0.,-1.,0.));
#6488 = ORIENTED_EDGE('',*,*,#6489,.T.);
#6489 = EDGE_CURVE('',#6481,#6490,#6492,.T.);
#6490 = VERTEX_POINT('',#6491);
#6491 = CARTESIAN_POINT('',(155.575,-107.715,1.51));
#6492 = CIRCLE('',#6493,0.4);
#6493 = AXIS2_PLACEMENT_3D('',#6494,#6495,#6496);
#6494 = CARTESIAN_POINT('',(155.575,-107.315,1.51));
#6495 = DIRECTION('',(-0.,0.,-1.));
#6496 = DIRECTION('',(-0.,-1.,0.));
#6497 = ORIENTED_EDGE('',*,*,#6498,.T.);
#6498 = EDGE_CURVE('',#6490,#6479,#6499,.T.);
#6499 = CIRCLE('',#6500,0.4);
#6500 = AXIS2_PLACEMENT_3D('',#6501,#6502,#6503);
#6501 = CARTESIAN_POINT('',(155.575,-107.315,1.51));
#6502 = DIRECTION('',(-0.,0.,-1.));
#6503 = DIRECTION('',(-0.,-1.,0.));
#6504 = FACE_BOUND('',#6505,.T.);
#6505 = EDGE_LOOP('',(#6506,#6516,#6524,#6532,#6540,#6548,#6556,#6564,
    #6572,#6580,#6588,#6596,#6604,#6612,#6620,#6628,#6636,#6644,#6652,
    #6660,#6668,#6676,#6684,#6692));
#6506 = ORIENTED_EDGE('',*,*,#6507,.F.);
#6507 = EDGE_CURVE('',#6508,#6510,#6512,.T.);
#6508 = VERTEX_POINT('',#6509);
#6509 = CARTESIAN_POINT('',(165.57832,-133.2327,1.51));
#6510 = VERTEX_POINT('',#6511);
#6511 = CARTESIAN_POINT('',(164.938017,-133.914938,1.51));
#6512 = LINE('',#6513,#6514);
#6513 = CARTESIAN_POINT('',(165.57832,-133.2327,1.51));
#6514 = VECTOR('',#6515,1.);
#6515 = DIRECTION('',(-0.68434197967,-0.729161199504,0.));
#6516 = ORIENTED_EDGE('',*,*,#6517,.F.);
#6517 = EDGE_CURVE('',#6518,#6508,#6520,.T.);
#6518 = VERTEX_POINT('',#6519);
#6519 = CARTESIAN_POINT('',(165.64079,-133.266359,1.51));
#6520 = LINE('',#6521,#6522);
#6521 = CARTESIAN_POINT('',(165.64079,-133.266359,1.51));
#6522 = VECTOR('',#6523,1.);
#6523 = DIRECTION('',(-0.880345725289,0.474332587922,0.));
#6524 = ORIENTED_EDGE('',*,*,#6525,.F.);
#6525 = EDGE_CURVE('',#6526,#6518,#6528,.T.);
#6526 = VERTEX_POINT('',#6527);
#6527 = CARTESIAN_POINT('',(165.893049,-133.334659,1.51));
#6528 = LINE('',#6529,#6530);
#6529 = CARTESIAN_POINT('',(165.893049,-133.334659,1.51));
#6530 = VECTOR('',#6531,1.);
#6531 = DIRECTION('',(-0.965245820026,0.261343656749,0.));
#6532 = ORIENTED_EDGE('',*,*,#6533,.F.);
#6533 = EDGE_CURVE('',#6534,#6526,#6536,.T.);
#6534 = VERTEX_POINT('',#6535);
#6535 = CARTESIAN_POINT('',(167.481954,-133.334659,1.51));
#6536 = LINE('',#6537,#6538);
#6537 = CARTESIAN_POINT('',(167.481954,-133.334659,1.51));
#6538 = VECTOR('',#6539,1.);
#6539 = DIRECTION('',(-1.,0.,0.));
#6540 = ORIENTED_EDGE('',*,*,#6541,.F.);
#6541 = EDGE_CURVE('',#6542,#6534,#6544,.T.);
#6542 = VERTEX_POINT('',#6543);
#6543 = CARTESIAN_POINT('',(167.676011,-133.29801,1.51));
#6544 = LINE('',#6545,#6546);
#6545 = CARTESIAN_POINT('',(167.676011,-133.29801,1.51));
#6546 = VECTOR('',#6547,1.);
#6547 = DIRECTION('',(-0.982629837218,-0.185576407469,0.));
#6548 = ORIENTED_EDGE('',*,*,#6549,.F.);
#6549 = EDGE_CURVE('',#6550,#6542,#6552,.T.);
#6550 = VERTEX_POINT('',#6551);
#6551 = CARTESIAN_POINT('',(167.734212,-133.26636,1.51));
#6552 = LINE('',#6553,#6554);
#6553 = CARTESIAN_POINT('',(167.734212,-133.26636,1.51));
#6554 = VECTOR('',#6555,1.);
#6555 = DIRECTION('',(-0.878504018987,-0.47773495646,0.));
#6556 = ORIENTED_EDGE('',*,*,#6557,.F.);
#6557 = EDGE_CURVE('',#6558,#6550,#6560,.T.);
#6558 = VERTEX_POINT('',#6559);
#6559 = CARTESIAN_POINT('',(168.465524,-133.849984,1.51));
#6560 = LINE('',#6561,#6562);
#6561 = CARTESIAN_POINT('',(168.465524,-133.849984,1.51));
#6562 = VECTOR('',#6563,1.);
#6563 = DIRECTION('',(-0.781611501882,0.623765549005,0.));
#6564 = ORIENTED_EDGE('',*,*,#6565,.F.);
#6565 = EDGE_CURVE('',#6566,#6558,#6568,.T.);
#6566 = VERTEX_POINT('',#6567);
#6567 = CARTESIAN_POINT('',(168.436985,-133.914938,1.51));
#6568 = LINE('',#6569,#6570);
#6569 = CARTESIAN_POINT('',(168.436985,-133.914938,1.51));
#6570 = VECTOR('',#6571,1.);
#6571 = DIRECTION('',(0.402257231305,0.915526689869,0.));
#6572 = ORIENTED_EDGE('',*,*,#6573,.F.);
#6573 = EDGE_CURVE('',#6574,#6566,#6576,.T.);
#6574 = VERTEX_POINT('',#6575);
#6575 = CARTESIAN_POINT('',(168.3875,-134.131816,1.51));
#6576 = LINE('',#6577,#6578);
#6577 = CARTESIAN_POINT('',(168.3875,-134.131816,1.51));
#6578 = VECTOR('',#6579,1.);
#6579 = DIRECTION('',(0.222452619431,0.974943502008,0.));
#6580 = ORIENTED_EDGE('',*,*,#6581,.F.);
#6581 = EDGE_CURVE('',#6582,#6574,#6584,.T.);
#6582 = VERTEX_POINT('',#6583);
#6583 = CARTESIAN_POINT('',(168.3875,-135.5375,1.51));
#6584 = LINE('',#6585,#6586);
#6585 = CARTESIAN_POINT('',(168.3875,-135.5375,1.51));
#6586 = VECTOR('',#6587,1.);
#6587 = DIRECTION('',(0.,1.,0.));
#6588 = ORIENTED_EDGE('',*,*,#6589,.F.);
#6589 = EDGE_CURVE('',#6590,#6582,#6592,.T.);
#6590 = VERTEX_POINT('',#6591);
#6591 = CARTESIAN_POINT('',(168.414048,-135.703111,1.51));
#6592 = LINE('',#6593,#6594);
#6593 = CARTESIAN_POINT('',(168.414048,-135.703111,1.51));
#6594 = VECTOR('',#6595,1.);
#6595 = DIRECTION('',(-0.158282554721,0.987393859041,0.));
#6596 = ORIENTED_EDGE('',*,*,#6597,.F.);
#6597 = EDGE_CURVE('',#6598,#6590,#6600,.T.);
#6598 = VERTEX_POINT('',#6599);
#6599 = CARTESIAN_POINT('',(168.436985,-135.754377,1.51));
#6600 = LINE('',#6601,#6602);
#6601 = CARTESIAN_POINT('',(168.436985,-135.754377,1.51));
#6602 = VECTOR('',#6603,1.);
#6603 = DIRECTION('',(-0.408398855141,0.912803579704,0.));
#6604 = ORIENTED_EDGE('',*,*,#6605,.F.);
#6605 = EDGE_CURVE('',#6606,#6598,#6608,.T.);
#6606 = VERTEX_POINT('',#6607);
#6607 = CARTESIAN_POINT('',(167.796676,-136.436618,1.51));
#6608 = LINE('',#6609,#6610);
#6609 = CARTESIAN_POINT('',(167.796676,-136.436618,1.51));
#6610 = VECTOR('',#6611,1.);
#6611 = DIRECTION('',(0.684343789171,0.729159501222,0.));
#6612 = ORIENTED_EDGE('',*,*,#6613,.F.);
#6613 = EDGE_CURVE('',#6614,#6606,#6616,.T.);
#6614 = VERTEX_POINT('',#6615);
#6615 = CARTESIAN_POINT('',(167.734212,-136.402957,1.51));
#6616 = LINE('',#6617,#6618);
#6617 = CARTESIAN_POINT('',(167.734212,-136.402957,1.51));
#6618 = VECTOR('',#6619,1.);
#6619 = DIRECTION('',(0.880314928453,-0.474389741398,0.));
#6620 = ORIENTED_EDGE('',*,*,#6621,.F.);
#6621 = EDGE_CURVE('',#6622,#6614,#6624,.T.);
#6622 = VERTEX_POINT('',#6623);
#6623 = CARTESIAN_POINT('',(167.481953,-136.334658,1.51));
#6624 = LINE('',#6625,#6626);
#6625 = CARTESIAN_POINT('',(167.481953,-136.334658,1.51));
#6626 = VECTOR('',#6627,1.);
#6627 = DIRECTION('',(0.965246785273,-0.261340091681,0.));
#6628 = ORIENTED_EDGE('',*,*,#6629,.F.);
#6629 = EDGE_CURVE('',#6630,#6622,#6632,.T.);
#6630 = VERTEX_POINT('',#6631);
#6631 = CARTESIAN_POINT('',(165.893049,-136.334658,1.51));
#6632 = LINE('',#6633,#6634);
#6633 = CARTESIAN_POINT('',(165.893049,-136.334658,1.51));
#6634 = VECTOR('',#6635,1.);
#6635 = DIRECTION('',(1.,0.,0.));
#6636 = ORIENTED_EDGE('',*,*,#6637,.F.);
#6637 = EDGE_CURVE('',#6638,#6630,#6640,.T.);
#6638 = VERTEX_POINT('',#6639);
#6639 = CARTESIAN_POINT('',(165.69899,-136.371298,1.51));
#6640 = LINE('',#6641,#6642);
#6641 = CARTESIAN_POINT('',(165.69899,-136.371298,1.51));
#6642 = VECTOR('',#6643,1.);
#6643 = DIRECTION('',(0.982638495187,0.18553055753,0.));
#6644 = ORIENTED_EDGE('',*,*,#6645,.F.);
#6645 = EDGE_CURVE('',#6646,#6638,#6648,.T.);
#6646 = VERTEX_POINT('',#6647);
#6647 = CARTESIAN_POINT('',(165.64079,-136.402955,1.51));
#6648 = LINE('',#6649,#6650);
#6649 = CARTESIAN_POINT('',(165.64079,-136.402955,1.51));
#6650 = VECTOR('',#6651,1.);
#6651 = DIRECTION('',(0.878456226645,0.477822831046,0.));
#6652 = ORIENTED_EDGE('',*,*,#6653,.F.);
#6653 = EDGE_CURVE('',#6654,#6646,#6656,.T.);
#6654 = VERTEX_POINT('',#6655);
#6655 = CARTESIAN_POINT('',(164.909464,-135.819339,1.51));
#6656 = LINE('',#6657,#6658);
#6657 = CARTESIAN_POINT('',(164.909464,-135.819339,1.51));
#6658 = VECTOR('',#6659,1.);
#6659 = DIRECTION('',(0.781621492145,-0.623753030467,0.));
#6660 = ORIENTED_EDGE('',*,*,#6661,.F.);
#6661 = EDGE_CURVE('',#6662,#6654,#6664,.T.);
#6662 = VERTEX_POINT('',#6663);
#6663 = CARTESIAN_POINT('',(164.938017,-135.754378,1.51));
#6664 = LINE('',#6665,#6666);
#6665 = CARTESIAN_POINT('',(164.938017,-135.754378,1.51));
#6666 = VECTOR('',#6667,1.);
#6667 = DIRECTION('',(-0.402386269203,-0.915469983318,0.));
#6668 = ORIENTED_EDGE('',*,*,#6669,.F.);
#6669 = EDGE_CURVE('',#6670,#6662,#6672,.T.);
#6670 = VERTEX_POINT('',#6671);
#6671 = CARTESIAN_POINT('',(164.987502,-135.5375,1.51));
#6672 = LINE('',#6673,#6674);
#6673 = CARTESIAN_POINT('',(164.987502,-135.5375,1.51));
#6674 = VECTOR('',#6675,1.);
#6675 = DIRECTION('',(-0.222452619431,-0.974943502008,0.));
#6676 = ORIENTED_EDGE('',*,*,#6677,.F.);
#6677 = EDGE_CURVE('',#6678,#6670,#6680,.T.);
#6678 = VERTEX_POINT('',#6679);
#6679 = CARTESIAN_POINT('',(164.987502,-134.131816,1.51));
#6680 = LINE('',#6681,#6682);
#6681 = CARTESIAN_POINT('',(164.987502,-134.131816,1.51));
#6682 = VECTOR('',#6683,1.);
#6683 = DIRECTION('',(0.,-1.,0.));
#6684 = ORIENTED_EDGE('',*,*,#6685,.F.);
#6685 = EDGE_CURVE('',#6686,#6678,#6688,.T.);
#6686 = VERTEX_POINT('',#6687);
#6687 = CARTESIAN_POINT('',(164.960953,-133.966205,1.51));
#6688 = LINE('',#6689,#6690);
#6689 = CARTESIAN_POINT('',(164.960953,-133.966205,1.51));
#6690 = VECTOR('',#6691,1.);
#6691 = DIRECTION('',(0.158288367468,-0.98739292722,0.));
#6692 = ORIENTED_EDGE('',*,*,#6693,.F.);
#6693 = EDGE_CURVE('',#6510,#6686,#6694,.T.);
#6694 = LINE('',#6695,#6696);
#6695 = CARTESIAN_POINT('',(164.938017,-133.914938,1.51));
#6696 = VECTOR('',#6697,1.);
#6697 = DIRECTION('',(0.408377382128,-0.912813186674,0.));
#6698 = FACE_BOUND('',#6699,.T.);
#6699 = EDGE_LOOP('',(#6700,#6711,#6720));
#6700 = ORIENTED_EDGE('',*,*,#6701,.T.);
#6701 = EDGE_CURVE('',#6702,#6704,#6706,.T.);
#6702 = VERTEX_POINT('',#6703);
#6703 = CARTESIAN_POINT('',(161.01766077846,-129.5629626704,1.51));
#6704 = VERTEX_POINT('',#6705);
#6705 = CARTESIAN_POINT('',(162.33157882322,-130.6202076569,1.51));
#6706 = CIRCLE('',#6707,0.85);
#6707 = AXIS2_PLACEMENT_3D('',#6708,#6709,#6710);
#6708 = CARTESIAN_POINT('',(161.6075,-130.175,1.51));
#6709 = DIRECTION('',(-0.,0.,-1.));
#6710 = DIRECTION('',(-3.343730521224E-14,-1.,0.));
#6711 = ORIENTED_EDGE('',*,*,#6712,.T.);
#6712 = EDGE_CURVE('',#6704,#6713,#6715,.T.);
#6713 = VERTEX_POINT('',#6714);
#6714 = CARTESIAN_POINT('',(161.6075,-131.025,1.51));
#6715 = CIRCLE('',#6716,0.85);
#6716 = AXIS2_PLACEMENT_3D('',#6717,#6718,#6719);
#6717 = CARTESIAN_POINT('',(161.6075,-130.175,1.51));
#6718 = DIRECTION('',(-0.,0.,-1.));
#6719 = DIRECTION('',(-3.343730521224E-14,-1.,0.));
#6720 = ORIENTED_EDGE('',*,*,#6721,.T.);
#6721 = EDGE_CURVE('',#6713,#6702,#6722,.T.);
#6722 = CIRCLE('',#6723,0.85);
#6723 = AXIS2_PLACEMENT_3D('',#6724,#6725,#6726);
#6724 = CARTESIAN_POINT('',(161.6075,-130.175,1.51));
#6725 = DIRECTION('',(-0.,0.,-1.));
#6726 = DIRECTION('',(-3.343730521224E-14,-1.,0.));
#6727 = FACE_BOUND('',#6728,.T.);
#6728 = EDGE_LOOP('',(#6729));
#6729 = ORIENTED_EDGE('',*,*,#6730,.T.);
#6730 = EDGE_CURVE('',#6731,#6731,#6733,.T.);
#6731 = VERTEX_POINT('',#6732);
#6732 = CARTESIAN_POINT('',(166.6875,-132.175,1.51));
#6733 = CIRCLE('',#6734,2.);
#6734 = AXIS2_PLACEMENT_3D('',#6735,#6736,#6737);
#6735 = CARTESIAN_POINT('',(166.6875,-130.175,1.51));
#6736 = DIRECTION('',(-0.,0.,-1.));
#6737 = DIRECTION('',(-0.,-1.,0.));
#6738 = FACE_BOUND('',#6739,.T.);
#6739 = EDGE_LOOP('',(#6740));
#6740 = ORIENTED_EDGE('',*,*,#6741,.T.);
#6741 = EDGE_CURVE('',#6742,#6742,#6744,.T.);
#6742 = VERTEX_POINT('',#6743);
#6743 = CARTESIAN_POINT('',(162.8775,-128.385,1.51));
#6744 = CIRCLE('',#6745,0.75);
#6745 = AXIS2_PLACEMENT_3D('',#6746,#6747,#6748);
#6746 = CARTESIAN_POINT('',(162.8775,-127.635,1.51));
#6747 = DIRECTION('',(-0.,0.,-1.));
#6748 = DIRECTION('',(-0.,-1.,0.));
#6749 = FACE_BOUND('',#6750,.T.);
#6750 = EDGE_LOOP('',(#6751));
#6751 = ORIENTED_EDGE('',*,*,#6752,.T.);
#6752 = EDGE_CURVE('',#6753,#6753,#6755,.T.);
#6753 = VERTEX_POINT('',#6754);
#6754 = CARTESIAN_POINT('',(174.625,-134.385,1.51));
#6755 = CIRCLE('',#6756,0.4);
#6756 = AXIS2_PLACEMENT_3D('',#6757,#6758,#6759);
#6757 = CARTESIAN_POINT('',(174.625,-133.985,1.51));
#6758 = DIRECTION('',(-0.,0.,-1.));
#6759 = DIRECTION('',(-0.,-1.,0.));
#6760 = FACE_BOUND('',#6761,.T.);
#6761 = EDGE_LOOP('',(#6762));
#6762 = ORIENTED_EDGE('',*,*,#6763,.T.);
#6763 = EDGE_CURVE('',#6764,#6764,#6766,.T.);
#6764 = VERTEX_POINT('',#6765);
#6765 = CARTESIAN_POINT('',(171.7675,-131.025,1.51));
#6766 = CIRCLE('',#6767,0.85);
#6767 = AXIS2_PLACEMENT_3D('',#6768,#6769,#6770);
#6768 = CARTESIAN_POINT('',(171.7675,-130.175,1.51));
#6769 = DIRECTION('',(-0.,0.,-1.));
#6770 = DIRECTION('',(3.343730521224E-14,-1.,-0.));
#6771 = FACE_BOUND('',#6772,.T.);
#6772 = EDGE_LOOP('',(#6773));
#6773 = ORIENTED_EDGE('',*,*,#6774,.T.);
#6774 = EDGE_CURVE('',#6775,#6775,#6777,.T.);
#6775 = VERTEX_POINT('',#6776);
#6776 = CARTESIAN_POINT('',(169.2275,-125.845,1.51));
#6777 = CIRCLE('',#6778,0.75);
#6778 = AXIS2_PLACEMENT_3D('',#6779,#6780,#6781);
#6779 = CARTESIAN_POINT('',(169.2275,-125.095,1.51));
#6780 = DIRECTION('',(-0.,0.,-1.));
#6781 = DIRECTION('',(-0.,-1.,0.));
#6782 = FACE_BOUND('',#6783,.T.);
#6783 = EDGE_LOOP('',(#6784,#6795,#6804));
#6784 = ORIENTED_EDGE('',*,*,#6785,.T.);
#6785 = EDGE_CURVE('',#6786,#6788,#6790,.T.);
#6786 = VERTEX_POINT('',#6787);
#6787 = CARTESIAN_POINT('',(174.56361122338,-125.9697387976,1.51));
#6788 = VERTEX_POINT('',#6789);
#6789 = CARTESIAN_POINT('',(175.01946645643,-126.2986960426,1.51));
#6790 = CIRCLE('',#6791,0.4);
#6791 = AXIS2_PLACEMENT_3D('',#6792,#6793,#6794);
#6792 = CARTESIAN_POINT('',(174.625,-126.365,1.51));
#6793 = DIRECTION('',(-0.,0.,-1.));
#6794 = DIRECTION('',(-0.,-1.,0.));
#6795 = ORIENTED_EDGE('',*,*,#6796,.T.);
#6796 = EDGE_CURVE('',#6788,#6797,#6799,.T.);
#6797 = VERTEX_POINT('',#6798);
#6798 = CARTESIAN_POINT('',(174.625,-126.765,1.51));
#6799 = CIRCLE('',#6800,0.4);
#6800 = AXIS2_PLACEMENT_3D('',#6801,#6802,#6803);
#6801 = CARTESIAN_POINT('',(174.625,-126.365,1.51));
#6802 = DIRECTION('',(-0.,0.,-1.));
#6803 = DIRECTION('',(-0.,-1.,0.));
#6804 = ORIENTED_EDGE('',*,*,#6805,.T.);
#6805 = EDGE_CURVE('',#6797,#6786,#6806,.T.);
#6806 = CIRCLE('',#6807,0.4);
#6807 = AXIS2_PLACEMENT_3D('',#6808,#6809,#6810);
#6808 = CARTESIAN_POINT('',(174.625,-126.365,1.51));
#6809 = DIRECTION('',(-0.,0.,-1.));
#6810 = DIRECTION('',(-0.,-1.,0.));
#6811 = FACE_BOUND('',#6812,.T.);
#6812 = EDGE_LOOP('',(#6813,#6824,#6833));
#6813 = ORIENTED_EDGE('',*,*,#6814,.T.);
#6814 = EDGE_CURVE('',#6815,#6817,#6819,.T.);
#6815 = VERTEX_POINT('',#6816);
#6816 = CARTESIAN_POINT('',(179.88869299656,-129.8124592554,1.51));
#6817 = VERTEX_POINT('',#6818);
#6818 = CARTESIAN_POINT('',(181.24385261244,-130.7903784314,1.51));
#6819 = CIRCLE('',#6820,0.85);
#6820 = AXIS2_PLACEMENT_3D('',#6821,#6822,#6823);
#6821 = CARTESIAN_POINT('',(180.6575,-130.175,1.51));
#6822 = DIRECTION('',(-0.,0.,-1.));
#6823 = DIRECTION('',(-0.,-1.,0.));
#6824 = ORIENTED_EDGE('',*,*,#6825,.T.);
#6825 = EDGE_CURVE('',#6817,#6826,#6828,.T.);
#6826 = VERTEX_POINT('',#6827);
#6827 = CARTESIAN_POINT('',(180.6575,-131.025,1.51));
#6828 = CIRCLE('',#6829,0.85);
#6829 = AXIS2_PLACEMENT_3D('',#6830,#6831,#6832);
#6830 = CARTESIAN_POINT('',(180.6575,-130.175,1.51));
#6831 = DIRECTION('',(-0.,0.,-1.));
#6832 = DIRECTION('',(-0.,-1.,0.));
#6833 = ORIENTED_EDGE('',*,*,#6834,.T.);
#6834 = EDGE_CURVE('',#6826,#6815,#6835,.T.);
#6835 = CIRCLE('',#6836,0.85);
#6836 = AXIS2_PLACEMENT_3D('',#6837,#6838,#6839);
#6837 = CARTESIAN_POINT('',(180.6575,-130.175,1.51));
#6838 = DIRECTION('',(-0.,0.,-1.));
#6839 = DIRECTION('',(-0.,-1.,0.));
#6840 = FACE_BOUND('',#6841,.T.);
#6841 = EDGE_LOOP('',(#6842));
#6842 = ORIENTED_EDGE('',*,*,#6843,.T.);
#6843 = EDGE_CURVE('',#6844,#6844,#6846,.T.);
#6844 = VERTEX_POINT('',#6845);
#6845 = CARTESIAN_POINT('',(181.9275,-128.385,1.51));
#6846 = CIRCLE('',#6847,0.75);
#6847 = AXIS2_PLACEMENT_3D('',#6848,#6849,#6850);
#6848 = CARTESIAN_POINT('',(181.9275,-127.635,1.51));
#6849 = DIRECTION('',(-0.,0.,-1.));
#6850 = DIRECTION('',(-0.,-1.,0.));
#6851 = FACE_BOUND('',#6852,.T.);
#6852 = EDGE_LOOP('',(#6853,#6863,#6871,#6879,#6887,#6895,#6903,#6911,
    #6919,#6927,#6935,#6943,#6951,#6959,#6967,#6975,#6983,#6991,#6999,
    #7007,#7015,#7023,#7031,#7039));
#6853 = ORIENTED_EDGE('',*,*,#6854,.F.);
#6854 = EDGE_CURVE('',#6855,#6857,#6859,.T.);
#6855 = VERTEX_POINT('',#6856);
#6856 = CARTESIAN_POINT('',(184.62832,-133.2327,1.51));
#6857 = VERTEX_POINT('',#6858);
#6858 = CARTESIAN_POINT('',(183.988017,-133.914938,1.51));
#6859 = LINE('',#6860,#6861);
#6860 = CARTESIAN_POINT('',(184.62832,-133.2327,1.51));
#6861 = VECTOR('',#6862,1.);
#6862 = DIRECTION('',(-0.68434197967,-0.729161199504,0.));
#6863 = ORIENTED_EDGE('',*,*,#6864,.F.);
#6864 = EDGE_CURVE('',#6865,#6855,#6867,.T.);
#6865 = VERTEX_POINT('',#6866);
#6866 = CARTESIAN_POINT('',(184.69079,-133.266359,1.51));
#6867 = LINE('',#6868,#6869);
#6868 = CARTESIAN_POINT('',(184.69079,-133.266359,1.51));
#6869 = VECTOR('',#6870,1.);
#6870 = DIRECTION('',(-0.880345725289,0.474332587922,0.));
#6871 = ORIENTED_EDGE('',*,*,#6872,.F.);
#6872 = EDGE_CURVE('',#6873,#6865,#6875,.T.);
#6873 = VERTEX_POINT('',#6874);
#6874 = CARTESIAN_POINT('',(184.943049,-133.334659,1.51));
#6875 = LINE('',#6876,#6877);
#6876 = CARTESIAN_POINT('',(184.943049,-133.334659,1.51));
#6877 = VECTOR('',#6878,1.);
#6878 = DIRECTION('',(-0.965245820026,0.261343656749,0.));
#6879 = ORIENTED_EDGE('',*,*,#6880,.F.);
#6880 = EDGE_CURVE('',#6881,#6873,#6883,.T.);
#6881 = VERTEX_POINT('',#6882);
#6882 = CARTESIAN_POINT('',(186.531954,-133.334659,1.51));
#6883 = LINE('',#6884,#6885);
#6884 = CARTESIAN_POINT('',(186.531954,-133.334659,1.51));
#6885 = VECTOR('',#6886,1.);
#6886 = DIRECTION('',(-1.,0.,0.));
#6887 = ORIENTED_EDGE('',*,*,#6888,.F.);
#6888 = EDGE_CURVE('',#6889,#6881,#6891,.T.);
#6889 = VERTEX_POINT('',#6890);
#6890 = CARTESIAN_POINT('',(186.726011,-133.29801,1.51));
#6891 = LINE('',#6892,#6893);
#6892 = CARTESIAN_POINT('',(186.726011,-133.29801,1.51));
#6893 = VECTOR('',#6894,1.);
#6894 = DIRECTION('',(-0.982629837218,-0.185576407469,0.));
#6895 = ORIENTED_EDGE('',*,*,#6896,.F.);
#6896 = EDGE_CURVE('',#6897,#6889,#6899,.T.);
#6897 = VERTEX_POINT('',#6898);
#6898 = CARTESIAN_POINT('',(186.784212,-133.26636,1.51));
#6899 = LINE('',#6900,#6901);
#6900 = CARTESIAN_POINT('',(186.784212,-133.26636,1.51));
#6901 = VECTOR('',#6902,1.);
#6902 = DIRECTION('',(-0.878504018987,-0.47773495646,0.));
#6903 = ORIENTED_EDGE('',*,*,#6904,.F.);
#6904 = EDGE_CURVE('',#6905,#6897,#6907,.T.);
#6905 = VERTEX_POINT('',#6906);
#6906 = CARTESIAN_POINT('',(187.515524,-133.849984,1.51));
#6907 = LINE('',#6908,#6909);
#6908 = CARTESIAN_POINT('',(187.515524,-133.849984,1.51));
#6909 = VECTOR('',#6910,1.);
#6910 = DIRECTION('',(-0.781611501882,0.623765549005,0.));
#6911 = ORIENTED_EDGE('',*,*,#6912,.F.);
#6912 = EDGE_CURVE('',#6913,#6905,#6915,.T.);
#6913 = VERTEX_POINT('',#6914);
#6914 = CARTESIAN_POINT('',(187.486985,-133.914938,1.51));
#6915 = LINE('',#6916,#6917);
#6916 = CARTESIAN_POINT('',(187.486985,-133.914938,1.51));
#6917 = VECTOR('',#6918,1.);
#6918 = DIRECTION('',(0.402257231305,0.915526689869,0.));
#6919 = ORIENTED_EDGE('',*,*,#6920,.F.);
#6920 = EDGE_CURVE('',#6921,#6913,#6923,.T.);
#6921 = VERTEX_POINT('',#6922);
#6922 = CARTESIAN_POINT('',(187.4375,-134.131816,1.51));
#6923 = LINE('',#6924,#6925);
#6924 = CARTESIAN_POINT('',(187.4375,-134.131816,1.51));
#6925 = VECTOR('',#6926,1.);
#6926 = DIRECTION('',(0.222452619431,0.974943502008,0.));
#6927 = ORIENTED_EDGE('',*,*,#6928,.F.);
#6928 = EDGE_CURVE('',#6929,#6921,#6931,.T.);
#6929 = VERTEX_POINT('',#6930);
#6930 = CARTESIAN_POINT('',(187.4375,-135.5375,1.51));
#6931 = LINE('',#6932,#6933);
#6932 = CARTESIAN_POINT('',(187.4375,-135.5375,1.51));
#6933 = VECTOR('',#6934,1.);
#6934 = DIRECTION('',(0.,1.,0.));
#6935 = ORIENTED_EDGE('',*,*,#6936,.F.);
#6936 = EDGE_CURVE('',#6937,#6929,#6939,.T.);
#6937 = VERTEX_POINT('',#6938);
#6938 = CARTESIAN_POINT('',(187.464048,-135.703111,1.51));
#6939 = LINE('',#6940,#6941);
#6940 = CARTESIAN_POINT('',(187.464048,-135.703111,1.51));
#6941 = VECTOR('',#6942,1.);
#6942 = DIRECTION('',(-0.15828255472,0.987393859041,0.));
#6943 = ORIENTED_EDGE('',*,*,#6944,.F.);
#6944 = EDGE_CURVE('',#6945,#6937,#6947,.T.);
#6945 = VERTEX_POINT('',#6946);
#6946 = CARTESIAN_POINT('',(187.486985,-135.754377,1.51));
#6947 = LINE('',#6948,#6949);
#6948 = CARTESIAN_POINT('',(187.486985,-135.754377,1.51));
#6949 = VECTOR('',#6950,1.);
#6950 = DIRECTION('',(-0.408398855141,0.912803579703,0.));
#6951 = ORIENTED_EDGE('',*,*,#6952,.F.);
#6952 = EDGE_CURVE('',#6953,#6945,#6955,.T.);
#6953 = VERTEX_POINT('',#6954);
#6954 = CARTESIAN_POINT('',(186.846676,-136.436618,1.51));
#6955 = LINE('',#6956,#6957);
#6956 = CARTESIAN_POINT('',(186.846676,-136.436618,1.51));
#6957 = VECTOR('',#6958,1.);
#6958 = DIRECTION('',(0.684343789171,0.729159501222,0.));
#6959 = ORIENTED_EDGE('',*,*,#6960,.F.);
#6960 = EDGE_CURVE('',#6961,#6953,#6963,.T.);
#6961 = VERTEX_POINT('',#6962);
#6962 = CARTESIAN_POINT('',(186.784212,-136.402957,1.51));
#6963 = LINE('',#6964,#6965);
#6964 = CARTESIAN_POINT('',(186.784212,-136.402957,1.51));
#6965 = VECTOR('',#6966,1.);
#6966 = DIRECTION('',(0.880314928453,-0.474389741398,0.));
#6967 = ORIENTED_EDGE('',*,*,#6968,.F.);
#6968 = EDGE_CURVE('',#6969,#6961,#6971,.T.);
#6969 = VERTEX_POINT('',#6970);
#6970 = CARTESIAN_POINT('',(186.531953,-136.334658,1.51));
#6971 = LINE('',#6972,#6973);
#6972 = CARTESIAN_POINT('',(186.531953,-136.334658,1.51));
#6973 = VECTOR('',#6974,1.);
#6974 = DIRECTION('',(0.965246785273,-0.261340091681,0.));
#6975 = ORIENTED_EDGE('',*,*,#6976,.F.);
#6976 = EDGE_CURVE('',#6977,#6969,#6979,.T.);
#6977 = VERTEX_POINT('',#6978);
#6978 = CARTESIAN_POINT('',(184.943049,-136.334658,1.51));
#6979 = LINE('',#6980,#6981);
#6980 = CARTESIAN_POINT('',(184.943049,-136.334658,1.51));
#6981 = VECTOR('',#6982,1.);
#6982 = DIRECTION('',(1.,0.,0.));
#6983 = ORIENTED_EDGE('',*,*,#6984,.F.);
#6984 = EDGE_CURVE('',#6985,#6977,#6987,.T.);
#6985 = VERTEX_POINT('',#6986);
#6986 = CARTESIAN_POINT('',(184.74899,-136.371298,1.51));
#6987 = LINE('',#6988,#6989);
#6988 = CARTESIAN_POINT('',(184.74899,-136.371298,1.51));
#6989 = VECTOR('',#6990,1.);
#6990 = DIRECTION('',(0.982638495187,0.18553055753,0.));
#6991 = ORIENTED_EDGE('',*,*,#6992,.F.);
#6992 = EDGE_CURVE('',#6993,#6985,#6995,.T.);
#6993 = VERTEX_POINT('',#6994);
#6994 = CARTESIAN_POINT('',(184.69079,-136.402955,1.51));
#6995 = LINE('',#6996,#6997);
#6996 = CARTESIAN_POINT('',(184.69079,-136.402955,1.51));
#6997 = VECTOR('',#6998,1.);
#6998 = DIRECTION('',(0.878456226645,0.477822831046,0.));
#6999 = ORIENTED_EDGE('',*,*,#7000,.F.);
#7000 = EDGE_CURVE('',#7001,#6993,#7003,.T.);
#7001 = VERTEX_POINT('',#7002);
#7002 = CARTESIAN_POINT('',(183.959464,-135.819339,1.51));
#7003 = LINE('',#7004,#7005);
#7004 = CARTESIAN_POINT('',(183.959464,-135.819339,1.51));
#7005 = VECTOR('',#7006,1.);
#7006 = DIRECTION('',(0.781621492145,-0.623753030467,0.));
#7007 = ORIENTED_EDGE('',*,*,#7008,.F.);
#7008 = EDGE_CURVE('',#7009,#7001,#7011,.T.);
#7009 = VERTEX_POINT('',#7010);
#7010 = CARTESIAN_POINT('',(183.988017,-135.754378,1.51));
#7011 = LINE('',#7012,#7013);
#7012 = CARTESIAN_POINT('',(183.988017,-135.754378,1.51));
#7013 = VECTOR('',#7014,1.);
#7014 = DIRECTION('',(-0.402386269203,-0.915469983318,0.));
#7015 = ORIENTED_EDGE('',*,*,#7016,.F.);
#7016 = EDGE_CURVE('',#7017,#7009,#7019,.T.);
#7017 = VERTEX_POINT('',#7018);
#7018 = CARTESIAN_POINT('',(184.037502,-135.5375,1.51));
#7019 = LINE('',#7020,#7021);
#7020 = CARTESIAN_POINT('',(184.037502,-135.5375,1.51));
#7021 = VECTOR('',#7022,1.);
#7022 = DIRECTION('',(-0.222452619431,-0.974943502008,0.));
#7023 = ORIENTED_EDGE('',*,*,#7024,.F.);
#7024 = EDGE_CURVE('',#7025,#7017,#7027,.T.);
#7025 = VERTEX_POINT('',#7026);
#7026 = CARTESIAN_POINT('',(184.037502,-134.131816,1.51));
#7027 = LINE('',#7028,#7029);
#7028 = CARTESIAN_POINT('',(184.037502,-134.131816,1.51));
#7029 = VECTOR('',#7030,1.);
#7030 = DIRECTION('',(0.,-1.,0.));
#7031 = ORIENTED_EDGE('',*,*,#7032,.F.);
#7032 = EDGE_CURVE('',#7033,#7025,#7035,.T.);
#7033 = VERTEX_POINT('',#7034);
#7034 = CARTESIAN_POINT('',(184.010953,-133.966205,1.51));
#7035 = LINE('',#7036,#7037);
#7036 = CARTESIAN_POINT('',(184.010953,-133.966205,1.51));
#7037 = VECTOR('',#7038,1.);
#7038 = DIRECTION('',(0.158288367468,-0.98739292722,0.));
#7039 = ORIENTED_EDGE('',*,*,#7040,.F.);
#7040 = EDGE_CURVE('',#6857,#7033,#7041,.T.);
#7041 = LINE('',#7042,#7043);
#7042 = CARTESIAN_POINT('',(183.988017,-133.914938,1.51));
#7043 = VECTOR('',#7044,1.);
#7044 = DIRECTION('',(0.408377382128,-0.912813186674,0.));
#7045 = FACE_BOUND('',#7046,.T.);
#7046 = EDGE_LOOP('',(#7047));
#7047 = ORIENTED_EDGE('',*,*,#7048,.T.);
#7048 = EDGE_CURVE('',#7049,#7049,#7051,.T.);
#7049 = VERTEX_POINT('',#7050);
#7050 = CARTESIAN_POINT('',(193.675,-134.385,1.51));
#7051 = CIRCLE('',#7052,0.4);
#7052 = AXIS2_PLACEMENT_3D('',#7053,#7054,#7055);
#7053 = CARTESIAN_POINT('',(193.675,-133.985,1.51));
#7054 = DIRECTION('',(-0.,0.,-1.));
#7055 = DIRECTION('',(-0.,-1.,0.));
#7056 = FACE_BOUND('',#7057,.T.);
#7057 = EDGE_LOOP('',(#7058));
#7058 = ORIENTED_EDGE('',*,*,#7059,.T.);
#7059 = EDGE_CURVE('',#7060,#7060,#7062,.T.);
#7060 = VERTEX_POINT('',#7061);
#7061 = CARTESIAN_POINT('',(185.7375,-132.175,1.51));
#7062 = CIRCLE('',#7063,2.);
#7063 = AXIS2_PLACEMENT_3D('',#7064,#7065,#7066);
#7064 = CARTESIAN_POINT('',(185.7375,-130.175,1.51));
#7065 = DIRECTION('',(-0.,0.,-1.));
#7066 = DIRECTION('',(-0.,-1.,0.));
#7067 = FACE_BOUND('',#7068,.T.);
#7068 = EDGE_LOOP('',(#7069));
#7069 = ORIENTED_EDGE('',*,*,#7070,.T.);
#7070 = EDGE_CURVE('',#7071,#7071,#7073,.T.);
#7071 = VERTEX_POINT('',#7072);
#7072 = CARTESIAN_POINT('',(190.8175,-131.025,1.51));
#7073 = CIRCLE('',#7074,0.85);
#7074 = AXIS2_PLACEMENT_3D('',#7075,#7076,#7077);
#7075 = CARTESIAN_POINT('',(190.8175,-130.175,1.51));
#7076 = DIRECTION('',(-0.,0.,-1.));
#7077 = DIRECTION('',(-0.,-1.,0.));
#7078 = FACE_BOUND('',#7079,.T.);
#7079 = EDGE_LOOP('',(#7080));
#7080 = ORIENTED_EDGE('',*,*,#7081,.T.);
#7081 = EDGE_CURVE('',#7082,#7082,#7084,.T.);
#7082 = VERTEX_POINT('',#7083);
#7083 = CARTESIAN_POINT('',(188.2775,-125.845,1.51));
#7084 = CIRCLE('',#7085,0.75);
#7085 = AXIS2_PLACEMENT_3D('',#7086,#7087,#7088);
#7086 = CARTESIAN_POINT('',(188.2775,-125.095,1.51));
#7087 = DIRECTION('',(-0.,0.,-1.));
#7088 = DIRECTION('',(-0.,-1.,0.));
#7089 = FACE_BOUND('',#7090,.T.);
#7090 = EDGE_LOOP('',(#7091));
#7091 = ORIENTED_EDGE('',*,*,#7092,.T.);
#7092 = EDGE_CURVE('',#7093,#7093,#7095,.T.);
#7093 = VERTEX_POINT('',#7094);
#7094 = CARTESIAN_POINT('',(193.675,-126.765,1.51));
#7095 = CIRCLE('',#7096,0.4);
#7096 = AXIS2_PLACEMENT_3D('',#7097,#7098,#7099);
#7097 = CARTESIAN_POINT('',(193.675,-126.365,1.51));
#7098 = DIRECTION('',(-0.,0.,-1.));
#7099 = DIRECTION('',(-0.,-1.,0.));
#7100 = FACE_BOUND('',#7101,.T.);
#7101 = EDGE_LOOP('',(#7102,#7112,#7120,#7128,#7136,#7144,#7152,#7160,
    #7168,#7176,#7184,#7192,#7200,#7208,#7216,#7224,#7232,#7240,#7248,
    #7256,#7264,#7272,#7280,#7288));
#7102 = ORIENTED_EDGE('',*,*,#7103,.F.);
#7103 = EDGE_CURVE('',#7104,#7106,#7108,.T.);
#7104 = VERTEX_POINT('',#7105);
#7105 = CARTESIAN_POINT('',(165.57832,-114.1827,1.51));
#7106 = VERTEX_POINT('',#7107);
#7107 = CARTESIAN_POINT('',(164.938017,-114.864938,1.51));
#7108 = LINE('',#7109,#7110);
#7109 = CARTESIAN_POINT('',(165.57832,-114.1827,1.51));
#7110 = VECTOR('',#7111,1.);
#7111 = DIRECTION('',(-0.68434197967,-0.729161199504,0.));
#7112 = ORIENTED_EDGE('',*,*,#7113,.F.);
#7113 = EDGE_CURVE('',#7114,#7104,#7116,.T.);
#7114 = VERTEX_POINT('',#7115);
#7115 = CARTESIAN_POINT('',(165.64079,-114.216359,1.51));
#7116 = LINE('',#7117,#7118);
#7117 = CARTESIAN_POINT('',(165.64079,-114.216359,1.51));
#7118 = VECTOR('',#7119,1.);
#7119 = DIRECTION('',(-0.880345725289,0.474332587922,0.));
#7120 = ORIENTED_EDGE('',*,*,#7121,.F.);
#7121 = EDGE_CURVE('',#7122,#7114,#7124,.T.);
#7122 = VERTEX_POINT('',#7123);
#7123 = CARTESIAN_POINT('',(165.893049,-114.284659,1.51));
#7124 = LINE('',#7125,#7126);
#7125 = CARTESIAN_POINT('',(165.893049,-114.284659,1.51));
#7126 = VECTOR('',#7127,1.);
#7127 = DIRECTION('',(-0.965245820026,0.261343656749,0.));
#7128 = ORIENTED_EDGE('',*,*,#7129,.F.);
#7129 = EDGE_CURVE('',#7130,#7122,#7132,.T.);
#7130 = VERTEX_POINT('',#7131);
#7131 = CARTESIAN_POINT('',(167.481954,-114.284659,1.51));
#7132 = LINE('',#7133,#7134);
#7133 = CARTESIAN_POINT('',(167.481954,-114.284659,1.51));
#7134 = VECTOR('',#7135,1.);
#7135 = DIRECTION('',(-1.,0.,0.));
#7136 = ORIENTED_EDGE('',*,*,#7137,.F.);
#7137 = EDGE_CURVE('',#7138,#7130,#7140,.T.);
#7138 = VERTEX_POINT('',#7139);
#7139 = CARTESIAN_POINT('',(167.676011,-114.24801,1.51));
#7140 = LINE('',#7141,#7142);
#7141 = CARTESIAN_POINT('',(167.676011,-114.24801,1.51));
#7142 = VECTOR('',#7143,1.);
#7143 = DIRECTION('',(-0.982629837218,-0.185576407469,0.));
#7144 = ORIENTED_EDGE('',*,*,#7145,.F.);
#7145 = EDGE_CURVE('',#7146,#7138,#7148,.T.);
#7146 = VERTEX_POINT('',#7147);
#7147 = CARTESIAN_POINT('',(167.734212,-114.21636,1.51));
#7148 = LINE('',#7149,#7150);
#7149 = CARTESIAN_POINT('',(167.734212,-114.21636,1.51));
#7150 = VECTOR('',#7151,1.);
#7151 = DIRECTION('',(-0.878504018987,-0.47773495646,0.));
#7152 = ORIENTED_EDGE('',*,*,#7153,.F.);
#7153 = EDGE_CURVE('',#7154,#7146,#7156,.T.);
#7154 = VERTEX_POINT('',#7155);
#7155 = CARTESIAN_POINT('',(168.465524,-114.799984,1.51));
#7156 = LINE('',#7157,#7158);
#7157 = CARTESIAN_POINT('',(168.465524,-114.799984,1.51));
#7158 = VECTOR('',#7159,1.);
#7159 = DIRECTION('',(-0.781611501882,0.623765549005,0.));
#7160 = ORIENTED_EDGE('',*,*,#7161,.F.);
#7161 = EDGE_CURVE('',#7162,#7154,#7164,.T.);
#7162 = VERTEX_POINT('',#7163);
#7163 = CARTESIAN_POINT('',(168.436985,-114.864938,1.51));
#7164 = LINE('',#7165,#7166);
#7165 = CARTESIAN_POINT('',(168.436985,-114.864938,1.51));
#7166 = VECTOR('',#7167,1.);
#7167 = DIRECTION('',(0.402257231305,0.915526689869,0.));
#7168 = ORIENTED_EDGE('',*,*,#7169,.F.);
#7169 = EDGE_CURVE('',#7170,#7162,#7172,.T.);
#7170 = VERTEX_POINT('',#7171);
#7171 = CARTESIAN_POINT('',(168.3875,-115.081816,1.51));
#7172 = LINE('',#7173,#7174);
#7173 = CARTESIAN_POINT('',(168.3875,-115.081816,1.51));
#7174 = VECTOR('',#7175,1.);
#7175 = DIRECTION('',(0.222452619431,0.974943502008,0.));
#7176 = ORIENTED_EDGE('',*,*,#7177,.F.);
#7177 = EDGE_CURVE('',#7178,#7170,#7180,.T.);
#7178 = VERTEX_POINT('',#7179);
#7179 = CARTESIAN_POINT('',(168.3875,-116.4875,1.51));
#7180 = LINE('',#7181,#7182);
#7181 = CARTESIAN_POINT('',(168.3875,-116.4875,1.51));
#7182 = VECTOR('',#7183,1.);
#7183 = DIRECTION('',(0.,1.,0.));
#7184 = ORIENTED_EDGE('',*,*,#7185,.F.);
#7185 = EDGE_CURVE('',#7186,#7178,#7188,.T.);
#7186 = VERTEX_POINT('',#7187);
#7187 = CARTESIAN_POINT('',(168.414048,-116.653111,1.51));
#7188 = LINE('',#7189,#7190);
#7189 = CARTESIAN_POINT('',(168.414048,-116.653111,1.51));
#7190 = VECTOR('',#7191,1.);
#7191 = DIRECTION('',(-0.158282554721,0.987393859041,0.));
#7192 = ORIENTED_EDGE('',*,*,#7193,.F.);
#7193 = EDGE_CURVE('',#7194,#7186,#7196,.T.);
#7194 = VERTEX_POINT('',#7195);
#7195 = CARTESIAN_POINT('',(168.436985,-116.704377,1.51));
#7196 = LINE('',#7197,#7198);
#7197 = CARTESIAN_POINT('',(168.436985,-116.704377,1.51));
#7198 = VECTOR('',#7199,1.);
#7199 = DIRECTION('',(-0.408398855141,0.912803579704,0.));
#7200 = ORIENTED_EDGE('',*,*,#7201,.F.);
#7201 = EDGE_CURVE('',#7202,#7194,#7204,.T.);
#7202 = VERTEX_POINT('',#7203);
#7203 = CARTESIAN_POINT('',(167.796676,-117.386618,1.51));
#7204 = LINE('',#7205,#7206);
#7205 = CARTESIAN_POINT('',(167.796676,-117.386618,1.51));
#7206 = VECTOR('',#7207,1.);
#7207 = DIRECTION('',(0.684343789171,0.729159501222,0.));
#7208 = ORIENTED_EDGE('',*,*,#7209,.F.);
#7209 = EDGE_CURVE('',#7210,#7202,#7212,.T.);
#7210 = VERTEX_POINT('',#7211);
#7211 = CARTESIAN_POINT('',(167.734212,-117.352957,1.51));
#7212 = LINE('',#7213,#7214);
#7213 = CARTESIAN_POINT('',(167.734212,-117.352957,1.51));
#7214 = VECTOR('',#7215,1.);
#7215 = DIRECTION('',(0.880314928453,-0.474389741398,0.));
#7216 = ORIENTED_EDGE('',*,*,#7217,.F.);
#7217 = EDGE_CURVE('',#7218,#7210,#7220,.T.);
#7218 = VERTEX_POINT('',#7219);
#7219 = CARTESIAN_POINT('',(167.481953,-117.284658,1.51));
#7220 = LINE('',#7221,#7222);
#7221 = CARTESIAN_POINT('',(167.481953,-117.284658,1.51));
#7222 = VECTOR('',#7223,1.);
#7223 = DIRECTION('',(0.965246785273,-0.261340091681,0.));
#7224 = ORIENTED_EDGE('',*,*,#7225,.F.);
#7225 = EDGE_CURVE('',#7226,#7218,#7228,.T.);
#7226 = VERTEX_POINT('',#7227);
#7227 = CARTESIAN_POINT('',(165.893049,-117.284658,1.51));
#7228 = LINE('',#7229,#7230);
#7229 = CARTESIAN_POINT('',(165.893049,-117.284658,1.51));
#7230 = VECTOR('',#7231,1.);
#7231 = DIRECTION('',(1.,0.,0.));
#7232 = ORIENTED_EDGE('',*,*,#7233,.F.);
#7233 = EDGE_CURVE('',#7234,#7226,#7236,.T.);
#7234 = VERTEX_POINT('',#7235);
#7235 = CARTESIAN_POINT('',(165.69899,-117.321298,1.51));
#7236 = LINE('',#7237,#7238);
#7237 = CARTESIAN_POINT('',(165.69899,-117.321298,1.51));
#7238 = VECTOR('',#7239,1.);
#7239 = DIRECTION('',(0.982638495187,0.18553055753,0.));
#7240 = ORIENTED_EDGE('',*,*,#7241,.F.);
#7241 = EDGE_CURVE('',#7242,#7234,#7244,.T.);
#7242 = VERTEX_POINT('',#7243);
#7243 = CARTESIAN_POINT('',(165.64079,-117.352955,1.51));
#7244 = LINE('',#7245,#7246);
#7245 = CARTESIAN_POINT('',(165.64079,-117.352955,1.51));
#7246 = VECTOR('',#7247,1.);
#7247 = DIRECTION('',(0.878456226645,0.477822831046,0.));
#7248 = ORIENTED_EDGE('',*,*,#7249,.F.);
#7249 = EDGE_CURVE('',#7250,#7242,#7252,.T.);
#7250 = VERTEX_POINT('',#7251);
#7251 = CARTESIAN_POINT('',(164.909464,-116.769339,1.51));
#7252 = LINE('',#7253,#7254);
#7253 = CARTESIAN_POINT('',(164.909464,-116.769339,1.51));
#7254 = VECTOR('',#7255,1.);
#7255 = DIRECTION('',(0.781621492145,-0.623753030467,0.));
#7256 = ORIENTED_EDGE('',*,*,#7257,.F.);
#7257 = EDGE_CURVE('',#7258,#7250,#7260,.T.);
#7258 = VERTEX_POINT('',#7259);
#7259 = CARTESIAN_POINT('',(164.938017,-116.704378,1.51));
#7260 = LINE('',#7261,#7262);
#7261 = CARTESIAN_POINT('',(164.938017,-116.704378,1.51));
#7262 = VECTOR('',#7263,1.);
#7263 = DIRECTION('',(-0.402386269203,-0.915469983318,0.));
#7264 = ORIENTED_EDGE('',*,*,#7265,.F.);
#7265 = EDGE_CURVE('',#7266,#7258,#7268,.T.);
#7266 = VERTEX_POINT('',#7267);
#7267 = CARTESIAN_POINT('',(164.987502,-116.4875,1.51));
#7268 = LINE('',#7269,#7270);
#7269 = CARTESIAN_POINT('',(164.987502,-116.4875,1.51));
#7270 = VECTOR('',#7271,1.);
#7271 = DIRECTION('',(-0.222452619431,-0.974943502008,0.));
#7272 = ORIENTED_EDGE('',*,*,#7273,.F.);
#7273 = EDGE_CURVE('',#7274,#7266,#7276,.T.);
#7274 = VERTEX_POINT('',#7275);
#7275 = CARTESIAN_POINT('',(164.987502,-115.081816,1.51));
#7276 = LINE('',#7277,#7278);
#7277 = CARTESIAN_POINT('',(164.987502,-115.081816,1.51));
#7278 = VECTOR('',#7279,1.);
#7279 = DIRECTION('',(0.,-1.,0.));
#7280 = ORIENTED_EDGE('',*,*,#7281,.F.);
#7281 = EDGE_CURVE('',#7282,#7274,#7284,.T.);
#7282 = VERTEX_POINT('',#7283);
#7283 = CARTESIAN_POINT('',(164.960953,-114.916205,1.51));
#7284 = LINE('',#7285,#7286);
#7285 = CARTESIAN_POINT('',(164.960953,-114.916205,1.51));
#7286 = VECTOR('',#7287,1.);
#7287 = DIRECTION('',(0.158288367468,-0.98739292722,0.));
#7288 = ORIENTED_EDGE('',*,*,#7289,.F.);
#7289 = EDGE_CURVE('',#7106,#7282,#7290,.T.);
#7290 = LINE('',#7291,#7292);
#7291 = CARTESIAN_POINT('',(164.938017,-114.864938,1.51));
#7292 = VECTOR('',#7293,1.);
#7293 = DIRECTION('',(0.408377382128,-0.912813186674,0.));
#7294 = FACE_BOUND('',#7295,.T.);
#7295 = EDGE_LOOP('',(#7296,#7307,#7316));
#7296 = ORIENTED_EDGE('',*,*,#7297,.T.);
#7297 = EDGE_CURVE('',#7298,#7300,#7302,.T.);
#7298 = VERTEX_POINT('',#7299);
#7299 = CARTESIAN_POINT('',(160.79279475197,-110.8826049529,1.51));
#7300 = VERTEX_POINT('',#7301);
#7301 = CARTESIAN_POINT('',(162.12363754738,-111.8003532647,1.51));
#7302 = CIRCLE('',#7303,0.85);
#7303 = AXIS2_PLACEMENT_3D('',#7304,#7305,#7306);
#7304 = CARTESIAN_POINT('',(161.6075,-111.125,1.51));
#7305 = DIRECTION('',(-0.,0.,-1.));
#7306 = DIRECTION('',(-3.343730521224E-14,-1.,0.));
#7307 = ORIENTED_EDGE('',*,*,#7308,.T.);
#7308 = EDGE_CURVE('',#7300,#7309,#7311,.T.);
#7309 = VERTEX_POINT('',#7310);
#7310 = CARTESIAN_POINT('',(161.6075,-111.975,1.51));
#7311 = CIRCLE('',#7312,0.85);
#7312 = AXIS2_PLACEMENT_3D('',#7313,#7314,#7315);
#7313 = CARTESIAN_POINT('',(161.6075,-111.125,1.51));
#7314 = DIRECTION('',(-0.,0.,-1.));
#7315 = DIRECTION('',(-3.343730521224E-14,-1.,0.));
#7316 = ORIENTED_EDGE('',*,*,#7317,.T.);
#7317 = EDGE_CURVE('',#7309,#7298,#7318,.T.);
#7318 = CIRCLE('',#7319,0.85);
#7319 = AXIS2_PLACEMENT_3D('',#7320,#7321,#7322);
#7320 = CARTESIAN_POINT('',(161.6075,-111.125,1.51));
#7321 = DIRECTION('',(-0.,0.,-1.));
#7322 = DIRECTION('',(-3.343730521224E-14,-1.,0.));
#7323 = FACE_BOUND('',#7324,.T.);
#7324 = EDGE_LOOP('',(#7325));
#7325 = ORIENTED_EDGE('',*,*,#7326,.T.);
#7326 = EDGE_CURVE('',#7327,#7327,#7329,.T.);
#7327 = VERTEX_POINT('',#7328);
#7328 = CARTESIAN_POINT('',(166.6875,-113.125,1.51));
#7329 = CIRCLE('',#7330,2.);
#7330 = AXIS2_PLACEMENT_3D('',#7331,#7332,#7333);
#7331 = CARTESIAN_POINT('',(166.6875,-111.125,1.51));
#7332 = DIRECTION('',(-0.,0.,-1.));
#7333 = DIRECTION('',(-0.,-1.,0.));
#7334 = FACE_BOUND('',#7335,.T.);
#7335 = EDGE_LOOP('',(#7336));
#7336 = ORIENTED_EDGE('',*,*,#7337,.T.);
#7337 = EDGE_CURVE('',#7338,#7338,#7340,.T.);
#7338 = VERTEX_POINT('',#7339);
#7339 = CARTESIAN_POINT('',(174.625,-115.335,1.51));
#7340 = CIRCLE('',#7341,0.4);
#7341 = AXIS2_PLACEMENT_3D('',#7342,#7343,#7344);
#7342 = CARTESIAN_POINT('',(174.625,-114.935,1.51));
#7343 = DIRECTION('',(-0.,0.,-1.));
#7344 = DIRECTION('',(-0.,-1.,0.));
#7345 = FACE_BOUND('',#7346,.T.);
#7346 = EDGE_LOOP('',(#7347));
#7347 = ORIENTED_EDGE('',*,*,#7348,.T.);
#7348 = EDGE_CURVE('',#7349,#7349,#7351,.T.);
#7349 = VERTEX_POINT('',#7350);
#7350 = CARTESIAN_POINT('',(171.7675,-111.975,1.51));
#7351 = CIRCLE('',#7352,0.85);
#7352 = AXIS2_PLACEMENT_3D('',#7353,#7354,#7355);
#7353 = CARTESIAN_POINT('',(171.7675,-111.125,1.51));
#7354 = DIRECTION('',(-0.,0.,-1.));
#7355 = DIRECTION('',(3.343730521224E-14,-1.,-0.));
#7356 = FACE_BOUND('',#7357,.T.);
#7357 = EDGE_LOOP('',(#7358));
#7358 = ORIENTED_EDGE('',*,*,#7359,.T.);
#7359 = EDGE_CURVE('',#7360,#7360,#7362,.T.);
#7360 = VERTEX_POINT('',#7361);
#7361 = CARTESIAN_POINT('',(162.8775,-109.335,1.51));
#7362 = CIRCLE('',#7363,0.75);
#7363 = AXIS2_PLACEMENT_3D('',#7364,#7365,#7366);
#7364 = CARTESIAN_POINT('',(162.8775,-108.585,1.51));
#7365 = DIRECTION('',(-0.,0.,-1.));
#7366 = DIRECTION('',(-0.,-1.,0.));
#7367 = FACE_BOUND('',#7368,.T.);
#7368 = EDGE_LOOP('',(#7369));
#7369 = ORIENTED_EDGE('',*,*,#7370,.T.);
#7370 = EDGE_CURVE('',#7371,#7371,#7373,.T.);
#7371 = VERTEX_POINT('',#7372);
#7372 = CARTESIAN_POINT('',(169.2275,-106.795,1.51));
#7373 = CIRCLE('',#7374,0.75);
#7374 = AXIS2_PLACEMENT_3D('',#7375,#7376,#7377);
#7375 = CARTESIAN_POINT('',(169.2275,-106.045,1.51));
#7376 = DIRECTION('',(-0.,0.,-1.));
#7377 = DIRECTION('',(-0.,-1.,0.));
#7378 = FACE_BOUND('',#7379,.T.);
#7379 = EDGE_LOOP('',(#7380));
#7380 = ORIENTED_EDGE('',*,*,#7381,.T.);
#7381 = EDGE_CURVE('',#7382,#7382,#7384,.T.);
#7382 = VERTEX_POINT('',#7383);
#7383 = CARTESIAN_POINT('',(174.625,-107.715,1.51));
#7384 = CIRCLE('',#7385,0.4);
#7385 = AXIS2_PLACEMENT_3D('',#7386,#7387,#7388);
#7386 = CARTESIAN_POINT('',(174.625,-107.315,1.51));
#7387 = DIRECTION('',(-0.,0.,-1.));
#7388 = DIRECTION('',(-0.,-1.,0.));
#7389 = FACE_BOUND('',#7390,.T.);
#7390 = EDGE_LOOP('',(#7391,#7402,#7411));
#7391 = ORIENTED_EDGE('',*,*,#7392,.T.);
#7392 = EDGE_CURVE('',#7393,#7395,#7397,.T.);
#7393 = VERTEX_POINT('',#7394);
#7394 = CARTESIAN_POINT('',(180.78355697574,-110.2843992393,1.51));
#7395 = VERTEX_POINT('',#7396);
#7396 = CARTESIAN_POINT('',(181.34725809717,-110.6282769711,1.51));
#7397 = CIRCLE('',#7398,0.85);
#7398 = AXIS2_PLACEMENT_3D('',#7399,#7400,#7401);
#7399 = CARTESIAN_POINT('',(180.6575,-111.125,1.51));
#7400 = DIRECTION('',(-0.,0.,-1.));
#7401 = DIRECTION('',(-0.,-1.,0.));
#7402 = ORIENTED_EDGE('',*,*,#7403,.T.);
#7403 = EDGE_CURVE('',#7395,#7404,#7406,.T.);
#7404 = VERTEX_POINT('',#7405);
#7405 = CARTESIAN_POINT('',(180.6575,-111.975,1.51));
#7406 = CIRCLE('',#7407,0.85);
#7407 = AXIS2_PLACEMENT_3D('',#7408,#7409,#7410);
#7408 = CARTESIAN_POINT('',(180.6575,-111.125,1.51));
#7409 = DIRECTION('',(-0.,0.,-1.));
#7410 = DIRECTION('',(-0.,-1.,0.));
#7411 = ORIENTED_EDGE('',*,*,#7412,.T.);
#7412 = EDGE_CURVE('',#7404,#7393,#7413,.T.);
#7413 = CIRCLE('',#7414,0.85);
#7414 = AXIS2_PLACEMENT_3D('',#7415,#7416,#7417);
#7415 = CARTESIAN_POINT('',(180.6575,-111.125,1.51));
#7416 = DIRECTION('',(-0.,0.,-1.));
#7417 = DIRECTION('',(-0.,-1.,0.));
#7418 = FACE_BOUND('',#7419,.T.);
#7419 = EDGE_LOOP('',(#7420,#7430,#7438,#7446,#7454,#7462,#7470,#7478,
    #7486,#7494,#7502,#7510,#7518,#7526,#7534,#7542,#7550,#7558,#7566,
    #7574,#7582,#7590,#7598,#7606,#7614,#7622));
#7420 = ORIENTED_EDGE('',*,*,#7421,.F.);
#7421 = EDGE_CURVE('',#7422,#7424,#7426,.T.);
#7422 = VERTEX_POINT('',#7423);
#7423 = CARTESIAN_POINT('',(187.125995,-114.153512,1.51));
#7424 = VERTEX_POINT('',#7425);
#7425 = CARTESIAN_POINT('',(186.784212,-114.21636,1.51));
#7426 = LINE('',#7427,#7428);
#7427 = CARTESIAN_POINT('',(187.125995,-114.153512,1.51));
#7428 = VECTOR('',#7429,1.);
#7429 = DIRECTION('',(-0.983510573351,-0.1808506348,0.));
#7430 = ORIENTED_EDGE('',*,*,#7431,.F.);
#7431 = EDGE_CURVE('',#7432,#7422,#7434,.T.);
#7432 = VERTEX_POINT('',#7433);
#7433 = CARTESIAN_POINT('',(187.260604,-114.198207,1.51));
#7434 = LINE('',#7435,#7436);
#7435 = CARTESIAN_POINT('',(187.260604,-114.198207,1.51));
#7436 = VECTOR('',#7437,1.);
#7437 = DIRECTION('',(-0.949052093459,0.315119221725,0.));
#7438 = ORIENTED_EDGE('',*,*,#7439,.F.);
#7439 = EDGE_CURVE('',#7440,#7432,#7442,.T.);
#7440 = VERTEX_POINT('',#7441);
#7441 = CARTESIAN_POINT('',(187.515613,-114.800012,1.51));
#7442 = LINE('',#7443,#7444);
#7443 = CARTESIAN_POINT('',(187.515613,-114.800012,1.51));
#7444 = VECTOR('',#7445,1.);
#7445 = DIRECTION('',(-0.390157959902,0.92074793854,0.));
#7446 = ORIENTED_EDGE('',*,*,#7447,.F.);
#7447 = EDGE_CURVE('',#7448,#7440,#7450,.T.);
#7448 = VERTEX_POINT('',#7449);
#7449 = CARTESIAN_POINT('',(187.486985,-114.864938,1.51));
#7450 = LINE('',#7451,#7452);
#7451 = CARTESIAN_POINT('',(187.486985,-114.864938,1.51));
#7452 = VECTOR('',#7453,1.);
#7453 = DIRECTION('',(0.40345353011,0.915000136088,0.));
#7454 = ORIENTED_EDGE('',*,*,#7455,.F.);
#7455 = EDGE_CURVE('',#7456,#7448,#7458,.T.);
#7456 = VERTEX_POINT('',#7457);
#7457 = CARTESIAN_POINT('',(187.4375,-115.081815,1.51));
#7458 = LINE('',#7459,#7460);
#7459 = CARTESIAN_POINT('',(187.4375,-115.081815,1.51));
#7460 = VECTOR('',#7461,1.);
#7461 = DIRECTION('',(0.222453594382,0.974943279554,0.));
#7462 = ORIENTED_EDGE('',*,*,#7463,.F.);
#7463 = EDGE_CURVE('',#7464,#7456,#7466,.T.);
#7464 = VERTEX_POINT('',#7465);
#7465 = CARTESIAN_POINT('',(187.4375,-116.4875,1.51));
#7466 = LINE('',#7467,#7468);
#7467 = CARTESIAN_POINT('',(187.4375,-116.4875,1.51));
#7468 = VECTOR('',#7469,1.);
#7469 = DIRECTION('',(0.,1.,0.));
#7470 = ORIENTED_EDGE('',*,*,#7471,.F.);
#7471 = EDGE_CURVE('',#7472,#7464,#7474,.T.);
#7472 = VERTEX_POINT('',#7473);
#7473 = CARTESIAN_POINT('',(187.464048,-116.653112,1.51));
#7474 = LINE('',#7475,#7476);
#7475 = CARTESIAN_POINT('',(187.464048,-116.653112,1.51));
#7476 = VECTOR('',#7477,1.);
#7477 = DIRECTION('',(-0.158281622922,0.987394008411,0.));
#7478 = ORIENTED_EDGE('',*,*,#7479,.F.);
#7479 = EDGE_CURVE('',#7480,#7472,#7482,.T.);
#7480 = VERTEX_POINT('',#7481);
#7481 = CARTESIAN_POINT('',(187.486985,-116.704378,1.51));
#7482 = LINE('',#7483,#7484);
#7483 = CARTESIAN_POINT('',(187.486985,-116.704378,1.51));
#7484 = VECTOR('',#7485,1.);
#7485 = DIRECTION('',(-0.408398855141,0.912803579703,0.));
#7486 = ORIENTED_EDGE('',*,*,#7487,.F.);
#7487 = EDGE_CURVE('',#7488,#7480,#7490,.T.);
#7488 = VERTEX_POINT('',#7489);
#7489 = CARTESIAN_POINT('',(186.846671,-117.386632,1.51));
#7490 = LINE('',#7491,#7492);
#7491 = CARTESIAN_POINT('',(186.846671,-117.386632,1.51));
#7492 = VECTOR('',#7493,1.);
#7493 = DIRECTION('',(0.684339697344,0.729163341535,0.));
#7494 = ORIENTED_EDGE('',*,*,#7495,.F.);
#7495 = EDGE_CURVE('',#7496,#7488,#7498,.T.);
#7496 = VERTEX_POINT('',#7497);
#7497 = CARTESIAN_POINT('',(186.784212,-117.352957,1.51));
#7498 = LINE('',#7499,#7500);
#7499 = CARTESIAN_POINT('',(186.784212,-117.352957,1.51));
#7500 = VECTOR('',#7501,1.);
#7501 = DIRECTION('',(0.880216657988,-0.474572054592,0.));
#7502 = ORIENTED_EDGE('',*,*,#7503,.F.);
#7503 = EDGE_CURVE('',#7504,#7496,#7506,.T.);
#7504 = VERTEX_POINT('',#7505);
#7505 = CARTESIAN_POINT('',(186.531953,-117.284658,1.51));
#7506 = LINE('',#7507,#7508);
#7507 = CARTESIAN_POINT('',(186.531953,-117.284658,1.51));
#7508 = VECTOR('',#7509,1.);
#7509 = DIRECTION('',(0.965246785273,-0.261340091681,0.));
#7510 = ORIENTED_EDGE('',*,*,#7511,.F.);
#7511 = EDGE_CURVE('',#7512,#7504,#7514,.T.);
#7512 = VERTEX_POINT('',#7513);
#7513 = CARTESIAN_POINT('',(184.943049,-117.284658,1.51));
#7514 = LINE('',#7515,#7516);
#7515 = CARTESIAN_POINT('',(184.943049,-117.284658,1.51));
#7516 = VECTOR('',#7517,1.);
#7517 = DIRECTION('',(1.,0.,0.));
#7518 = ORIENTED_EDGE('',*,*,#7519,.F.);
#7519 = EDGE_CURVE('',#7520,#7512,#7522,.T.);
#7520 = VERTEX_POINT('',#7521);
#7521 = CARTESIAN_POINT('',(184.748998,-117.321318,1.51));
#7522 = LINE('',#7523,#7524);
#7523 = CARTESIAN_POINT('',(184.748998,-117.321318,1.51));
#7524 = VECTOR('',#7525,1.);
#7525 = DIRECTION('',(0.982618631892,0.185635730015,0.));
#7526 = ORIENTED_EDGE('',*,*,#7527,.F.);
#7527 = EDGE_CURVE('',#7528,#7520,#7530,.T.);
#7528 = VERTEX_POINT('',#7529);
#7529 = CARTESIAN_POINT('',(184.690791,-117.352957,1.51));
#7530 = LINE('',#7531,#7532);
#7531 = CARTESIAN_POINT('',(184.690791,-117.352957,1.51));
#7532 = VECTOR('',#7533,1.);
#7533 = DIRECTION('',(0.878594357754,0.477568795591,0.));
#7534 = ORIENTED_EDGE('',*,*,#7535,.F.);
#7535 = EDGE_CURVE('',#7536,#7528,#7538,.T.);
#7536 = VERTEX_POINT('',#7537);
#7537 = CARTESIAN_POINT('',(183.959476,-116.769342,1.51));
#7538 = LINE('',#7539,#7540);
#7539 = CARTESIAN_POINT('',(183.959476,-116.769342,1.51));
#7540 = VECTOR('',#7541,1.);
#7541 = DIRECTION('',(0.781617439079,-0.623758109308,0.));
#7542 = ORIENTED_EDGE('',*,*,#7543,.F.);
#7543 = EDGE_CURVE('',#7544,#7536,#7546,.T.);
#7544 = VERTEX_POINT('',#7545);
#7545 = CARTESIAN_POINT('',(183.988017,-116.704378,1.51));
#7546 = LINE('',#7547,#7548);
#7547 = CARTESIAN_POINT('',(183.988017,-116.704378,1.51));
#7548 = VECTOR('',#7549,1.);
#7549 = DIRECTION('',(-0.402228954956,-0.915539113198,0.));
#7550 = ORIENTED_EDGE('',*,*,#7551,.F.);
#7551 = EDGE_CURVE('',#7552,#7544,#7554,.T.);
#7552 = VERTEX_POINT('',#7553);
#7553 = CARTESIAN_POINT('',(184.037502,-116.487501,1.51));
#7554 = LINE('',#7555,#7556);
#7555 = CARTESIAN_POINT('',(184.037502,-116.487501,1.51));
#7556 = VECTOR('',#7557,1.);
#7557 = DIRECTION('',(-0.222453594382,-0.974943279554,0.));
#7558 = ORIENTED_EDGE('',*,*,#7559,.F.);
#7559 = EDGE_CURVE('',#7560,#7552,#7562,.T.);
#7560 = VERTEX_POINT('',#7561);
#7561 = CARTESIAN_POINT('',(184.037502,-115.081816,1.51));
#7562 = LINE('',#7563,#7564);
#7563 = CARTESIAN_POINT('',(184.037502,-115.081816,1.51));
#7564 = VECTOR('',#7565,1.);
#7565 = DIRECTION('',(0.,-1.,0.));
#7566 = ORIENTED_EDGE('',*,*,#7567,.F.);
#7567 = EDGE_CURVE('',#7568,#7560,#7570,.T.);
#7568 = VERTEX_POINT('',#7569);
#7569 = CARTESIAN_POINT('',(184.010959,-114.916202,1.51));
#7570 = LINE('',#7571,#7572);
#7571 = CARTESIAN_POINT('',(184.010959,-114.916202,1.51));
#7572 = VECTOR('',#7573,1.);
#7573 = DIRECTION('',(0.158250695858,-0.987398965596,0.));
#7574 = ORIENTED_EDGE('',*,*,#7575,.F.);
#7575 = EDGE_CURVE('',#7576,#7568,#7578,.T.);
#7576 = VERTEX_POINT('',#7577);
#7577 = CARTESIAN_POINT('',(183.988017,-114.864938,1.51));
#7578 = LINE('',#7579,#7580);
#7579 = CARTESIAN_POINT('',(183.988017,-114.864938,1.51));
#7580 = VECTOR('',#7581,1.);
#7581 = DIRECTION('',(0.408486305654,-0.912764448307,0.));
#7582 = ORIENTED_EDGE('',*,*,#7583,.F.);
#7583 = EDGE_CURVE('',#7584,#7576,#7586,.T.);
#7584 = VERTEX_POINT('',#7585);
#7585 = CARTESIAN_POINT('',(184.628283,-114.18279,1.51));
#7586 = LINE('',#7587,#7588);
#7587 = CARTESIAN_POINT('',(184.628283,-114.18279,1.51));
#7588 = VECTOR('',#7589,1.);
#7589 = DIRECTION('',(-0.684368955215,-0.729135881121,0.));
#7590 = ORIENTED_EDGE('',*,*,#7591,.F.);
#7591 = EDGE_CURVE('',#7592,#7584,#7594,.T.);
#7592 = VERTEX_POINT('',#7593);
#7593 = CARTESIAN_POINT('',(184.69079,-114.216359,1.51));
#7594 = LINE('',#7595,#7596);
#7595 = CARTESIAN_POINT('',(184.69079,-114.216359,1.51));
#7596 = VECTOR('',#7597,1.);
#7597 = DIRECTION('',(-0.880991927053,0.473131297282,0.));
#7598 = ORIENTED_EDGE('',*,*,#7599,.F.);
#7599 = EDGE_CURVE('',#7600,#7592,#7602,.T.);
#7600 = VERTEX_POINT('',#7601);
#7601 = CARTESIAN_POINT('',(184.943048,-114.284658,1.51));
#7602 = LINE('',#7603,#7604);
#7603 = CARTESIAN_POINT('',(184.943048,-114.284658,1.51));
#7604 = VECTOR('',#7605,1.);
#7605 = DIRECTION('',(-0.965246523933,0.261341056926,0.));
#7606 = ORIENTED_EDGE('',*,*,#7607,.F.);
#7607 = EDGE_CURVE('',#7608,#7600,#7610,.T.);
#7608 = VERTEX_POINT('',#7609);
#7609 = CARTESIAN_POINT('',(186.531954,-114.284659,1.51));
#7610 = LINE('',#7611,#7612);
#7611 = CARTESIAN_POINT('',(186.531954,-114.284659,1.51));
#7612 = VECTOR('',#7613,1.);
#7613 = DIRECTION('',(-1.,6.293638589608E-07,0.));
#7614 = ORIENTED_EDGE('',*,*,#7615,.F.);
#7615 = EDGE_CURVE('',#7616,#7608,#7618,.T.);
#7616 = VERTEX_POINT('',#7617);
#7617 = CARTESIAN_POINT('',(186.726018,-114.248026,1.51));
#7618 = LINE('',#7619,#7620);
#7619 = CARTESIAN_POINT('',(186.726018,-114.248026,1.51));
#7620 = VECTOR('',#7621,1.);
#7621 = DIRECTION('',(-0.982645827776,-0.185491717212,0.));
#7622 = ORIENTED_EDGE('',*,*,#7623,.F.);
#7623 = EDGE_CURVE('',#7424,#7616,#7624,.T.);
#7624 = LINE('',#7625,#7626);
#7625 = CARTESIAN_POINT('',(186.784212,-114.21636,1.51));
#7626 = VECTOR('',#7627,1.);
#7627 = DIRECTION('',(-0.878378517219,-0.477965668733,0.));
#7628 = FACE_BOUND('',#7629,.T.);
#7629 = EDGE_LOOP('',(#7630));
#7630 = ORIENTED_EDGE('',*,*,#7631,.T.);
#7631 = EDGE_CURVE('',#7632,#7632,#7634,.T.);
#7632 = VERTEX_POINT('',#7633);
#7633 = CARTESIAN_POINT('',(193.675,-115.335,1.51));
#7634 = CIRCLE('',#7635,0.4);
#7635 = AXIS2_PLACEMENT_3D('',#7636,#7637,#7638);
#7636 = CARTESIAN_POINT('',(193.675,-114.935,1.51));
#7637 = DIRECTION('',(-0.,0.,-1.));
#7638 = DIRECTION('',(-0.,-1.,0.));
#7639 = FACE_BOUND('',#7640,.T.);
#7640 = EDGE_LOOP('',(#7641,#7652,#7661));
#7641 = ORIENTED_EDGE('',*,*,#7642,.T.);
#7642 = EDGE_CURVE('',#7643,#7645,#7647,.T.);
#7643 = VERTEX_POINT('',#7644);
#7644 = CARTESIAN_POINT('',(185.7375,-113.125,1.51));
#7645 = VERTEX_POINT('',#7646);
#7646 = CARTESIAN_POINT('',(185.39019895348,-113.0946146788,1.51));
#7647 = CIRCLE('',#7648,2.);
#7648 = AXIS2_PLACEMENT_3D('',#7649,#7650,#7651);
#7649 = CARTESIAN_POINT('',(185.7375,-111.125,1.51));
#7650 = DIRECTION('',(-0.,0.,-1.));
#7651 = DIRECTION('',(-0.,-1.,0.));
#7652 = ORIENTED_EDGE('',*,*,#7653,.T.);
#7653 = EDGE_CURVE('',#7645,#7654,#7656,.T.);
#7654 = VERTEX_POINT('',#7655);
#7655 = CARTESIAN_POINT('',(184.14509007894,-112.3350539836,1.51));
#7656 = CIRCLE('',#7657,2.);
#7657 = AXIS2_PLACEMENT_3D('',#7658,#7659,#7660);
#7658 = CARTESIAN_POINT('',(185.7375,-111.125,1.51));
#7659 = DIRECTION('',(-0.,0.,-1.));
#7660 = DIRECTION('',(-0.,-1.,0.));
#7661 = ORIENTED_EDGE('',*,*,#7662,.T.);
#7662 = EDGE_CURVE('',#7654,#7643,#7663,.T.);
#7663 = CIRCLE('',#7664,2.);
#7664 = AXIS2_PLACEMENT_3D('',#7665,#7666,#7667);
#7665 = CARTESIAN_POINT('',(185.7375,-111.125,1.51));
#7666 = DIRECTION('',(-0.,0.,-1.));
#7667 = DIRECTION('',(-0.,-1.,0.));
#7668 = FACE_BOUND('',#7669,.T.);
#7669 = EDGE_LOOP('',(#7670));
#7670 = ORIENTED_EDGE('',*,*,#7671,.T.);
#7671 = EDGE_CURVE('',#7672,#7672,#7674,.T.);
#7672 = VERTEX_POINT('',#7673);
#7673 = CARTESIAN_POINT('',(190.8175,-111.975,1.51));
#7674 = CIRCLE('',#7675,0.85);
#7675 = AXIS2_PLACEMENT_3D('',#7676,#7677,#7678);
#7676 = CARTESIAN_POINT('',(190.8175,-111.125,1.51));
#7677 = DIRECTION('',(-0.,0.,-1.));
#7678 = DIRECTION('',(-0.,-1.,0.));
#7679 = FACE_BOUND('',#7680,.T.);
#7680 = EDGE_LOOP('',(#7681));
#7681 = ORIENTED_EDGE('',*,*,#7682,.T.);
#7682 = EDGE_CURVE('',#7683,#7683,#7685,.T.);
#7683 = VERTEX_POINT('',#7684);
#7684 = CARTESIAN_POINT('',(181.9275,-109.335,1.51));
#7685 = CIRCLE('',#7686,0.75);
#7686 = AXIS2_PLACEMENT_3D('',#7687,#7688,#7689);
#7687 = CARTESIAN_POINT('',(181.9275,-108.585,1.51));
#7688 = DIRECTION('',(-0.,0.,-1.));
#7689 = DIRECTION('',(-0.,-1.,0.));
#7690 = FACE_BOUND('',#7691,.T.);
#7691 = EDGE_LOOP('',(#7692));
#7692 = ORIENTED_EDGE('',*,*,#7693,.T.);
#7693 = EDGE_CURVE('',#7694,#7694,#7696,.T.);
#7694 = VERTEX_POINT('',#7695);
#7695 = CARTESIAN_POINT('',(188.2775,-106.795,1.51));
#7696 = CIRCLE('',#7697,0.75);
#7697 = AXIS2_PLACEMENT_3D('',#7698,#7699,#7700);
#7698 = CARTESIAN_POINT('',(188.2775,-106.045,1.51));
#7699 = DIRECTION('',(-0.,0.,-1.));
#7700 = DIRECTION('',(-0.,-1.,0.));
#7701 = FACE_BOUND('',#7702,.T.);
#7702 = EDGE_LOOP('',(#7703));
#7703 = ORIENTED_EDGE('',*,*,#7704,.T.);
#7704 = EDGE_CURVE('',#7705,#7705,#7707,.T.);
#7705 = VERTEX_POINT('',#7706);
#7706 = CARTESIAN_POINT('',(193.675,-107.715,1.51));
#7707 = CIRCLE('',#7708,0.4);
#7708 = AXIS2_PLACEMENT_3D('',#7709,#7710,#7711);
#7709 = CARTESIAN_POINT('',(193.675,-107.315,1.51));
#7710 = DIRECTION('',(-0.,0.,-1.));
#7711 = DIRECTION('',(-0.,-1.,0.));
#7712 = FACE_BOUND('',#7713,.T.);
#7713 = EDGE_LOOP('',(#7714,#7724,#7732,#7740,#7748,#7756,#7764,#7772,
    #7780,#7788,#7796,#7804,#7812,#7820,#7828,#7836,#7844,#7852,#7860,
    #7868,#7876,#7884,#7892,#7900));
#7714 = ORIENTED_EDGE('',*,*,#7715,.F.);
#7715 = EDGE_CURVE('',#7716,#7718,#7720,.T.);
#7716 = VERTEX_POINT('',#7717);
#7717 = CARTESIAN_POINT('',(127.47832,-95.1327,1.51));
#7718 = VERTEX_POINT('',#7719);
#7719 = CARTESIAN_POINT('',(126.838017,-95.814938,1.51));
#7720 = LINE('',#7721,#7722);
#7721 = CARTESIAN_POINT('',(127.47832,-95.1327,1.51));
#7722 = VECTOR('',#7723,1.);
#7723 = DIRECTION('',(-0.68434197967,-0.729161199504,0.));
#7724 = ORIENTED_EDGE('',*,*,#7725,.F.);
#7725 = EDGE_CURVE('',#7726,#7716,#7728,.T.);
#7726 = VERTEX_POINT('',#7727);
#7727 = CARTESIAN_POINT('',(127.54079,-95.166359,1.51));
#7728 = LINE('',#7729,#7730);
#7729 = CARTESIAN_POINT('',(127.54079,-95.166359,1.51));
#7730 = VECTOR('',#7731,1.);
#7731 = DIRECTION('',(-0.880345725289,0.474332587922,0.));
#7732 = ORIENTED_EDGE('',*,*,#7733,.F.);
#7733 = EDGE_CURVE('',#7734,#7726,#7736,.T.);
#7734 = VERTEX_POINT('',#7735);
#7735 = CARTESIAN_POINT('',(127.793049,-95.234659,1.51));
#7736 = LINE('',#7737,#7738);
#7737 = CARTESIAN_POINT('',(127.793049,-95.234659,1.51));
#7738 = VECTOR('',#7739,1.);
#7739 = DIRECTION('',(-0.965245820026,0.261343656749,0.));
#7740 = ORIENTED_EDGE('',*,*,#7741,.F.);
#7741 = EDGE_CURVE('',#7742,#7734,#7744,.T.);
#7742 = VERTEX_POINT('',#7743);
#7743 = CARTESIAN_POINT('',(129.381954,-95.234659,1.51));
#7744 = LINE('',#7745,#7746);
#7745 = CARTESIAN_POINT('',(129.381954,-95.234659,1.51));
#7746 = VECTOR('',#7747,1.);
#7747 = DIRECTION('',(-1.,0.,0.));
#7748 = ORIENTED_EDGE('',*,*,#7749,.F.);
#7749 = EDGE_CURVE('',#7750,#7742,#7752,.T.);
#7750 = VERTEX_POINT('',#7751);
#7751 = CARTESIAN_POINT('',(129.576011,-95.19801,1.51));
#7752 = LINE('',#7753,#7754);
#7753 = CARTESIAN_POINT('',(129.576011,-95.19801,1.51));
#7754 = VECTOR('',#7755,1.);
#7755 = DIRECTION('',(-0.982629837218,-0.185576407469,0.));
#7756 = ORIENTED_EDGE('',*,*,#7757,.F.);
#7757 = EDGE_CURVE('',#7758,#7750,#7760,.T.);
#7758 = VERTEX_POINT('',#7759);
#7759 = CARTESIAN_POINT('',(129.634212,-95.16636,1.51));
#7760 = LINE('',#7761,#7762);
#7761 = CARTESIAN_POINT('',(129.634212,-95.16636,1.51));
#7762 = VECTOR('',#7763,1.);
#7763 = DIRECTION('',(-0.878504018987,-0.47773495646,0.));
#7764 = ORIENTED_EDGE('',*,*,#7765,.F.);
#7765 = EDGE_CURVE('',#7766,#7758,#7768,.T.);
#7766 = VERTEX_POINT('',#7767);
#7767 = CARTESIAN_POINT('',(130.365524,-95.749984,1.51));
#7768 = LINE('',#7769,#7770);
#7769 = CARTESIAN_POINT('',(130.365524,-95.749984,1.51));
#7770 = VECTOR('',#7771,1.);
#7771 = DIRECTION('',(-0.781611501882,0.623765549005,0.));
#7772 = ORIENTED_EDGE('',*,*,#7773,.F.);
#7773 = EDGE_CURVE('',#7774,#7766,#7776,.T.);
#7774 = VERTEX_POINT('',#7775);
#7775 = CARTESIAN_POINT('',(130.336985,-95.814938,1.51));
#7776 = LINE('',#7777,#7778);
#7777 = CARTESIAN_POINT('',(130.336985,-95.814938,1.51));
#7778 = VECTOR('',#7779,1.);
#7779 = DIRECTION('',(0.402257231305,0.915526689869,0.));
#7780 = ORIENTED_EDGE('',*,*,#7781,.F.);
#7781 = EDGE_CURVE('',#7782,#7774,#7784,.T.);
#7782 = VERTEX_POINT('',#7783);
#7783 = CARTESIAN_POINT('',(130.2875,-96.031816,1.51));
#7784 = LINE('',#7785,#7786);
#7785 = CARTESIAN_POINT('',(130.2875,-96.031816,1.51));
#7786 = VECTOR('',#7787,1.);
#7787 = DIRECTION('',(0.222452619431,0.974943502008,0.));
#7788 = ORIENTED_EDGE('',*,*,#7789,.F.);
#7789 = EDGE_CURVE('',#7790,#7782,#7792,.T.);
#7790 = VERTEX_POINT('',#7791);
#7791 = CARTESIAN_POINT('',(130.2875,-97.4375,1.51));
#7792 = LINE('',#7793,#7794);
#7793 = CARTESIAN_POINT('',(130.2875,-97.4375,1.51));
#7794 = VECTOR('',#7795,1.);
#7795 = DIRECTION('',(0.,1.,0.));
#7796 = ORIENTED_EDGE('',*,*,#7797,.F.);
#7797 = EDGE_CURVE('',#7798,#7790,#7800,.T.);
#7798 = VERTEX_POINT('',#7799);
#7799 = CARTESIAN_POINT('',(130.314048,-97.603111,1.51));
#7800 = LINE('',#7801,#7802);
#7801 = CARTESIAN_POINT('',(130.314048,-97.603111,1.51));
#7802 = VECTOR('',#7803,1.);
#7803 = DIRECTION('',(-0.158282554721,0.987393859041,0.));
#7804 = ORIENTED_EDGE('',*,*,#7805,.F.);
#7805 = EDGE_CURVE('',#7806,#7798,#7808,.T.);
#7806 = VERTEX_POINT('',#7807);
#7807 = CARTESIAN_POINT('',(130.336985,-97.654377,1.51));
#7808 = LINE('',#7809,#7810);
#7809 = CARTESIAN_POINT('',(130.336985,-97.654377,1.51));
#7810 = VECTOR('',#7811,1.);
#7811 = DIRECTION('',(-0.408398855141,0.912803579704,0.));
#7812 = ORIENTED_EDGE('',*,*,#7813,.F.);
#7813 = EDGE_CURVE('',#7814,#7806,#7816,.T.);
#7814 = VERTEX_POINT('',#7815);
#7815 = CARTESIAN_POINT('',(129.696676,-98.336618,1.51));
#7816 = LINE('',#7817,#7818);
#7817 = CARTESIAN_POINT('',(129.696676,-98.336618,1.51));
#7818 = VECTOR('',#7819,1.);
#7819 = DIRECTION('',(0.684343789171,0.729159501222,0.));
#7820 = ORIENTED_EDGE('',*,*,#7821,.F.);
#7821 = EDGE_CURVE('',#7822,#7814,#7824,.T.);
#7822 = VERTEX_POINT('',#7823);
#7823 = CARTESIAN_POINT('',(129.634212,-98.302957,1.51));
#7824 = LINE('',#7825,#7826);
#7825 = CARTESIAN_POINT('',(129.634212,-98.302957,1.51));
#7826 = VECTOR('',#7827,1.);
#7827 = DIRECTION('',(0.880314928453,-0.474389741397,0.));
#7828 = ORIENTED_EDGE('',*,*,#7829,.F.);
#7829 = EDGE_CURVE('',#7830,#7822,#7832,.T.);
#7830 = VERTEX_POINT('',#7831);
#7831 = CARTESIAN_POINT('',(129.381953,-98.234658,1.51));
#7832 = LINE('',#7833,#7834);
#7833 = CARTESIAN_POINT('',(129.381953,-98.234658,1.51));
#7834 = VECTOR('',#7835,1.);
#7835 = DIRECTION('',(0.965246785273,-0.261340091681,0.));
#7836 = ORIENTED_EDGE('',*,*,#7837,.F.);
#7837 = EDGE_CURVE('',#7838,#7830,#7840,.T.);
#7838 = VERTEX_POINT('',#7839);
#7839 = CARTESIAN_POINT('',(127.793049,-98.234658,1.51));
#7840 = LINE('',#7841,#7842);
#7841 = CARTESIAN_POINT('',(127.793049,-98.234658,1.51));
#7842 = VECTOR('',#7843,1.);
#7843 = DIRECTION('',(1.,0.,0.));
#7844 = ORIENTED_EDGE('',*,*,#7845,.F.);
#7845 = EDGE_CURVE('',#7846,#7838,#7848,.T.);
#7846 = VERTEX_POINT('',#7847);
#7847 = CARTESIAN_POINT('',(127.59899,-98.271298,1.51));
#7848 = LINE('',#7849,#7850);
#7849 = CARTESIAN_POINT('',(127.59899,-98.271298,1.51));
#7850 = VECTOR('',#7851,1.);
#7851 = DIRECTION('',(0.982638495187,0.18553055753,0.));
#7852 = ORIENTED_EDGE('',*,*,#7853,.F.);
#7853 = EDGE_CURVE('',#7854,#7846,#7856,.T.);
#7854 = VERTEX_POINT('',#7855);
#7855 = CARTESIAN_POINT('',(127.54079,-98.302955,1.51));
#7856 = LINE('',#7857,#7858);
#7857 = CARTESIAN_POINT('',(127.54079,-98.302955,1.51));
#7858 = VECTOR('',#7859,1.);
#7859 = DIRECTION('',(0.878456226645,0.477822831046,0.));
#7860 = ORIENTED_EDGE('',*,*,#7861,.F.);
#7861 = EDGE_CURVE('',#7862,#7854,#7864,.T.);
#7862 = VERTEX_POINT('',#7863);
#7863 = CARTESIAN_POINT('',(126.809464,-97.719339,1.51));
#7864 = LINE('',#7865,#7866);
#7865 = CARTESIAN_POINT('',(126.809464,-97.719339,1.51));
#7866 = VECTOR('',#7867,1.);
#7867 = DIRECTION('',(0.781621492145,-0.623753030467,0.));
#7868 = ORIENTED_EDGE('',*,*,#7869,.F.);
#7869 = EDGE_CURVE('',#7870,#7862,#7872,.T.);
#7870 = VERTEX_POINT('',#7871);
#7871 = CARTESIAN_POINT('',(126.838017,-97.654378,1.51));
#7872 = LINE('',#7873,#7874);
#7873 = CARTESIAN_POINT('',(126.838017,-97.654378,1.51));
#7874 = VECTOR('',#7875,1.);
#7875 = DIRECTION('',(-0.402386269203,-0.915469983318,0.));
#7876 = ORIENTED_EDGE('',*,*,#7877,.F.);
#7877 = EDGE_CURVE('',#7878,#7870,#7880,.T.);
#7878 = VERTEX_POINT('',#7879);
#7879 = CARTESIAN_POINT('',(126.887502,-97.4375,1.51));
#7880 = LINE('',#7881,#7882);
#7881 = CARTESIAN_POINT('',(126.887502,-97.4375,1.51));
#7882 = VECTOR('',#7883,1.);
#7883 = DIRECTION('',(-0.222452619431,-0.974943502008,0.));
#7884 = ORIENTED_EDGE('',*,*,#7885,.F.);
#7885 = EDGE_CURVE('',#7886,#7878,#7888,.T.);
#7886 = VERTEX_POINT('',#7887);
#7887 = CARTESIAN_POINT('',(126.887502,-96.031816,1.51));
#7888 = LINE('',#7889,#7890);
#7889 = CARTESIAN_POINT('',(126.887502,-96.031816,1.51));
#7890 = VECTOR('',#7891,1.);
#7891 = DIRECTION('',(0.,-1.,0.));
#7892 = ORIENTED_EDGE('',*,*,#7893,.F.);
#7893 = EDGE_CURVE('',#7894,#7886,#7896,.T.);
#7894 = VERTEX_POINT('',#7895);
#7895 = CARTESIAN_POINT('',(126.860953,-95.866205,1.51));
#7896 = LINE('',#7897,#7898);
#7897 = CARTESIAN_POINT('',(126.860953,-95.866205,1.51));
#7898 = VECTOR('',#7899,1.);
#7899 = DIRECTION('',(0.158288367468,-0.98739292722,0.));
#7900 = ORIENTED_EDGE('',*,*,#7901,.F.);
#7901 = EDGE_CURVE('',#7718,#7894,#7902,.T.);
#7902 = LINE('',#7903,#7904);
#7903 = CARTESIAN_POINT('',(126.838017,-95.814938,1.51));
#7904 = VECTOR('',#7905,1.);
#7905 = DIRECTION('',(0.408377382128,-0.912813186674,0.));
#7906 = FACE_BOUND('',#7907,.T.);
#7907 = EDGE_LOOP('',(#7908,#7919,#7928));
#7908 = ORIENTED_EDGE('',*,*,#7909,.T.);
#7909 = EDGE_CURVE('',#7910,#7912,#7914,.T.);
#7910 = VERTEX_POINT('',#7911);
#7911 = CARTESIAN_POINT('',(122.78373086269,-91.62928906689,1.51));
#7912 = VERTEX_POINT('',#7913);
#7913 = CARTESIAN_POINT('',(124.14076012671,-92.6419934849,1.51));
#7914 = CIRCLE('',#7915,0.85);
#7915 = AXIS2_PLACEMENT_3D('',#7916,#7917,#7918);
#7916 = CARTESIAN_POINT('',(123.5075,-92.075,1.51));
#7917 = DIRECTION('',(-0.,0.,-1.));
#7918 = DIRECTION('',(-0.,-1.,0.));
#7919 = ORIENTED_EDGE('',*,*,#7920,.T.);
#7920 = EDGE_CURVE('',#7912,#7921,#7923,.T.);
#7921 = VERTEX_POINT('',#7922);
#7922 = CARTESIAN_POINT('',(123.5075,-92.925,1.51));
#7923 = CIRCLE('',#7924,0.85);
#7924 = AXIS2_PLACEMENT_3D('',#7925,#7926,#7927);
#7925 = CARTESIAN_POINT('',(123.5075,-92.075,1.51));
#7926 = DIRECTION('',(-0.,0.,-1.));
#7927 = DIRECTION('',(-0.,-1.,0.));
#7928 = ORIENTED_EDGE('',*,*,#7929,.T.);
#7929 = EDGE_CURVE('',#7921,#7910,#7930,.T.);
#7930 = CIRCLE('',#7931,0.85);
#7931 = AXIS2_PLACEMENT_3D('',#7932,#7933,#7934);
#7932 = CARTESIAN_POINT('',(123.5075,-92.075,1.51));
#7933 = DIRECTION('',(-0.,0.,-1.));
#7934 = DIRECTION('',(-0.,-1.,0.));
#7935 = FACE_BOUND('',#7936,.T.);
#7936 = EDGE_LOOP('',(#7937,#7948,#7957));
#7937 = ORIENTED_EDGE('',*,*,#7938,.T.);
#7938 = EDGE_CURVE('',#7939,#7941,#7943,.T.);
#7939 = VERTEX_POINT('',#7940);
#7940 = CARTESIAN_POINT('',(126.69545289733,-91.4268042261,1.51));
#7941 = VERTEX_POINT('',#7942);
#7942 = CARTESIAN_POINT('',(129.79893514031,-93.66635945053,1.51));
#7943 = CIRCLE('',#7944,2.);
#7944 = AXIS2_PLACEMENT_3D('',#7945,#7946,#7947);
#7945 = CARTESIAN_POINT('',(128.5875,-92.075,1.51));
#7946 = DIRECTION('',(-0.,0.,-1.));
#7947 = DIRECTION('',(-0.,-1.,0.));
#7948 = ORIENTED_EDGE('',*,*,#7949,.T.);
#7949 = EDGE_CURVE('',#7941,#7950,#7952,.T.);
#7950 = VERTEX_POINT('',#7951);
#7951 = CARTESIAN_POINT('',(128.5875,-94.075,1.51));
#7952 = CIRCLE('',#7953,2.);
#7953 = AXIS2_PLACEMENT_3D('',#7954,#7955,#7956);
#7954 = CARTESIAN_POINT('',(128.5875,-92.075,1.51));
#7955 = DIRECTION('',(-0.,0.,-1.));
#7956 = DIRECTION('',(-0.,-1.,0.));
#7957 = ORIENTED_EDGE('',*,*,#7958,.T.);
#7958 = EDGE_CURVE('',#7950,#7939,#7959,.T.);
#7959 = CIRCLE('',#7960,2.);
#7960 = AXIS2_PLACEMENT_3D('',#7961,#7962,#7963);
#7961 = CARTESIAN_POINT('',(128.5875,-92.075,1.51));
#7962 = DIRECTION('',(-0.,0.,-1.));
#7963 = DIRECTION('',(-0.,-1.,0.));
#7964 = FACE_BOUND('',#7965,.T.);
#7965 = EDGE_LOOP('',(#7966,#7977,#7986));
#7966 = ORIENTED_EDGE('',*,*,#7967,.T.);
#7967 = EDGE_CURVE('',#7968,#7970,#7972,.T.);
#7968 = VERTEX_POINT('',#7969);
#7969 = CARTESIAN_POINT('',(132.92349598904,-91.66395495176,1.51));
#7970 = VERTEX_POINT('',#7971);
#7971 = CARTESIAN_POINT('',(134.31614594417,-92.62432544006,1.51));
#7972 = CIRCLE('',#7973,0.85);
#7973 = AXIS2_PLACEMENT_3D('',#7974,#7975,#7976);
#7974 = CARTESIAN_POINT('',(133.6675,-92.075,1.51));
#7975 = DIRECTION('',(-0.,0.,-1.));
#7976 = DIRECTION('',(-3.343730521224E-14,-1.,0.));
#7977 = ORIENTED_EDGE('',*,*,#7978,.T.);
#7978 = EDGE_CURVE('',#7970,#7979,#7981,.T.);
#7979 = VERTEX_POINT('',#7980);
#7980 = CARTESIAN_POINT('',(133.6675,-92.925,1.51));
#7981 = CIRCLE('',#7982,0.85);
#7982 = AXIS2_PLACEMENT_3D('',#7983,#7984,#7985);
#7983 = CARTESIAN_POINT('',(133.6675,-92.075,1.51));
#7984 = DIRECTION('',(-0.,0.,-1.));
#7985 = DIRECTION('',(-3.343730521224E-14,-1.,0.));
#7986 = ORIENTED_EDGE('',*,*,#7987,.T.);
#7987 = EDGE_CURVE('',#7979,#7968,#7988,.T.);
#7988 = CIRCLE('',#7989,0.85);
#7989 = AXIS2_PLACEMENT_3D('',#7990,#7991,#7992);
#7990 = CARTESIAN_POINT('',(133.6675,-92.075,1.51));
#7991 = DIRECTION('',(-0.,0.,-1.));
#7992 = DIRECTION('',(-3.343730521224E-14,-1.,0.));
#7993 = FACE_BOUND('',#7994,.T.);
#7994 = EDGE_LOOP('',(#7995));
#7995 = ORIENTED_EDGE('',*,*,#7996,.T.);
#7996 = EDGE_CURVE('',#7997,#7997,#7999,.T.);
#7997 = VERTEX_POINT('',#7998);
#7998 = CARTESIAN_POINT('',(136.525,-96.285,1.51));
#7999 = CIRCLE('',#8000,0.4);
#8000 = AXIS2_PLACEMENT_3D('',#8001,#8002,#8003);
#8001 = CARTESIAN_POINT('',(136.525,-95.885,1.51));
#8002 = DIRECTION('',(-0.,0.,-1.));
#8003 = DIRECTION('',(-0.,-1.,0.));
#8004 = FACE_BOUND('',#8005,.T.);
#8005 = EDGE_LOOP('',(#8006,#8017,#8026));
#8006 = ORIENTED_EDGE('',*,*,#8007,.T.);
#8007 = EDGE_CURVE('',#8008,#8010,#8012,.T.);
#8008 = VERTEX_POINT('',#8009);
#8009 = CARTESIAN_POINT('',(124.02822367765,-89.50206077148,1.51));
#8010 = VERTEX_POINT('',#8011);
#8011 = CARTESIAN_POINT('',(125.04489142567,-90.23571522424,1.51));
#8012 = CIRCLE('',#8013,0.75);
#8013 = AXIS2_PLACEMENT_3D('',#8014,#8015,#8016);
#8014 = CARTESIAN_POINT('',(124.7775,-89.535,1.51));
#8015 = DIRECTION('',(-0.,0.,-1.));
#8016 = DIRECTION('',(-0.,-1.,0.));
#8017 = ORIENTED_EDGE('',*,*,#8018,.T.);
#8018 = EDGE_CURVE('',#8010,#8019,#8021,.T.);
#8019 = VERTEX_POINT('',#8020);
#8020 = CARTESIAN_POINT('',(124.7775,-90.285,1.51));
#8021 = CIRCLE('',#8022,0.75);
#8022 = AXIS2_PLACEMENT_3D('',#8023,#8024,#8025);
#8023 = CARTESIAN_POINT('',(124.7775,-89.535,1.51));
#8024 = DIRECTION('',(-0.,0.,-1.));
#8025 = DIRECTION('',(-0.,-1.,0.));
#8026 = ORIENTED_EDGE('',*,*,#8027,.T.);
#8027 = EDGE_CURVE('',#8019,#8008,#8028,.T.);
#8028 = CIRCLE('',#8029,0.75);
#8029 = AXIS2_PLACEMENT_3D('',#8030,#8031,#8032);
#8030 = CARTESIAN_POINT('',(124.7775,-89.535,1.51));
#8031 = DIRECTION('',(-0.,0.,-1.));
#8032 = DIRECTION('',(-0.,-1.,0.));
#8033 = FACE_BOUND('',#8034,.T.);
#8034 = EDGE_LOOP('',(#8035));
#8035 = ORIENTED_EDGE('',*,*,#8036,.T.);
#8036 = EDGE_CURVE('',#8037,#8037,#8039,.T.);
#8037 = VERTEX_POINT('',#8038);
#8038 = CARTESIAN_POINT('',(131.1275,-87.745,1.51));
#8039 = CIRCLE('',#8040,0.75);
#8040 = AXIS2_PLACEMENT_3D('',#8041,#8042,#8043);
#8041 = CARTESIAN_POINT('',(131.1275,-86.995,1.51));
#8042 = DIRECTION('',(-0.,0.,-1.));
#8043 = DIRECTION('',(-0.,-1.,0.));
#8044 = FACE_BOUND('',#8045,.T.);
#8045 = EDGE_LOOP('',(#8046,#8057,#8066));
#8046 = ORIENTED_EDGE('',*,*,#8047,.T.);
#8047 = EDGE_CURVE('',#8048,#8050,#8052,.T.);
#8048 = VERTEX_POINT('',#8049);
#8049 = CARTESIAN_POINT('',(136.14562803388,-88.39179476062,1.51));
#8050 = VERTEX_POINT('',#8051);
#8051 = CARTESIAN_POINT('',(136.56356307674,-88.66313677186,1.51));
#8052 = CIRCLE('',#8053,0.4);
#8053 = AXIS2_PLACEMENT_3D('',#8054,#8055,#8056);
#8054 = CARTESIAN_POINT('',(136.525,-88.265,1.51));
#8055 = DIRECTION('',(-0.,0.,-1.));
#8056 = DIRECTION('',(-0.,-1.,0.));
#8057 = ORIENTED_EDGE('',*,*,#8058,.T.);
#8058 = EDGE_CURVE('',#8050,#8059,#8061,.T.);
#8059 = VERTEX_POINT('',#8060);
#8060 = CARTESIAN_POINT('',(136.525,-88.665,1.51));
#8061 = CIRCLE('',#8062,0.4);
#8062 = AXIS2_PLACEMENT_3D('',#8063,#8064,#8065);
#8063 = CARTESIAN_POINT('',(136.525,-88.265,1.51));
#8064 = DIRECTION('',(-0.,0.,-1.));
#8065 = DIRECTION('',(-0.,-1.,0.));
#8066 = ORIENTED_EDGE('',*,*,#8067,.T.);
#8067 = EDGE_CURVE('',#8059,#8048,#8068,.T.);
#8068 = CIRCLE('',#8069,0.4);
#8069 = AXIS2_PLACEMENT_3D('',#8070,#8071,#8072);
#8070 = CARTESIAN_POINT('',(136.525,-88.265,1.51));
#8071 = DIRECTION('',(-0.,0.,-1.));
#8072 = DIRECTION('',(-0.,-1.,0.));
#8073 = FACE_BOUND('',#8074,.T.);
#8074 = EDGE_LOOP('',(#8075,#8085,#8093,#8101,#8109,#8117,#8125,#8133,
    #8141,#8149,#8157,#8165,#8173,#8181,#8189,#8197,#8205,#8213,#8221,
    #8229,#8237,#8245,#8253,#8261));
#8075 = ORIENTED_EDGE('',*,*,#8076,.F.);
#8076 = EDGE_CURVE('',#8077,#8079,#8081,.T.);
#8077 = VERTEX_POINT('',#8078);
#8078 = CARTESIAN_POINT('',(146.52832,-95.1327,1.51));
#8079 = VERTEX_POINT('',#8080);
#8080 = CARTESIAN_POINT('',(145.888017,-95.814938,1.51));
#8081 = LINE('',#8082,#8083);
#8082 = CARTESIAN_POINT('',(146.52832,-95.1327,1.51));
#8083 = VECTOR('',#8084,1.);
#8084 = DIRECTION('',(-0.68434197967,-0.729161199504,0.));
#8085 = ORIENTED_EDGE('',*,*,#8086,.F.);
#8086 = EDGE_CURVE('',#8087,#8077,#8089,.T.);
#8087 = VERTEX_POINT('',#8088);
#8088 = CARTESIAN_POINT('',(146.59079,-95.166359,1.51));
#8089 = LINE('',#8090,#8091);
#8090 = CARTESIAN_POINT('',(146.59079,-95.166359,1.51));
#8091 = VECTOR('',#8092,1.);
#8092 = DIRECTION('',(-0.880345725289,0.474332587922,0.));
#8093 = ORIENTED_EDGE('',*,*,#8094,.F.);
#8094 = EDGE_CURVE('',#8095,#8087,#8097,.T.);
#8095 = VERTEX_POINT('',#8096);
#8096 = CARTESIAN_POINT('',(146.843049,-95.234659,1.51));
#8097 = LINE('',#8098,#8099);
#8098 = CARTESIAN_POINT('',(146.843049,-95.234659,1.51));
#8099 = VECTOR('',#8100,1.);
#8100 = DIRECTION('',(-0.965245820026,0.261343656749,0.));
#8101 = ORIENTED_EDGE('',*,*,#8102,.F.);
#8102 = EDGE_CURVE('',#8103,#8095,#8105,.T.);
#8103 = VERTEX_POINT('',#8104);
#8104 = CARTESIAN_POINT('',(148.431954,-95.234659,1.51));
#8105 = LINE('',#8106,#8107);
#8106 = CARTESIAN_POINT('',(148.431954,-95.234659,1.51));
#8107 = VECTOR('',#8108,1.);
#8108 = DIRECTION('',(-1.,0.,0.));
#8109 = ORIENTED_EDGE('',*,*,#8110,.F.);
#8110 = EDGE_CURVE('',#8111,#8103,#8113,.T.);
#8111 = VERTEX_POINT('',#8112);
#8112 = CARTESIAN_POINT('',(148.626011,-95.19801,1.51));
#8113 = LINE('',#8114,#8115);
#8114 = CARTESIAN_POINT('',(148.626011,-95.19801,1.51));
#8115 = VECTOR('',#8116,1.);
#8116 = DIRECTION('',(-0.982629837218,-0.185576407469,0.));
#8117 = ORIENTED_EDGE('',*,*,#8118,.F.);
#8118 = EDGE_CURVE('',#8119,#8111,#8121,.T.);
#8119 = VERTEX_POINT('',#8120);
#8120 = CARTESIAN_POINT('',(148.684212,-95.16636,1.51));
#8121 = LINE('',#8122,#8123);
#8122 = CARTESIAN_POINT('',(148.684212,-95.16636,1.51));
#8123 = VECTOR('',#8124,1.);
#8124 = DIRECTION('',(-0.878504018987,-0.47773495646,0.));
#8125 = ORIENTED_EDGE('',*,*,#8126,.F.);
#8126 = EDGE_CURVE('',#8127,#8119,#8129,.T.);
#8127 = VERTEX_POINT('',#8128);
#8128 = CARTESIAN_POINT('',(149.415524,-95.749984,1.51));
#8129 = LINE('',#8130,#8131);
#8130 = CARTESIAN_POINT('',(149.415524,-95.749984,1.51));
#8131 = VECTOR('',#8132,1.);
#8132 = DIRECTION('',(-0.781611501882,0.623765549005,0.));
#8133 = ORIENTED_EDGE('',*,*,#8134,.F.);
#8134 = EDGE_CURVE('',#8135,#8127,#8137,.T.);
#8135 = VERTEX_POINT('',#8136);
#8136 = CARTESIAN_POINT('',(149.386985,-95.814938,1.51));
#8137 = LINE('',#8138,#8139);
#8138 = CARTESIAN_POINT('',(149.386985,-95.814938,1.51));
#8139 = VECTOR('',#8140,1.);
#8140 = DIRECTION('',(0.402257231305,0.915526689869,0.));
#8141 = ORIENTED_EDGE('',*,*,#8142,.F.);
#8142 = EDGE_CURVE('',#8143,#8135,#8145,.T.);
#8143 = VERTEX_POINT('',#8144);
#8144 = CARTESIAN_POINT('',(149.3375,-96.031816,1.51));
#8145 = LINE('',#8146,#8147);
#8146 = CARTESIAN_POINT('',(149.3375,-96.031816,1.51));
#8147 = VECTOR('',#8148,1.);
#8148 = DIRECTION('',(0.222452619431,0.974943502008,0.));
#8149 = ORIENTED_EDGE('',*,*,#8150,.F.);
#8150 = EDGE_CURVE('',#8151,#8143,#8153,.T.);
#8151 = VERTEX_POINT('',#8152);
#8152 = CARTESIAN_POINT('',(149.3375,-97.4375,1.51));
#8153 = LINE('',#8154,#8155);
#8154 = CARTESIAN_POINT('',(149.3375,-97.4375,1.51));
#8155 = VECTOR('',#8156,1.);
#8156 = DIRECTION('',(0.,1.,0.));
#8157 = ORIENTED_EDGE('',*,*,#8158,.F.);
#8158 = EDGE_CURVE('',#8159,#8151,#8161,.T.);
#8159 = VERTEX_POINT('',#8160);
#8160 = CARTESIAN_POINT('',(149.364048,-97.603111,1.51));
#8161 = LINE('',#8162,#8163);
#8162 = CARTESIAN_POINT('',(149.364048,-97.603111,1.51));
#8163 = VECTOR('',#8164,1.);
#8164 = DIRECTION('',(-0.15828255472,0.987393859041,0.));
#8165 = ORIENTED_EDGE('',*,*,#8166,.F.);
#8166 = EDGE_CURVE('',#8167,#8159,#8169,.T.);
#8167 = VERTEX_POINT('',#8168);
#8168 = CARTESIAN_POINT('',(149.386985,-97.654377,1.51));
#8169 = LINE('',#8170,#8171);
#8170 = CARTESIAN_POINT('',(149.386985,-97.654377,1.51));
#8171 = VECTOR('',#8172,1.);
#8172 = DIRECTION('',(-0.408398855141,0.912803579703,0.));
#8173 = ORIENTED_EDGE('',*,*,#8174,.F.);
#8174 = EDGE_CURVE('',#8175,#8167,#8177,.T.);
#8175 = VERTEX_POINT('',#8176);
#8176 = CARTESIAN_POINT('',(148.746676,-98.336618,1.51));
#8177 = LINE('',#8178,#8179);
#8178 = CARTESIAN_POINT('',(148.746676,-98.336618,1.51));
#8179 = VECTOR('',#8180,1.);
#8180 = DIRECTION('',(0.684343789171,0.729159501222,0.));
#8181 = ORIENTED_EDGE('',*,*,#8182,.F.);
#8182 = EDGE_CURVE('',#8183,#8175,#8185,.T.);
#8183 = VERTEX_POINT('',#8184);
#8184 = CARTESIAN_POINT('',(148.684212,-98.302957,1.51));
#8185 = LINE('',#8186,#8187);
#8186 = CARTESIAN_POINT('',(148.684212,-98.302957,1.51));
#8187 = VECTOR('',#8188,1.);
#8188 = DIRECTION('',(0.880314928453,-0.474389741397,0.));
#8189 = ORIENTED_EDGE('',*,*,#8190,.F.);
#8190 = EDGE_CURVE('',#8191,#8183,#8193,.T.);
#8191 = VERTEX_POINT('',#8192);
#8192 = CARTESIAN_POINT('',(148.431953,-98.234658,1.51));
#8193 = LINE('',#8194,#8195);
#8194 = CARTESIAN_POINT('',(148.431953,-98.234658,1.51));
#8195 = VECTOR('',#8196,1.);
#8196 = DIRECTION('',(0.965246785273,-0.261340091681,0.));
#8197 = ORIENTED_EDGE('',*,*,#8198,.F.);
#8198 = EDGE_CURVE('',#8199,#8191,#8201,.T.);
#8199 = VERTEX_POINT('',#8200);
#8200 = CARTESIAN_POINT('',(146.843049,-98.234658,1.51));
#8201 = LINE('',#8202,#8203);
#8202 = CARTESIAN_POINT('',(146.843049,-98.234658,1.51));
#8203 = VECTOR('',#8204,1.);
#8204 = DIRECTION('',(1.,0.,0.));
#8205 = ORIENTED_EDGE('',*,*,#8206,.F.);
#8206 = EDGE_CURVE('',#8207,#8199,#8209,.T.);
#8207 = VERTEX_POINT('',#8208);
#8208 = CARTESIAN_POINT('',(146.64899,-98.271298,1.51));
#8209 = LINE('',#8210,#8211);
#8210 = CARTESIAN_POINT('',(146.64899,-98.271298,1.51));
#8211 = VECTOR('',#8212,1.);
#8212 = DIRECTION('',(0.982638495187,0.18553055753,0.));
#8213 = ORIENTED_EDGE('',*,*,#8214,.F.);
#8214 = EDGE_CURVE('',#8215,#8207,#8217,.T.);
#8215 = VERTEX_POINT('',#8216);
#8216 = CARTESIAN_POINT('',(146.59079,-98.302955,1.51));
#8217 = LINE('',#8218,#8219);
#8218 = CARTESIAN_POINT('',(146.59079,-98.302955,1.51));
#8219 = VECTOR('',#8220,1.);
#8220 = DIRECTION('',(0.878456226645,0.477822831046,0.));
#8221 = ORIENTED_EDGE('',*,*,#8222,.F.);
#8222 = EDGE_CURVE('',#8223,#8215,#8225,.T.);
#8223 = VERTEX_POINT('',#8224);
#8224 = CARTESIAN_POINT('',(145.859464,-97.719339,1.51));
#8225 = LINE('',#8226,#8227);
#8226 = CARTESIAN_POINT('',(145.859464,-97.719339,1.51));
#8227 = VECTOR('',#8228,1.);
#8228 = DIRECTION('',(0.781621492145,-0.623753030467,0.));
#8229 = ORIENTED_EDGE('',*,*,#8230,.F.);
#8230 = EDGE_CURVE('',#8231,#8223,#8233,.T.);
#8231 = VERTEX_POINT('',#8232);
#8232 = CARTESIAN_POINT('',(145.888017,-97.654378,1.51));
#8233 = LINE('',#8234,#8235);
#8234 = CARTESIAN_POINT('',(145.888017,-97.654378,1.51));
#8235 = VECTOR('',#8236,1.);
#8236 = DIRECTION('',(-0.402386269203,-0.915469983318,0.));
#8237 = ORIENTED_EDGE('',*,*,#8238,.F.);
#8238 = EDGE_CURVE('',#8239,#8231,#8241,.T.);
#8239 = VERTEX_POINT('',#8240);
#8240 = CARTESIAN_POINT('',(145.937502,-97.4375,1.51));
#8241 = LINE('',#8242,#8243);
#8242 = CARTESIAN_POINT('',(145.937502,-97.4375,1.51));
#8243 = VECTOR('',#8244,1.);
#8244 = DIRECTION('',(-0.222452619431,-0.974943502008,0.));
#8245 = ORIENTED_EDGE('',*,*,#8246,.F.);
#8246 = EDGE_CURVE('',#8247,#8239,#8249,.T.);
#8247 = VERTEX_POINT('',#8248);
#8248 = CARTESIAN_POINT('',(145.937502,-96.031816,1.51));
#8249 = LINE('',#8250,#8251);
#8250 = CARTESIAN_POINT('',(145.937502,-96.031816,1.51));
#8251 = VECTOR('',#8252,1.);
#8252 = DIRECTION('',(0.,-1.,0.));
#8253 = ORIENTED_EDGE('',*,*,#8254,.F.);
#8254 = EDGE_CURVE('',#8255,#8247,#8257,.T.);
#8255 = VERTEX_POINT('',#8256);
#8256 = CARTESIAN_POINT('',(145.910953,-95.866205,1.51));
#8257 = LINE('',#8258,#8259);
#8258 = CARTESIAN_POINT('',(145.910953,-95.866205,1.51));
#8259 = VECTOR('',#8260,1.);
#8260 = DIRECTION('',(0.158288367468,-0.98739292722,0.));
#8261 = ORIENTED_EDGE('',*,*,#8262,.F.);
#8262 = EDGE_CURVE('',#8079,#8255,#8263,.T.);
#8263 = LINE('',#8264,#8265);
#8264 = CARTESIAN_POINT('',(145.888017,-95.814938,1.51));
#8265 = VECTOR('',#8266,1.);
#8266 = DIRECTION('',(0.408377382128,-0.912813186674,0.));
#8267 = FACE_BOUND('',#8268,.T.);
#8268 = EDGE_LOOP('',(#8269,#8280,#8289));
#8269 = ORIENTED_EDGE('',*,*,#8270,.T.);
#8270 = EDGE_CURVE('',#8271,#8273,#8275,.T.);
#8271 = VERTEX_POINT('',#8272);
#8272 = CARTESIAN_POINT('',(141.71041210121,-92.00469998769,1.51));
#8273 = VERTEX_POINT('',#8274);
#8274 = CARTESIAN_POINT('',(142.96643497343,-92.82016587917,1.51));
#8275 = CIRCLE('',#8276,0.85);
#8276 = AXIS2_PLACEMENT_3D('',#8277,#8278,#8279);
#8277 = CARTESIAN_POINT('',(142.5575,-92.075,1.51));
#8278 = DIRECTION('',(-0.,0.,-1.));
#8279 = DIRECTION('',(-0.,-1.,0.));
#8280 = ORIENTED_EDGE('',*,*,#8281,.T.);
#8281 = EDGE_CURVE('',#8273,#8282,#8284,.T.);
#8282 = VERTEX_POINT('',#8283);
#8283 = CARTESIAN_POINT('',(142.5575,-92.925,1.51));
#8284 = CIRCLE('',#8285,0.85);
#8285 = AXIS2_PLACEMENT_3D('',#8286,#8287,#8288);
#8286 = CARTESIAN_POINT('',(142.5575,-92.075,1.51));
#8287 = DIRECTION('',(-0.,0.,-1.));
#8288 = DIRECTION('',(-0.,-1.,0.));
#8289 = ORIENTED_EDGE('',*,*,#8290,.T.);
#8290 = EDGE_CURVE('',#8282,#8271,#8291,.T.);
#8291 = CIRCLE('',#8292,0.85);
#8292 = AXIS2_PLACEMENT_3D('',#8293,#8294,#8295);
#8293 = CARTESIAN_POINT('',(142.5575,-92.075,1.51));
#8294 = DIRECTION('',(-0.,0.,-1.));
#8295 = DIRECTION('',(-0.,-1.,0.));
#8296 = FACE_BOUND('',#8297,.T.);
#8297 = EDGE_LOOP('',(#8298,#8309,#8318));
#8298 = ORIENTED_EDGE('',*,*,#8299,.T.);
#8299 = EDGE_CURVE('',#8300,#8302,#8304,.T.);
#8300 = VERTEX_POINT('',#8301);
#8301 = CARTESIAN_POINT('',(147.65545790944,-90.07508062325,1.51));
#8302 = VERTEX_POINT('',#8303);
#8303 = CARTESIAN_POINT('',(149.4075547316,-91.14392199728,1.51));
#8304 = CIRCLE('',#8305,2.);
#8305 = AXIS2_PLACEMENT_3D('',#8306,#8307,#8308);
#8306 = CARTESIAN_POINT('',(147.6375,-92.075,1.51));
#8307 = DIRECTION('',(-0.,0.,-1.));
#8308 = DIRECTION('',(-0.,-1.,0.));
#8309 = ORIENTED_EDGE('',*,*,#8310,.T.);
#8310 = EDGE_CURVE('',#8302,#8311,#8313,.T.);
#8311 = VERTEX_POINT('',#8312);
#8312 = CARTESIAN_POINT('',(147.6375,-94.075,1.51));
#8313 = CIRCLE('',#8314,2.);
#8314 = AXIS2_PLACEMENT_3D('',#8315,#8316,#8317);
#8315 = CARTESIAN_POINT('',(147.6375,-92.075,1.51));
#8316 = DIRECTION('',(-0.,0.,-1.));
#8317 = DIRECTION('',(-0.,-1.,0.));
#8318 = ORIENTED_EDGE('',*,*,#8319,.T.);
#8319 = EDGE_CURVE('',#8311,#8300,#8320,.T.);
#8320 = CIRCLE('',#8321,2.);
#8321 = AXIS2_PLACEMENT_3D('',#8322,#8323,#8324);
#8322 = CARTESIAN_POINT('',(147.6375,-92.075,1.51));
#8323 = DIRECTION('',(-0.,0.,-1.));
#8324 = DIRECTION('',(-0.,-1.,0.));
#8325 = FACE_BOUND('',#8326,.T.);
#8326 = EDGE_LOOP('',(#8327));
#8327 = ORIENTED_EDGE('',*,*,#8328,.T.);
#8328 = EDGE_CURVE('',#8329,#8329,#8331,.T.);
#8329 = VERTEX_POINT('',#8330);
#8330 = CARTESIAN_POINT('',(152.7175,-92.925,1.51));
#8331 = CIRCLE('',#8332,0.85);
#8332 = AXIS2_PLACEMENT_3D('',#8333,#8334,#8335);
#8333 = CARTESIAN_POINT('',(152.7175,-92.075,1.51));
#8334 = DIRECTION('',(-0.,0.,-1.));
#8335 = DIRECTION('',(-0.,-1.,0.));
#8336 = FACE_BOUND('',#8337,.T.);
#8337 = EDGE_LOOP('',(#8338));
#8338 = ORIENTED_EDGE('',*,*,#8339,.T.);
#8339 = EDGE_CURVE('',#8340,#8340,#8342,.T.);
#8340 = VERTEX_POINT('',#8341);
#8341 = CARTESIAN_POINT('',(155.575,-96.285,1.51));
#8342 = CIRCLE('',#8343,0.4);
#8343 = AXIS2_PLACEMENT_3D('',#8344,#8345,#8346);
#8344 = CARTESIAN_POINT('',(155.575,-95.885,1.51));
#8345 = DIRECTION('',(-0.,0.,-1.));
#8346 = DIRECTION('',(-0.,-1.,0.));
#8347 = FACE_BOUND('',#8348,.T.);
#8348 = EDGE_LOOP('',(#8349));
#8349 = ORIENTED_EDGE('',*,*,#8350,.T.);
#8350 = EDGE_CURVE('',#8351,#8351,#8353,.T.);
#8351 = VERTEX_POINT('',#8352);
#8352 = CARTESIAN_POINT('',(143.8275,-90.285,1.51));
#8353 = CIRCLE('',#8354,0.75);
#8354 = AXIS2_PLACEMENT_3D('',#8355,#8356,#8357);
#8355 = CARTESIAN_POINT('',(143.8275,-89.535,1.51));
#8356 = DIRECTION('',(-0.,0.,-1.));
#8357 = DIRECTION('',(-0.,-1.,0.));
#8358 = FACE_BOUND('',#8359,.T.);
#8359 = EDGE_LOOP('',(#8360,#8371,#8380));
#8360 = ORIENTED_EDGE('',*,*,#8361,.T.);
#8361 = EDGE_CURVE('',#8362,#8364,#8366,.T.);
#8362 = VERTEX_POINT('',#8363);
#8363 = CARTESIAN_POINT('',(155.37654604362,-87.91770181802,1.51));
#8364 = VERTEX_POINT('',#8365);
#8365 = CARTESIAN_POINT('',(155.97490483135,-88.25627498637,1.51));
#8366 = CIRCLE('',#8367,0.4);
#8367 = AXIS2_PLACEMENT_3D('',#8368,#8369,#8370);
#8368 = CARTESIAN_POINT('',(155.575,-88.265,1.51));
#8369 = DIRECTION('',(-0.,0.,-1.));
#8370 = DIRECTION('',(-0.,-1.,0.));
#8371 = ORIENTED_EDGE('',*,*,#8372,.T.);
#8372 = EDGE_CURVE('',#8364,#8373,#8375,.T.);
#8373 = VERTEX_POINT('',#8374);
#8374 = CARTESIAN_POINT('',(155.575,-88.665,1.51));
#8375 = CIRCLE('',#8376,0.4);
#8376 = AXIS2_PLACEMENT_3D('',#8377,#8378,#8379);
#8377 = CARTESIAN_POINT('',(155.575,-88.265,1.51));
#8378 = DIRECTION('',(-0.,0.,-1.));
#8379 = DIRECTION('',(-0.,-1.,0.));
#8380 = ORIENTED_EDGE('',*,*,#8381,.T.);
#8381 = EDGE_CURVE('',#8373,#8362,#8382,.T.);
#8382 = CIRCLE('',#8383,0.4);
#8383 = AXIS2_PLACEMENT_3D('',#8384,#8385,#8386);
#8384 = CARTESIAN_POINT('',(155.575,-88.265,1.51));
#8385 = DIRECTION('',(-0.,0.,-1.));
#8386 = DIRECTION('',(-0.,-1.,0.));
#8387 = FACE_BOUND('',#8388,.T.);
#8388 = EDGE_LOOP('',(#8389));
#8389 = ORIENTED_EDGE('',*,*,#8390,.T.);
#8390 = EDGE_CURVE('',#8391,#8391,#8393,.T.);
#8391 = VERTEX_POINT('',#8392);
#8392 = CARTESIAN_POINT('',(150.1775,-87.745,1.51));
#8393 = CIRCLE('',#8394,0.75);
#8394 = AXIS2_PLACEMENT_3D('',#8395,#8396,#8397);
#8395 = CARTESIAN_POINT('',(150.1775,-86.995,1.51));
#8396 = DIRECTION('',(-0.,0.,-1.));
#8397 = DIRECTION('',(-0.,-1.,0.));
#8398 = FACE_BOUND('',#8399,.T.);
#8399 = EDGE_LOOP('',(#8400,#8410,#8418,#8426,#8434,#8442,#8450,#8458,
    #8466,#8474,#8482,#8490,#8498,#8506,#8514,#8522,#8530,#8538,#8546,
    #8554,#8562,#8570,#8578,#8586));
#8400 = ORIENTED_EDGE('',*,*,#8401,.F.);
#8401 = EDGE_CURVE('',#8402,#8404,#8406,.T.);
#8402 = VERTEX_POINT('',#8403);
#8403 = CARTESIAN_POINT('',(127.47832,-76.0827,1.51));
#8404 = VERTEX_POINT('',#8405);
#8405 = CARTESIAN_POINT('',(126.838017,-76.764938,1.51));
#8406 = LINE('',#8407,#8408);
#8407 = CARTESIAN_POINT('',(127.47832,-76.0827,1.51));
#8408 = VECTOR('',#8409,1.);
#8409 = DIRECTION('',(-0.68434197967,-0.729161199504,0.));
#8410 = ORIENTED_EDGE('',*,*,#8411,.F.);
#8411 = EDGE_CURVE('',#8412,#8402,#8414,.T.);
#8412 = VERTEX_POINT('',#8413);
#8413 = CARTESIAN_POINT('',(127.54079,-76.116359,1.51));
#8414 = LINE('',#8415,#8416);
#8415 = CARTESIAN_POINT('',(127.54079,-76.116359,1.51));
#8416 = VECTOR('',#8417,1.);
#8417 = DIRECTION('',(-0.880345725289,0.474332587922,0.));
#8418 = ORIENTED_EDGE('',*,*,#8419,.F.);
#8419 = EDGE_CURVE('',#8420,#8412,#8422,.T.);
#8420 = VERTEX_POINT('',#8421);
#8421 = CARTESIAN_POINT('',(127.793049,-76.184659,1.51));
#8422 = LINE('',#8423,#8424);
#8423 = CARTESIAN_POINT('',(127.793049,-76.184659,1.51));
#8424 = VECTOR('',#8425,1.);
#8425 = DIRECTION('',(-0.965245820026,0.261343656749,0.));
#8426 = ORIENTED_EDGE('',*,*,#8427,.F.);
#8427 = EDGE_CURVE('',#8428,#8420,#8430,.T.);
#8428 = VERTEX_POINT('',#8429);
#8429 = CARTESIAN_POINT('',(129.381954,-76.184659,1.51));
#8430 = LINE('',#8431,#8432);
#8431 = CARTESIAN_POINT('',(129.381954,-76.184659,1.51));
#8432 = VECTOR('',#8433,1.);
#8433 = DIRECTION('',(-1.,0.,0.));
#8434 = ORIENTED_EDGE('',*,*,#8435,.F.);
#8435 = EDGE_CURVE('',#8436,#8428,#8438,.T.);
#8436 = VERTEX_POINT('',#8437);
#8437 = CARTESIAN_POINT('',(129.576011,-76.14801,1.51));
#8438 = LINE('',#8439,#8440);
#8439 = CARTESIAN_POINT('',(129.576011,-76.14801,1.51));
#8440 = VECTOR('',#8441,1.);
#8441 = DIRECTION('',(-0.982629837218,-0.185576407469,0.));
#8442 = ORIENTED_EDGE('',*,*,#8443,.F.);
#8443 = EDGE_CURVE('',#8444,#8436,#8446,.T.);
#8444 = VERTEX_POINT('',#8445);
#8445 = CARTESIAN_POINT('',(129.634212,-76.11636,1.51));
#8446 = LINE('',#8447,#8448);
#8447 = CARTESIAN_POINT('',(129.634212,-76.11636,1.51));
#8448 = VECTOR('',#8449,1.);
#8449 = DIRECTION('',(-0.878504018987,-0.47773495646,0.));
#8450 = ORIENTED_EDGE('',*,*,#8451,.F.);
#8451 = EDGE_CURVE('',#8452,#8444,#8454,.T.);
#8452 = VERTEX_POINT('',#8453);
#8453 = CARTESIAN_POINT('',(130.365524,-76.699984,1.51));
#8454 = LINE('',#8455,#8456);
#8455 = CARTESIAN_POINT('',(130.365524,-76.699984,1.51));
#8456 = VECTOR('',#8457,1.);
#8457 = DIRECTION('',(-0.781611501882,0.623765549005,0.));
#8458 = ORIENTED_EDGE('',*,*,#8459,.F.);
#8459 = EDGE_CURVE('',#8460,#8452,#8462,.T.);
#8460 = VERTEX_POINT('',#8461);
#8461 = CARTESIAN_POINT('',(130.336985,-76.764938,1.51));
#8462 = LINE('',#8463,#8464);
#8463 = CARTESIAN_POINT('',(130.336985,-76.764938,1.51));
#8464 = VECTOR('',#8465,1.);
#8465 = DIRECTION('',(0.402257231305,0.915526689869,0.));
#8466 = ORIENTED_EDGE('',*,*,#8467,.F.);
#8467 = EDGE_CURVE('',#8468,#8460,#8470,.T.);
#8468 = VERTEX_POINT('',#8469);
#8469 = CARTESIAN_POINT('',(130.2875,-76.981816,1.51));
#8470 = LINE('',#8471,#8472);
#8471 = CARTESIAN_POINT('',(130.2875,-76.981816,1.51));
#8472 = VECTOR('',#8473,1.);
#8473 = DIRECTION('',(0.222452619431,0.974943502008,0.));
#8474 = ORIENTED_EDGE('',*,*,#8475,.F.);
#8475 = EDGE_CURVE('',#8476,#8468,#8478,.T.);
#8476 = VERTEX_POINT('',#8477);
#8477 = CARTESIAN_POINT('',(130.2875,-78.3875,1.51));
#8478 = LINE('',#8479,#8480);
#8479 = CARTESIAN_POINT('',(130.2875,-78.3875,1.51));
#8480 = VECTOR('',#8481,1.);
#8481 = DIRECTION('',(0.,1.,0.));
#8482 = ORIENTED_EDGE('',*,*,#8483,.F.);
#8483 = EDGE_CURVE('',#8484,#8476,#8486,.T.);
#8484 = VERTEX_POINT('',#8485);
#8485 = CARTESIAN_POINT('',(130.314048,-78.553111,1.51));
#8486 = LINE('',#8487,#8488);
#8487 = CARTESIAN_POINT('',(130.314048,-78.553111,1.51));
#8488 = VECTOR('',#8489,1.);
#8489 = DIRECTION('',(-0.158282554721,0.987393859041,0.));
#8490 = ORIENTED_EDGE('',*,*,#8491,.F.);
#8491 = EDGE_CURVE('',#8492,#8484,#8494,.T.);
#8492 = VERTEX_POINT('',#8493);
#8493 = CARTESIAN_POINT('',(130.336985,-78.604377,1.51));
#8494 = LINE('',#8495,#8496);
#8495 = CARTESIAN_POINT('',(130.336985,-78.604377,1.51));
#8496 = VECTOR('',#8497,1.);
#8497 = DIRECTION('',(-0.408398855141,0.912803579704,0.));
#8498 = ORIENTED_EDGE('',*,*,#8499,.F.);
#8499 = EDGE_CURVE('',#8500,#8492,#8502,.T.);
#8500 = VERTEX_POINT('',#8501);
#8501 = CARTESIAN_POINT('',(129.696676,-79.286618,1.51));
#8502 = LINE('',#8503,#8504);
#8503 = CARTESIAN_POINT('',(129.696676,-79.286618,1.51));
#8504 = VECTOR('',#8505,1.);
#8505 = DIRECTION('',(0.684343789171,0.729159501222,0.));
#8506 = ORIENTED_EDGE('',*,*,#8507,.F.);
#8507 = EDGE_CURVE('',#8508,#8500,#8510,.T.);
#8508 = VERTEX_POINT('',#8509);
#8509 = CARTESIAN_POINT('',(129.634212,-79.252957,1.51));
#8510 = LINE('',#8511,#8512);
#8511 = CARTESIAN_POINT('',(129.634212,-79.252957,1.51));
#8512 = VECTOR('',#8513,1.);
#8513 = DIRECTION('',(0.880314928453,-0.474389741398,0.));
#8514 = ORIENTED_EDGE('',*,*,#8515,.F.);
#8515 = EDGE_CURVE('',#8516,#8508,#8518,.T.);
#8516 = VERTEX_POINT('',#8517);
#8517 = CARTESIAN_POINT('',(129.381953,-79.184658,1.51));
#8518 = LINE('',#8519,#8520);
#8519 = CARTESIAN_POINT('',(129.381953,-79.184658,1.51));
#8520 = VECTOR('',#8521,1.);
#8521 = DIRECTION('',(0.965246785273,-0.261340091681,0.));
#8522 = ORIENTED_EDGE('',*,*,#8523,.F.);
#8523 = EDGE_CURVE('',#8524,#8516,#8526,.T.);
#8524 = VERTEX_POINT('',#8525);
#8525 = CARTESIAN_POINT('',(127.793049,-79.184658,1.51));
#8526 = LINE('',#8527,#8528);
#8527 = CARTESIAN_POINT('',(127.793049,-79.184658,1.51));
#8528 = VECTOR('',#8529,1.);
#8529 = DIRECTION('',(1.,0.,0.));
#8530 = ORIENTED_EDGE('',*,*,#8531,.F.);
#8531 = EDGE_CURVE('',#8532,#8524,#8534,.T.);
#8532 = VERTEX_POINT('',#8533);
#8533 = CARTESIAN_POINT('',(127.59899,-79.221298,1.51));
#8534 = LINE('',#8535,#8536);
#8535 = CARTESIAN_POINT('',(127.59899,-79.221298,1.51));
#8536 = VECTOR('',#8537,1.);
#8537 = DIRECTION('',(0.982638495187,0.18553055753,0.));
#8538 = ORIENTED_EDGE('',*,*,#8539,.F.);
#8539 = EDGE_CURVE('',#8540,#8532,#8542,.T.);
#8540 = VERTEX_POINT('',#8541);
#8541 = CARTESIAN_POINT('',(127.54079,-79.252955,1.51));
#8542 = LINE('',#8543,#8544);
#8543 = CARTESIAN_POINT('',(127.54079,-79.252955,1.51));
#8544 = VECTOR('',#8545,1.);
#8545 = DIRECTION('',(0.878456226645,0.477822831046,0.));
#8546 = ORIENTED_EDGE('',*,*,#8547,.F.);
#8547 = EDGE_CURVE('',#8548,#8540,#8550,.T.);
#8548 = VERTEX_POINT('',#8549);
#8549 = CARTESIAN_POINT('',(126.809464,-78.669339,1.51));
#8550 = LINE('',#8551,#8552);
#8551 = CARTESIAN_POINT('',(126.809464,-78.669339,1.51));
#8552 = VECTOR('',#8553,1.);
#8553 = DIRECTION('',(0.781621492145,-0.623753030467,0.));
#8554 = ORIENTED_EDGE('',*,*,#8555,.F.);
#8555 = EDGE_CURVE('',#8556,#8548,#8558,.T.);
#8556 = VERTEX_POINT('',#8557);
#8557 = CARTESIAN_POINT('',(126.838017,-78.604378,1.51));
#8558 = LINE('',#8559,#8560);
#8559 = CARTESIAN_POINT('',(126.838017,-78.604378,1.51));
#8560 = VECTOR('',#8561,1.);
#8561 = DIRECTION('',(-0.402386269203,-0.915469983318,0.));
#8562 = ORIENTED_EDGE('',*,*,#8563,.F.);
#8563 = EDGE_CURVE('',#8564,#8556,#8566,.T.);
#8564 = VERTEX_POINT('',#8565);
#8565 = CARTESIAN_POINT('',(126.887502,-78.3875,1.51));
#8566 = LINE('',#8567,#8568);
#8567 = CARTESIAN_POINT('',(126.887502,-78.3875,1.51));
#8568 = VECTOR('',#8569,1.);
#8569 = DIRECTION('',(-0.222452619431,-0.974943502008,0.));
#8570 = ORIENTED_EDGE('',*,*,#8571,.F.);
#8571 = EDGE_CURVE('',#8572,#8564,#8574,.T.);
#8572 = VERTEX_POINT('',#8573);
#8573 = CARTESIAN_POINT('',(126.887502,-76.981816,1.51));
#8574 = LINE('',#8575,#8576);
#8575 = CARTESIAN_POINT('',(126.887502,-76.981816,1.51));
#8576 = VECTOR('',#8577,1.);
#8577 = DIRECTION('',(0.,-1.,0.));
#8578 = ORIENTED_EDGE('',*,*,#8579,.F.);
#8579 = EDGE_CURVE('',#8580,#8572,#8582,.T.);
#8580 = VERTEX_POINT('',#8581);
#8581 = CARTESIAN_POINT('',(126.860953,-76.816205,1.51));
#8582 = LINE('',#8583,#8584);
#8583 = CARTESIAN_POINT('',(126.860953,-76.816205,1.51));
#8584 = VECTOR('',#8585,1.);
#8585 = DIRECTION('',(0.158288367468,-0.98739292722,0.));
#8586 = ORIENTED_EDGE('',*,*,#8587,.F.);
#8587 = EDGE_CURVE('',#8404,#8580,#8588,.T.);
#8588 = LINE('',#8589,#8590);
#8589 = CARTESIAN_POINT('',(126.838017,-76.764938,1.51));
#8590 = VECTOR('',#8591,1.);
#8591 = DIRECTION('',(0.408377382128,-0.912813186674,0.));
#8592 = FACE_BOUND('',#8593,.T.);
#8593 = EDGE_LOOP('',(#8594));
#8594 = ORIENTED_EDGE('',*,*,#8595,.T.);
#8595 = EDGE_CURVE('',#8596,#8596,#8598,.T.);
#8596 = VERTEX_POINT('',#8597);
#8597 = CARTESIAN_POINT('',(140.0125,-81.145,1.51));
#8598 = CIRCLE('',#8599,0.5);
#8599 = AXIS2_PLACEMENT_3D('',#8600,#8601,#8602);
#8600 = CARTESIAN_POINT('',(140.0125,-80.645,1.51));
#8601 = DIRECTION('',(-0.,0.,-1.));
#8602 = DIRECTION('',(-0.,-1.,0.));
#8603 = FACE_BOUND('',#8604,.T.);
#8604 = EDGE_LOOP('',(#8605,#8616,#8625));
#8605 = ORIENTED_EDGE('',*,*,#8606,.T.);
#8606 = EDGE_CURVE('',#8607,#8609,#8611,.T.);
#8607 = VERTEX_POINT('',#8608);
#8608 = CARTESIAN_POINT('',(135.62770295998,-76.74308800603,1.51));
#8609 = VERTEX_POINT('',#8610);
#8610 = CARTESIAN_POINT('',(136.29625916188,-77.12138142485,1.51));
#8611 = CIRCLE('',#8612,0.4);
#8612 = AXIS2_PLACEMENT_3D('',#8613,#8614,#8615);
#8613 = CARTESIAN_POINT('',(136.017,-76.835,1.51));
#8614 = DIRECTION('',(-0.,0.,-1.));
#8615 = DIRECTION('',(-0.,-1.,0.));
#8616 = ORIENTED_EDGE('',*,*,#8617,.T.);
#8617 = EDGE_CURVE('',#8609,#8618,#8620,.T.);
#8618 = VERTEX_POINT('',#8619);
#8619 = CARTESIAN_POINT('',(136.017,-77.235,1.51));
#8620 = CIRCLE('',#8621,0.4);
#8621 = AXIS2_PLACEMENT_3D('',#8622,#8623,#8624);
#8622 = CARTESIAN_POINT('',(136.017,-76.835,1.51));
#8623 = DIRECTION('',(-0.,0.,-1.));
#8624 = DIRECTION('',(-0.,-1.,0.));
#8625 = ORIENTED_EDGE('',*,*,#8626,.T.);
#8626 = EDGE_CURVE('',#8618,#8607,#8627,.T.);
#8627 = CIRCLE('',#8628,0.4);
#8628 = AXIS2_PLACEMENT_3D('',#8629,#8630,#8631);
#8629 = CARTESIAN_POINT('',(136.017,-76.835,1.51));
#8630 = DIRECTION('',(-0.,0.,-1.));
#8631 = DIRECTION('',(-0.,-1.,0.));
#8632 = FACE_BOUND('',#8633,.T.);
#8633 = EDGE_LOOP('',(#8634));
#8634 = ORIENTED_EDGE('',*,*,#8635,.T.);
#8635 = EDGE_CURVE('',#8636,#8636,#8638,.T.);
#8636 = VERTEX_POINT('',#8637);
#8637 = CARTESIAN_POINT('',(140.0125,-78.605,1.51));
#8638 = CIRCLE('',#8639,0.5);
#8639 = AXIS2_PLACEMENT_3D('',#8640,#8641,#8642);
#8640 = CARTESIAN_POINT('',(140.0125,-78.105,1.51));
#8641 = DIRECTION('',(-0.,0.,-1.));
#8642 = DIRECTION('',(-0.,-1.,0.));
#8643 = FACE_BOUND('',#8644,.T.);
#8644 = EDGE_LOOP('',(#8645));
#8645 = ORIENTED_EDGE('',*,*,#8646,.T.);
#8646 = EDGE_CURVE('',#8647,#8647,#8649,.T.);
#8647 = VERTEX_POINT('',#8648);
#8648 = CARTESIAN_POINT('',(140.0125,-76.065,1.51));
#8649 = CIRCLE('',#8650,0.5);
#8650 = AXIS2_PLACEMENT_3D('',#8651,#8652,#8653);
#8651 = CARTESIAN_POINT('',(140.0125,-75.565,1.51));
#8652 = DIRECTION('',(-0.,0.,-1.));
#8653 = DIRECTION('',(-0.,-1.,0.));
#8654 = FACE_BOUND('',#8655,.T.);
#8655 = EDGE_LOOP('',(#8656,#8667,#8676));
#8656 = ORIENTED_EDGE('',*,*,#8657,.T.);
#8657 = EDGE_CURVE('',#8658,#8660,#8662,.T.);
#8658 = VERTEX_POINT('',#8659);
#8659 = CARTESIAN_POINT('',(122.67990405896,-73.21886840481,1.51));
#8660 = VERTEX_POINT('',#8661);
#8661 = CARTESIAN_POINT('',(123.72973075288,-73.84543494103,1.51));
#8662 = CIRCLE('',#8663,0.85);
#8663 = AXIS2_PLACEMENT_3D('',#8664,#8665,#8666);
#8664 = CARTESIAN_POINT('',(123.5075,-73.025,1.51));
#8665 = DIRECTION('',(-0.,0.,-1.));
#8666 = DIRECTION('',(-0.,-1.,0.));
#8667 = ORIENTED_EDGE('',*,*,#8668,.T.);
#8668 = EDGE_CURVE('',#8660,#8669,#8671,.T.);
#8669 = VERTEX_POINT('',#8670);
#8670 = CARTESIAN_POINT('',(123.5075,-73.875,1.51));
#8671 = CIRCLE('',#8672,0.85);
#8672 = AXIS2_PLACEMENT_3D('',#8673,#8674,#8675);
#8673 = CARTESIAN_POINT('',(123.5075,-73.025,1.51));
#8674 = DIRECTION('',(-0.,0.,-1.));
#8675 = DIRECTION('',(-0.,-1.,0.));
#8676 = ORIENTED_EDGE('',*,*,#8677,.T.);
#8677 = EDGE_CURVE('',#8669,#8658,#8678,.T.);
#8678 = CIRCLE('',#8679,0.85);
#8679 = AXIS2_PLACEMENT_3D('',#8680,#8681,#8682);
#8680 = CARTESIAN_POINT('',(123.5075,-73.025,1.51));
#8681 = DIRECTION('',(-0.,0.,-1.));
#8682 = DIRECTION('',(-0.,-1.,0.));
#8683 = FACE_BOUND('',#8684,.T.);
#8684 = EDGE_LOOP('',(#8685,#8696,#8705));
#8685 = ORIENTED_EDGE('',*,*,#8686,.T.);
#8686 = EDGE_CURVE('',#8687,#8689,#8691,.T.);
#8687 = VERTEX_POINT('',#8688);
#8688 = CARTESIAN_POINT('',(124.08011399392,-70.20904210731,1.51));
#8689 = VERTEX_POINT('',#8690);
#8690 = CARTESIAN_POINT('',(125.37317852298,-70.94070505511,1.51));
#8691 = CIRCLE('',#8692,0.75);
#8692 = AXIS2_PLACEMENT_3D('',#8693,#8694,#8695);
#8693 = CARTESIAN_POINT('',(124.7775,-70.485,1.51));
#8694 = DIRECTION('',(-0.,0.,-1.));
#8695 = DIRECTION('',(-0.,-1.,0.));
#8696 = ORIENTED_EDGE('',*,*,#8697,.T.);
#8697 = EDGE_CURVE('',#8689,#8698,#8700,.T.);
#8698 = VERTEX_POINT('',#8699);
#8699 = CARTESIAN_POINT('',(124.7775,-71.235,1.51));
#8700 = CIRCLE('',#8701,0.75);
#8701 = AXIS2_PLACEMENT_3D('',#8702,#8703,#8704);
#8702 = CARTESIAN_POINT('',(124.7775,-70.485,1.51));
#8703 = DIRECTION('',(-0.,0.,-1.));
#8704 = DIRECTION('',(-0.,-1.,0.));
#8705 = ORIENTED_EDGE('',*,*,#8706,.T.);
#8706 = EDGE_CURVE('',#8698,#8687,#8707,.T.);
#8707 = CIRCLE('',#8708,0.75);
#8708 = AXIS2_PLACEMENT_3D('',#8709,#8710,#8711);
#8709 = CARTESIAN_POINT('',(124.7775,-70.485,1.51));
#8710 = DIRECTION('',(-0.,0.,-1.));
#8711 = DIRECTION('',(-0.,-1.,0.));
#8712 = FACE_BOUND('',#8713,.T.);
#8713 = EDGE_LOOP('',(#8714,#8725,#8734));
#8714 = ORIENTED_EDGE('',*,*,#8715,.T.);
#8715 = EDGE_CURVE('',#8716,#8718,#8720,.T.);
#8716 = VERTEX_POINT('',#8717);
#8717 = CARTESIAN_POINT('',(126.97229614622,-71.84554397676,1.51));
#8718 = VERTEX_POINT('',#8719);
#8719 = CARTESIAN_POINT('',(130.43030774222,-73.80221272839,1.51));
#8720 = CIRCLE('',#8721,2.);
#8721 = AXIS2_PLACEMENT_3D('',#8722,#8723,#8724);
#8722 = CARTESIAN_POINT('',(128.5875,-73.025,1.51));
#8723 = DIRECTION('',(-0.,0.,-1.));
#8724 = DIRECTION('',(-0.,-1.,0.));
#8725 = ORIENTED_EDGE('',*,*,#8726,.T.);
#8726 = EDGE_CURVE('',#8718,#8727,#8729,.T.);
#8727 = VERTEX_POINT('',#8728);
#8728 = CARTESIAN_POINT('',(128.5875,-75.025,1.51));
#8729 = CIRCLE('',#8730,2.);
#8730 = AXIS2_PLACEMENT_3D('',#8731,#8732,#8733);
#8731 = CARTESIAN_POINT('',(128.5875,-73.025,1.51));
#8732 = DIRECTION('',(-0.,0.,-1.));
#8733 = DIRECTION('',(-0.,-1.,0.));
#8734 = ORIENTED_EDGE('',*,*,#8735,.T.);
#8735 = EDGE_CURVE('',#8727,#8716,#8736,.T.);
#8736 = CIRCLE('',#8737,2.);
#8737 = AXIS2_PLACEMENT_3D('',#8738,#8739,#8740);
#8738 = CARTESIAN_POINT('',(128.5875,-73.025,1.51));
#8739 = DIRECTION('',(-0.,0.,-1.));
#8740 = DIRECTION('',(-0.,-1.,0.));
#8741 = FACE_BOUND('',#8742,.T.);
#8742 = EDGE_LOOP('',(#8743));
#8743 = ORIENTED_EDGE('',*,*,#8744,.T.);
#8744 = EDGE_CURVE('',#8745,#8745,#8747,.T.);
#8745 = VERTEX_POINT('',#8746);
#8746 = CARTESIAN_POINT('',(133.6675,-73.875,1.51));
#8747 = CIRCLE('',#8748,0.85);
#8748 = AXIS2_PLACEMENT_3D('',#8749,#8750,#8751);
#8749 = CARTESIAN_POINT('',(133.6675,-73.025,1.51));
#8750 = DIRECTION('',(-0.,0.,-1.));
#8751 = DIRECTION('',(-3.343730521224E-14,-1.,0.));
#8752 = FACE_BOUND('',#8753,.T.);
#8753 = EDGE_LOOP('',(#8754));
#8754 = ORIENTED_EDGE('',*,*,#8755,.T.);
#8755 = EDGE_CURVE('',#8756,#8756,#8758,.T.);
#8756 = VERTEX_POINT('',#8757);
#8757 = CARTESIAN_POINT('',(140.0125,-70.985,1.51));
#8758 = CIRCLE('',#8759,0.5);
#8759 = AXIS2_PLACEMENT_3D('',#8760,#8761,#8762);
#8760 = CARTESIAN_POINT('',(140.0125,-70.485,1.51));
#8761 = DIRECTION('',(-0.,0.,-1.));
#8762 = DIRECTION('',(-0.,-1.,0.));
#8763 = FACE_BOUND('',#8764,.T.);
#8764 = EDGE_LOOP('',(#8765));
#8765 = ORIENTED_EDGE('',*,*,#8766,.T.);
#8766 = EDGE_CURVE('',#8767,#8767,#8769,.T.);
#8767 = VERTEX_POINT('',#8768);
#8768 = CARTESIAN_POINT('',(136.017,-69.615,1.51));
#8769 = CIRCLE('',#8770,0.4);
#8770 = AXIS2_PLACEMENT_3D('',#8771,#8772,#8773);
#8771 = CARTESIAN_POINT('',(136.017,-69.215,1.51));
#8772 = DIRECTION('',(-0.,0.,-1.));
#8773 = DIRECTION('',(-0.,-1.,0.));
#8774 = FACE_BOUND('',#8775,.T.);
#8775 = EDGE_LOOP('',(#8776));
#8776 = ORIENTED_EDGE('',*,*,#8777,.T.);
#8777 = EDGE_CURVE('',#8778,#8778,#8780,.T.);
#8778 = VERTEX_POINT('',#8779);
#8779 = CARTESIAN_POINT('',(140.0125,-68.445,1.51));
#8780 = CIRCLE('',#8781,0.5);
#8781 = AXIS2_PLACEMENT_3D('',#8782,#8783,#8784);
#8782 = CARTESIAN_POINT('',(140.0125,-67.945,1.51));
#8783 = DIRECTION('',(-0.,0.,-1.));
#8784 = DIRECTION('',(-0.,-1.,0.));
#8785 = FACE_BOUND('',#8786,.T.);
#8786 = EDGE_LOOP('',(#8787));
#8787 = ORIENTED_EDGE('',*,*,#8788,.T.);
#8788 = EDGE_CURVE('',#8789,#8789,#8791,.T.);
#8789 = VERTEX_POINT('',#8790);
#8790 = CARTESIAN_POINT('',(140.0125,-65.905,1.51));
#8791 = CIRCLE('',#8792,0.5);
#8792 = AXIS2_PLACEMENT_3D('',#8793,#8794,#8795);
#8793 = CARTESIAN_POINT('',(140.0125,-65.405,1.51));
#8794 = DIRECTION('',(-0.,0.,-1.));
#8795 = DIRECTION('',(-0.,-1.,0.));
#8796 = FACE_BOUND('',#8797,.T.);
#8797 = EDGE_LOOP('',(#8798,#8809,#8818));
#8798 = ORIENTED_EDGE('',*,*,#8799,.T.);
#8799 = EDGE_CURVE('',#8800,#8802,#8804,.T.);
#8800 = VERTEX_POINT('',#8801);
#8801 = CARTESIAN_POINT('',(145.288,-82.15625,1.51));
#8802 = VERTEX_POINT('',#8803);
#8803 = CARTESIAN_POINT('',(145.15267430349,-82.13266327802,1.51));
#8804 = CIRCLE('',#8805,0.4);
#8805 = AXIS2_PLACEMENT_3D('',#8806,#8807,#8808);
#8806 = CARTESIAN_POINT('',(145.288,-81.75625,1.51));
#8807 = DIRECTION('',(-0.,0.,-1.));
#8808 = DIRECTION('',(-0.,-1.,0.));
#8809 = ORIENTED_EDGE('',*,*,#8810,.T.);
#8810 = EDGE_CURVE('',#8802,#8811,#8813,.T.);
#8811 = VERTEX_POINT('',#8812);
#8812 = CARTESIAN_POINT('',(145.0350188781,-82.06608955844,1.51));
#8813 = CIRCLE('',#8814,0.4);
#8814 = AXIS2_PLACEMENT_3D('',#8815,#8816,#8817);
#8815 = CARTESIAN_POINT('',(145.288,-81.75625,1.51));
#8816 = DIRECTION('',(-0.,0.,-1.));
#8817 = DIRECTION('',(-0.,-1.,0.));
#8818 = ORIENTED_EDGE('',*,*,#8819,.T.);
#8819 = EDGE_CURVE('',#8811,#8800,#8820,.T.);
#8820 = CIRCLE('',#8821,0.4);
#8821 = AXIS2_PLACEMENT_3D('',#8822,#8823,#8824);
#8822 = CARTESIAN_POINT('',(145.288,-81.75625,1.51));
#8823 = DIRECTION('',(-0.,0.,-1.));
#8824 = DIRECTION('',(-0.,-1.,0.));
#8825 = FACE_BOUND('',#8826,.T.);
#8826 = EDGE_LOOP('',(#8827,#8837,#8845,#8853,#8861,#8869,#8877,#8885,
    #8893,#8901,#8909,#8917,#8925,#8933,#8941,#8949,#8957,#8965,#8973,
    #8981,#8989,#8997,#9005,#9013));
#8827 = ORIENTED_EDGE('',*,*,#8828,.F.);
#8828 = EDGE_CURVE('',#8829,#8831,#8833,.T.);
#8829 = VERTEX_POINT('',#8830);
#8830 = CARTESIAN_POINT('',(146.52832,-76.0827,1.51));
#8831 = VERTEX_POINT('',#8832);
#8832 = CARTESIAN_POINT('',(145.888017,-76.764938,1.51));
#8833 = LINE('',#8834,#8835);
#8834 = CARTESIAN_POINT('',(146.52832,-76.0827,1.51));
#8835 = VECTOR('',#8836,1.);
#8836 = DIRECTION('',(-0.68434197967,-0.729161199504,0.));
#8837 = ORIENTED_EDGE('',*,*,#8838,.F.);
#8838 = EDGE_CURVE('',#8839,#8829,#8841,.T.);
#8839 = VERTEX_POINT('',#8840);
#8840 = CARTESIAN_POINT('',(146.59079,-76.116359,1.51));
#8841 = LINE('',#8842,#8843);
#8842 = CARTESIAN_POINT('',(146.59079,-76.116359,1.51));
#8843 = VECTOR('',#8844,1.);
#8844 = DIRECTION('',(-0.880345725289,0.474332587922,0.));
#8845 = ORIENTED_EDGE('',*,*,#8846,.F.);
#8846 = EDGE_CURVE('',#8847,#8839,#8849,.T.);
#8847 = VERTEX_POINT('',#8848);
#8848 = CARTESIAN_POINT('',(146.843049,-76.184659,1.51));
#8849 = LINE('',#8850,#8851);
#8850 = CARTESIAN_POINT('',(146.843049,-76.184659,1.51));
#8851 = VECTOR('',#8852,1.);
#8852 = DIRECTION('',(-0.965245820026,0.261343656749,0.));
#8853 = ORIENTED_EDGE('',*,*,#8854,.F.);
#8854 = EDGE_CURVE('',#8855,#8847,#8857,.T.);
#8855 = VERTEX_POINT('',#8856);
#8856 = CARTESIAN_POINT('',(148.431954,-76.184659,1.51));
#8857 = LINE('',#8858,#8859);
#8858 = CARTESIAN_POINT('',(148.431954,-76.184659,1.51));
#8859 = VECTOR('',#8860,1.);
#8860 = DIRECTION('',(-1.,0.,0.));
#8861 = ORIENTED_EDGE('',*,*,#8862,.F.);
#8862 = EDGE_CURVE('',#8863,#8855,#8865,.T.);
#8863 = VERTEX_POINT('',#8864);
#8864 = CARTESIAN_POINT('',(148.626011,-76.14801,1.51));
#8865 = LINE('',#8866,#8867);
#8866 = CARTESIAN_POINT('',(148.626011,-76.14801,1.51));
#8867 = VECTOR('',#8868,1.);
#8868 = DIRECTION('',(-0.982629837218,-0.185576407469,0.));
#8869 = ORIENTED_EDGE('',*,*,#8870,.F.);
#8870 = EDGE_CURVE('',#8871,#8863,#8873,.T.);
#8871 = VERTEX_POINT('',#8872);
#8872 = CARTESIAN_POINT('',(148.684212,-76.11636,1.51));
#8873 = LINE('',#8874,#8875);
#8874 = CARTESIAN_POINT('',(148.684212,-76.11636,1.51));
#8875 = VECTOR('',#8876,1.);
#8876 = DIRECTION('',(-0.878504018987,-0.47773495646,0.));
#8877 = ORIENTED_EDGE('',*,*,#8878,.F.);
#8878 = EDGE_CURVE('',#8879,#8871,#8881,.T.);
#8879 = VERTEX_POINT('',#8880);
#8880 = CARTESIAN_POINT('',(149.415524,-76.699984,1.51));
#8881 = LINE('',#8882,#8883);
#8882 = CARTESIAN_POINT('',(149.415524,-76.699984,1.51));
#8883 = VECTOR('',#8884,1.);
#8884 = DIRECTION('',(-0.781611501882,0.623765549005,0.));
#8885 = ORIENTED_EDGE('',*,*,#8886,.F.);
#8886 = EDGE_CURVE('',#8887,#8879,#8889,.T.);
#8887 = VERTEX_POINT('',#8888);
#8888 = CARTESIAN_POINT('',(149.386985,-76.764938,1.51));
#8889 = LINE('',#8890,#8891);
#8890 = CARTESIAN_POINT('',(149.386985,-76.764938,1.51));
#8891 = VECTOR('',#8892,1.);
#8892 = DIRECTION('',(0.402257231305,0.915526689869,0.));
#8893 = ORIENTED_EDGE('',*,*,#8894,.F.);
#8894 = EDGE_CURVE('',#8895,#8887,#8897,.T.);
#8895 = VERTEX_POINT('',#8896);
#8896 = CARTESIAN_POINT('',(149.3375,-76.981816,1.51));
#8897 = LINE('',#8898,#8899);
#8898 = CARTESIAN_POINT('',(149.3375,-76.981816,1.51));
#8899 = VECTOR('',#8900,1.);
#8900 = DIRECTION('',(0.222452619431,0.974943502008,0.));
#8901 = ORIENTED_EDGE('',*,*,#8902,.F.);
#8902 = EDGE_CURVE('',#8903,#8895,#8905,.T.);
#8903 = VERTEX_POINT('',#8904);
#8904 = CARTESIAN_POINT('',(149.3375,-78.3875,1.51));
#8905 = LINE('',#8906,#8907);
#8906 = CARTESIAN_POINT('',(149.3375,-78.3875,1.51));
#8907 = VECTOR('',#8908,1.);
#8908 = DIRECTION('',(0.,1.,0.));
#8909 = ORIENTED_EDGE('',*,*,#8910,.F.);
#8910 = EDGE_CURVE('',#8911,#8903,#8913,.T.);
#8911 = VERTEX_POINT('',#8912);
#8912 = CARTESIAN_POINT('',(149.364048,-78.553111,1.51));
#8913 = LINE('',#8914,#8915);
#8914 = CARTESIAN_POINT('',(149.364048,-78.553111,1.51));
#8915 = VECTOR('',#8916,1.);
#8916 = DIRECTION('',(-0.15828255472,0.987393859041,0.));
#8917 = ORIENTED_EDGE('',*,*,#8918,.F.);
#8918 = EDGE_CURVE('',#8919,#8911,#8921,.T.);
#8919 = VERTEX_POINT('',#8920);
#8920 = CARTESIAN_POINT('',(149.386985,-78.604377,1.51));
#8921 = LINE('',#8922,#8923);
#8922 = CARTESIAN_POINT('',(149.386985,-78.604377,1.51));
#8923 = VECTOR('',#8924,1.);
#8924 = DIRECTION('',(-0.408398855141,0.912803579703,0.));
#8925 = ORIENTED_EDGE('',*,*,#8926,.F.);
#8926 = EDGE_CURVE('',#8927,#8919,#8929,.T.);
#8927 = VERTEX_POINT('',#8928);
#8928 = CARTESIAN_POINT('',(148.746676,-79.286618,1.51));
#8929 = LINE('',#8930,#8931);
#8930 = CARTESIAN_POINT('',(148.746676,-79.286618,1.51));
#8931 = VECTOR('',#8932,1.);
#8932 = DIRECTION('',(0.684343789171,0.729159501222,0.));
#8933 = ORIENTED_EDGE('',*,*,#8934,.F.);
#8934 = EDGE_CURVE('',#8935,#8927,#8937,.T.);
#8935 = VERTEX_POINT('',#8936);
#8936 = CARTESIAN_POINT('',(148.684212,-79.252957,1.51));
#8937 = LINE('',#8938,#8939);
#8938 = CARTESIAN_POINT('',(148.684212,-79.252957,1.51));
#8939 = VECTOR('',#8940,1.);
#8940 = DIRECTION('',(0.880314928453,-0.474389741398,0.));
#8941 = ORIENTED_EDGE('',*,*,#8942,.F.);
#8942 = EDGE_CURVE('',#8943,#8935,#8945,.T.);
#8943 = VERTEX_POINT('',#8944);
#8944 = CARTESIAN_POINT('',(148.431953,-79.184658,1.51));
#8945 = LINE('',#8946,#8947);
#8946 = CARTESIAN_POINT('',(148.431953,-79.184658,1.51));
#8947 = VECTOR('',#8948,1.);
#8948 = DIRECTION('',(0.965246785273,-0.261340091681,0.));
#8949 = ORIENTED_EDGE('',*,*,#8950,.F.);
#8950 = EDGE_CURVE('',#8951,#8943,#8953,.T.);
#8951 = VERTEX_POINT('',#8952);
#8952 = CARTESIAN_POINT('',(146.843049,-79.184658,1.51));
#8953 = LINE('',#8954,#8955);
#8954 = CARTESIAN_POINT('',(146.843049,-79.184658,1.51));
#8955 = VECTOR('',#8956,1.);
#8956 = DIRECTION('',(1.,0.,0.));
#8957 = ORIENTED_EDGE('',*,*,#8958,.F.);
#8958 = EDGE_CURVE('',#8959,#8951,#8961,.T.);
#8959 = VERTEX_POINT('',#8960);
#8960 = CARTESIAN_POINT('',(146.64899,-79.221298,1.51));
#8961 = LINE('',#8962,#8963);
#8962 = CARTESIAN_POINT('',(146.64899,-79.221298,1.51));
#8963 = VECTOR('',#8964,1.);
#8964 = DIRECTION('',(0.982638495187,0.18553055753,0.));
#8965 = ORIENTED_EDGE('',*,*,#8966,.F.);
#8966 = EDGE_CURVE('',#8967,#8959,#8969,.T.);
#8967 = VERTEX_POINT('',#8968);
#8968 = CARTESIAN_POINT('',(146.59079,-79.252955,1.51));
#8969 = LINE('',#8970,#8971);
#8970 = CARTESIAN_POINT('',(146.59079,-79.252955,1.51));
#8971 = VECTOR('',#8972,1.);
#8972 = DIRECTION('',(0.878456226645,0.477822831046,0.));
#8973 = ORIENTED_EDGE('',*,*,#8974,.F.);
#8974 = EDGE_CURVE('',#8975,#8967,#8977,.T.);
#8975 = VERTEX_POINT('',#8976);
#8976 = CARTESIAN_POINT('',(145.859464,-78.669339,1.51));
#8977 = LINE('',#8978,#8979);
#8978 = CARTESIAN_POINT('',(145.859464,-78.669339,1.51));
#8979 = VECTOR('',#8980,1.);
#8980 = DIRECTION('',(0.781621492145,-0.623753030467,0.));
#8981 = ORIENTED_EDGE('',*,*,#8982,.F.);
#8982 = EDGE_CURVE('',#8983,#8975,#8985,.T.);
#8983 = VERTEX_POINT('',#8984);
#8984 = CARTESIAN_POINT('',(145.888017,-78.604378,1.51));
#8985 = LINE('',#8986,#8987);
#8986 = CARTESIAN_POINT('',(145.888017,-78.604378,1.51));
#8987 = VECTOR('',#8988,1.);
#8988 = DIRECTION('',(-0.402386269203,-0.915469983318,0.));
#8989 = ORIENTED_EDGE('',*,*,#8990,.F.);
#8990 = EDGE_CURVE('',#8991,#8983,#8993,.T.);
#8991 = VERTEX_POINT('',#8992);
#8992 = CARTESIAN_POINT('',(145.937502,-78.3875,1.51));
#8993 = LINE('',#8994,#8995);
#8994 = CARTESIAN_POINT('',(145.937502,-78.3875,1.51));
#8995 = VECTOR('',#8996,1.);
#8996 = DIRECTION('',(-0.222452619431,-0.974943502008,0.));
#8997 = ORIENTED_EDGE('',*,*,#8998,.F.);
#8998 = EDGE_CURVE('',#8999,#8991,#9001,.T.);
#8999 = VERTEX_POINT('',#9000);
#9000 = CARTESIAN_POINT('',(145.937502,-76.981816,1.51));
#9001 = LINE('',#9002,#9003);
#9002 = CARTESIAN_POINT('',(145.937502,-76.981816,1.51));
#9003 = VECTOR('',#9004,1.);
#9004 = DIRECTION('',(0.,-1.,0.));
#9005 = ORIENTED_EDGE('',*,*,#9006,.F.);
#9006 = EDGE_CURVE('',#9007,#8999,#9009,.T.);
#9007 = VERTEX_POINT('',#9008);
#9008 = CARTESIAN_POINT('',(145.910953,-76.816205,1.51));
#9009 = LINE('',#9010,#9011);
#9010 = CARTESIAN_POINT('',(145.910953,-76.816205,1.51));
#9011 = VECTOR('',#9012,1.);
#9012 = DIRECTION('',(0.158288367468,-0.98739292722,0.));
#9013 = ORIENTED_EDGE('',*,*,#9014,.F.);
#9014 = EDGE_CURVE('',#8831,#9007,#9015,.T.);
#9015 = LINE('',#9016,#9017);
#9016 = CARTESIAN_POINT('',(145.888017,-76.764938,1.51));
#9017 = VECTOR('',#9018,1.);
#9018 = DIRECTION('',(0.408377382128,-0.912813186674,0.));
#9019 = FACE_BOUND('',#9020,.T.);
#9020 = EDGE_LOOP('',(#9021));
#9021 = ORIENTED_EDGE('',*,*,#9022,.T.);
#9022 = EDGE_CURVE('',#9023,#9023,#9025,.T.);
#9023 = VERTEX_POINT('',#9024);
#9024 = CARTESIAN_POINT('',(152.908,-82.15625,1.51));
#9025 = CIRCLE('',#9026,0.4);
#9026 = AXIS2_PLACEMENT_3D('',#9027,#9028,#9029);
#9027 = CARTESIAN_POINT('',(152.908,-81.75625,1.51));
#9028 = DIRECTION('',(-0.,0.,-1.));
#9029 = DIRECTION('',(-7.105427357601E-14,-1.,0.));
#9030 = FACE_BOUND('',#9031,.T.);
#9031 = EDGE_LOOP('',(#9032));
#9032 = ORIENTED_EDGE('',*,*,#9033,.T.);
#9033 = EDGE_CURVE('',#9034,#9034,#9036,.T.);
#9034 = VERTEX_POINT('',#9035);
#9035 = CARTESIAN_POINT('',(155.2625,-81.145,1.51));
#9036 = CIRCLE('',#9037,0.5);
#9037 = AXIS2_PLACEMENT_3D('',#9038,#9039,#9040);
#9038 = CARTESIAN_POINT('',(155.2625,-80.645,1.51));
#9039 = DIRECTION('',(-0.,0.,-1.));
#9040 = DIRECTION('',(-0.,-1.,0.));
#9041 = FACE_BOUND('',#9042,.T.);
#9042 = EDGE_LOOP('',(#9043));
#9043 = ORIENTED_EDGE('',*,*,#9044,.T.);
#9044 = EDGE_CURVE('',#9045,#9045,#9047,.T.);
#9045 = VERTEX_POINT('',#9046);
#9046 = CARTESIAN_POINT('',(155.2625,-78.605,1.51));
#9047 = CIRCLE('',#9048,0.5);
#9048 = AXIS2_PLACEMENT_3D('',#9049,#9050,#9051);
#9049 = CARTESIAN_POINT('',(155.2625,-78.105,1.51));
#9050 = DIRECTION('',(-0.,0.,-1.));
#9051 = DIRECTION('',(-0.,-1.,0.));
#9052 = FACE_BOUND('',#9053,.T.);
#9053 = EDGE_LOOP('',(#9054));
#9054 = ORIENTED_EDGE('',*,*,#9055,.T.);
#9055 = EDGE_CURVE('',#9056,#9056,#9058,.T.);
#9056 = VERTEX_POINT('',#9057);
#9057 = CARTESIAN_POINT('',(155.2625,-76.065,1.51));
#9058 = CIRCLE('',#9059,0.5);
#9059 = AXIS2_PLACEMENT_3D('',#9060,#9061,#9062);
#9060 = CARTESIAN_POINT('',(155.2625,-75.565,1.51));
#9061 = DIRECTION('',(-0.,0.,-1.));
#9062 = DIRECTION('',(-0.,-1.,0.));
#9063 = FACE_BOUND('',#9064,.T.);
#9064 = EDGE_LOOP('',(#9065,#9076,#9085));
#9065 = ORIENTED_EDGE('',*,*,#9066,.T.);
#9066 = EDGE_CURVE('',#9067,#9069,#9071,.T.);
#9067 = VERTEX_POINT('',#9068);
#9068 = CARTESIAN_POINT('',(141.70753690954,-73.01707883467,1.51));
#9069 = VERTEX_POINT('',#9070);
#9070 = CARTESIAN_POINT('',(143.05727254462,-73.71255174615,1.51));
#9071 = CIRCLE('',#9072,0.85);
#9072 = AXIS2_PLACEMENT_3D('',#9073,#9074,#9075);
#9073 = CARTESIAN_POINT('',(142.5575,-73.025,1.51));
#9074 = DIRECTION('',(-0.,0.,-1.));
#9075 = DIRECTION('',(-0.,-1.,0.));
#9076 = ORIENTED_EDGE('',*,*,#9077,.T.);
#9077 = EDGE_CURVE('',#9069,#9078,#9080,.T.);
#9078 = VERTEX_POINT('',#9079);
#9079 = CARTESIAN_POINT('',(142.5575,-73.875,1.51));
#9080 = CIRCLE('',#9081,0.85);
#9081 = AXIS2_PLACEMENT_3D('',#9082,#9083,#9084);
#9082 = CARTESIAN_POINT('',(142.5575,-73.025,1.51));
#9083 = DIRECTION('',(-0.,0.,-1.));
#9084 = DIRECTION('',(-0.,-1.,0.));
#9085 = ORIENTED_EDGE('',*,*,#9086,.T.);
#9086 = EDGE_CURVE('',#9078,#9067,#9087,.T.);
#9087 = CIRCLE('',#9088,0.85);
#9088 = AXIS2_PLACEMENT_3D('',#9089,#9090,#9091);
#9089 = CARTESIAN_POINT('',(142.5575,-73.025,1.51));
#9090 = DIRECTION('',(-0.,0.,-1.));
#9091 = DIRECTION('',(-0.,-1.,0.));
#9092 = FACE_BOUND('',#9093,.T.);
#9093 = EDGE_LOOP('',(#9094));
#9094 = ORIENTED_EDGE('',*,*,#9095,.T.);
#9095 = EDGE_CURVE('',#9096,#9096,#9098,.T.);
#9096 = VERTEX_POINT('',#9097);
#9097 = CARTESIAN_POINT('',(143.8275,-71.235,1.51));
#9098 = CIRCLE('',#9099,0.75);
#9099 = AXIS2_PLACEMENT_3D('',#9100,#9101,#9102);
#9100 = CARTESIAN_POINT('',(143.8275,-70.485,1.51));
#9101 = DIRECTION('',(-0.,0.,-1.));
#9102 = DIRECTION('',(-0.,-1.,0.));
#9103 = FACE_BOUND('',#9104,.T.);
#9104 = EDGE_LOOP('',(#9105));
#9105 = ORIENTED_EDGE('',*,*,#9106,.T.);
#9106 = EDGE_CURVE('',#9107,#9107,#9109,.T.);
#9107 = VERTEX_POINT('',#9108);
#9108 = CARTESIAN_POINT('',(147.6375,-75.025,1.51));
#9109 = CIRCLE('',#9110,2.);
#9110 = AXIS2_PLACEMENT_3D('',#9111,#9112,#9113);
#9111 = CARTESIAN_POINT('',(147.6375,-73.025,1.51));
#9112 = DIRECTION('',(-0.,0.,-1.));
#9113 = DIRECTION('',(-0.,-1.,0.));
#9114 = FACE_BOUND('',#9115,.T.);
#9115 = EDGE_LOOP('',(#9116));
#9116 = ORIENTED_EDGE('',*,*,#9117,.T.);
#9117 = EDGE_CURVE('',#9118,#9118,#9120,.T.);
#9118 = VERTEX_POINT('',#9119);
#9119 = CARTESIAN_POINT('',(152.7175,-73.875,1.51));
#9120 = CIRCLE('',#9121,0.85);
#9121 = AXIS2_PLACEMENT_3D('',#9122,#9123,#9124);
#9122 = CARTESIAN_POINT('',(152.7175,-73.025,1.51));
#9123 = DIRECTION('',(-0.,0.,-1.));
#9124 = DIRECTION('',(-0.,-1.,0.));
#9125 = FACE_BOUND('',#9126,.T.);
#9126 = EDGE_LOOP('',(#9127));
#9127 = ORIENTED_EDGE('',*,*,#9128,.T.);
#9128 = EDGE_CURVE('',#9129,#9129,#9131,.T.);
#9129 = VERTEX_POINT('',#9130);
#9130 = CARTESIAN_POINT('',(155.2625,-73.525,1.51));
#9131 = CIRCLE('',#9132,0.5);
#9132 = AXIS2_PLACEMENT_3D('',#9133,#9134,#9135);
#9133 = CARTESIAN_POINT('',(155.2625,-73.025,1.51));
#9134 = DIRECTION('',(-0.,0.,-1.));
#9135 = DIRECTION('',(-0.,-1.,0.));
#9136 = FACE_BOUND('',#9137,.T.);
#9137 = EDGE_LOOP('',(#9138));
#9138 = ORIENTED_EDGE('',*,*,#9139,.T.);
#9139 = EDGE_CURVE('',#9140,#9140,#9142,.T.);
#9140 = VERTEX_POINT('',#9141);
#9141 = CARTESIAN_POINT('',(155.2625,-70.985,1.51));
#9142 = CIRCLE('',#9143,0.5);
#9143 = AXIS2_PLACEMENT_3D('',#9144,#9145,#9146);
#9144 = CARTESIAN_POINT('',(155.2625,-70.485,1.51));
#9145 = DIRECTION('',(-0.,0.,-1.));
#9146 = DIRECTION('',(-0.,-1.,0.));
#9147 = FACE_BOUND('',#9148,.T.);
#9148 = EDGE_LOOP('',(#9149));
#9149 = ORIENTED_EDGE('',*,*,#9150,.T.);
#9150 = EDGE_CURVE('',#9151,#9151,#9153,.T.);
#9151 = VERTEX_POINT('',#9152);
#9152 = CARTESIAN_POINT('',(150.1775,-68.695,1.51));
#9153 = CIRCLE('',#9154,0.75);
#9154 = AXIS2_PLACEMENT_3D('',#9155,#9156,#9157);
#9155 = CARTESIAN_POINT('',(150.1775,-67.945,1.51));
#9156 = DIRECTION('',(-0.,0.,-1.));
#9157 = DIRECTION('',(-0.,-1.,0.));
#9158 = FACE_BOUND('',#9159,.T.);
#9159 = EDGE_LOOP('',(#9160));
#9160 = ORIENTED_EDGE('',*,*,#9161,.T.);
#9161 = EDGE_CURVE('',#9162,#9162,#9164,.T.);
#9162 = VERTEX_POINT('',#9163);
#9163 = CARTESIAN_POINT('',(155.2625,-68.445,1.51));
#9164 = CIRCLE('',#9165,0.5);
#9165 = AXIS2_PLACEMENT_3D('',#9166,#9167,#9168);
#9166 = CARTESIAN_POINT('',(155.2625,-67.945,1.51));
#9167 = DIRECTION('',(-0.,0.,-1.));
#9168 = DIRECTION('',(-0.,-1.,0.));
#9169 = FACE_BOUND('',#9170,.T.);
#9170 = EDGE_LOOP('',(#9171));
#9171 = ORIENTED_EDGE('',*,*,#9172,.T.);
#9172 = EDGE_CURVE('',#9173,#9173,#9175,.T.);
#9173 = VERTEX_POINT('',#9174);
#9174 = CARTESIAN_POINT('',(155.2625,-65.905,1.51));
#9175 = CIRCLE('',#9176,0.5);
#9176 = AXIS2_PLACEMENT_3D('',#9177,#9178,#9179);
#9177 = CARTESIAN_POINT('',(155.2625,-65.405,1.51));
#9178 = DIRECTION('',(-0.,0.,-1.));
#9179 = DIRECTION('',(-0.,-1.,0.));
#9180 = FACE_BOUND('',#9181,.T.);
#9181 = EDGE_LOOP('',(#9182,#9192,#9200,#9208,#9216,#9224,#9232,#9240,
    #9248,#9256,#9264,#9272,#9280,#9288,#9296,#9304,#9312,#9320,#9328,
    #9336,#9344,#9352,#9360,#9368,#9376,#9384));
#9182 = ORIENTED_EDGE('',*,*,#9183,.F.);
#9183 = EDGE_CURVE('',#9184,#9186,#9188,.T.);
#9184 = VERTEX_POINT('',#9185);
#9185 = CARTESIAN_POINT('',(168.075995,-95.103512,1.51));
#9186 = VERTEX_POINT('',#9187);
#9187 = CARTESIAN_POINT('',(167.734212,-95.16636,1.51));
#9188 = LINE('',#9189,#9190);
#9189 = CARTESIAN_POINT('',(168.075995,-95.103512,1.51));
#9190 = VECTOR('',#9191,1.);
#9191 = DIRECTION('',(-0.983510573351,-0.1808506348,0.));
#9192 = ORIENTED_EDGE('',*,*,#9193,.F.);
#9193 = EDGE_CURVE('',#9194,#9184,#9196,.T.);
#9194 = VERTEX_POINT('',#9195);
#9195 = CARTESIAN_POINT('',(168.210604,-95.148207,1.51));
#9196 = LINE('',#9197,#9198);
#9197 = CARTESIAN_POINT('',(168.210604,-95.148207,1.51));
#9198 = VECTOR('',#9199,1.);
#9199 = DIRECTION('',(-0.949052093459,0.315119221725,0.));
#9200 = ORIENTED_EDGE('',*,*,#9201,.F.);
#9201 = EDGE_CURVE('',#9202,#9194,#9204,.T.);
#9202 = VERTEX_POINT('',#9203);
#9203 = CARTESIAN_POINT('',(168.465613,-95.750012,1.51));
#9204 = LINE('',#9205,#9206);
#9205 = CARTESIAN_POINT('',(168.465613,-95.750012,1.51));
#9206 = VECTOR('',#9207,1.);
#9207 = DIRECTION('',(-0.390157959902,0.92074793854,0.));
#9208 = ORIENTED_EDGE('',*,*,#9209,.F.);
#9209 = EDGE_CURVE('',#9210,#9202,#9212,.T.);
#9210 = VERTEX_POINT('',#9211);
#9211 = CARTESIAN_POINT('',(168.436985,-95.814938,1.51));
#9212 = LINE('',#9213,#9214);
#9213 = CARTESIAN_POINT('',(168.436985,-95.814938,1.51));
#9214 = VECTOR('',#9215,1.);
#9215 = DIRECTION('',(0.40345353011,0.915000136088,0.));
#9216 = ORIENTED_EDGE('',*,*,#9217,.F.);
#9217 = EDGE_CURVE('',#9218,#9210,#9220,.T.);
#9218 = VERTEX_POINT('',#9219);
#9219 = CARTESIAN_POINT('',(168.3875,-96.031815,1.51));
#9220 = LINE('',#9221,#9222);
#9221 = CARTESIAN_POINT('',(168.3875,-96.031815,1.51));
#9222 = VECTOR('',#9223,1.);
#9223 = DIRECTION('',(0.222453594382,0.974943279554,0.));
#9224 = ORIENTED_EDGE('',*,*,#9225,.F.);
#9225 = EDGE_CURVE('',#9226,#9218,#9228,.T.);
#9226 = VERTEX_POINT('',#9227);
#9227 = CARTESIAN_POINT('',(168.3875,-97.4375,1.51));
#9228 = LINE('',#9229,#9230);
#9229 = CARTESIAN_POINT('',(168.3875,-97.4375,1.51));
#9230 = VECTOR('',#9231,1.);
#9231 = DIRECTION('',(0.,1.,0.));
#9232 = ORIENTED_EDGE('',*,*,#9233,.F.);
#9233 = EDGE_CURVE('',#9234,#9226,#9236,.T.);
#9234 = VERTEX_POINT('',#9235);
#9235 = CARTESIAN_POINT('',(168.414048,-97.603112,1.51));
#9236 = LINE('',#9237,#9238);
#9237 = CARTESIAN_POINT('',(168.414048,-97.603112,1.51));
#9238 = VECTOR('',#9239,1.);
#9239 = DIRECTION('',(-0.158281622922,0.987394008411,0.));
#9240 = ORIENTED_EDGE('',*,*,#9241,.F.);
#9241 = EDGE_CURVE('',#9242,#9234,#9244,.T.);
#9242 = VERTEX_POINT('',#9243);
#9243 = CARTESIAN_POINT('',(168.436985,-97.654378,1.51));
#9244 = LINE('',#9245,#9246);
#9245 = CARTESIAN_POINT('',(168.436985,-97.654378,1.51));
#9246 = VECTOR('',#9247,1.);
#9247 = DIRECTION('',(-0.408398855141,0.912803579704,0.));
#9248 = ORIENTED_EDGE('',*,*,#9249,.F.);
#9249 = EDGE_CURVE('',#9250,#9242,#9252,.T.);
#9250 = VERTEX_POINT('',#9251);
#9251 = CARTESIAN_POINT('',(167.796671,-98.336632,1.51));
#9252 = LINE('',#9253,#9254);
#9253 = CARTESIAN_POINT('',(167.796671,-98.336632,1.51));
#9254 = VECTOR('',#9255,1.);
#9255 = DIRECTION('',(0.684339697344,0.729163341535,0.));
#9256 = ORIENTED_EDGE('',*,*,#9257,.F.);
#9257 = EDGE_CURVE('',#9258,#9250,#9260,.T.);
#9258 = VERTEX_POINT('',#9259);
#9259 = CARTESIAN_POINT('',(167.734212,-98.302957,1.51));
#9260 = LINE('',#9261,#9262);
#9261 = CARTESIAN_POINT('',(167.734212,-98.302957,1.51));
#9262 = VECTOR('',#9263,1.);
#9263 = DIRECTION('',(0.880216657988,-0.474572054592,0.));
#9264 = ORIENTED_EDGE('',*,*,#9265,.F.);
#9265 = EDGE_CURVE('',#9266,#9258,#9268,.T.);
#9266 = VERTEX_POINT('',#9267);
#9267 = CARTESIAN_POINT('',(167.481953,-98.234658,1.51));
#9268 = LINE('',#9269,#9270);
#9269 = CARTESIAN_POINT('',(167.481953,-98.234658,1.51));
#9270 = VECTOR('',#9271,1.);
#9271 = DIRECTION('',(0.965246785273,-0.261340091681,0.));
#9272 = ORIENTED_EDGE('',*,*,#9273,.F.);
#9273 = EDGE_CURVE('',#9274,#9266,#9276,.T.);
#9274 = VERTEX_POINT('',#9275);
#9275 = CARTESIAN_POINT('',(165.893049,-98.234658,1.51));
#9276 = LINE('',#9277,#9278);
#9277 = CARTESIAN_POINT('',(165.893049,-98.234658,1.51));
#9278 = VECTOR('',#9279,1.);
#9279 = DIRECTION('',(1.,0.,0.));
#9280 = ORIENTED_EDGE('',*,*,#9281,.F.);
#9281 = EDGE_CURVE('',#9282,#9274,#9284,.T.);
#9282 = VERTEX_POINT('',#9283);
#9283 = CARTESIAN_POINT('',(165.698998,-98.271318,1.51));
#9284 = LINE('',#9285,#9286);
#9285 = CARTESIAN_POINT('',(165.698998,-98.271318,1.51));
#9286 = VECTOR('',#9287,1.);
#9287 = DIRECTION('',(0.982618631892,0.185635730015,0.));
#9288 = ORIENTED_EDGE('',*,*,#9289,.F.);
#9289 = EDGE_CURVE('',#9290,#9282,#9292,.T.);
#9290 = VERTEX_POINT('',#9291);
#9291 = CARTESIAN_POINT('',(165.640791,-98.302957,1.51));
#9292 = LINE('',#9293,#9294);
#9293 = CARTESIAN_POINT('',(165.640791,-98.302957,1.51));
#9294 = VECTOR('',#9295,1.);
#9295 = DIRECTION('',(0.878594357754,0.477568795592,0.));
#9296 = ORIENTED_EDGE('',*,*,#9297,.F.);
#9297 = EDGE_CURVE('',#9298,#9290,#9300,.T.);
#9298 = VERTEX_POINT('',#9299);
#9299 = CARTESIAN_POINT('',(164.909476,-97.719342,1.51));
#9300 = LINE('',#9301,#9302);
#9301 = CARTESIAN_POINT('',(164.909476,-97.719342,1.51));
#9302 = VECTOR('',#9303,1.);
#9303 = DIRECTION('',(0.781617439079,-0.623758109308,0.));
#9304 = ORIENTED_EDGE('',*,*,#9305,.F.);
#9305 = EDGE_CURVE('',#9306,#9298,#9308,.T.);
#9306 = VERTEX_POINT('',#9307);
#9307 = CARTESIAN_POINT('',(164.938017,-97.654378,1.51));
#9308 = LINE('',#9309,#9310);
#9309 = CARTESIAN_POINT('',(164.938017,-97.654378,1.51));
#9310 = VECTOR('',#9311,1.);
#9311 = DIRECTION('',(-0.402228954956,-0.915539113198,0.));
#9312 = ORIENTED_EDGE('',*,*,#9313,.F.);
#9313 = EDGE_CURVE('',#9314,#9306,#9316,.T.);
#9314 = VERTEX_POINT('',#9315);
#9315 = CARTESIAN_POINT('',(164.987502,-97.437501,1.51));
#9316 = LINE('',#9317,#9318);
#9317 = CARTESIAN_POINT('',(164.987502,-97.437501,1.51));
#9318 = VECTOR('',#9319,1.);
#9319 = DIRECTION('',(-0.222453594382,-0.974943279554,0.));
#9320 = ORIENTED_EDGE('',*,*,#9321,.F.);
#9321 = EDGE_CURVE('',#9322,#9314,#9324,.T.);
#9322 = VERTEX_POINT('',#9323);
#9323 = CARTESIAN_POINT('',(164.987502,-96.031816,1.51));
#9324 = LINE('',#9325,#9326);
#9325 = CARTESIAN_POINT('',(164.987502,-96.031816,1.51));
#9326 = VECTOR('',#9327,1.);
#9327 = DIRECTION('',(0.,-1.,0.));
#9328 = ORIENTED_EDGE('',*,*,#9329,.F.);
#9329 = EDGE_CURVE('',#9330,#9322,#9332,.T.);
#9330 = VERTEX_POINT('',#9331);
#9331 = CARTESIAN_POINT('',(164.960959,-95.866202,1.51));
#9332 = LINE('',#9333,#9334);
#9333 = CARTESIAN_POINT('',(164.960959,-95.866202,1.51));
#9334 = VECTOR('',#9335,1.);
#9335 = DIRECTION('',(0.158250695858,-0.987398965596,0.));
#9336 = ORIENTED_EDGE('',*,*,#9337,.F.);
#9337 = EDGE_CURVE('',#9338,#9330,#9340,.T.);
#9338 = VERTEX_POINT('',#9339);
#9339 = CARTESIAN_POINT('',(164.938017,-95.814938,1.51));
#9340 = LINE('',#9341,#9342);
#9341 = CARTESIAN_POINT('',(164.938017,-95.814938,1.51));
#9342 = VECTOR('',#9343,1.);
#9343 = DIRECTION('',(0.408486305654,-0.912764448307,0.));
#9344 = ORIENTED_EDGE('',*,*,#9345,.F.);
#9345 = EDGE_CURVE('',#9346,#9338,#9348,.T.);
#9346 = VERTEX_POINT('',#9347);
#9347 = CARTESIAN_POINT('',(165.578283,-95.13279,1.51));
#9348 = LINE('',#9349,#9350);
#9349 = CARTESIAN_POINT('',(165.578283,-95.13279,1.51));
#9350 = VECTOR('',#9351,1.);
#9351 = DIRECTION('',(-0.684368955215,-0.729135881121,0.));
#9352 = ORIENTED_EDGE('',*,*,#9353,.F.);
#9353 = EDGE_CURVE('',#9354,#9346,#9356,.T.);
#9354 = VERTEX_POINT('',#9355);
#9355 = CARTESIAN_POINT('',(165.64079,-95.166359,1.51));
#9356 = LINE('',#9357,#9358);
#9357 = CARTESIAN_POINT('',(165.64079,-95.166359,1.51));
#9358 = VECTOR('',#9359,1.);
#9359 = DIRECTION('',(-0.880991927053,0.473131297282,0.));
#9360 = ORIENTED_EDGE('',*,*,#9361,.F.);
#9361 = EDGE_CURVE('',#9362,#9354,#9364,.T.);
#9362 = VERTEX_POINT('',#9363);
#9363 = CARTESIAN_POINT('',(165.893048,-95.234658,1.51));
#9364 = LINE('',#9365,#9366);
#9365 = CARTESIAN_POINT('',(165.893048,-95.234658,1.51));
#9366 = VECTOR('',#9367,1.);
#9367 = DIRECTION('',(-0.965246523933,0.261341056926,0.));
#9368 = ORIENTED_EDGE('',*,*,#9369,.F.);
#9369 = EDGE_CURVE('',#9370,#9362,#9372,.T.);
#9370 = VERTEX_POINT('',#9371);
#9371 = CARTESIAN_POINT('',(167.481954,-95.234659,1.51));
#9372 = LINE('',#9373,#9374);
#9373 = CARTESIAN_POINT('',(167.481954,-95.234659,1.51));
#9374 = VECTOR('',#9375,1.);
#9375 = DIRECTION('',(-1.,6.29363850017E-07,0.));
#9376 = ORIENTED_EDGE('',*,*,#9377,.F.);
#9377 = EDGE_CURVE('',#9378,#9370,#9380,.T.);
#9378 = VERTEX_POINT('',#9379);
#9379 = CARTESIAN_POINT('',(167.676018,-95.198026,1.51));
#9380 = LINE('',#9381,#9382);
#9381 = CARTESIAN_POINT('',(167.676018,-95.198026,1.51));
#9382 = VECTOR('',#9383,1.);
#9383 = DIRECTION('',(-0.982645827776,-0.185491717211,0.));
#9384 = ORIENTED_EDGE('',*,*,#9385,.F.);
#9385 = EDGE_CURVE('',#9186,#9378,#9386,.T.);
#9386 = LINE('',#9387,#9388);
#9387 = CARTESIAN_POINT('',(167.734212,-95.16636,1.51));
#9388 = VECTOR('',#9389,1.);
#9389 = DIRECTION('',(-0.878378517219,-0.477965668733,0.));
#9390 = FACE_BOUND('',#9391,.T.);
#9391 = EDGE_LOOP('',(#9392,#9403,#9412));
#9392 = ORIENTED_EDGE('',*,*,#9393,.T.);
#9393 = EDGE_CURVE('',#9394,#9396,#9398,.T.);
#9394 = VERTEX_POINT('',#9395);
#9395 = CARTESIAN_POINT('',(161.31394688729,-91.27729919768,1.51));
#9396 = VERTEX_POINT('',#9397);
#9397 = CARTESIAN_POINT('',(162.44246941094,-91.91585829334,1.51));
#9398 = CIRCLE('',#9399,0.85);
#9399 = AXIS2_PLACEMENT_3D('',#9400,#9401,#9402);
#9400 = CARTESIAN_POINT('',(161.6075,-92.075,1.51));
#9401 = DIRECTION('',(-0.,0.,-1.));
#9402 = DIRECTION('',(-3.343730521224E-14,-1.,0.));
#9403 = ORIENTED_EDGE('',*,*,#9404,.T.);
#9404 = EDGE_CURVE('',#9396,#9405,#9407,.T.);
#9405 = VERTEX_POINT('',#9406);
#9406 = CARTESIAN_POINT('',(161.6075,-92.925,1.51));
#9407 = CIRCLE('',#9408,0.85);
#9408 = AXIS2_PLACEMENT_3D('',#9409,#9410,#9411);
#9409 = CARTESIAN_POINT('',(161.6075,-92.075,1.51));
#9410 = DIRECTION('',(-0.,0.,-1.));
#9411 = DIRECTION('',(-3.343730521224E-14,-1.,0.));
#9412 = ORIENTED_EDGE('',*,*,#9413,.T.);
#9413 = EDGE_CURVE('',#9405,#9394,#9414,.T.);
#9414 = CIRCLE('',#9415,0.85);
#9415 = AXIS2_PLACEMENT_3D('',#9416,#9417,#9418);
#9416 = CARTESIAN_POINT('',(161.6075,-92.075,1.51));
#9417 = DIRECTION('',(-0.,0.,-1.));
#9418 = DIRECTION('',(-3.343730521224E-14,-1.,0.));
#9419 = FACE_BOUND('',#9420,.T.);
#9420 = EDGE_LOOP('',(#9421,#9432,#9441));
#9421 = ORIENTED_EDGE('',*,*,#9422,.T.);
#9422 = EDGE_CURVE('',#9423,#9425,#9427,.T.);
#9423 = VERTEX_POINT('',#9424);
#9424 = CARTESIAN_POINT('',(166.6875,-94.075,1.51));
#9425 = VERTEX_POINT('',#9426);
#9426 = CARTESIAN_POINT('',(166.10516303107,-93.98834357986,1.51));
#9427 = CIRCLE('',#9428,2.);
#9428 = AXIS2_PLACEMENT_3D('',#9429,#9430,#9431);
#9429 = CARTESIAN_POINT('',(166.6875,-92.075,1.51));
#9430 = DIRECTION('',(-0.,0.,-1.));
#9431 = DIRECTION('',(-0.,-1.,0.));
#9432 = ORIENTED_EDGE('',*,*,#9433,.T.);
#9433 = EDGE_CURVE('',#9425,#9434,#9436,.T.);
#9434 = VERTEX_POINT('',#9435);
#9435 = CARTESIAN_POINT('',(165.34722712227,-93.55947587155,1.51));
#9436 = CIRCLE('',#9437,2.);
#9437 = AXIS2_PLACEMENT_3D('',#9438,#9439,#9440);
#9438 = CARTESIAN_POINT('',(166.6875,-92.075,1.51));
#9439 = DIRECTION('',(-0.,0.,-1.));
#9440 = DIRECTION('',(-0.,-1.,0.));
#9441 = ORIENTED_EDGE('',*,*,#9442,.T.);
#9442 = EDGE_CURVE('',#9434,#9423,#9443,.T.);
#9443 = CIRCLE('',#9444,2.);
#9444 = AXIS2_PLACEMENT_3D('',#9445,#9446,#9447);
#9445 = CARTESIAN_POINT('',(166.6875,-92.075,1.51));
#9446 = DIRECTION('',(-0.,0.,-1.));
#9447 = DIRECTION('',(-0.,-1.,0.));
#9448 = FACE_BOUND('',#9449,.T.);
#9449 = EDGE_LOOP('',(#9450));
#9450 = ORIENTED_EDGE('',*,*,#9451,.T.);
#9451 = EDGE_CURVE('',#9452,#9452,#9454,.T.);
#9452 = VERTEX_POINT('',#9453);
#9453 = CARTESIAN_POINT('',(174.625,-96.285,1.51));
#9454 = CIRCLE('',#9455,0.4);
#9455 = AXIS2_PLACEMENT_3D('',#9456,#9457,#9458);
#9456 = CARTESIAN_POINT('',(174.625,-95.885,1.51));
#9457 = DIRECTION('',(-0.,0.,-1.));
#9458 = DIRECTION('',(-0.,-1.,0.));
#9459 = FACE_BOUND('',#9460,.T.);
#9460 = EDGE_LOOP('',(#9461));
#9461 = ORIENTED_EDGE('',*,*,#9462,.T.);
#9462 = EDGE_CURVE('',#9463,#9463,#9465,.T.);
#9463 = VERTEX_POINT('',#9464);
#9464 = CARTESIAN_POINT('',(171.7675,-92.925,1.51));
#9465 = CIRCLE('',#9466,0.85);
#9466 = AXIS2_PLACEMENT_3D('',#9467,#9468,#9469);
#9467 = CARTESIAN_POINT('',(171.7675,-92.075,1.51));
#9468 = DIRECTION('',(-0.,0.,-1.));
#9469 = DIRECTION('',(3.343730521224E-14,-1.,-0.));
#9470 = FACE_BOUND('',#9471,.T.);
#9471 = EDGE_LOOP('',(#9472));
#9472 = ORIENTED_EDGE('',*,*,#9473,.T.);
#9473 = EDGE_CURVE('',#9474,#9474,#9476,.T.);
#9474 = VERTEX_POINT('',#9475);
#9475 = CARTESIAN_POINT('',(162.8775,-90.285,1.51));
#9476 = CIRCLE('',#9477,0.75);
#9477 = AXIS2_PLACEMENT_3D('',#9478,#9479,#9480);
#9478 = CARTESIAN_POINT('',(162.8775,-89.535,1.51));
#9479 = DIRECTION('',(-0.,0.,-1.));
#9480 = DIRECTION('',(-0.,-1.,0.));
#9481 = FACE_BOUND('',#9482,.T.);
#9482 = EDGE_LOOP('',(#9483));
#9483 = ORIENTED_EDGE('',*,*,#9484,.T.);
#9484 = EDGE_CURVE('',#9485,#9485,#9487,.T.);
#9485 = VERTEX_POINT('',#9486);
#9486 = CARTESIAN_POINT('',(174.625,-88.665,1.51));
#9487 = CIRCLE('',#9488,0.4);
#9488 = AXIS2_PLACEMENT_3D('',#9489,#9490,#9491);
#9489 = CARTESIAN_POINT('',(174.625,-88.265,1.51));
#9490 = DIRECTION('',(-0.,0.,-1.));
#9491 = DIRECTION('',(-0.,-1.,0.));
#9492 = FACE_BOUND('',#9493,.T.);
#9493 = EDGE_LOOP('',(#9494,#9505,#9514));
#9494 = ORIENTED_EDGE('',*,*,#9495,.T.);
#9495 = EDGE_CURVE('',#9496,#9498,#9500,.T.);
#9496 = VERTEX_POINT('',#9497);
#9497 = CARTESIAN_POINT('',(168.49790474629,-86.82124509857,1.51));
#9498 = VERTEX_POINT('',#9499);
#9499 = CARTESIAN_POINT('',(169.79245369975,-87.48828218814,1.51));
#9500 = CIRCLE('',#9501,0.75);
#9501 = AXIS2_PLACEMENT_3D('',#9502,#9503,#9504);
#9502 = CARTESIAN_POINT('',(169.2275,-86.995,1.51));
#9503 = DIRECTION('',(-0.,0.,-1.));
#9504 = DIRECTION('',(-0.,-1.,0.));
#9505 = ORIENTED_EDGE('',*,*,#9506,.T.);
#9506 = EDGE_CURVE('',#9498,#9507,#9509,.T.);
#9507 = VERTEX_POINT('',#9508);
#9508 = CARTESIAN_POINT('',(169.2275,-87.745,1.51));
#9509 = CIRCLE('',#9510,0.75);
#9510 = AXIS2_PLACEMENT_3D('',#9511,#9512,#9513);
#9511 = CARTESIAN_POINT('',(169.2275,-86.995,1.51));
#9512 = DIRECTION('',(-0.,0.,-1.));
#9513 = DIRECTION('',(-0.,-1.,0.));
#9514 = ORIENTED_EDGE('',*,*,#9515,.T.);
#9515 = EDGE_CURVE('',#9507,#9496,#9516,.T.);
#9516 = CIRCLE('',#9517,0.75);
#9517 = AXIS2_PLACEMENT_3D('',#9518,#9519,#9520);
#9518 = CARTESIAN_POINT('',(169.2275,-86.995,1.51));
#9519 = DIRECTION('',(-0.,0.,-1.));
#9520 = DIRECTION('',(-0.,-1.,0.));
#9521 = FACE_BOUND('',#9522,.T.);
#9522 = EDGE_LOOP('',(#9523));
#9523 = ORIENTED_EDGE('',*,*,#9524,.T.);
#9524 = EDGE_CURVE('',#9525,#9525,#9527,.T.);
#9525 = VERTEX_POINT('',#9526);
#9526 = CARTESIAN_POINT('',(180.6575,-92.925,1.51));
#9527 = CIRCLE('',#9528,0.85);
#9528 = AXIS2_PLACEMENT_3D('',#9529,#9530,#9531);
#9529 = CARTESIAN_POINT('',(180.6575,-92.075,1.51));
#9530 = DIRECTION('',(-0.,0.,-1.));
#9531 = DIRECTION('',(-0.,-1.,0.));
#9532 = FACE_BOUND('',#9533,.T.);
#9533 = EDGE_LOOP('',(#9534,#9544,#9552,#9560,#9568,#9576,#9584,#9592,
    #9600,#9608,#9616,#9624,#9632,#9640,#9648,#9656,#9664,#9672,#9680,
    #9688,#9696,#9704,#9712,#9720));
#9534 = ORIENTED_EDGE('',*,*,#9535,.F.);
#9535 = EDGE_CURVE('',#9536,#9538,#9540,.T.);
#9536 = VERTEX_POINT('',#9537);
#9537 = CARTESIAN_POINT('',(184.62832,-95.1327,1.51));
#9538 = VERTEX_POINT('',#9539);
#9539 = CARTESIAN_POINT('',(183.988017,-95.814938,1.51));
#9540 = LINE('',#9541,#9542);
#9541 = CARTESIAN_POINT('',(184.62832,-95.1327,1.51));
#9542 = VECTOR('',#9543,1.);
#9543 = DIRECTION('',(-0.68434197967,-0.729161199504,0.));
#9544 = ORIENTED_EDGE('',*,*,#9545,.F.);
#9545 = EDGE_CURVE('',#9546,#9536,#9548,.T.);
#9546 = VERTEX_POINT('',#9547);
#9547 = CARTESIAN_POINT('',(184.69079,-95.166359,1.51));
#9548 = LINE('',#9549,#9550);
#9549 = CARTESIAN_POINT('',(184.69079,-95.166359,1.51));
#9550 = VECTOR('',#9551,1.);
#9551 = DIRECTION('',(-0.880345725289,0.474332587922,0.));
#9552 = ORIENTED_EDGE('',*,*,#9553,.F.);
#9553 = EDGE_CURVE('',#9554,#9546,#9556,.T.);
#9554 = VERTEX_POINT('',#9555);
#9555 = CARTESIAN_POINT('',(184.943049,-95.234659,1.51));
#9556 = LINE('',#9557,#9558);
#9557 = CARTESIAN_POINT('',(184.943049,-95.234659,1.51));
#9558 = VECTOR('',#9559,1.);
#9559 = DIRECTION('',(-0.965245820026,0.261343656749,0.));
#9560 = ORIENTED_EDGE('',*,*,#9561,.F.);
#9561 = EDGE_CURVE('',#9562,#9554,#9564,.T.);
#9562 = VERTEX_POINT('',#9563);
#9563 = CARTESIAN_POINT('',(186.531954,-95.234659,1.51));
#9564 = LINE('',#9565,#9566);
#9565 = CARTESIAN_POINT('',(186.531954,-95.234659,1.51));
#9566 = VECTOR('',#9567,1.);
#9567 = DIRECTION('',(-1.,0.,0.));
#9568 = ORIENTED_EDGE('',*,*,#9569,.F.);
#9569 = EDGE_CURVE('',#9570,#9562,#9572,.T.);
#9570 = VERTEX_POINT('',#9571);
#9571 = CARTESIAN_POINT('',(186.726011,-95.19801,1.51));
#9572 = LINE('',#9573,#9574);
#9573 = CARTESIAN_POINT('',(186.726011,-95.19801,1.51));
#9574 = VECTOR('',#9575,1.);
#9575 = DIRECTION('',(-0.982629837218,-0.185576407469,0.));
#9576 = ORIENTED_EDGE('',*,*,#9577,.F.);
#9577 = EDGE_CURVE('',#9578,#9570,#9580,.T.);
#9578 = VERTEX_POINT('',#9579);
#9579 = CARTESIAN_POINT('',(186.784212,-95.16636,1.51));
#9580 = LINE('',#9581,#9582);
#9581 = CARTESIAN_POINT('',(186.784212,-95.16636,1.51));
#9582 = VECTOR('',#9583,1.);
#9583 = DIRECTION('',(-0.878504018987,-0.47773495646,0.));
#9584 = ORIENTED_EDGE('',*,*,#9585,.F.);
#9585 = EDGE_CURVE('',#9586,#9578,#9588,.T.);
#9586 = VERTEX_POINT('',#9587);
#9587 = CARTESIAN_POINT('',(187.515524,-95.749984,1.51));
#9588 = LINE('',#9589,#9590);
#9589 = CARTESIAN_POINT('',(187.515524,-95.749984,1.51));
#9590 = VECTOR('',#9591,1.);
#9591 = DIRECTION('',(-0.781611501882,0.623765549005,0.));
#9592 = ORIENTED_EDGE('',*,*,#9593,.F.);
#9593 = EDGE_CURVE('',#9594,#9586,#9596,.T.);
#9594 = VERTEX_POINT('',#9595);
#9595 = CARTESIAN_POINT('',(187.486985,-95.814938,1.51));
#9596 = LINE('',#9597,#9598);
#9597 = CARTESIAN_POINT('',(187.486985,-95.814938,1.51));
#9598 = VECTOR('',#9599,1.);
#9599 = DIRECTION('',(0.402257231305,0.915526689869,0.));
#9600 = ORIENTED_EDGE('',*,*,#9601,.F.);
#9601 = EDGE_CURVE('',#9602,#9594,#9604,.T.);
#9602 = VERTEX_POINT('',#9603);
#9603 = CARTESIAN_POINT('',(187.4375,-96.031816,1.51));
#9604 = LINE('',#9605,#9606);
#9605 = CARTESIAN_POINT('',(187.4375,-96.031816,1.51));
#9606 = VECTOR('',#9607,1.);
#9607 = DIRECTION('',(0.222452619431,0.974943502008,0.));
#9608 = ORIENTED_EDGE('',*,*,#9609,.F.);
#9609 = EDGE_CURVE('',#9610,#9602,#9612,.T.);
#9610 = VERTEX_POINT('',#9611);
#9611 = CARTESIAN_POINT('',(187.4375,-97.4375,1.51));
#9612 = LINE('',#9613,#9614);
#9613 = CARTESIAN_POINT('',(187.4375,-97.4375,1.51));
#9614 = VECTOR('',#9615,1.);
#9615 = DIRECTION('',(0.,1.,0.));
#9616 = ORIENTED_EDGE('',*,*,#9617,.F.);
#9617 = EDGE_CURVE('',#9618,#9610,#9620,.T.);
#9618 = VERTEX_POINT('',#9619);
#9619 = CARTESIAN_POINT('',(187.464048,-97.603111,1.51));
#9620 = LINE('',#9621,#9622);
#9621 = CARTESIAN_POINT('',(187.464048,-97.603111,1.51));
#9622 = VECTOR('',#9623,1.);
#9623 = DIRECTION('',(-0.15828255472,0.987393859041,0.));
#9624 = ORIENTED_EDGE('',*,*,#9625,.F.);
#9625 = EDGE_CURVE('',#9626,#9618,#9628,.T.);
#9626 = VERTEX_POINT('',#9627);
#9627 = CARTESIAN_POINT('',(187.486985,-97.654377,1.51));
#9628 = LINE('',#9629,#9630);
#9629 = CARTESIAN_POINT('',(187.486985,-97.654377,1.51));
#9630 = VECTOR('',#9631,1.);
#9631 = DIRECTION('',(-0.408398855141,0.912803579703,0.));
#9632 = ORIENTED_EDGE('',*,*,#9633,.F.);
#9633 = EDGE_CURVE('',#9634,#9626,#9636,.T.);
#9634 = VERTEX_POINT('',#9635);
#9635 = CARTESIAN_POINT('',(186.846676,-98.336618,1.51));
#9636 = LINE('',#9637,#9638);
#9637 = CARTESIAN_POINT('',(186.846676,-98.336618,1.51));
#9638 = VECTOR('',#9639,1.);
#9639 = DIRECTION('',(0.684343789171,0.729159501222,0.));
#9640 = ORIENTED_EDGE('',*,*,#9641,.F.);
#9641 = EDGE_CURVE('',#9642,#9634,#9644,.T.);
#9642 = VERTEX_POINT('',#9643);
#9643 = CARTESIAN_POINT('',(186.784212,-98.302957,1.51));
#9644 = LINE('',#9645,#9646);
#9645 = CARTESIAN_POINT('',(186.784212,-98.302957,1.51));
#9646 = VECTOR('',#9647,1.);
#9647 = DIRECTION('',(0.880314928453,-0.474389741397,0.));
#9648 = ORIENTED_EDGE('',*,*,#9649,.F.);
#9649 = EDGE_CURVE('',#9650,#9642,#9652,.T.);
#9650 = VERTEX_POINT('',#9651);
#9651 = CARTESIAN_POINT('',(186.531953,-98.234658,1.51));
#9652 = LINE('',#9653,#9654);
#9653 = CARTESIAN_POINT('',(186.531953,-98.234658,1.51));
#9654 = VECTOR('',#9655,1.);
#9655 = DIRECTION('',(0.965246785273,-0.261340091681,0.));
#9656 = ORIENTED_EDGE('',*,*,#9657,.F.);
#9657 = EDGE_CURVE('',#9658,#9650,#9660,.T.);
#9658 = VERTEX_POINT('',#9659);
#9659 = CARTESIAN_POINT('',(184.943049,-98.234658,1.51));
#9660 = LINE('',#9661,#9662);
#9661 = CARTESIAN_POINT('',(184.943049,-98.234658,1.51));
#9662 = VECTOR('',#9663,1.);
#9663 = DIRECTION('',(1.,0.,0.));
#9664 = ORIENTED_EDGE('',*,*,#9665,.F.);
#9665 = EDGE_CURVE('',#9666,#9658,#9668,.T.);
#9666 = VERTEX_POINT('',#9667);
#9667 = CARTESIAN_POINT('',(184.74899,-98.271298,1.51));
#9668 = LINE('',#9669,#9670);
#9669 = CARTESIAN_POINT('',(184.74899,-98.271298,1.51));
#9670 = VECTOR('',#9671,1.);
#9671 = DIRECTION('',(0.982638495187,0.18553055753,0.));
#9672 = ORIENTED_EDGE('',*,*,#9673,.F.);
#9673 = EDGE_CURVE('',#9674,#9666,#9676,.T.);
#9674 = VERTEX_POINT('',#9675);
#9675 = CARTESIAN_POINT('',(184.69079,-98.302955,1.51));
#9676 = LINE('',#9677,#9678);
#9677 = CARTESIAN_POINT('',(184.69079,-98.302955,1.51));
#9678 = VECTOR('',#9679,1.);
#9679 = DIRECTION('',(0.878456226645,0.477822831046,0.));
#9680 = ORIENTED_EDGE('',*,*,#9681,.F.);
#9681 = EDGE_CURVE('',#9682,#9674,#9684,.T.);
#9682 = VERTEX_POINT('',#9683);
#9683 = CARTESIAN_POINT('',(183.959464,-97.719339,1.51));
#9684 = LINE('',#9685,#9686);
#9685 = CARTESIAN_POINT('',(183.959464,-97.719339,1.51));
#9686 = VECTOR('',#9687,1.);
#9687 = DIRECTION('',(0.781621492145,-0.623753030467,0.));
#9688 = ORIENTED_EDGE('',*,*,#9689,.F.);
#9689 = EDGE_CURVE('',#9690,#9682,#9692,.T.);
#9690 = VERTEX_POINT('',#9691);
#9691 = CARTESIAN_POINT('',(183.988017,-97.654378,1.51));
#9692 = LINE('',#9693,#9694);
#9693 = CARTESIAN_POINT('',(183.988017,-97.654378,1.51));
#9694 = VECTOR('',#9695,1.);
#9695 = DIRECTION('',(-0.402386269203,-0.915469983318,0.));
#9696 = ORIENTED_EDGE('',*,*,#9697,.F.);
#9697 = EDGE_CURVE('',#9698,#9690,#9700,.T.);
#9698 = VERTEX_POINT('',#9699);
#9699 = CARTESIAN_POINT('',(184.037502,-97.4375,1.51));
#9700 = LINE('',#9701,#9702);
#9701 = CARTESIAN_POINT('',(184.037502,-97.4375,1.51));
#9702 = VECTOR('',#9703,1.);
#9703 = DIRECTION('',(-0.222452619431,-0.974943502008,0.));
#9704 = ORIENTED_EDGE('',*,*,#9705,.F.);
#9705 = EDGE_CURVE('',#9706,#9698,#9708,.T.);
#9706 = VERTEX_POINT('',#9707);
#9707 = CARTESIAN_POINT('',(184.037502,-96.031816,1.51));
#9708 = LINE('',#9709,#9710);
#9709 = CARTESIAN_POINT('',(184.037502,-96.031816,1.51));
#9710 = VECTOR('',#9711,1.);
#9711 = DIRECTION('',(0.,-1.,0.));
#9712 = ORIENTED_EDGE('',*,*,#9713,.F.);
#9713 = EDGE_CURVE('',#9714,#9706,#9716,.T.);
#9714 = VERTEX_POINT('',#9715);
#9715 = CARTESIAN_POINT('',(184.010953,-95.866205,1.51));
#9716 = LINE('',#9717,#9718);
#9717 = CARTESIAN_POINT('',(184.010953,-95.866205,1.51));
#9718 = VECTOR('',#9719,1.);
#9719 = DIRECTION('',(0.158288367468,-0.98739292722,0.));
#9720 = ORIENTED_EDGE('',*,*,#9721,.F.);
#9721 = EDGE_CURVE('',#9538,#9714,#9722,.T.);
#9722 = LINE('',#9723,#9724);
#9723 = CARTESIAN_POINT('',(183.988017,-95.814938,1.51));
#9724 = VECTOR('',#9725,1.);
#9725 = DIRECTION('',(0.408377382128,-0.912813186674,0.));
#9726 = FACE_BOUND('',#9727,.T.);
#9727 = EDGE_LOOP('',(#9728));
#9728 = ORIENTED_EDGE('',*,*,#9729,.T.);
#9729 = EDGE_CURVE('',#9730,#9730,#9732,.T.);
#9730 = VERTEX_POINT('',#9731);
#9731 = CARTESIAN_POINT('',(185.7375,-94.075,1.51));
#9732 = CIRCLE('',#9733,2.);
#9733 = AXIS2_PLACEMENT_3D('',#9734,#9735,#9736);
#9734 = CARTESIAN_POINT('',(185.7375,-92.075,1.51));
#9735 = DIRECTION('',(-0.,0.,-1.));
#9736 = DIRECTION('',(-0.,-1.,0.));
#9737 = FACE_BOUND('',#9738,.T.);
#9738 = EDGE_LOOP('',(#9739));
#9739 = ORIENTED_EDGE('',*,*,#9740,.T.);
#9740 = EDGE_CURVE('',#9741,#9741,#9743,.T.);
#9741 = VERTEX_POINT('',#9742);
#9742 = CARTESIAN_POINT('',(193.675,-96.285,1.51));
#9743 = CIRCLE('',#9744,0.4);
#9744 = AXIS2_PLACEMENT_3D('',#9745,#9746,#9747);
#9745 = CARTESIAN_POINT('',(193.675,-95.885,1.51));
#9746 = DIRECTION('',(-0.,0.,-1.));
#9747 = DIRECTION('',(-0.,-1.,0.));
#9748 = FACE_BOUND('',#9749,.T.);
#9749 = EDGE_LOOP('',(#9750));
#9750 = ORIENTED_EDGE('',*,*,#9751,.T.);
#9751 = EDGE_CURVE('',#9752,#9752,#9754,.T.);
#9752 = VERTEX_POINT('',#9753);
#9753 = CARTESIAN_POINT('',(190.8175,-92.925,1.51));
#9754 = CIRCLE('',#9755,0.85);
#9755 = AXIS2_PLACEMENT_3D('',#9756,#9757,#9758);
#9756 = CARTESIAN_POINT('',(190.8175,-92.075,1.51));
#9757 = DIRECTION('',(-0.,0.,-1.));
#9758 = DIRECTION('',(-0.,-1.,0.));
#9759 = FACE_BOUND('',#9760,.T.);
#9760 = EDGE_LOOP('',(#9761));
#9761 = ORIENTED_EDGE('',*,*,#9762,.T.);
#9762 = EDGE_CURVE('',#9763,#9763,#9765,.T.);
#9763 = VERTEX_POINT('',#9764);
#9764 = CARTESIAN_POINT('',(181.9275,-90.285,1.51));
#9765 = CIRCLE('',#9766,0.75);
#9766 = AXIS2_PLACEMENT_3D('',#9767,#9768,#9769);
#9767 = CARTESIAN_POINT('',(181.9275,-89.535,1.51));
#9768 = DIRECTION('',(-0.,0.,-1.));
#9769 = DIRECTION('',(-0.,-1.,0.));
#9770 = FACE_BOUND('',#9771,.T.);
#9771 = EDGE_LOOP('',(#9772));
#9772 = ORIENTED_EDGE('',*,*,#9773,.T.);
#9773 = EDGE_CURVE('',#9774,#9774,#9776,.T.);
#9774 = VERTEX_POINT('',#9775);
#9775 = CARTESIAN_POINT('',(193.675,-88.665,1.51));
#9776 = CIRCLE('',#9777,0.4);
#9777 = AXIS2_PLACEMENT_3D('',#9778,#9779,#9780);
#9778 = CARTESIAN_POINT('',(193.675,-88.265,1.51));
#9779 = DIRECTION('',(-0.,0.,-1.));
#9780 = DIRECTION('',(-0.,-1.,0.));
#9781 = FACE_BOUND('',#9782,.T.);
#9782 = EDGE_LOOP('',(#9783));
#9783 = ORIENTED_EDGE('',*,*,#9784,.T.);
#9784 = EDGE_CURVE('',#9785,#9785,#9787,.T.);
#9785 = VERTEX_POINT('',#9786);
#9786 = CARTESIAN_POINT('',(188.2775,-87.745,1.51));
#9787 = CIRCLE('',#9788,0.75);
#9788 = AXIS2_PLACEMENT_3D('',#9789,#9790,#9791);
#9789 = CARTESIAN_POINT('',(188.2775,-86.995,1.51));
#9790 = DIRECTION('',(-0.,0.,-1.));
#9791 = DIRECTION('',(-0.,-1.,0.));
#9792 = FACE_BOUND('',#9793,.T.);
#9793 = EDGE_LOOP('',(#9794,#9804,#9812,#9820,#9828,#9836,#9844,#9852,
    #9860,#9868,#9876,#9884,#9892,#9900,#9908,#9916,#9924,#9932,#9940,
    #9948,#9956,#9964,#9972,#9980));
#9794 = ORIENTED_EDGE('',*,*,#9795,.F.);
#9795 = EDGE_CURVE('',#9796,#9798,#9800,.T.);
#9796 = VERTEX_POINT('',#9797);
#9797 = CARTESIAN_POINT('',(165.57832,-76.0827,1.51));
#9798 = VERTEX_POINT('',#9799);
#9799 = CARTESIAN_POINT('',(164.938017,-76.764938,1.51));
#9800 = LINE('',#9801,#9802);
#9801 = CARTESIAN_POINT('',(165.57832,-76.0827,1.51));
#9802 = VECTOR('',#9803,1.);
#9803 = DIRECTION('',(-0.68434197967,-0.729161199504,0.));
#9804 = ORIENTED_EDGE('',*,*,#9805,.F.);
#9805 = EDGE_CURVE('',#9806,#9796,#9808,.T.);
#9806 = VERTEX_POINT('',#9807);
#9807 = CARTESIAN_POINT('',(165.64079,-76.116359,1.51));
#9808 = LINE('',#9809,#9810);
#9809 = CARTESIAN_POINT('',(165.64079,-76.116359,1.51));
#9810 = VECTOR('',#9811,1.);
#9811 = DIRECTION('',(-0.880345725289,0.474332587922,0.));
#9812 = ORIENTED_EDGE('',*,*,#9813,.F.);
#9813 = EDGE_CURVE('',#9814,#9806,#9816,.T.);
#9814 = VERTEX_POINT('',#9815);
#9815 = CARTESIAN_POINT('',(165.893049,-76.184659,1.51));
#9816 = LINE('',#9817,#9818);
#9817 = CARTESIAN_POINT('',(165.893049,-76.184659,1.51));
#9818 = VECTOR('',#9819,1.);
#9819 = DIRECTION('',(-0.965245820026,0.261343656749,0.));
#9820 = ORIENTED_EDGE('',*,*,#9821,.F.);
#9821 = EDGE_CURVE('',#9822,#9814,#9824,.T.);
#9822 = VERTEX_POINT('',#9823);
#9823 = CARTESIAN_POINT('',(167.481954,-76.184659,1.51));
#9824 = LINE('',#9825,#9826);
#9825 = CARTESIAN_POINT('',(167.481954,-76.184659,1.51));
#9826 = VECTOR('',#9827,1.);
#9827 = DIRECTION('',(-1.,0.,0.));
#9828 = ORIENTED_EDGE('',*,*,#9829,.F.);
#9829 = EDGE_CURVE('',#9830,#9822,#9832,.T.);
#9830 = VERTEX_POINT('',#9831);
#9831 = CARTESIAN_POINT('',(167.676011,-76.14801,1.51));
#9832 = LINE('',#9833,#9834);
#9833 = CARTESIAN_POINT('',(167.676011,-76.14801,1.51));
#9834 = VECTOR('',#9835,1.);
#9835 = DIRECTION('',(-0.982629837218,-0.185576407469,0.));
#9836 = ORIENTED_EDGE('',*,*,#9837,.F.);
#9837 = EDGE_CURVE('',#9838,#9830,#9840,.T.);
#9838 = VERTEX_POINT('',#9839);
#9839 = CARTESIAN_POINT('',(167.734212,-76.11636,1.51));
#9840 = LINE('',#9841,#9842);
#9841 = CARTESIAN_POINT('',(167.734212,-76.11636,1.51));
#9842 = VECTOR('',#9843,1.);
#9843 = DIRECTION('',(-0.878504018987,-0.47773495646,0.));
#9844 = ORIENTED_EDGE('',*,*,#9845,.F.);
#9845 = EDGE_CURVE('',#9846,#9838,#9848,.T.);
#9846 = VERTEX_POINT('',#9847);
#9847 = CARTESIAN_POINT('',(168.465524,-76.699984,1.51));
#9848 = LINE('',#9849,#9850);
#9849 = CARTESIAN_POINT('',(168.465524,-76.699984,1.51));
#9850 = VECTOR('',#9851,1.);
#9851 = DIRECTION('',(-0.781611501882,0.623765549005,0.));
#9852 = ORIENTED_EDGE('',*,*,#9853,.F.);
#9853 = EDGE_CURVE('',#9854,#9846,#9856,.T.);
#9854 = VERTEX_POINT('',#9855);
#9855 = CARTESIAN_POINT('',(168.436985,-76.764938,1.51));
#9856 = LINE('',#9857,#9858);
#9857 = CARTESIAN_POINT('',(168.436985,-76.764938,1.51));
#9858 = VECTOR('',#9859,1.);
#9859 = DIRECTION('',(0.402257231305,0.915526689869,0.));
#9860 = ORIENTED_EDGE('',*,*,#9861,.F.);
#9861 = EDGE_CURVE('',#9862,#9854,#9864,.T.);
#9862 = VERTEX_POINT('',#9863);
#9863 = CARTESIAN_POINT('',(168.3875,-76.981816,1.51));
#9864 = LINE('',#9865,#9866);
#9865 = CARTESIAN_POINT('',(168.3875,-76.981816,1.51));
#9866 = VECTOR('',#9867,1.);
#9867 = DIRECTION('',(0.222452619431,0.974943502008,0.));
#9868 = ORIENTED_EDGE('',*,*,#9869,.F.);
#9869 = EDGE_CURVE('',#9870,#9862,#9872,.T.);
#9870 = VERTEX_POINT('',#9871);
#9871 = CARTESIAN_POINT('',(168.3875,-78.3875,1.51));
#9872 = LINE('',#9873,#9874);
#9873 = CARTESIAN_POINT('',(168.3875,-78.3875,1.51));
#9874 = VECTOR('',#9875,1.);
#9875 = DIRECTION('',(0.,1.,0.));
#9876 = ORIENTED_EDGE('',*,*,#9877,.F.);
#9877 = EDGE_CURVE('',#9878,#9870,#9880,.T.);
#9878 = VERTEX_POINT('',#9879);
#9879 = CARTESIAN_POINT('',(168.414048,-78.553111,1.51));
#9880 = LINE('',#9881,#9882);
#9881 = CARTESIAN_POINT('',(168.414048,-78.553111,1.51));
#9882 = VECTOR('',#9883,1.);
#9883 = DIRECTION('',(-0.158282554721,0.987393859041,0.));
#9884 = ORIENTED_EDGE('',*,*,#9885,.F.);
#9885 = EDGE_CURVE('',#9886,#9878,#9888,.T.);
#9886 = VERTEX_POINT('',#9887);
#9887 = CARTESIAN_POINT('',(168.436985,-78.604377,1.51));
#9888 = LINE('',#9889,#9890);
#9889 = CARTESIAN_POINT('',(168.436985,-78.604377,1.51));
#9890 = VECTOR('',#9891,1.);
#9891 = DIRECTION('',(-0.408398855141,0.912803579704,0.));
#9892 = ORIENTED_EDGE('',*,*,#9893,.F.);
#9893 = EDGE_CURVE('',#9894,#9886,#9896,.T.);
#9894 = VERTEX_POINT('',#9895);
#9895 = CARTESIAN_POINT('',(167.796676,-79.286618,1.51));
#9896 = LINE('',#9897,#9898);
#9897 = CARTESIAN_POINT('',(167.796676,-79.286618,1.51));
#9898 = VECTOR('',#9899,1.);
#9899 = DIRECTION('',(0.684343789171,0.729159501222,0.));
#9900 = ORIENTED_EDGE('',*,*,#9901,.F.);
#9901 = EDGE_CURVE('',#9902,#9894,#9904,.T.);
#9902 = VERTEX_POINT('',#9903);
#9903 = CARTESIAN_POINT('',(167.734212,-79.252957,1.51));
#9904 = LINE('',#9905,#9906);
#9905 = CARTESIAN_POINT('',(167.734212,-79.252957,1.51));
#9906 = VECTOR('',#9907,1.);
#9907 = DIRECTION('',(0.880314928453,-0.474389741398,0.));
#9908 = ORIENTED_EDGE('',*,*,#9909,.F.);
#9909 = EDGE_CURVE('',#9910,#9902,#9912,.T.);
#9910 = VERTEX_POINT('',#9911);
#9911 = CARTESIAN_POINT('',(167.481953,-79.184658,1.51));
#9912 = LINE('',#9913,#9914);
#9913 = CARTESIAN_POINT('',(167.481953,-79.184658,1.51));
#9914 = VECTOR('',#9915,1.);
#9915 = DIRECTION('',(0.965246785273,-0.261340091681,0.));
#9916 = ORIENTED_EDGE('',*,*,#9917,.F.);
#9917 = EDGE_CURVE('',#9918,#9910,#9920,.T.);
#9918 = VERTEX_POINT('',#9919);
#9919 = CARTESIAN_POINT('',(165.893049,-79.184658,1.51));
#9920 = LINE('',#9921,#9922);
#9921 = CARTESIAN_POINT('',(165.893049,-79.184658,1.51));
#9922 = VECTOR('',#9923,1.);
#9923 = DIRECTION('',(1.,0.,0.));
#9924 = ORIENTED_EDGE('',*,*,#9925,.F.);
#9925 = EDGE_CURVE('',#9926,#9918,#9928,.T.);
#9926 = VERTEX_POINT('',#9927);
#9927 = CARTESIAN_POINT('',(165.69899,-79.221298,1.51));
#9928 = LINE('',#9929,#9930);
#9929 = CARTESIAN_POINT('',(165.69899,-79.221298,1.51));
#9930 = VECTOR('',#9931,1.);
#9931 = DIRECTION('',(0.982638495187,0.18553055753,0.));
#9932 = ORIENTED_EDGE('',*,*,#9933,.F.);
#9933 = EDGE_CURVE('',#9934,#9926,#9936,.T.);
#9934 = VERTEX_POINT('',#9935);
#9935 = CARTESIAN_POINT('',(165.64079,-79.252955,1.51));
#9936 = LINE('',#9937,#9938);
#9937 = CARTESIAN_POINT('',(165.64079,-79.252955,1.51));
#9938 = VECTOR('',#9939,1.);
#9939 = DIRECTION('',(0.878456226645,0.477822831046,0.));
#9940 = ORIENTED_EDGE('',*,*,#9941,.F.);
#9941 = EDGE_CURVE('',#9942,#9934,#9944,.T.);
#9942 = VERTEX_POINT('',#9943);
#9943 = CARTESIAN_POINT('',(164.909464,-78.669339,1.51));
#9944 = LINE('',#9945,#9946);
#9945 = CARTESIAN_POINT('',(164.909464,-78.669339,1.51));
#9946 = VECTOR('',#9947,1.);
#9947 = DIRECTION('',(0.781621492145,-0.623753030467,0.));
#9948 = ORIENTED_EDGE('',*,*,#9949,.F.);
#9949 = EDGE_CURVE('',#9950,#9942,#9952,.T.);
#9950 = VERTEX_POINT('',#9951);
#9951 = CARTESIAN_POINT('',(164.938017,-78.604378,1.51));
#9952 = LINE('',#9953,#9954);
#9953 = CARTESIAN_POINT('',(164.938017,-78.604378,1.51));
#9954 = VECTOR('',#9955,1.);
#9955 = DIRECTION('',(-0.402386269203,-0.915469983318,0.));
#9956 = ORIENTED_EDGE('',*,*,#9957,.F.);
#9957 = EDGE_CURVE('',#9958,#9950,#9960,.T.);
#9958 = VERTEX_POINT('',#9959);
#9959 = CARTESIAN_POINT('',(164.987502,-78.3875,1.51));
#9960 = LINE('',#9961,#9962);
#9961 = CARTESIAN_POINT('',(164.987502,-78.3875,1.51));
#9962 = VECTOR('',#9963,1.);
#9963 = DIRECTION('',(-0.222452619431,-0.974943502008,0.));
#9964 = ORIENTED_EDGE('',*,*,#9965,.F.);
#9965 = EDGE_CURVE('',#9966,#9958,#9968,.T.);
#9966 = VERTEX_POINT('',#9967);
#9967 = CARTESIAN_POINT('',(164.987502,-76.981816,1.51));
#9968 = LINE('',#9969,#9970);
#9969 = CARTESIAN_POINT('',(164.987502,-76.981816,1.51));
#9970 = VECTOR('',#9971,1.);
#9971 = DIRECTION('',(0.,-1.,0.));
#9972 = ORIENTED_EDGE('',*,*,#9973,.F.);
#9973 = EDGE_CURVE('',#9974,#9966,#9976,.T.);
#9974 = VERTEX_POINT('',#9975);
#9975 = CARTESIAN_POINT('',(164.960953,-76.816205,1.51));
#9976 = LINE('',#9977,#9978);
#9977 = CARTESIAN_POINT('',(164.960953,-76.816205,1.51));
#9978 = VECTOR('',#9979,1.);
#9979 = DIRECTION('',(0.158288367468,-0.98739292722,0.));
#9980 = ORIENTED_EDGE('',*,*,#9981,.F.);
#9981 = EDGE_CURVE('',#9798,#9974,#9982,.T.);
#9982 = LINE('',#9983,#9984);
#9983 = CARTESIAN_POINT('',(164.938017,-76.764938,1.51));
#9984 = VECTOR('',#9985,1.);
#9985 = DIRECTION('',(0.408377382128,-0.912813186674,0.));
#9986 = FACE_BOUND('',#9987,.T.);
#9987 = EDGE_LOOP('',(#9988));
#9988 = ORIENTED_EDGE('',*,*,#9989,.T.);
#9989 = EDGE_CURVE('',#9990,#9990,#9992,.T.);
#9990 = VERTEX_POINT('',#9991);
#9991 = CARTESIAN_POINT('',(174.625,-77.235,1.51));
#9992 = CIRCLE('',#9993,0.4);
#9993 = AXIS2_PLACEMENT_3D('',#9994,#9995,#9996);
#9994 = CARTESIAN_POINT('',(174.625,-76.835,1.51));
#9995 = DIRECTION('',(-0.,0.,-1.));
#9996 = DIRECTION('',(-0.,-1.,0.));
#9997 = FACE_BOUND('',#9998,.T.);
#9998 = EDGE_LOOP('',(#9999));
#9999 = ORIENTED_EDGE('',*,*,#10000,.T.);
#10000 = EDGE_CURVE('',#10001,#10001,#10003,.T.);
#10001 = VERTEX_POINT('',#10002);
#10002 = CARTESIAN_POINT('',(161.6075,-73.875,1.51));
#10003 = CIRCLE('',#10004,0.85);
#10004 = AXIS2_PLACEMENT_3D('',#10005,#10006,#10007);
#10005 = CARTESIAN_POINT('',(161.6075,-73.025,1.51));
#10006 = DIRECTION('',(-0.,0.,-1.));
#10007 = DIRECTION('',(-3.343730521224E-14,-1.,0.));
#10008 = FACE_BOUND('',#10009,.T.);
#10009 = EDGE_LOOP('',(#10010));
#10010 = ORIENTED_EDGE('',*,*,#10011,.T.);
#10011 = EDGE_CURVE('',#10012,#10012,#10014,.T.);
#10012 = VERTEX_POINT('',#10013);
#10013 = CARTESIAN_POINT('',(166.6875,-75.025,1.51));
#10014 = CIRCLE('',#10015,2.);
#10015 = AXIS2_PLACEMENT_3D('',#10016,#10017,#10018);
#10016 = CARTESIAN_POINT('',(166.6875,-73.025,1.51));
#10017 = DIRECTION('',(-0.,0.,-1.));
#10018 = DIRECTION('',(-0.,-1.,0.));
#10019 = FACE_BOUND('',#10020,.T.);
#10020 = EDGE_LOOP('',(#10021));
#10021 = ORIENTED_EDGE('',*,*,#10022,.T.);
#10022 = EDGE_CURVE('',#10023,#10023,#10025,.T.);
#10023 = VERTEX_POINT('',#10024);
#10024 = CARTESIAN_POINT('',(162.8775,-71.235,1.51));
#10025 = CIRCLE('',#10026,0.75);
#10026 = AXIS2_PLACEMENT_3D('',#10027,#10028,#10029);
#10027 = CARTESIAN_POINT('',(162.8775,-70.485,1.51));
#10028 = DIRECTION('',(-0.,0.,-1.));
#10029 = DIRECTION('',(-0.,-1.,0.));
#10030 = FACE_BOUND('',#10031,.T.);
#10031 = EDGE_LOOP('',(#10032,#10042,#10050,#10058,#10066,#10074,#10082,
    #10090,#10098,#10106,#10114,#10122,#10130,#10138,#10146,#10154,
    #10162,#10170,#10178,#10186,#10194,#10202,#10210,#10218,#10226,
    #10234));
#10032 = ORIENTED_EDGE('',*,*,#10033,.F.);
#10033 = EDGE_CURVE('',#10034,#10036,#10038,.T.);
#10034 = VERTEX_POINT('',#10035);
#10035 = CARTESIAN_POINT('',(164.900995,-64.941012,1.51));
#10036 = VERTEX_POINT('',#10037);
#10037 = CARTESIAN_POINT('',(164.559212,-65.00386,1.51));
#10038 = LINE('',#10039,#10040);
#10039 = CARTESIAN_POINT('',(164.900995,-64.941012,1.51));
#10040 = VECTOR('',#10041,1.);
#10041 = DIRECTION('',(-0.983510573351,-0.1808506348,0.));
#10042 = ORIENTED_EDGE('',*,*,#10043,.F.);
#10043 = EDGE_CURVE('',#10044,#10034,#10046,.T.);
#10044 = VERTEX_POINT('',#10045);
#10045 = CARTESIAN_POINT('',(165.035604,-64.985707,1.51));
#10046 = LINE('',#10047,#10048);
#10047 = CARTESIAN_POINT('',(165.035604,-64.985707,1.51));
#10048 = VECTOR('',#10049,1.);
#10049 = DIRECTION('',(-0.949052093459,0.315119221725,0.));
#10050 = ORIENTED_EDGE('',*,*,#10051,.F.);
#10051 = EDGE_CURVE('',#10052,#10044,#10054,.T.);
#10052 = VERTEX_POINT('',#10053);
#10053 = CARTESIAN_POINT('',(165.290613,-65.587512,1.51));
#10054 = LINE('',#10055,#10056);
#10055 = CARTESIAN_POINT('',(165.290613,-65.587512,1.51));
#10056 = VECTOR('',#10057,1.);
#10057 = DIRECTION('',(-0.390157959902,0.92074793854,0.));
#10058 = ORIENTED_EDGE('',*,*,#10059,.F.);
#10059 = EDGE_CURVE('',#10060,#10052,#10062,.T.);
#10060 = VERTEX_POINT('',#10061);
#10061 = CARTESIAN_POINT('',(165.261985,-65.652438,1.51));
#10062 = LINE('',#10063,#10064);
#10063 = CARTESIAN_POINT('',(165.261985,-65.652438,1.51));
#10064 = VECTOR('',#10065,1.);
#10065 = DIRECTION('',(0.40345353011,0.915000136088,0.));
#10066 = ORIENTED_EDGE('',*,*,#10067,.F.);
#10067 = EDGE_CURVE('',#10068,#10060,#10070,.T.);
#10068 = VERTEX_POINT('',#10069);
#10069 = CARTESIAN_POINT('',(165.2125,-65.869315,1.51));
#10070 = LINE('',#10071,#10072);
#10071 = CARTESIAN_POINT('',(165.2125,-65.869315,1.51));
#10072 = VECTOR('',#10073,1.);
#10073 = DIRECTION('',(0.222453594382,0.974943279554,0.));
#10074 = ORIENTED_EDGE('',*,*,#10075,.F.);
#10075 = EDGE_CURVE('',#10076,#10068,#10078,.T.);
#10076 = VERTEX_POINT('',#10077);
#10077 = CARTESIAN_POINT('',(165.2125,-67.275,1.51));
#10078 = LINE('',#10079,#10080);
#10079 = CARTESIAN_POINT('',(165.2125,-67.275,1.51));
#10080 = VECTOR('',#10081,1.);
#10081 = DIRECTION('',(0.,1.,0.));
#10082 = ORIENTED_EDGE('',*,*,#10083,.F.);
#10083 = EDGE_CURVE('',#10084,#10076,#10086,.T.);
#10084 = VERTEX_POINT('',#10085);
#10085 = CARTESIAN_POINT('',(165.239048,-67.440612,1.51));
#10086 = LINE('',#10087,#10088);
#10087 = CARTESIAN_POINT('',(165.239048,-67.440612,1.51));
#10088 = VECTOR('',#10089,1.);
#10089 = DIRECTION('',(-0.158281622922,0.987394008411,0.));
#10090 = ORIENTED_EDGE('',*,*,#10091,.F.);
#10091 = EDGE_CURVE('',#10092,#10084,#10094,.T.);
#10092 = VERTEX_POINT('',#10093);
#10093 = CARTESIAN_POINT('',(165.261985,-67.491878,1.51));
#10094 = LINE('',#10095,#10096);
#10095 = CARTESIAN_POINT('',(165.261985,-67.491878,1.51));
#10096 = VECTOR('',#10097,1.);
#10097 = DIRECTION('',(-0.408398855141,0.912803579703,0.));
#10098 = ORIENTED_EDGE('',*,*,#10099,.F.);
#10099 = EDGE_CURVE('',#10100,#10092,#10102,.T.);
#10100 = VERTEX_POINT('',#10101);
#10101 = CARTESIAN_POINT('',(164.621671,-68.174132,1.51));
#10102 = LINE('',#10103,#10104);
#10103 = CARTESIAN_POINT('',(164.621671,-68.174132,1.51));
#10104 = VECTOR('',#10105,1.);
#10105 = DIRECTION('',(0.684339697344,0.729163341535,0.));
#10106 = ORIENTED_EDGE('',*,*,#10107,.F.);
#10107 = EDGE_CURVE('',#10108,#10100,#10110,.T.);
#10108 = VERTEX_POINT('',#10109);
#10109 = CARTESIAN_POINT('',(164.559212,-68.140457,1.51));
#10110 = LINE('',#10111,#10112);
#10111 = CARTESIAN_POINT('',(164.559212,-68.140457,1.51));
#10112 = VECTOR('',#10113,1.);
#10113 = DIRECTION('',(0.880216657988,-0.474572054592,0.));
#10114 = ORIENTED_EDGE('',*,*,#10115,.F.);
#10115 = EDGE_CURVE('',#10116,#10108,#10118,.T.);
#10116 = VERTEX_POINT('',#10117);
#10117 = CARTESIAN_POINT('',(164.306953,-68.072158,1.51));
#10118 = LINE('',#10119,#10120);
#10119 = CARTESIAN_POINT('',(164.306953,-68.072158,1.51));
#10120 = VECTOR('',#10121,1.);
#10121 = DIRECTION('',(0.965246785273,-0.261340091681,0.));
#10122 = ORIENTED_EDGE('',*,*,#10123,.F.);
#10123 = EDGE_CURVE('',#10124,#10116,#10126,.T.);
#10124 = VERTEX_POINT('',#10125);
#10125 = CARTESIAN_POINT('',(162.718049,-68.072158,1.51));
#10126 = LINE('',#10127,#10128);
#10127 = CARTESIAN_POINT('',(162.718049,-68.072158,1.51));
#10128 = VECTOR('',#10129,1.);
#10129 = DIRECTION('',(1.,0.,0.));
#10130 = ORIENTED_EDGE('',*,*,#10131,.F.);
#10131 = EDGE_CURVE('',#10132,#10124,#10134,.T.);
#10132 = VERTEX_POINT('',#10133);
#10133 = CARTESIAN_POINT('',(162.523998,-68.108818,1.51));
#10134 = LINE('',#10135,#10136);
#10135 = CARTESIAN_POINT('',(162.523998,-68.108818,1.51));
#10136 = VECTOR('',#10137,1.);
#10137 = DIRECTION('',(0.982618631892,0.185635730015,0.));
#10138 = ORIENTED_EDGE('',*,*,#10139,.F.);
#10139 = EDGE_CURVE('',#10140,#10132,#10142,.T.);
#10140 = VERTEX_POINT('',#10141);
#10141 = CARTESIAN_POINT('',(162.465791,-68.140457,1.51));
#10142 = LINE('',#10143,#10144);
#10143 = CARTESIAN_POINT('',(162.465791,-68.140457,1.51));
#10144 = VECTOR('',#10145,1.);
#10145 = DIRECTION('',(0.878594357754,0.477568795591,0.));
#10146 = ORIENTED_EDGE('',*,*,#10147,.F.);
#10147 = EDGE_CURVE('',#10148,#10140,#10150,.T.);
#10148 = VERTEX_POINT('',#10149);
#10149 = CARTESIAN_POINT('',(161.734476,-67.556842,1.51));
#10150 = LINE('',#10151,#10152);
#10151 = CARTESIAN_POINT('',(161.734476,-67.556842,1.51));
#10152 = VECTOR('',#10153,1.);
#10153 = DIRECTION('',(0.781617439079,-0.623758109308,0.));
#10154 = ORIENTED_EDGE('',*,*,#10155,.F.);
#10155 = EDGE_CURVE('',#10156,#10148,#10158,.T.);
#10156 = VERTEX_POINT('',#10157);
#10157 = CARTESIAN_POINT('',(161.763017,-67.491878,1.51));
#10158 = LINE('',#10159,#10160);
#10159 = CARTESIAN_POINT('',(161.763017,-67.491878,1.51));
#10160 = VECTOR('',#10161,1.);
#10161 = DIRECTION('',(-0.402228954956,-0.915539113198,0.));
#10162 = ORIENTED_EDGE('',*,*,#10163,.F.);
#10163 = EDGE_CURVE('',#10164,#10156,#10166,.T.);
#10164 = VERTEX_POINT('',#10165);
#10165 = CARTESIAN_POINT('',(161.812502,-67.275001,1.51));
#10166 = LINE('',#10167,#10168);
#10167 = CARTESIAN_POINT('',(161.812502,-67.275001,1.51));
#10168 = VECTOR('',#10169,1.);
#10169 = DIRECTION('',(-0.222453594382,-0.974943279554,0.));
#10170 = ORIENTED_EDGE('',*,*,#10171,.F.);
#10171 = EDGE_CURVE('',#10172,#10164,#10174,.T.);
#10172 = VERTEX_POINT('',#10173);
#10173 = CARTESIAN_POINT('',(161.812502,-65.869316,1.51));
#10174 = LINE('',#10175,#10176);
#10175 = CARTESIAN_POINT('',(161.812502,-65.869316,1.51));
#10176 = VECTOR('',#10177,1.);
#10177 = DIRECTION('',(0.,-1.,0.));
#10178 = ORIENTED_EDGE('',*,*,#10179,.F.);
#10179 = EDGE_CURVE('',#10180,#10172,#10182,.T.);
#10180 = VERTEX_POINT('',#10181);
#10181 = CARTESIAN_POINT('',(161.785959,-65.703702,1.51));
#10182 = LINE('',#10183,#10184);
#10183 = CARTESIAN_POINT('',(161.785959,-65.703702,1.51));
#10184 = VECTOR('',#10185,1.);
#10185 = DIRECTION('',(0.158250695858,-0.987398965596,0.));
#10186 = ORIENTED_EDGE('',*,*,#10187,.F.);
#10187 = EDGE_CURVE('',#10188,#10180,#10190,.T.);
#10188 = VERTEX_POINT('',#10189);
#10189 = CARTESIAN_POINT('',(161.763017,-65.652438,1.51));
#10190 = LINE('',#10191,#10192);
#10191 = CARTESIAN_POINT('',(161.763017,-65.652438,1.51));
#10192 = VECTOR('',#10193,1.);
#10193 = DIRECTION('',(0.408486305654,-0.912764448307,0.));
#10194 = ORIENTED_EDGE('',*,*,#10195,.F.);
#10195 = EDGE_CURVE('',#10196,#10188,#10198,.T.);
#10196 = VERTEX_POINT('',#10197);
#10197 = CARTESIAN_POINT('',(162.403283,-64.97029,1.51));
#10198 = LINE('',#10199,#10200);
#10199 = CARTESIAN_POINT('',(162.403283,-64.97029,1.51));
#10200 = VECTOR('',#10201,1.);
#10201 = DIRECTION('',(-0.684368955215,-0.729135881121,0.));
#10202 = ORIENTED_EDGE('',*,*,#10203,.F.);
#10203 = EDGE_CURVE('',#10204,#10196,#10206,.T.);
#10204 = VERTEX_POINT('',#10205);
#10205 = CARTESIAN_POINT('',(162.46579,-65.003859,1.51));
#10206 = LINE('',#10207,#10208);
#10207 = CARTESIAN_POINT('',(162.46579,-65.003859,1.51));
#10208 = VECTOR('',#10209,1.);
#10209 = DIRECTION('',(-0.880991927053,0.473131297282,0.));
#10210 = ORIENTED_EDGE('',*,*,#10211,.F.);
#10211 = EDGE_CURVE('',#10212,#10204,#10214,.T.);
#10212 = VERTEX_POINT('',#10213);
#10213 = CARTESIAN_POINT('',(162.718048,-65.072158,1.51));
#10214 = LINE('',#10215,#10216);
#10215 = CARTESIAN_POINT('',(162.718048,-65.072158,1.51));
#10216 = VECTOR('',#10217,1.);
#10217 = DIRECTION('',(-0.965246523933,0.261341056926,0.));
#10218 = ORIENTED_EDGE('',*,*,#10219,.F.);
#10219 = EDGE_CURVE('',#10220,#10212,#10222,.T.);
#10220 = VERTEX_POINT('',#10221);
#10221 = CARTESIAN_POINT('',(164.306954,-65.072159,1.51));
#10222 = LINE('',#10223,#10224);
#10223 = CARTESIAN_POINT('',(164.306954,-65.072159,1.51));
#10224 = VECTOR('',#10225,1.);
#10225 = DIRECTION('',(-1.,6.29363850017E-07,0.));
#10226 = ORIENTED_EDGE('',*,*,#10227,.F.);
#10227 = EDGE_CURVE('',#10228,#10220,#10230,.T.);
#10228 = VERTEX_POINT('',#10229);
#10229 = CARTESIAN_POINT('',(164.501018,-65.035526,1.51));
#10230 = LINE('',#10231,#10232);
#10231 = CARTESIAN_POINT('',(164.501018,-65.035526,1.51));
#10232 = VECTOR('',#10233,1.);
#10233 = DIRECTION('',(-0.982645827776,-0.185491717211,0.));
#10234 = ORIENTED_EDGE('',*,*,#10235,.F.);
#10235 = EDGE_CURVE('',#10036,#10228,#10236,.T.);
#10236 = LINE('',#10237,#10238);
#10237 = CARTESIAN_POINT('',(164.559212,-65.00386,1.51));
#10238 = VECTOR('',#10239,1.);
#10239 = DIRECTION('',(-0.878378517219,-0.477965668733,0.));
#10240 = FACE_BOUND('',#10241,.T.);
#10241 = EDGE_LOOP('',(#10242));
#10242 = ORIENTED_EDGE('',*,*,#10243,.T.);
#10243 = EDGE_CURVE('',#10244,#10244,#10246,.T.);
#10244 = VERTEX_POINT('',#10245);
#10245 = CARTESIAN_POINT('',(171.7675,-73.875,1.51));
#10246 = CIRCLE('',#10247,0.85);
#10247 = AXIS2_PLACEMENT_3D('',#10248,#10249,#10250);
#10248 = CARTESIAN_POINT('',(171.7675,-73.025,1.51));
#10249 = DIRECTION('',(-0.,0.,-1.));
#10250 = DIRECTION('',(3.343730521224E-14,-1.,-0.));
#10251 = FACE_BOUND('',#10252,.T.);
#10252 = EDGE_LOOP('',(#10253));
#10253 = ORIENTED_EDGE('',*,*,#10254,.T.);
#10254 = EDGE_CURVE('',#10255,#10255,#10257,.T.);
#10255 = VERTEX_POINT('',#10256);
#10256 = CARTESIAN_POINT('',(169.2275,-68.695,1.51));
#10257 = CIRCLE('',#10258,0.75);
#10258 = AXIS2_PLACEMENT_3D('',#10259,#10260,#10261);
#10259 = CARTESIAN_POINT('',(169.2275,-67.945,1.51));
#10260 = DIRECTION('',(-0.,0.,-1.));
#10261 = DIRECTION('',(-0.,-1.,0.));
#10262 = FACE_BOUND('',#10263,.T.);
#10263 = EDGE_LOOP('',(#10264));
#10264 = ORIENTED_EDGE('',*,*,#10265,.T.);
#10265 = EDGE_CURVE('',#10266,#10266,#10268,.T.);
#10266 = VERTEX_POINT('',#10267);
#10267 = CARTESIAN_POINT('',(174.625,-69.615,1.51));
#10268 = CIRCLE('',#10269,0.4);
#10269 = AXIS2_PLACEMENT_3D('',#10270,#10271,#10272);
#10270 = CARTESIAN_POINT('',(174.625,-69.215,1.51));
#10271 = DIRECTION('',(-0.,0.,-1.));
#10272 = DIRECTION('',(-0.,-1.,0.));
#10273 = FACE_BOUND('',#10274,.T.);
#10274 = EDGE_LOOP('',(#10275));
#10275 = ORIENTED_EDGE('',*,*,#10276,.T.);
#10276 = EDGE_CURVE('',#10277,#10277,#10279,.T.);
#10277 = VERTEX_POINT('',#10278);
#10278 = CARTESIAN_POINT('',(183.642,-81.807,1.51));
#10279 = CIRCLE('',#10280,0.4);
#10280 = AXIS2_PLACEMENT_3D('',#10281,#10282,#10283);
#10281 = CARTESIAN_POINT('',(183.642,-81.407,1.51));
#10282 = DIRECTION('',(-0.,0.,-1.));
#10283 = DIRECTION('',(-0.,-1.,0.));
#10284 = FACE_BOUND('',#10285,.T.);
#10285 = EDGE_LOOP('',(#10286));
#10286 = ORIENTED_EDGE('',*,*,#10287,.T.);
#10287 = EDGE_CURVE('',#10288,#10288,#10290,.T.);
#10288 = VERTEX_POINT('',#10289);
#10289 = CARTESIAN_POINT('',(178.4875,-76.025,1.51));
#10290 = CIRCLE('',#10291,0.5);
#10291 = AXIS2_PLACEMENT_3D('',#10292,#10293,#10294);
#10292 = CARTESIAN_POINT('',(178.4875,-75.525,1.51));
#10293 = DIRECTION('',(-0.,0.,-1.));
#10294 = DIRECTION('',(-0.,-1.,0.));
#10295 = FACE_BOUND('',#10296,.T.);
#10296 = EDGE_LOOP('',(#10297,#10308,#10316,#10325));
#10297 = ORIENTED_EDGE('',*,*,#10298,.T.);
#10298 = EDGE_CURVE('',#10299,#10301,#10303,.T.);
#10299 = VERTEX_POINT('',#10300);
#10300 = CARTESIAN_POINT('',(186.6375,-77.875,1.51));
#10301 = VERTEX_POINT('',#10302);
#10302 = CARTESIAN_POINT('',(186.6375,-79.375,1.51));
#10303 = CIRCLE('',#10304,0.75);
#10304 = AXIS2_PLACEMENT_3D('',#10305,#10306,#10307);
#10305 = CARTESIAN_POINT('',(186.6375,-78.625,1.51));
#10306 = DIRECTION('',(-0.,0.,-1.));
#10307 = DIRECTION('',(-0.,-1.,0.));
#10308 = ORIENTED_EDGE('',*,*,#10309,.T.);
#10309 = EDGE_CURVE('',#10301,#10310,#10312,.T.);
#10310 = VERTEX_POINT('',#10311);
#10311 = CARTESIAN_POINT('',(185.3375,-79.375,1.51));
#10312 = LINE('',#10313,#10314);
#10313 = CARTESIAN_POINT('',(92.66875,-79.375,1.51));
#10314 = VECTOR('',#10315,1.);
#10315 = DIRECTION('',(-1.,0.,0.));
#10316 = ORIENTED_EDGE('',*,*,#10317,.T.);
#10317 = EDGE_CURVE('',#10310,#10318,#10320,.T.);
#10318 = VERTEX_POINT('',#10319);
#10319 = CARTESIAN_POINT('',(185.3375,-77.875,1.51));
#10320 = CIRCLE('',#10321,0.75);
#10321 = AXIS2_PLACEMENT_3D('',#10322,#10323,#10324);
#10322 = CARTESIAN_POINT('',(185.3375,-78.625,1.51));
#10323 = DIRECTION('',(-0.,0.,-1.));
#10324 = DIRECTION('',(0.,1.,0.));
#10325 = ORIENTED_EDGE('',*,*,#10326,.T.);
#10326 = EDGE_CURVE('',#10318,#10299,#10327,.T.);
#10327 = LINE('',#10328,#10329);
#10328 = CARTESIAN_POINT('',(93.31875,-77.875,1.51));
#10329 = VECTOR('',#10330,1.);
#10330 = DIRECTION('',(1.,0.,-0.));
#10331 = FACE_BOUND('',#10332,.T.);
#10332 = EDGE_LOOP('',(#10333));
#10333 = ORIENTED_EDGE('',*,*,#10334,.T.);
#10334 = EDGE_CURVE('',#10335,#10335,#10337,.T.);
#10335 = VERTEX_POINT('',#10336);
#10336 = CARTESIAN_POINT('',(191.262,-81.807,1.51));
#10337 = CIRCLE('',#10338,0.4);
#10338 = AXIS2_PLACEMENT_3D('',#10339,#10340,#10341);
#10339 = CARTESIAN_POINT('',(191.262,-81.407,1.51));
#10340 = DIRECTION('',(-0.,0.,-1.));
#10341 = DIRECTION('',(-0.,-1.,0.));
#10342 = FACE_BOUND('',#10343,.T.);
#10343 = EDGE_LOOP('',(#10344));
#10344 = ORIENTED_EDGE('',*,*,#10345,.T.);
#10345 = EDGE_CURVE('',#10346,#10346,#10348,.T.);
#10346 = VERTEX_POINT('',#10347);
#10347 = CARTESIAN_POINT('',(192.9875,-76.025,1.51));
#10348 = CIRCLE('',#10349,0.5);
#10349 = AXIS2_PLACEMENT_3D('',#10350,#10351,#10352);
#10350 = CARTESIAN_POINT('',(192.9875,-75.525,1.51));
#10351 = DIRECTION('',(-0.,0.,-1.));
#10352 = DIRECTION('',(-0.,-1.,0.));
#10353 = FACE_BOUND('',#10354,.T.);
#10354 = EDGE_LOOP('',(#10355));
#10355 = ORIENTED_EDGE('',*,*,#10356,.T.);
#10356 = EDGE_CURVE('',#10357,#10357,#10359,.T.);
#10357 = VERTEX_POINT('',#10358);
#10358 = CARTESIAN_POINT('',(178.4875,-73.525,1.51));
#10359 = CIRCLE('',#10360,0.5);
#10360 = AXIS2_PLACEMENT_3D('',#10361,#10362,#10363);
#10361 = CARTESIAN_POINT('',(178.4875,-73.025,1.51));
#10362 = DIRECTION('',(-0.,0.,-1.));
#10363 = DIRECTION('',(-0.,-1.,0.));
#10364 = FACE_BOUND('',#10365,.T.);
#10365 = EDGE_LOOP('',(#10366));
#10366 = ORIENTED_EDGE('',*,*,#10367,.T.);
#10367 = EDGE_CURVE('',#10368,#10368,#10370,.T.);
#10368 = VERTEX_POINT('',#10369);
#10369 = CARTESIAN_POINT('',(178.4875,-71.025,1.51));
#10370 = CIRCLE('',#10371,0.5);
#10371 = AXIS2_PLACEMENT_3D('',#10372,#10373,#10374);
#10372 = CARTESIAN_POINT('',(178.4875,-70.525,1.51));
#10373 = DIRECTION('',(-0.,0.,-1.));
#10374 = DIRECTION('',(-0.,-1.,0.));
#10375 = FACE_BOUND('',#10376,.T.);
#10376 = EDGE_LOOP('',(#10377));
#10377 = ORIENTED_EDGE('',*,*,#10378,.T.);
#10378 = EDGE_CURVE('',#10379,#10379,#10381,.T.);
#10379 = VERTEX_POINT('',#10380);
#10380 = CARTESIAN_POINT('',(192.9875,-71.025,1.51));
#10381 = CIRCLE('',#10382,0.5);
#10382 = AXIS2_PLACEMENT_3D('',#10383,#10384,#10385);
#10383 = CARTESIAN_POINT('',(192.9875,-70.525,1.51));
#10384 = DIRECTION('',(-0.,0.,-1.));
#10385 = DIRECTION('',(-0.,-1.,0.));
#10386 = FACE_BOUND('',#10387,.T.);
#10387 = EDGE_LOOP('',(#10388,#10399,#10407,#10416));
#10388 = ORIENTED_EDGE('',*,*,#10389,.T.);
#10389 = EDGE_CURVE('',#10390,#10392,#10394,.T.);
#10390 = VERTEX_POINT('',#10391);
#10391 = CARTESIAN_POINT('',(186.6375,-66.675,1.51));
#10392 = VERTEX_POINT('',#10393);
#10393 = CARTESIAN_POINT('',(186.6375,-68.175,1.51));
#10394 = CIRCLE('',#10395,0.75);
#10395 = AXIS2_PLACEMENT_3D('',#10396,#10397,#10398);
#10396 = CARTESIAN_POINT('',(186.6375,-67.425,1.51));
#10397 = DIRECTION('',(-0.,0.,-1.));
#10398 = DIRECTION('',(-0.,-1.,0.));
#10399 = ORIENTED_EDGE('',*,*,#10400,.T.);
#10400 = EDGE_CURVE('',#10392,#10401,#10403,.T.);
#10401 = VERTEX_POINT('',#10402);
#10402 = CARTESIAN_POINT('',(185.3375,-68.175,1.51));
#10403 = LINE('',#10404,#10405);
#10404 = CARTESIAN_POINT('',(92.66875,-68.175,1.51));
#10405 = VECTOR('',#10406,1.);
#10406 = DIRECTION('',(-1.,0.,0.));
#10407 = ORIENTED_EDGE('',*,*,#10408,.T.);
#10408 = EDGE_CURVE('',#10401,#10409,#10411,.T.);
#10409 = VERTEX_POINT('',#10410);
#10410 = CARTESIAN_POINT('',(185.3375,-66.675,1.51));
#10411 = CIRCLE('',#10412,0.75);
#10412 = AXIS2_PLACEMENT_3D('',#10413,#10414,#10415);
#10413 = CARTESIAN_POINT('',(185.3375,-67.425,1.51));
#10414 = DIRECTION('',(-0.,0.,-1.));
#10415 = DIRECTION('',(0.,1.,0.));
#10416 = ORIENTED_EDGE('',*,*,#10417,.T.);
#10417 = EDGE_CURVE('',#10409,#10390,#10418,.T.);
#10418 = LINE('',#10419,#10420);
#10419 = CARTESIAN_POINT('',(93.31875,-66.675,1.51));
#10420 = VECTOR('',#10421,1.);
#10421 = DIRECTION('',(1.,0.,-0.));
#10422 = PLANE('',#10423);
#10423 = AXIS2_PLACEMENT_3D('',#10424,#10425,#10426);
#10424 = CARTESIAN_POINT('',(0.,0.,1.51));
#10425 = DIRECTION('',(0.,0.,1.));
#10426 = DIRECTION('',(1.,0.,-0.));
#10427 = ADVANCED_FACE('',(#10428),#10434,.T.);
#10428 = FACE_BOUND('',#10429,.T.);
#10429 = EDGE_LOOP('',(#10430,#10431,#10432,#10433));
#10430 = ORIENTED_EDGE('',*,*,#119,.T.);
#10431 = ORIENTED_EDGE('',*,*,#5288,.T.);
#10432 = ORIENTED_EDGE('',*,*,#79,.F.);
#10433 = ORIENTED_EDGE('',*,*,#143,.F.);
#10434 = PLANE('',#10435);
#10435 = AXIS2_PLACEMENT_3D('',#10436,#10437,#10438);
#10436 = CARTESIAN_POINT('',(115.8875,-60.325,0.));
#10437 = DIRECTION('',(0.,1.,0.));
#10438 = DIRECTION('',(1.,0.,0.));
#10439 = ADVANCED_FACE('',(#10440),#10456,.T.);
#10440 = FACE_BOUND('',#10441,.T.);
#10441 = EDGE_LOOP('',(#10442,#10448,#10449,#10455));
#10442 = ORIENTED_EDGE('',*,*,#10443,.T.);
#10443 = EDGE_CURVE('',#153,#5298,#10444,.T.);
#10444 = LINE('',#10445,#10446);
#10445 = CARTESIAN_POINT('',(127.697072,-133.379301,0.));
#10446 = VECTOR('',#10447,1.);
#10447 = DIRECTION('',(0.,0.,1.));
#10448 = ORIENTED_EDGE('',*,*,#5297,.T.);
#10449 = ORIENTED_EDGE('',*,*,#10450,.F.);
#10450 = EDGE_CURVE('',#155,#5300,#10451,.T.);
#10451 = LINE('',#10452,#10453);
#10452 = CARTESIAN_POINT('',(127.056766,-134.06153,0.));
#10453 = VECTOR('',#10454,1.);
#10454 = DIRECTION('',(0.,0.,1.));
#10455 = ORIENTED_EDGE('',*,*,#152,.F.);
#10456 = PLANE('',#10457);
#10457 = AXIS2_PLACEMENT_3D('',#10458,#10459,#10460);
#10458 = CARTESIAN_POINT('',(127.697072,-133.379301,0.));
#10459 = DIRECTION('',(0.729155094688,-0.684348484247,0.));
#10460 = DIRECTION('',(-0.684348484247,-0.729155094688,0.));
#10461 = ADVANCED_FACE('',(#10462),#10473,.T.);
#10462 = FACE_BOUND('',#10463,.T.);
#10463 = EDGE_LOOP('',(#10464,#10465,#10466,#10472));
#10464 = ORIENTED_EDGE('',*,*,#10450,.T.);
#10465 = ORIENTED_EDGE('',*,*,#5483,.T.);
#10466 = ORIENTED_EDGE('',*,*,#10467,.F.);
#10467 = EDGE_CURVE('',#331,#5476,#10468,.T.);
#10468 = LINE('',#10469,#10470);
#10469 = CARTESIAN_POINT('',(127.079704,-134.112796,0.));
#10470 = VECTOR('',#10471,1.);
#10471 = DIRECTION('',(0.,0.,1.));
#10472 = ORIENTED_EDGE('',*,*,#338,.F.);
#10473 = PLANE('',#10474);
#10474 = AXIS2_PLACEMENT_3D('',#10475,#10476,#10477);
#10475 = CARTESIAN_POINT('',(127.056766,-134.06153,0.));
#10476 = DIRECTION('',(0.912796942051,0.408413690492,-0.));
#10477 = DIRECTION('',(0.408413690492,-0.912796942051,0.));
#10478 = ADVANCED_FACE('',(#10479),#10490,.T.);
#10479 = FACE_BOUND('',#10480,.T.);
#10480 = EDGE_LOOP('',(#10481,#10482,#10483,#10489));
#10481 = ORIENTED_EDGE('',*,*,#10467,.T.);
#10482 = ORIENTED_EDGE('',*,*,#5475,.T.);
#10483 = ORIENTED_EDGE('',*,*,#10484,.F.);
#10484 = EDGE_CURVE('',#323,#5468,#10485,.T.);
#10485 = LINE('',#10486,#10487);
#10486 = CARTESIAN_POINT('',(127.106251,-134.278408,0.));
#10487 = VECTOR('',#10488,1.);
#10488 = DIRECTION('',(0.,0.,1.));
#10489 = ORIENTED_EDGE('',*,*,#330,.F.);
#10490 = PLANE('',#10491);
#10491 = AXIS2_PLACEMENT_3D('',#10492,#10493,#10494);
#10492 = CARTESIAN_POINT('',(127.079704,-134.112796,0.));
#10493 = DIRECTION('',(0.987394940188,0.15827581019,-0.));
#10494 = DIRECTION('',(0.15827581019,-0.987394940188,0.));
#10495 = ADVANCED_FACE('',(#10496),#10507,.T.);
#10496 = FACE_BOUND('',#10497,.T.);
#10497 = EDGE_LOOP('',(#10498,#10499,#10500,#10506));
#10498 = ORIENTED_EDGE('',*,*,#10484,.T.);
#10499 = ORIENTED_EDGE('',*,*,#5467,.T.);
#10500 = ORIENTED_EDGE('',*,*,#10501,.F.);
#10501 = EDGE_CURVE('',#315,#5460,#10502,.T.);
#10502 = LINE('',#10503,#10504);
#10503 = CARTESIAN_POINT('',(127.106251,-135.684092,0.));
#10504 = VECTOR('',#10505,1.);
#10505 = DIRECTION('',(0.,0.,1.));
#10506 = ORIENTED_EDGE('',*,*,#322,.F.);
#10507 = PLANE('',#10508);
#10508 = AXIS2_PLACEMENT_3D('',#10509,#10510,#10511);
#10509 = CARTESIAN_POINT('',(127.106251,-134.278408,0.));
#10510 = DIRECTION('',(1.,0.,-0.));
#10511 = DIRECTION('',(0.,-1.,0.));
#10512 = ADVANCED_FACE('',(#10513),#10524,.T.);
#10513 = FACE_BOUND('',#10514,.T.);
#10514 = EDGE_LOOP('',(#10515,#10516,#10517,#10523));
#10515 = ORIENTED_EDGE('',*,*,#10501,.T.);
#10516 = ORIENTED_EDGE('',*,*,#5459,.T.);
#10517 = ORIENTED_EDGE('',*,*,#10518,.F.);
#10518 = EDGE_CURVE('',#307,#5452,#10519,.T.);
#10519 = LINE('',#10520,#10521);
#10520 = CARTESIAN_POINT('',(127.056766,-135.90097,0.));
#10521 = VECTOR('',#10522,1.);
#10522 = DIRECTION('',(0.,0.,1.));
#10523 = ORIENTED_EDGE('',*,*,#314,.F.);
#10524 = PLANE('',#10525);
#10525 = AXIS2_PLACEMENT_3D('',#10526,#10527,#10528);
#10526 = CARTESIAN_POINT('',(127.106251,-135.684092,0.));
#10527 = DIRECTION('',(0.974943502008,-0.222452619431,0.));
#10528 = DIRECTION('',(-0.222452619431,-0.974943502008,0.));
#10529 = ADVANCED_FACE('',(#10530),#10541,.T.);
#10530 = FACE_BOUND('',#10531,.T.);
#10531 = EDGE_LOOP('',(#10532,#10533,#10534,#10540));
#10532 = ORIENTED_EDGE('',*,*,#10518,.T.);
#10533 = ORIENTED_EDGE('',*,*,#5451,.T.);
#10534 = ORIENTED_EDGE('',*,*,#10535,.F.);
#10535 = EDGE_CURVE('',#299,#5444,#10536,.T.);
#10536 = LINE('',#10537,#10538);
#10537 = CARTESIAN_POINT('',(127.02823,-135.965927,0.));
#10538 = VECTOR('',#10539,1.);
#10539 = DIRECTION('',(0.,0.,1.));
#10540 = ORIENTED_EDGE('',*,*,#306,.F.);
#10541 = PLANE('',#10542);
#10542 = AXIS2_PLACEMENT_3D('',#10543,#10544,#10545);
#10543 = CARTESIAN_POINT('',(127.056766,-135.90097,0.));
#10544 = DIRECTION('',(0.915549102739,-0.402206216355,0.));
#10545 = DIRECTION('',(-0.402206216355,-0.915549102739,0.));
#10546 = ADVANCED_FACE('',(#10547),#10558,.T.);
#10547 = FACE_BOUND('',#10548,.T.);
#10548 = EDGE_LOOP('',(#10549,#10550,#10551,#10557));
#10549 = ORIENTED_EDGE('',*,*,#10535,.T.);
#10550 = ORIENTED_EDGE('',*,*,#5443,.T.);
#10551 = ORIENTED_EDGE('',*,*,#10552,.F.);
#10552 = EDGE_CURVE('',#291,#5436,#10553,.T.);
#10553 = LINE('',#10554,#10555);
#10554 = CARTESIAN_POINT('',(127.759539,-136.549547,0.));
#10555 = VECTOR('',#10556,1.);
#10556 = DIRECTION('',(0.,0.,1.));
#10557 = ORIENTED_EDGE('',*,*,#298,.F.);
#10558 = PLANE('',#10559);
#10559 = AXIS2_PLACEMENT_3D('',#10560,#10561,#10562);
#10560 = CARTESIAN_POINT('',(127.02823,-135.965927,0.));
#10561 = DIRECTION('',(0.623764500485,0.781612338653,-0.));
#10562 = DIRECTION('',(0.781612338653,-0.623764500485,0.));
#10563 = ADVANCED_FACE('',(#10564),#10575,.T.);
#10564 = FACE_BOUND('',#10565,.T.);
#10565 = EDGE_LOOP('',(#10566,#10567,#10568,#10574));
#10566 = ORIENTED_EDGE('',*,*,#10552,.T.);
#10567 = ORIENTED_EDGE('',*,*,#5435,.T.);
#10568 = ORIENTED_EDGE('',*,*,#10569,.F.);
#10569 = EDGE_CURVE('',#283,#5428,#10570,.T.);
#10570 = LINE('',#10571,#10572);
#10571 = CARTESIAN_POINT('',(127.81774,-136.517896,0.));
#10572 = VECTOR('',#10573,1.);
#10573 = DIRECTION('',(0.,0.,1.));
#10574 = ORIENTED_EDGE('',*,*,#290,.F.);
#10575 = PLANE('',#10576);
#10576 = AXIS2_PLACEMENT_3D('',#10577,#10578,#10579);
#10577 = CARTESIAN_POINT('',(127.759539,-136.549547,0.));
#10578 = DIRECTION('',(-0.47774660566,0.878497683992,0.));
#10579 = DIRECTION('',(0.878497683992,0.47774660566,0.));
#10580 = ADVANCED_FACE('',(#10581),#10592,.T.);
#10581 = FACE_BOUND('',#10582,.T.);
#10582 = EDGE_LOOP('',(#10583,#10584,#10585,#10591));
#10583 = ORIENTED_EDGE('',*,*,#10569,.T.);
#10584 = ORIENTED_EDGE('',*,*,#5427,.T.);
#10585 = ORIENTED_EDGE('',*,*,#10586,.F.);
#10586 = EDGE_CURVE('',#275,#5420,#10587,.T.);
#10587 = LINE('',#10588,#10589);
#10588 = CARTESIAN_POINT('',(128.011798,-136.48125,0.));
#10589 = VECTOR('',#10590,1.);
#10590 = DIRECTION('',(0.,0.,1.));
#10591 = ORIENTED_EDGE('',*,*,#282,.F.);
#10592 = PLANE('',#10593);
#10593 = AXIS2_PLACEMENT_3D('',#10594,#10595,#10596);
#10594 = CARTESIAN_POINT('',(127.81774,-136.517896,0.));
#10595 = DIRECTION('',(-0.185560816422,0.982632781566,0.));
#10596 = DIRECTION('',(0.982632781566,0.185560816422,0.));
#10597 = ADVANCED_FACE('',(#10598),#10609,.T.);
#10598 = FACE_BOUND('',#10599,.T.);
#10599 = EDGE_LOOP('',(#10600,#10601,#10602,#10608));
#10600 = ORIENTED_EDGE('',*,*,#10586,.T.);
#10601 = ORIENTED_EDGE('',*,*,#5419,.T.);
#10602 = ORIENTED_EDGE('',*,*,#10603,.F.);
#10603 = EDGE_CURVE('',#267,#5412,#10604,.T.);
#10604 = LINE('',#10605,#10606);
#10605 = CARTESIAN_POINT('',(129.600702,-136.48125,0.));
#10606 = VECTOR('',#10607,1.);
#10607 = DIRECTION('',(0.,0.,1.));
#10608 = ORIENTED_EDGE('',*,*,#274,.F.);
#10609 = PLANE('',#10610);
#10610 = AXIS2_PLACEMENT_3D('',#10611,#10612,#10613);
#10611 = CARTESIAN_POINT('',(128.011798,-136.48125,0.));
#10612 = DIRECTION('',(0.,1.,0.));
#10613 = DIRECTION('',(1.,0.,0.));
#10614 = ADVANCED_FACE('',(#10615),#10626,.T.);
#10615 = FACE_BOUND('',#10616,.T.);
#10616 = EDGE_LOOP('',(#10617,#10618,#10619,#10625));
#10617 = ORIENTED_EDGE('',*,*,#10603,.T.);
#10618 = ORIENTED_EDGE('',*,*,#5411,.T.);
#10619 = ORIENTED_EDGE('',*,*,#10620,.F.);
#10620 = EDGE_CURVE('',#259,#5404,#10621,.T.);
#10621 = LINE('',#10622,#10623);
#10622 = CARTESIAN_POINT('',(129.852961,-136.549549,0.));
#10623 = VECTOR('',#10624,1.);
#10624 = DIRECTION('',(0.,0.,1.));
#10625 = ORIENTED_EDGE('',*,*,#266,.F.);
#10626 = PLANE('',#10627);
#10627 = AXIS2_PLACEMENT_3D('',#10628,#10629,#10630);
#10628 = CARTESIAN_POINT('',(129.600702,-136.48125,0.));
#10629 = DIRECTION('',(0.261340091681,0.965246785273,-0.));
#10630 = DIRECTION('',(0.965246785273,-0.261340091681,0.));
#10631 = ADVANCED_FACE('',(#10632),#10643,.T.);
#10632 = FACE_BOUND('',#10633,.T.);
#10633 = EDGE_LOOP('',(#10634,#10635,#10636,#10642));
#10634 = ORIENTED_EDGE('',*,*,#10620,.T.);
#10635 = ORIENTED_EDGE('',*,*,#5403,.T.);
#10636 = ORIENTED_EDGE('',*,*,#10637,.F.);
#10637 = EDGE_CURVE('',#251,#5396,#10638,.T.);
#10638 = LINE('',#10639,#10640);
#10639 = CARTESIAN_POINT('',(129.915428,-136.583199,0.));
#10640 = VECTOR('',#10641,1.);
#10641 = DIRECTION('',(0.,0.,1.));
#10642 = ORIENTED_EDGE('',*,*,#258,.F.);
#10643 = PLANE('',#10644);
#10644 = AXIS2_PLACEMENT_3D('',#10645,#10646,#10647);
#10645 = CARTESIAN_POINT('',(129.852961,-136.549549,0.));
#10646 = DIRECTION('',(0.474251937066,0.880389175415,-0.));
#10647 = DIRECTION('',(0.880389175415,-0.474251937066,0.));
#10648 = ADVANCED_FACE('',(#10649),#10660,.T.);
#10649 = FACE_BOUND('',#10650,.T.);
#10650 = EDGE_LOOP('',(#10651,#10652,#10653,#10659));
#10651 = ORIENTED_EDGE('',*,*,#10637,.T.);
#10652 = ORIENTED_EDGE('',*,*,#5395,.T.);
#10653 = ORIENTED_EDGE('',*,*,#10654,.F.);
#10654 = EDGE_CURVE('',#243,#5388,#10655,.T.);
#10655 = LINE('',#10656,#10657);
#10656 = CARTESIAN_POINT('',(130.555734,-135.900969,0.));
#10657 = VECTOR('',#10658,1.);
#10658 = DIRECTION('',(0.,0.,1.));
#10659 = ORIENTED_EDGE('',*,*,#250,.F.);
#10660 = PLANE('',#10661);
#10661 = AXIS2_PLACEMENT_3D('',#10662,#10663,#10664);
#10662 = CARTESIAN_POINT('',(129.915428,-136.583199,0.));
#10663 = DIRECTION('',(-0.729155595234,0.684347950928,0.));
#10664 = DIRECTION('',(0.684347950928,0.729155595234,0.));
#10665 = ADVANCED_FACE('',(#10666),#10677,.T.);
#10666 = FACE_BOUND('',#10667,.T.);
#10667 = EDGE_LOOP('',(#10668,#10669,#10670,#10676));
#10668 = ORIENTED_EDGE('',*,*,#10654,.T.);
#10669 = ORIENTED_EDGE('',*,*,#5387,.T.);
#10670 = ORIENTED_EDGE('',*,*,#10671,.F.);
#10671 = EDGE_CURVE('',#235,#5380,#10672,.T.);
#10672 = LINE('',#10673,#10674);
#10673 = CARTESIAN_POINT('',(130.532796,-135.849703,0.));
#10674 = VECTOR('',#10675,1.);
#10675 = DIRECTION('',(0.,0.,1.));
#10676 = ORIENTED_EDGE('',*,*,#242,.F.);
#10677 = PLANE('',#10678);
#10678 = AXIS2_PLACEMENT_3D('',#10679,#10680,#10681);
#10679 = CARTESIAN_POINT('',(130.555734,-135.900969,0.));
#10680 = DIRECTION('',(-0.912796942051,-0.408413690492,0.));
#10681 = DIRECTION('',(-0.408413690492,0.912796942051,0.));
#10682 = ADVANCED_FACE('',(#10683),#10694,.T.);
#10683 = FACE_BOUND('',#10684,.T.);
#10684 = EDGE_LOOP('',(#10685,#10686,#10687,#10693));
#10685 = ORIENTED_EDGE('',*,*,#10671,.T.);
#10686 = ORIENTED_EDGE('',*,*,#5379,.T.);
#10687 = ORIENTED_EDGE('',*,*,#10688,.F.);
#10688 = EDGE_CURVE('',#227,#5372,#10689,.T.);
#10689 = LINE('',#10690,#10691);
#10690 = CARTESIAN_POINT('',(130.506249,-135.684092,0.));
#10691 = VECTOR('',#10692,1.);
#10692 = DIRECTION('',(0.,0.,1.));
#10693 = ORIENTED_EDGE('',*,*,#234,.F.);
#10694 = PLANE('',#10695);
#10695 = AXIS2_PLACEMENT_3D('',#10696,#10697,#10698);
#10696 = CARTESIAN_POINT('',(130.532796,-135.849703,0.));
#10697 = DIRECTION('',(-0.987394790829,-0.158276741956,0.));
#10698 = DIRECTION('',(-0.158276741956,0.987394790829,0.));
#10699 = ADVANCED_FACE('',(#10700),#10711,.T.);
#10700 = FACE_BOUND('',#10701,.T.);
#10701 = EDGE_LOOP('',(#10702,#10703,#10704,#10710));
#10702 = ORIENTED_EDGE('',*,*,#10688,.T.);
#10703 = ORIENTED_EDGE('',*,*,#5371,.T.);
#10704 = ORIENTED_EDGE('',*,*,#10705,.F.);
#10705 = EDGE_CURVE('',#219,#5364,#10706,.T.);
#10706 = LINE('',#10707,#10708);
#10707 = CARTESIAN_POINT('',(130.506249,-134.278408,0.));
#10708 = VECTOR('',#10709,1.);
#10709 = DIRECTION('',(0.,0.,1.));
#10710 = ORIENTED_EDGE('',*,*,#226,.F.);
#10711 = PLANE('',#10712);
#10712 = AXIS2_PLACEMENT_3D('',#10713,#10714,#10715);
#10713 = CARTESIAN_POINT('',(130.506249,-135.684092,0.));
#10714 = DIRECTION('',(-1.,0.,0.));
#10715 = DIRECTION('',(0.,1.,0.));
#10716 = ADVANCED_FACE('',(#10717),#10728,.T.);
#10717 = FACE_BOUND('',#10718,.T.);
#10718 = EDGE_LOOP('',(#10719,#10720,#10721,#10727));
#10719 = ORIENTED_EDGE('',*,*,#10705,.T.);
#10720 = ORIENTED_EDGE('',*,*,#5363,.T.);
#10721 = ORIENTED_EDGE('',*,*,#10722,.F.);
#10722 = EDGE_CURVE('',#211,#5356,#10723,.T.);
#10723 = LINE('',#10724,#10725);
#10724 = CARTESIAN_POINT('',(130.555734,-134.06153,0.));
#10725 = VECTOR('',#10726,1.);
#10726 = DIRECTION('',(0.,0.,1.));
#10727 = ORIENTED_EDGE('',*,*,#218,.F.);
#10728 = PLANE('',#10729);
#10729 = AXIS2_PLACEMENT_3D('',#10730,#10731,#10732);
#10730 = CARTESIAN_POINT('',(130.506249,-134.278408,0.));
#10731 = DIRECTION('',(-0.974943502008,0.222452619431,0.));
#10732 = DIRECTION('',(0.222452619431,0.974943502008,0.));
#10733 = ADVANCED_FACE('',(#10734),#10745,.T.);
#10734 = FACE_BOUND('',#10735,.T.);
#10735 = EDGE_LOOP('',(#10736,#10737,#10738,#10744));
#10736 = ORIENTED_EDGE('',*,*,#10722,.T.);
#10737 = ORIENTED_EDGE('',*,*,#5355,.T.);
#10738 = ORIENTED_EDGE('',*,*,#10739,.F.);
#10739 = EDGE_CURVE('',#203,#5348,#10740,.T.);
#10740 = LINE('',#10741,#10742);
#10741 = CARTESIAN_POINT('',(130.58427,-133.996573,0.));
#10742 = VECTOR('',#10743,1.);
#10743 = DIRECTION('',(0.,0.,1.));
#10744 = ORIENTED_EDGE('',*,*,#210,.F.);
#10745 = PLANE('',#10746);
#10746 = AXIS2_PLACEMENT_3D('',#10747,#10748,#10749);
#10747 = CARTESIAN_POINT('',(130.555734,-134.06153,0.));
#10748 = DIRECTION('',(-0.915549102739,0.402206216355,0.));
#10749 = DIRECTION('',(0.402206216355,0.915549102739,0.));
#10750 = ADVANCED_FACE('',(#10751),#10762,.T.);
#10751 = FACE_BOUND('',#10752,.T.);
#10752 = EDGE_LOOP('',(#10753,#10754,#10755,#10761));
#10753 = ORIENTED_EDGE('',*,*,#10739,.T.);
#10754 = ORIENTED_EDGE('',*,*,#5347,.T.);
#10755 = ORIENTED_EDGE('',*,*,#10756,.F.);
#10756 = EDGE_CURVE('',#195,#5340,#10757,.T.);
#10757 = LINE('',#10758,#10759);
#10758 = CARTESIAN_POINT('',(129.852961,-133.412952,0.));
#10759 = VECTOR('',#10760,1.);
#10760 = DIRECTION('',(0.,0.,1.));
#10761 = ORIENTED_EDGE('',*,*,#202,.F.);
#10762 = PLANE('',#10763);
#10763 = AXIS2_PLACEMENT_3D('',#10764,#10765,#10766);
#10764 = CARTESIAN_POINT('',(130.58427,-133.996573,0.));
#10765 = DIRECTION('',(-0.623765153424,-0.781611817576,0.));
#10766 = DIRECTION('',(-0.781611817576,0.623765153424,0.));
#10767 = ADVANCED_FACE('',(#10768),#10779,.T.);
#10768 = FACE_BOUND('',#10769,.T.);
#10769 = EDGE_LOOP('',(#10770,#10771,#10772,#10778));
#10770 = ORIENTED_EDGE('',*,*,#10756,.T.);
#10771 = ORIENTED_EDGE('',*,*,#5339,.T.);
#10772 = ORIENTED_EDGE('',*,*,#10773,.F.);
#10773 = EDGE_CURVE('',#187,#5332,#10774,.T.);
#10774 = LINE('',#10775,#10776);
#10775 = CARTESIAN_POINT('',(129.79476,-133.444603,0.));
#10776 = VECTOR('',#10777,1.);
#10777 = DIRECTION('',(0.,0.,1.));
#10778 = ORIENTED_EDGE('',*,*,#194,.F.);
#10779 = PLANE('',#10780);
#10780 = AXIS2_PLACEMENT_3D('',#10781,#10782,#10783);
#10781 = CARTESIAN_POINT('',(129.852961,-133.412952,0.));
#10782 = DIRECTION('',(0.477746605661,-0.878497683992,0.));
#10783 = DIRECTION('',(-0.878497683992,-0.477746605661,0.));
#10784 = ADVANCED_FACE('',(#10785),#10796,.T.);
#10785 = FACE_BOUND('',#10786,.T.);
#10786 = EDGE_LOOP('',(#10787,#10788,#10789,#10795));
#10787 = ORIENTED_EDGE('',*,*,#10773,.T.);
#10788 = ORIENTED_EDGE('',*,*,#5331,.T.);
#10789 = ORIENTED_EDGE('',*,*,#10790,.F.);
#10790 = EDGE_CURVE('',#179,#5324,#10791,.T.);
#10791 = LINE('',#10792,#10793);
#10792 = CARTESIAN_POINT('',(129.600703,-133.481251,0.));
#10793 = VECTOR('',#10794,1.);
#10794 = DIRECTION('',(0.,0.,1.));
#10795 = ORIENTED_EDGE('',*,*,#186,.F.);
#10796 = PLANE('',#10797);
#10797 = AXIS2_PLACEMENT_3D('',#10798,#10799,#10800);
#10798 = CARTESIAN_POINT('',(129.79476,-133.444603,0.));
#10799 = DIRECTION('',(0.185571518231,-0.982630760572,0.));
#10800 = DIRECTION('',(-0.982630760572,-0.185571518231,0.));
#10801 = ADVANCED_FACE('',(#10802),#10813,.T.);
#10802 = FACE_BOUND('',#10803,.T.);
#10803 = EDGE_LOOP('',(#10804,#10805,#10806,#10812));
#10804 = ORIENTED_EDGE('',*,*,#10790,.T.);
#10805 = ORIENTED_EDGE('',*,*,#5323,.T.);
#10806 = ORIENTED_EDGE('',*,*,#10807,.F.);
#10807 = EDGE_CURVE('',#171,#5316,#10808,.T.);
#10808 = LINE('',#10809,#10810);
#10809 = CARTESIAN_POINT('',(128.011798,-133.481251,0.));
#10810 = VECTOR('',#10811,1.);
#10811 = DIRECTION('',(0.,0.,1.));
#10812 = ORIENTED_EDGE('',*,*,#178,.F.);
#10813 = PLANE('',#10814);
#10814 = AXIS2_PLACEMENT_3D('',#10815,#10816,#10817);
#10815 = CARTESIAN_POINT('',(129.600703,-133.481251,0.));
#10816 = DIRECTION('',(0.,-1.,0.));
#10817 = DIRECTION('',(-1.,0.,0.));
#10818 = ADVANCED_FACE('',(#10819),#10830,.T.);
#10819 = FACE_BOUND('',#10820,.T.);
#10820 = EDGE_LOOP('',(#10821,#10822,#10823,#10829));
#10821 = ORIENTED_EDGE('',*,*,#10807,.T.);
#10822 = ORIENTED_EDGE('',*,*,#5315,.T.);
#10823 = ORIENTED_EDGE('',*,*,#10824,.F.);
#10824 = EDGE_CURVE('',#163,#5308,#10825,.T.);
#10825 = LINE('',#10826,#10827);
#10826 = CARTESIAN_POINT('',(127.759539,-133.412951,0.));
#10827 = VECTOR('',#10828,1.);
#10828 = DIRECTION('',(0.,0.,1.));
#10829 = ORIENTED_EDGE('',*,*,#170,.F.);
#10830 = PLANE('',#10831);
#10831 = AXIS2_PLACEMENT_3D('',#10832,#10833,#10834);
#10832 = CARTESIAN_POINT('',(128.011798,-133.481251,0.));
#10833 = DIRECTION('',(-0.261343656749,-0.965245820026,0.));
#10834 = DIRECTION('',(-0.965245820026,0.261343656749,0.));
#10835 = ADVANCED_FACE('',(#10836),#10842,.T.);
#10836 = FACE_BOUND('',#10837,.T.);
#10837 = EDGE_LOOP('',(#10838,#10839,#10840,#10841));
#10838 = ORIENTED_EDGE('',*,*,#10824,.T.);
#10839 = ORIENTED_EDGE('',*,*,#5307,.T.);
#10840 = ORIENTED_EDGE('',*,*,#10443,.F.);
#10841 = ORIENTED_EDGE('',*,*,#162,.F.);
#10842 = PLANE('',#10843);
#10843 = AXIS2_PLACEMENT_3D('',#10844,#10845,#10846);
#10844 = CARTESIAN_POINT('',(127.759539,-133.412951,0.));
#10845 = DIRECTION('',(-0.474251937066,-0.880389175415,0.));
#10846 = DIRECTION('',(-0.880389175415,0.474251937066,0.));
#10847 = ADVANCED_FACE('',(#10848),#10864,.F.);
#10848 = FACE_BOUND('',#10849,.T.);
#10849 = EDGE_LOOP('',(#10850,#10856,#10857,#10863));
#10850 = ORIENTED_EDGE('',*,*,#10851,.T.);
#10851 = EDGE_CURVE('',#5492,#347,#10852,.T.);
#10852 = LINE('',#10853,#10854);
#10853 = CARTESIAN_POINT('',(123.9152269407,-129.4291724449,-4.6E-02));
#10854 = VECTOR('',#10855,1.);
#10855 = DIRECTION('',(-0.,-0.,-1.));
#10856 = ORIENTED_EDGE('',*,*,#346,.T.);
#10857 = ORIENTED_EDGE('',*,*,#10858,.F.);
#10858 = EDGE_CURVE('',#5494,#349,#10859,.T.);
#10859 = LINE('',#10860,#10861);
#10860 = CARTESIAN_POINT('',(124.27036093785,-129.8001090965,-4.6E-02));
#10861 = VECTOR('',#10862,1.);
#10862 = DIRECTION('',(-0.,-0.,-1.));
#10863 = ORIENTED_EDGE('',*,*,#5491,.F.);
#10864 = CYLINDRICAL_SURFACE('',#10865,0.85);
#10865 = AXIS2_PLACEMENT_3D('',#10866,#10867,#10868);
#10866 = CARTESIAN_POINT('',(123.5075,-130.175,-4.6E-02));
#10867 = DIRECTION('',(-0.,-0.,-1.));
#10868 = DIRECTION('',(-0.,-1.,0.));
#10869 = ADVANCED_FACE('',(#10870),#10881,.F.);
#10870 = FACE_BOUND('',#10871,.T.);
#10871 = EDGE_LOOP('',(#10872,#10873,#10879,#10880));
#10872 = ORIENTED_EDGE('',*,*,#375,.T.);
#10873 = ORIENTED_EDGE('',*,*,#10874,.T.);
#10874 = EDGE_CURVE('',#376,#5521,#10875,.T.);
#10875 = LINE('',#10876,#10877);
#10876 = CARTESIAN_POINT('',(124.7775,-128.385,-4.6E-02));
#10877 = VECTOR('',#10878,1.);
#10878 = DIRECTION('',(0.,0.,1.));
#10879 = ORIENTED_EDGE('',*,*,#5520,.F.);
#10880 = ORIENTED_EDGE('',*,*,#10874,.F.);
#10881 = CYLINDRICAL_SURFACE('',#10882,0.75);
#10882 = AXIS2_PLACEMENT_3D('',#10883,#10884,#10885);
#10883 = CARTESIAN_POINT('',(124.7775,-127.635,-4.6E-02));
#10884 = DIRECTION('',(-0.,-0.,-1.));
#10885 = DIRECTION('',(-0.,-1.,0.));
#10886 = ADVANCED_FACE('',(#10887),#10898,.F.);
#10887 = FACE_BOUND('',#10888,.T.);
#10888 = EDGE_LOOP('',(#10889,#10890,#10896,#10897));
#10889 = ORIENTED_EDGE('',*,*,#386,.T.);
#10890 = ORIENTED_EDGE('',*,*,#10891,.T.);
#10891 = EDGE_CURVE('',#387,#5532,#10892,.T.);
#10892 = LINE('',#10893,#10894);
#10893 = CARTESIAN_POINT('',(128.5875,-132.175,-4.6E-02));
#10894 = VECTOR('',#10895,1.);
#10895 = DIRECTION('',(0.,0.,1.));
#10896 = ORIENTED_EDGE('',*,*,#5531,.F.);
#10897 = ORIENTED_EDGE('',*,*,#10891,.F.);
#10898 = CYLINDRICAL_SURFACE('',#10899,2.);
#10899 = AXIS2_PLACEMENT_3D('',#10900,#10901,#10902);
#10900 = CARTESIAN_POINT('',(128.5875,-130.175,-4.6E-02));
#10901 = DIRECTION('',(-0.,-0.,-1.));
#10902 = DIRECTION('',(-0.,-1.,0.));
#10903 = ADVANCED_FACE('',(#10904),#10915,.F.);
#10904 = FACE_BOUND('',#10905,.T.);
#10905 = EDGE_LOOP('',(#10906,#10907,#10913,#10914));
#10906 = ORIENTED_EDGE('',*,*,#397,.T.);
#10907 = ORIENTED_EDGE('',*,*,#10908,.T.);
#10908 = EDGE_CURVE('',#398,#5543,#10909,.T.);
#10909 = LINE('',#10910,#10911);
#10910 = CARTESIAN_POINT('',(136.525,-134.385,-4.6E-02));
#10911 = VECTOR('',#10912,1.);
#10912 = DIRECTION('',(0.,0.,1.));
#10913 = ORIENTED_EDGE('',*,*,#5542,.F.);
#10914 = ORIENTED_EDGE('',*,*,#10908,.F.);
#10915 = CYLINDRICAL_SURFACE('',#10916,0.4);
#10916 = AXIS2_PLACEMENT_3D('',#10917,#10918,#10919);
#10917 = CARTESIAN_POINT('',(136.525,-133.985,-4.6E-02));
#10918 = DIRECTION('',(-0.,-0.,-1.));
#10919 = DIRECTION('',(-0.,-1.,0.));
#10920 = ADVANCED_FACE('',(#10921),#10932,.F.);
#10921 = FACE_BOUND('',#10922,.T.);
#10922 = EDGE_LOOP('',(#10923,#10924,#10930,#10931));
#10923 = ORIENTED_EDGE('',*,*,#408,.T.);
#10924 = ORIENTED_EDGE('',*,*,#10925,.T.);
#10925 = EDGE_CURVE('',#409,#5554,#10926,.T.);
#10926 = LINE('',#10927,#10928);
#10927 = CARTESIAN_POINT('',(133.6675,-131.025,-4.6E-02));
#10928 = VECTOR('',#10929,1.);
#10929 = DIRECTION('',(0.,0.,1.));
#10930 = ORIENTED_EDGE('',*,*,#5553,.F.);
#10931 = ORIENTED_EDGE('',*,*,#10925,.F.);
#10932 = CYLINDRICAL_SURFACE('',#10933,0.85);
#10933 = AXIS2_PLACEMENT_3D('',#10934,#10935,#10936);
#10934 = CARTESIAN_POINT('',(133.6675,-130.175,-4.6E-02));
#10935 = DIRECTION('',(-0.,-0.,-1.));
#10936 = DIRECTION('',(-3.343730521224E-14,-1.,0.));
#10937 = ADVANCED_FACE('',(#10938),#10949,.F.);
#10938 = FACE_BOUND('',#10939,.T.);
#10939 = EDGE_LOOP('',(#10940,#10941,#10947,#10948));
#10940 = ORIENTED_EDGE('',*,*,#419,.T.);
#10941 = ORIENTED_EDGE('',*,*,#10942,.T.);
#10942 = EDGE_CURVE('',#420,#5565,#10943,.T.);
#10943 = LINE('',#10944,#10945);
#10944 = CARTESIAN_POINT('',(131.1275,-125.845,-4.6E-02));
#10945 = VECTOR('',#10946,1.);
#10946 = DIRECTION('',(0.,0.,1.));
#10947 = ORIENTED_EDGE('',*,*,#5564,.F.);
#10948 = ORIENTED_EDGE('',*,*,#10942,.F.);
#10949 = CYLINDRICAL_SURFACE('',#10950,0.75);
#10950 = AXIS2_PLACEMENT_3D('',#10951,#10952,#10953);
#10951 = CARTESIAN_POINT('',(131.1275,-125.095,-4.6E-02));
#10952 = DIRECTION('',(-0.,-0.,-1.));
#10953 = DIRECTION('',(-0.,-1.,0.));
#10954 = ADVANCED_FACE('',(#10955),#10966,.F.);
#10955 = FACE_BOUND('',#10956,.T.);
#10956 = EDGE_LOOP('',(#10957,#10958,#10964,#10965));
#10957 = ORIENTED_EDGE('',*,*,#430,.T.);
#10958 = ORIENTED_EDGE('',*,*,#10959,.T.);
#10959 = EDGE_CURVE('',#431,#5576,#10960,.T.);
#10960 = LINE('',#10961,#10962);
#10961 = CARTESIAN_POINT('',(136.525,-126.765,-4.6E-02));
#10962 = VECTOR('',#10963,1.);
#10963 = DIRECTION('',(0.,0.,1.));
#10964 = ORIENTED_EDGE('',*,*,#5575,.F.);
#10965 = ORIENTED_EDGE('',*,*,#10959,.F.);
#10966 = CYLINDRICAL_SURFACE('',#10967,0.4);
#10967 = AXIS2_PLACEMENT_3D('',#10968,#10969,#10970);
#10968 = CARTESIAN_POINT('',(136.525,-126.365,-4.6E-02));
#10969 = DIRECTION('',(-0.,-0.,-1.));
#10970 = DIRECTION('',(-0.,-1.,0.));
#10971 = ADVANCED_FACE('',(#10972),#10988,.T.);
#10972 = FACE_BOUND('',#10973,.T.);
#10973 = EDGE_LOOP('',(#10974,#10980,#10981,#10987));
#10974 = ORIENTED_EDGE('',*,*,#10975,.T.);
#10975 = EDGE_CURVE('',#442,#5587,#10976,.T.);
#10976 = LINE('',#10977,#10978);
#10977 = CARTESIAN_POINT('',(146.52832,-133.2327,0.));
#10978 = VECTOR('',#10979,1.);
#10979 = DIRECTION('',(0.,0.,1.));
#10980 = ORIENTED_EDGE('',*,*,#5586,.T.);
#10981 = ORIENTED_EDGE('',*,*,#10982,.F.);
#10982 = EDGE_CURVE('',#444,#5589,#10983,.T.);
#10983 = LINE('',#10984,#10985);
#10984 = CARTESIAN_POINT('',(145.888017,-133.914938,0.));
#10985 = VECTOR('',#10986,1.);
#10986 = DIRECTION('',(0.,0.,1.));
#10987 = ORIENTED_EDGE('',*,*,#441,.F.);
#10988 = PLANE('',#10989);
#10989 = AXIS2_PLACEMENT_3D('',#10990,#10991,#10992);
#10990 = CARTESIAN_POINT('',(146.52832,-133.2327,0.));
#10991 = DIRECTION('',(0.729161199504,-0.68434197967,0.));
#10992 = DIRECTION('',(-0.68434197967,-0.729161199504,0.));
#10993 = ADVANCED_FACE('',(#10994),#11005,.T.);
#10994 = FACE_BOUND('',#10995,.T.);
#10995 = EDGE_LOOP('',(#10996,#10997,#10998,#11004));
#10996 = ORIENTED_EDGE('',*,*,#10982,.T.);
#10997 = ORIENTED_EDGE('',*,*,#5772,.T.);
#10998 = ORIENTED_EDGE('',*,*,#10999,.F.);
#10999 = EDGE_CURVE('',#620,#5765,#11000,.T.);
#11000 = LINE('',#11001,#11002);
#11001 = CARTESIAN_POINT('',(145.910953,-133.966205,0.));
#11002 = VECTOR('',#11003,1.);
#11003 = DIRECTION('',(0.,0.,1.));
#11004 = ORIENTED_EDGE('',*,*,#627,.F.);
#11005 = PLANE('',#11006);
#11006 = AXIS2_PLACEMENT_3D('',#11007,#11008,#11009);
#11007 = CARTESIAN_POINT('',(145.888017,-133.914938,0.));
#11008 = DIRECTION('',(0.912813186674,0.408377382128,-0.));
#11009 = DIRECTION('',(0.408377382128,-0.912813186674,0.));
#11010 = ADVANCED_FACE('',(#11011),#11022,.T.);
#11011 = FACE_BOUND('',#11012,.T.);
#11012 = EDGE_LOOP('',(#11013,#11014,#11015,#11021));
#11013 = ORIENTED_EDGE('',*,*,#10999,.T.);
#11014 = ORIENTED_EDGE('',*,*,#5764,.T.);
#11015 = ORIENTED_EDGE('',*,*,#11016,.F.);
#11016 = EDGE_CURVE('',#612,#5757,#11017,.T.);
#11017 = LINE('',#11018,#11019);
#11018 = CARTESIAN_POINT('',(145.937502,-134.131816,0.));
#11019 = VECTOR('',#11020,1.);
#11020 = DIRECTION('',(0.,0.,1.));
#11021 = ORIENTED_EDGE('',*,*,#619,.F.);
#11022 = PLANE('',#11023);
#11023 = AXIS2_PLACEMENT_3D('',#11024,#11025,#11026);
#11024 = CARTESIAN_POINT('',(145.910953,-133.966205,0.));
#11025 = DIRECTION('',(0.98739292722,0.158288367468,-0.));
#11026 = DIRECTION('',(0.158288367468,-0.98739292722,0.));
#11027 = ADVANCED_FACE('',(#11028),#11039,.T.);
#11028 = FACE_BOUND('',#11029,.T.);
#11029 = EDGE_LOOP('',(#11030,#11031,#11032,#11038));
#11030 = ORIENTED_EDGE('',*,*,#11016,.T.);
#11031 = ORIENTED_EDGE('',*,*,#5756,.T.);
#11032 = ORIENTED_EDGE('',*,*,#11033,.F.);
#11033 = EDGE_CURVE('',#604,#5749,#11034,.T.);
#11034 = LINE('',#11035,#11036);
#11035 = CARTESIAN_POINT('',(145.937502,-135.5375,0.));
#11036 = VECTOR('',#11037,1.);
#11037 = DIRECTION('',(0.,0.,1.));
#11038 = ORIENTED_EDGE('',*,*,#611,.F.);
#11039 = PLANE('',#11040);
#11040 = AXIS2_PLACEMENT_3D('',#11041,#11042,#11043);
#11041 = CARTESIAN_POINT('',(145.937502,-134.131816,0.));
#11042 = DIRECTION('',(1.,0.,-0.));
#11043 = DIRECTION('',(0.,-1.,0.));
#11044 = ADVANCED_FACE('',(#11045),#11056,.T.);
#11045 = FACE_BOUND('',#11046,.T.);
#11046 = EDGE_LOOP('',(#11047,#11048,#11049,#11055));
#11047 = ORIENTED_EDGE('',*,*,#11033,.T.);
#11048 = ORIENTED_EDGE('',*,*,#5748,.T.);
#11049 = ORIENTED_EDGE('',*,*,#11050,.F.);
#11050 = EDGE_CURVE('',#596,#5741,#11051,.T.);
#11051 = LINE('',#11052,#11053);
#11052 = CARTESIAN_POINT('',(145.888017,-135.754378,0.));
#11053 = VECTOR('',#11054,1.);
#11054 = DIRECTION('',(0.,0.,1.));
#11055 = ORIENTED_EDGE('',*,*,#603,.F.);
#11056 = PLANE('',#11057);
#11057 = AXIS2_PLACEMENT_3D('',#11058,#11059,#11060);
#11058 = CARTESIAN_POINT('',(145.937502,-135.5375,0.));
#11059 = DIRECTION('',(0.974943502008,-0.222452619431,0.));
#11060 = DIRECTION('',(-0.222452619431,-0.974943502008,0.));
#11061 = ADVANCED_FACE('',(#11062),#11073,.T.);
#11062 = FACE_BOUND('',#11063,.T.);
#11063 = EDGE_LOOP('',(#11064,#11065,#11066,#11072));
#11064 = ORIENTED_EDGE('',*,*,#11050,.T.);
#11065 = ORIENTED_EDGE('',*,*,#5740,.T.);
#11066 = ORIENTED_EDGE('',*,*,#11067,.F.);
#11067 = EDGE_CURVE('',#588,#5733,#11068,.T.);
#11068 = LINE('',#11069,#11070);
#11069 = CARTESIAN_POINT('',(145.859464,-135.819339,0.));
#11070 = VECTOR('',#11071,1.);
#11071 = DIRECTION('',(0.,0.,1.));
#11072 = ORIENTED_EDGE('',*,*,#595,.F.);
#11073 = PLANE('',#11074);
#11074 = AXIS2_PLACEMENT_3D('',#11075,#11076,#11077);
#11075 = CARTESIAN_POINT('',(145.888017,-135.754378,0.));
#11076 = DIRECTION('',(0.915469983318,-0.402386269203,0.));
#11077 = DIRECTION('',(-0.402386269203,-0.915469983318,0.));
#11078 = ADVANCED_FACE('',(#11079),#11090,.T.);
#11079 = FACE_BOUND('',#11080,.T.);
#11080 = EDGE_LOOP('',(#11081,#11082,#11083,#11089));
#11081 = ORIENTED_EDGE('',*,*,#11067,.T.);
#11082 = ORIENTED_EDGE('',*,*,#5732,.T.);
#11083 = ORIENTED_EDGE('',*,*,#11084,.F.);
#11084 = EDGE_CURVE('',#580,#5725,#11085,.T.);
#11085 = LINE('',#11086,#11087);
#11086 = CARTESIAN_POINT('',(146.59079,-136.402955,0.));
#11087 = VECTOR('',#11088,1.);
#11088 = DIRECTION('',(0.,0.,1.));
#11089 = ORIENTED_EDGE('',*,*,#587,.F.);
#11090 = PLANE('',#11091);
#11091 = AXIS2_PLACEMENT_3D('',#11092,#11093,#11094);
#11092 = CARTESIAN_POINT('',(145.859464,-135.819339,0.));
#11093 = DIRECTION('',(0.623753030467,0.781621492145,-0.));
#11094 = DIRECTION('',(0.781621492145,-0.623753030467,0.));
#11095 = ADVANCED_FACE('',(#11096),#11107,.T.);
#11096 = FACE_BOUND('',#11097,.T.);
#11097 = EDGE_LOOP('',(#11098,#11099,#11100,#11106));
#11098 = ORIENTED_EDGE('',*,*,#11084,.T.);
#11099 = ORIENTED_EDGE('',*,*,#5724,.T.);
#11100 = ORIENTED_EDGE('',*,*,#11101,.F.);
#11101 = EDGE_CURVE('',#572,#5717,#11102,.T.);
#11102 = LINE('',#11103,#11104);
#11103 = CARTESIAN_POINT('',(146.64899,-136.371298,0.));
#11104 = VECTOR('',#11105,1.);
#11105 = DIRECTION('',(0.,0.,1.));
#11106 = ORIENTED_EDGE('',*,*,#579,.F.);
#11107 = PLANE('',#11108);
#11108 = AXIS2_PLACEMENT_3D('',#11109,#11110,#11111);
#11109 = CARTESIAN_POINT('',(146.59079,-136.402955,0.));
#11110 = DIRECTION('',(-0.477822831046,0.878456226645,0.));
#11111 = DIRECTION('',(0.878456226645,0.477822831046,0.));
#11112 = ADVANCED_FACE('',(#11113),#11124,.T.);
#11113 = FACE_BOUND('',#11114,.T.);
#11114 = EDGE_LOOP('',(#11115,#11116,#11117,#11123));
#11115 = ORIENTED_EDGE('',*,*,#11101,.T.);
#11116 = ORIENTED_EDGE('',*,*,#5716,.T.);
#11117 = ORIENTED_EDGE('',*,*,#11118,.F.);
#11118 = EDGE_CURVE('',#564,#5709,#11119,.T.);
#11119 = LINE('',#11120,#11121);
#11120 = CARTESIAN_POINT('',(146.843049,-136.334658,0.));
#11121 = VECTOR('',#11122,1.);
#11122 = DIRECTION('',(0.,0.,1.));
#11123 = ORIENTED_EDGE('',*,*,#571,.F.);
#11124 = PLANE('',#11125);
#11125 = AXIS2_PLACEMENT_3D('',#11126,#11127,#11128);
#11126 = CARTESIAN_POINT('',(146.64899,-136.371298,0.));
#11127 = DIRECTION('',(-0.18553055753,0.982638495187,0.));
#11128 = DIRECTION('',(0.982638495187,0.18553055753,0.));
#11129 = ADVANCED_FACE('',(#11130),#11141,.T.);
#11130 = FACE_BOUND('',#11131,.T.);
#11131 = EDGE_LOOP('',(#11132,#11133,#11134,#11140));
#11132 = ORIENTED_EDGE('',*,*,#11118,.T.);
#11133 = ORIENTED_EDGE('',*,*,#5708,.T.);
#11134 = ORIENTED_EDGE('',*,*,#11135,.F.);
#11135 = EDGE_CURVE('',#556,#5701,#11136,.T.);
#11136 = LINE('',#11137,#11138);
#11137 = CARTESIAN_POINT('',(148.431953,-136.334658,0.));
#11138 = VECTOR('',#11139,1.);
#11139 = DIRECTION('',(0.,0.,1.));
#11140 = ORIENTED_EDGE('',*,*,#563,.F.);
#11141 = PLANE('',#11142);
#11142 = AXIS2_PLACEMENT_3D('',#11143,#11144,#11145);
#11143 = CARTESIAN_POINT('',(146.843049,-136.334658,0.));
#11144 = DIRECTION('',(0.,1.,0.));
#11145 = DIRECTION('',(1.,0.,0.));
#11146 = ADVANCED_FACE('',(#11147),#11158,.T.);
#11147 = FACE_BOUND('',#11148,.T.);
#11148 = EDGE_LOOP('',(#11149,#11150,#11151,#11157));
#11149 = ORIENTED_EDGE('',*,*,#11135,.T.);
#11150 = ORIENTED_EDGE('',*,*,#5700,.T.);
#11151 = ORIENTED_EDGE('',*,*,#11152,.F.);
#11152 = EDGE_CURVE('',#548,#5693,#11153,.T.);
#11153 = LINE('',#11154,#11155);
#11154 = CARTESIAN_POINT('',(148.684212,-136.402957,0.));
#11155 = VECTOR('',#11156,1.);
#11156 = DIRECTION('',(0.,0.,1.));
#11157 = ORIENTED_EDGE('',*,*,#555,.F.);
#11158 = PLANE('',#11159);
#11159 = AXIS2_PLACEMENT_3D('',#11160,#11161,#11162);
#11160 = CARTESIAN_POINT('',(148.431953,-136.334658,0.));
#11161 = DIRECTION('',(0.261340091681,0.965246785273,-0.));
#11162 = DIRECTION('',(0.965246785273,-0.261340091681,0.));
#11163 = ADVANCED_FACE('',(#11164),#11175,.T.);
#11164 = FACE_BOUND('',#11165,.T.);
#11165 = EDGE_LOOP('',(#11166,#11167,#11168,#11174));
#11166 = ORIENTED_EDGE('',*,*,#11152,.T.);
#11167 = ORIENTED_EDGE('',*,*,#5692,.T.);
#11168 = ORIENTED_EDGE('',*,*,#11169,.F.);
#11169 = EDGE_CURVE('',#540,#5685,#11170,.T.);
#11170 = LINE('',#11171,#11172);
#11171 = CARTESIAN_POINT('',(148.746676,-136.436618,0.));
#11172 = VECTOR('',#11173,1.);
#11173 = DIRECTION('',(0.,0.,1.));
#11174 = ORIENTED_EDGE('',*,*,#547,.F.);
#11175 = PLANE('',#11176);
#11176 = AXIS2_PLACEMENT_3D('',#11177,#11178,#11179);
#11177 = CARTESIAN_POINT('',(148.684212,-136.402957,0.));
#11178 = DIRECTION('',(0.474389741398,0.880314928453,-0.));
#11179 = DIRECTION('',(0.880314928453,-0.474389741398,0.));
#11180 = ADVANCED_FACE('',(#11181),#11192,.T.);
#11181 = FACE_BOUND('',#11182,.T.);
#11182 = EDGE_LOOP('',(#11183,#11184,#11185,#11191));
#11183 = ORIENTED_EDGE('',*,*,#11169,.T.);
#11184 = ORIENTED_EDGE('',*,*,#5684,.T.);
#11185 = ORIENTED_EDGE('',*,*,#11186,.F.);
#11186 = EDGE_CURVE('',#532,#5677,#11187,.T.);
#11187 = LINE('',#11188,#11189);
#11188 = CARTESIAN_POINT('',(149.386985,-135.754377,0.));
#11189 = VECTOR('',#11190,1.);
#11190 = DIRECTION('',(0.,0.,1.));
#11191 = ORIENTED_EDGE('',*,*,#539,.F.);
#11192 = PLANE('',#11193);
#11193 = AXIS2_PLACEMENT_3D('',#11194,#11195,#11196);
#11194 = CARTESIAN_POINT('',(148.746676,-136.436618,0.));
#11195 = DIRECTION('',(-0.729159501222,0.684343789171,0.));
#11196 = DIRECTION('',(0.684343789171,0.729159501222,0.));
#11197 = ADVANCED_FACE('',(#11198),#11209,.T.);
#11198 = FACE_BOUND('',#11199,.T.);
#11199 = EDGE_LOOP('',(#11200,#11201,#11202,#11208));
#11200 = ORIENTED_EDGE('',*,*,#11186,.T.);
#11201 = ORIENTED_EDGE('',*,*,#5676,.T.);
#11202 = ORIENTED_EDGE('',*,*,#11203,.F.);
#11203 = EDGE_CURVE('',#524,#5669,#11204,.T.);
#11204 = LINE('',#11205,#11206);
#11205 = CARTESIAN_POINT('',(149.364048,-135.703111,0.));
#11206 = VECTOR('',#11207,1.);
#11207 = DIRECTION('',(0.,0.,1.));
#11208 = ORIENTED_EDGE('',*,*,#531,.F.);
#11209 = PLANE('',#11210);
#11210 = AXIS2_PLACEMENT_3D('',#11211,#11212,#11213);
#11211 = CARTESIAN_POINT('',(149.386985,-135.754377,0.));
#11212 = DIRECTION('',(-0.912803579703,-0.408398855141,0.));
#11213 = DIRECTION('',(-0.408398855141,0.912803579703,0.));
#11214 = ADVANCED_FACE('',(#11215),#11226,.T.);
#11215 = FACE_BOUND('',#11216,.T.);
#11216 = EDGE_LOOP('',(#11217,#11218,#11219,#11225));
#11217 = ORIENTED_EDGE('',*,*,#11203,.T.);
#11218 = ORIENTED_EDGE('',*,*,#5668,.T.);
#11219 = ORIENTED_EDGE('',*,*,#11220,.F.);
#11220 = EDGE_CURVE('',#516,#5661,#11221,.T.);
#11221 = LINE('',#11222,#11223);
#11222 = CARTESIAN_POINT('',(149.3375,-135.5375,0.));
#11223 = VECTOR('',#11224,1.);
#11224 = DIRECTION('',(0.,0.,1.));
#11225 = ORIENTED_EDGE('',*,*,#523,.F.);
#11226 = PLANE('',#11227);
#11227 = AXIS2_PLACEMENT_3D('',#11228,#11229,#11230);
#11228 = CARTESIAN_POINT('',(149.364048,-135.703111,0.));
#11229 = DIRECTION('',(-0.987393859041,-0.15828255472,0.));
#11230 = DIRECTION('',(-0.15828255472,0.987393859041,0.));
#11231 = ADVANCED_FACE('',(#11232),#11243,.T.);
#11232 = FACE_BOUND('',#11233,.T.);
#11233 = EDGE_LOOP('',(#11234,#11235,#11236,#11242));
#11234 = ORIENTED_EDGE('',*,*,#11220,.T.);
#11235 = ORIENTED_EDGE('',*,*,#5660,.T.);
#11236 = ORIENTED_EDGE('',*,*,#11237,.F.);
#11237 = EDGE_CURVE('',#508,#5653,#11238,.T.);
#11238 = LINE('',#11239,#11240);
#11239 = CARTESIAN_POINT('',(149.3375,-134.131816,0.));
#11240 = VECTOR('',#11241,1.);
#11241 = DIRECTION('',(0.,0.,1.));
#11242 = ORIENTED_EDGE('',*,*,#515,.F.);
#11243 = PLANE('',#11244);
#11244 = AXIS2_PLACEMENT_3D('',#11245,#11246,#11247);
#11245 = CARTESIAN_POINT('',(149.3375,-135.5375,0.));
#11246 = DIRECTION('',(-1.,0.,0.));
#11247 = DIRECTION('',(0.,1.,0.));
#11248 = ADVANCED_FACE('',(#11249),#11260,.T.);
#11249 = FACE_BOUND('',#11250,.T.);
#11250 = EDGE_LOOP('',(#11251,#11252,#11253,#11259));
#11251 = ORIENTED_EDGE('',*,*,#11237,.T.);
#11252 = ORIENTED_EDGE('',*,*,#5652,.T.);
#11253 = ORIENTED_EDGE('',*,*,#11254,.F.);
#11254 = EDGE_CURVE('',#500,#5645,#11255,.T.);
#11255 = LINE('',#11256,#11257);
#11256 = CARTESIAN_POINT('',(149.386985,-133.914938,0.));
#11257 = VECTOR('',#11258,1.);
#11258 = DIRECTION('',(0.,0.,1.));
#11259 = ORIENTED_EDGE('',*,*,#507,.F.);
#11260 = PLANE('',#11261);
#11261 = AXIS2_PLACEMENT_3D('',#11262,#11263,#11264);
#11262 = CARTESIAN_POINT('',(149.3375,-134.131816,0.));
#11263 = DIRECTION('',(-0.974943502008,0.222452619431,0.));
#11264 = DIRECTION('',(0.222452619431,0.974943502008,0.));
#11265 = ADVANCED_FACE('',(#11266),#11277,.T.);
#11266 = FACE_BOUND('',#11267,.T.);
#11267 = EDGE_LOOP('',(#11268,#11269,#11270,#11276));
#11268 = ORIENTED_EDGE('',*,*,#11254,.T.);
#11269 = ORIENTED_EDGE('',*,*,#5644,.T.);
#11270 = ORIENTED_EDGE('',*,*,#11271,.F.);
#11271 = EDGE_CURVE('',#492,#5637,#11272,.T.);
#11272 = LINE('',#11273,#11274);
#11273 = CARTESIAN_POINT('',(149.415524,-133.849984,0.));
#11274 = VECTOR('',#11275,1.);
#11275 = DIRECTION('',(0.,0.,1.));
#11276 = ORIENTED_EDGE('',*,*,#499,.F.);
#11277 = PLANE('',#11278);
#11278 = AXIS2_PLACEMENT_3D('',#11279,#11280,#11281);
#11279 = CARTESIAN_POINT('',(149.386985,-133.914938,0.));
#11280 = DIRECTION('',(-0.915526689869,0.402257231305,0.));
#11281 = DIRECTION('',(0.402257231305,0.915526689869,0.));
#11282 = ADVANCED_FACE('',(#11283),#11294,.T.);
#11283 = FACE_BOUND('',#11284,.T.);
#11284 = EDGE_LOOP('',(#11285,#11286,#11287,#11293));
#11285 = ORIENTED_EDGE('',*,*,#11271,.T.);
#11286 = ORIENTED_EDGE('',*,*,#5636,.T.);
#11287 = ORIENTED_EDGE('',*,*,#11288,.F.);
#11288 = EDGE_CURVE('',#484,#5629,#11289,.T.);
#11289 = LINE('',#11290,#11291);
#11290 = CARTESIAN_POINT('',(148.684212,-133.26636,0.));
#11291 = VECTOR('',#11292,1.);
#11292 = DIRECTION('',(0.,0.,1.));
#11293 = ORIENTED_EDGE('',*,*,#491,.F.);
#11294 = PLANE('',#11295);
#11295 = AXIS2_PLACEMENT_3D('',#11296,#11297,#11298);
#11296 = CARTESIAN_POINT('',(149.415524,-133.849984,0.));
#11297 = DIRECTION('',(-0.623765549005,-0.781611501882,0.));
#11298 = DIRECTION('',(-0.781611501882,0.623765549005,0.));
#11299 = ADVANCED_FACE('',(#11300),#11311,.T.);
#11300 = FACE_BOUND('',#11301,.T.);
#11301 = EDGE_LOOP('',(#11302,#11303,#11304,#11310));
#11302 = ORIENTED_EDGE('',*,*,#11288,.T.);
#11303 = ORIENTED_EDGE('',*,*,#5628,.T.);
#11304 = ORIENTED_EDGE('',*,*,#11305,.F.);
#11305 = EDGE_CURVE('',#476,#5621,#11306,.T.);
#11306 = LINE('',#11307,#11308);
#11307 = CARTESIAN_POINT('',(148.626011,-133.29801,0.));
#11308 = VECTOR('',#11309,1.);
#11309 = DIRECTION('',(0.,0.,1.));
#11310 = ORIENTED_EDGE('',*,*,#483,.F.);
#11311 = PLANE('',#11312);
#11312 = AXIS2_PLACEMENT_3D('',#11313,#11314,#11315);
#11313 = CARTESIAN_POINT('',(148.684212,-133.26636,0.));
#11314 = DIRECTION('',(0.47773495646,-0.878504018987,0.));
#11315 = DIRECTION('',(-0.878504018987,-0.47773495646,0.));
#11316 = ADVANCED_FACE('',(#11317),#11328,.T.);
#11317 = FACE_BOUND('',#11318,.T.);
#11318 = EDGE_LOOP('',(#11319,#11320,#11321,#11327));
#11319 = ORIENTED_EDGE('',*,*,#11305,.T.);
#11320 = ORIENTED_EDGE('',*,*,#5620,.T.);
#11321 = ORIENTED_EDGE('',*,*,#11322,.F.);
#11322 = EDGE_CURVE('',#468,#5613,#11323,.T.);
#11323 = LINE('',#11324,#11325);
#11324 = CARTESIAN_POINT('',(148.431954,-133.334659,0.));
#11325 = VECTOR('',#11326,1.);
#11326 = DIRECTION('',(0.,0.,1.));
#11327 = ORIENTED_EDGE('',*,*,#475,.F.);
#11328 = PLANE('',#11329);
#11329 = AXIS2_PLACEMENT_3D('',#11330,#11331,#11332);
#11330 = CARTESIAN_POINT('',(148.626011,-133.29801,0.));
#11331 = DIRECTION('',(0.185576407469,-0.982629837218,0.));
#11332 = DIRECTION('',(-0.982629837218,-0.185576407469,0.));
#11333 = ADVANCED_FACE('',(#11334),#11345,.T.);
#11334 = FACE_BOUND('',#11335,.T.);
#11335 = EDGE_LOOP('',(#11336,#11337,#11338,#11344));
#11336 = ORIENTED_EDGE('',*,*,#11322,.T.);
#11337 = ORIENTED_EDGE('',*,*,#5612,.T.);
#11338 = ORIENTED_EDGE('',*,*,#11339,.F.);
#11339 = EDGE_CURVE('',#460,#5605,#11340,.T.);
#11340 = LINE('',#11341,#11342);
#11341 = CARTESIAN_POINT('',(146.843049,-133.334659,0.));
#11342 = VECTOR('',#11343,1.);
#11343 = DIRECTION('',(0.,0.,1.));
#11344 = ORIENTED_EDGE('',*,*,#467,.F.);
#11345 = PLANE('',#11346);
#11346 = AXIS2_PLACEMENT_3D('',#11347,#11348,#11349);
#11347 = CARTESIAN_POINT('',(148.431954,-133.334659,0.));
#11348 = DIRECTION('',(0.,-1.,0.));
#11349 = DIRECTION('',(-1.,0.,0.));
#11350 = ADVANCED_FACE('',(#11351),#11362,.T.);
#11351 = FACE_BOUND('',#11352,.T.);
#11352 = EDGE_LOOP('',(#11353,#11354,#11355,#11361));
#11353 = ORIENTED_EDGE('',*,*,#11339,.T.);
#11354 = ORIENTED_EDGE('',*,*,#5604,.T.);
#11355 = ORIENTED_EDGE('',*,*,#11356,.F.);
#11356 = EDGE_CURVE('',#452,#5597,#11357,.T.);
#11357 = LINE('',#11358,#11359);
#11358 = CARTESIAN_POINT('',(146.59079,-133.266359,0.));
#11359 = VECTOR('',#11360,1.);
#11360 = DIRECTION('',(0.,0.,1.));
#11361 = ORIENTED_EDGE('',*,*,#459,.F.);
#11362 = PLANE('',#11363);
#11363 = AXIS2_PLACEMENT_3D('',#11364,#11365,#11366);
#11364 = CARTESIAN_POINT('',(146.843049,-133.334659,0.));
#11365 = DIRECTION('',(-0.261343656749,-0.965245820026,0.));
#11366 = DIRECTION('',(-0.965245820026,0.261343656749,0.));
#11367 = ADVANCED_FACE('',(#11368),#11374,.T.);
#11368 = FACE_BOUND('',#11369,.T.);
#11369 = EDGE_LOOP('',(#11370,#11371,#11372,#11373));
#11370 = ORIENTED_EDGE('',*,*,#11356,.T.);
#11371 = ORIENTED_EDGE('',*,*,#5596,.T.);
#11372 = ORIENTED_EDGE('',*,*,#10975,.F.);
#11373 = ORIENTED_EDGE('',*,*,#451,.F.);
#11374 = PLANE('',#11375);
#11375 = AXIS2_PLACEMENT_3D('',#11376,#11377,#11378);
#11376 = CARTESIAN_POINT('',(146.59079,-133.266359,0.));
#11377 = DIRECTION('',(-0.474332587922,-0.880345725289,0.));
#11378 = DIRECTION('',(-0.880345725289,0.474332587922,0.));
#11379 = ADVANCED_FACE('',(#11380),#11396,.F.);
#11380 = FACE_BOUND('',#11381,.T.);
#11381 = EDGE_LOOP('',(#11382,#11388,#11389,#11395));
#11382 = ORIENTED_EDGE('',*,*,#11383,.T.);
#11383 = EDGE_CURVE('',#5781,#636,#11384,.T.);
#11384 = LINE('',#11385,#11386);
#11385 = CARTESIAN_POINT('',(142.28136524398,-129.3711034914,-4.6E-02));
#11386 = VECTOR('',#11387,1.);
#11387 = DIRECTION('',(-0.,-0.,-1.));
#11388 = ORIENTED_EDGE('',*,*,#635,.T.);
#11389 = ORIENTED_EDGE('',*,*,#11390,.F.);
#11390 = EDGE_CURVE('',#5783,#638,#11391,.T.);
#11391 = LINE('',#11392,#11393);
#11392 = CARTESIAN_POINT('',(143.38396071861,-130.3736521597,-4.6E-02));
#11393 = VECTOR('',#11394,1.);
#11394 = DIRECTION('',(-0.,-0.,-1.));
#11395 = ORIENTED_EDGE('',*,*,#5780,.F.);
#11396 = CYLINDRICAL_SURFACE('',#11397,0.85);
#11397 = AXIS2_PLACEMENT_3D('',#11398,#11399,#11400);
#11398 = CARTESIAN_POINT('',(142.5575,-130.175,-4.6E-02));
#11399 = DIRECTION('',(-0.,-0.,-1.));
#11400 = DIRECTION('',(-0.,-1.,0.));
#11401 = ADVANCED_FACE('',(#11402),#11413,.F.);
#11402 = FACE_BOUND('',#11403,.T.);
#11403 = EDGE_LOOP('',(#11404,#11405,#11411,#11412));
#11404 = ORIENTED_EDGE('',*,*,#664,.T.);
#11405 = ORIENTED_EDGE('',*,*,#11406,.T.);
#11406 = EDGE_CURVE('',#665,#5810,#11407,.T.);
#11407 = LINE('',#11408,#11409);
#11408 = CARTESIAN_POINT('',(143.8275,-128.385,-4.6E-02));
#11409 = VECTOR('',#11410,1.);
#11410 = DIRECTION('',(0.,0.,1.));
#11411 = ORIENTED_EDGE('',*,*,#5809,.F.);
#11412 = ORIENTED_EDGE('',*,*,#11406,.F.);
#11413 = CYLINDRICAL_SURFACE('',#11414,0.75);
#11414 = AXIS2_PLACEMENT_3D('',#11415,#11416,#11417);
#11415 = CARTESIAN_POINT('',(143.8275,-127.635,-4.6E-02));
#11416 = DIRECTION('',(-0.,-0.,-1.));
#11417 = DIRECTION('',(-0.,-1.,0.));
#11418 = ADVANCED_FACE('',(#11419),#11430,.F.);
#11419 = FACE_BOUND('',#11420,.T.);
#11420 = EDGE_LOOP('',(#11421,#11422,#11428,#11429));
#11421 = ORIENTED_EDGE('',*,*,#675,.T.);
#11422 = ORIENTED_EDGE('',*,*,#11423,.T.);
#11423 = EDGE_CURVE('',#676,#5821,#11424,.T.);
#11424 = LINE('',#11425,#11426);
#11425 = CARTESIAN_POINT('',(147.6375,-132.175,-4.6E-02));
#11426 = VECTOR('',#11427,1.);
#11427 = DIRECTION('',(0.,0.,1.));
#11428 = ORIENTED_EDGE('',*,*,#5820,.F.);
#11429 = ORIENTED_EDGE('',*,*,#11423,.F.);
#11430 = CYLINDRICAL_SURFACE('',#11431,2.);
#11431 = AXIS2_PLACEMENT_3D('',#11432,#11433,#11434);
#11432 = CARTESIAN_POINT('',(147.6375,-130.175,-4.6E-02));
#11433 = DIRECTION('',(-0.,-0.,-1.));
#11434 = DIRECTION('',(-0.,-1.,0.));
#11435 = ADVANCED_FACE('',(#11436),#11447,.F.);
#11436 = FACE_BOUND('',#11437,.T.);
#11437 = EDGE_LOOP('',(#11438,#11439,#11445,#11446));
#11438 = ORIENTED_EDGE('',*,*,#686,.T.);
#11439 = ORIENTED_EDGE('',*,*,#11440,.T.);
#11440 = EDGE_CURVE('',#687,#5832,#11441,.T.);
#11441 = LINE('',#11442,#11443);
#11442 = CARTESIAN_POINT('',(155.575,-134.385,-4.6E-02));
#11443 = VECTOR('',#11444,1.);
#11444 = DIRECTION('',(0.,0.,1.));
#11445 = ORIENTED_EDGE('',*,*,#5831,.F.);
#11446 = ORIENTED_EDGE('',*,*,#11440,.F.);
#11447 = CYLINDRICAL_SURFACE('',#11448,0.4);
#11448 = AXIS2_PLACEMENT_3D('',#11449,#11450,#11451);
#11449 = CARTESIAN_POINT('',(155.575,-133.985,-4.6E-02));
#11450 = DIRECTION('',(-0.,-0.,-1.));
#11451 = DIRECTION('',(-0.,-1.,0.));
#11452 = ADVANCED_FACE('',(#11453),#11464,.F.);
#11453 = FACE_BOUND('',#11454,.T.);
#11454 = EDGE_LOOP('',(#11455,#11456,#11462,#11463));
#11455 = ORIENTED_EDGE('',*,*,#697,.T.);
#11456 = ORIENTED_EDGE('',*,*,#11457,.T.);
#11457 = EDGE_CURVE('',#698,#5843,#11458,.T.);
#11458 = LINE('',#11459,#11460);
#11459 = CARTESIAN_POINT('',(152.7175,-131.025,-4.6E-02));
#11460 = VECTOR('',#11461,1.);
#11461 = DIRECTION('',(0.,0.,1.));
#11462 = ORIENTED_EDGE('',*,*,#5842,.F.);
#11463 = ORIENTED_EDGE('',*,*,#11457,.F.);
#11464 = CYLINDRICAL_SURFACE('',#11465,0.85);
#11465 = AXIS2_PLACEMENT_3D('',#11466,#11467,#11468);
#11466 = CARTESIAN_POINT('',(152.7175,-130.175,-4.6E-02));
#11467 = DIRECTION('',(-0.,-0.,-1.));
#11468 = DIRECTION('',(-0.,-1.,0.));
#11469 = ADVANCED_FACE('',(#11470),#11481,.F.);
#11470 = FACE_BOUND('',#11471,.T.);
#11471 = EDGE_LOOP('',(#11472,#11473,#11479,#11480));
#11472 = ORIENTED_EDGE('',*,*,#708,.T.);
#11473 = ORIENTED_EDGE('',*,*,#11474,.T.);
#11474 = EDGE_CURVE('',#709,#5854,#11475,.T.);
#11475 = LINE('',#11476,#11477);
#11476 = CARTESIAN_POINT('',(150.1775,-125.845,-4.6E-02));
#11477 = VECTOR('',#11478,1.);
#11478 = DIRECTION('',(0.,0.,1.));
#11479 = ORIENTED_EDGE('',*,*,#5853,.F.);
#11480 = ORIENTED_EDGE('',*,*,#11474,.F.);
#11481 = CYLINDRICAL_SURFACE('',#11482,0.75);
#11482 = AXIS2_PLACEMENT_3D('',#11483,#11484,#11485);
#11483 = CARTESIAN_POINT('',(150.1775,-125.095,-4.6E-02));
#11484 = DIRECTION('',(-0.,-0.,-1.));
#11485 = DIRECTION('',(-0.,-1.,0.));
#11486 = ADVANCED_FACE('',(#11487),#11498,.F.);
#11487 = FACE_BOUND('',#11488,.T.);
#11488 = EDGE_LOOP('',(#11489,#11490,#11496,#11497));
#11489 = ORIENTED_EDGE('',*,*,#719,.T.);
#11490 = ORIENTED_EDGE('',*,*,#11491,.T.);
#11491 = EDGE_CURVE('',#720,#5865,#11492,.T.);
#11492 = LINE('',#11493,#11494);
#11493 = CARTESIAN_POINT('',(155.575,-126.765,-4.6E-02));
#11494 = VECTOR('',#11495,1.);
#11495 = DIRECTION('',(0.,0.,1.));
#11496 = ORIENTED_EDGE('',*,*,#5864,.F.);
#11497 = ORIENTED_EDGE('',*,*,#11491,.F.);
#11498 = CYLINDRICAL_SURFACE('',#11499,0.4);
#11499 = AXIS2_PLACEMENT_3D('',#11500,#11501,#11502);
#11500 = CARTESIAN_POINT('',(155.575,-126.365,-4.6E-02));
#11501 = DIRECTION('',(-0.,-0.,-1.));
#11502 = DIRECTION('',(-0.,-1.,0.));
#11503 = ADVANCED_FACE('',(#11504),#11520,.T.);
#11504 = FACE_BOUND('',#11505,.T.);
#11505 = EDGE_LOOP('',(#11506,#11512,#11513,#11519));
#11506 = ORIENTED_EDGE('',*,*,#11507,.T.);
#11507 = EDGE_CURVE('',#731,#5876,#11508,.T.);
#11508 = LINE('',#11509,#11510);
#11509 = CARTESIAN_POINT('',(127.47832,-114.1827,0.));
#11510 = VECTOR('',#11511,1.);
#11511 = DIRECTION('',(0.,0.,1.));
#11512 = ORIENTED_EDGE('',*,*,#5875,.T.);
#11513 = ORIENTED_EDGE('',*,*,#11514,.F.);
#11514 = EDGE_CURVE('',#733,#5878,#11515,.T.);
#11515 = LINE('',#11516,#11517);
#11516 = CARTESIAN_POINT('',(126.838017,-114.864938,0.));
#11517 = VECTOR('',#11518,1.);
#11518 = DIRECTION('',(0.,0.,1.));
#11519 = ORIENTED_EDGE('',*,*,#730,.F.);
#11520 = PLANE('',#11521);
#11521 = AXIS2_PLACEMENT_3D('',#11522,#11523,#11524);
#11522 = CARTESIAN_POINT('',(127.47832,-114.1827,0.));
#11523 = DIRECTION('',(0.729161199504,-0.68434197967,0.));
#11524 = DIRECTION('',(-0.68434197967,-0.729161199504,0.));
#11525 = ADVANCED_FACE('',(#11526),#11537,.T.);
#11526 = FACE_BOUND('',#11527,.T.);
#11527 = EDGE_LOOP('',(#11528,#11529,#11530,#11536));
#11528 = ORIENTED_EDGE('',*,*,#11514,.T.);
#11529 = ORIENTED_EDGE('',*,*,#6061,.T.);
#11530 = ORIENTED_EDGE('',*,*,#11531,.F.);
#11531 = EDGE_CURVE('',#909,#6054,#11532,.T.);
#11532 = LINE('',#11533,#11534);
#11533 = CARTESIAN_POINT('',(126.860953,-114.916205,0.));
#11534 = VECTOR('',#11535,1.);
#11535 = DIRECTION('',(0.,0.,1.));
#11536 = ORIENTED_EDGE('',*,*,#916,.F.);
#11537 = PLANE('',#11538);
#11538 = AXIS2_PLACEMENT_3D('',#11539,#11540,#11541);
#11539 = CARTESIAN_POINT('',(126.838017,-114.864938,0.));
#11540 = DIRECTION('',(0.912813186674,0.408377382128,-0.));
#11541 = DIRECTION('',(0.408377382128,-0.912813186674,0.));
#11542 = ADVANCED_FACE('',(#11543),#11554,.T.);
#11543 = FACE_BOUND('',#11544,.T.);
#11544 = EDGE_LOOP('',(#11545,#11546,#11547,#11553));
#11545 = ORIENTED_EDGE('',*,*,#11531,.T.);
#11546 = ORIENTED_EDGE('',*,*,#6053,.T.);
#11547 = ORIENTED_EDGE('',*,*,#11548,.F.);
#11548 = EDGE_CURVE('',#901,#6046,#11549,.T.);
#11549 = LINE('',#11550,#11551);
#11550 = CARTESIAN_POINT('',(126.887502,-115.081816,0.));
#11551 = VECTOR('',#11552,1.);
#11552 = DIRECTION('',(0.,0.,1.));
#11553 = ORIENTED_EDGE('',*,*,#908,.F.);
#11554 = PLANE('',#11555);
#11555 = AXIS2_PLACEMENT_3D('',#11556,#11557,#11558);
#11556 = CARTESIAN_POINT('',(126.860953,-114.916205,0.));
#11557 = DIRECTION('',(0.98739292722,0.158288367468,-0.));
#11558 = DIRECTION('',(0.158288367468,-0.98739292722,0.));
#11559 = ADVANCED_FACE('',(#11560),#11571,.T.);
#11560 = FACE_BOUND('',#11561,.T.);
#11561 = EDGE_LOOP('',(#11562,#11563,#11564,#11570));
#11562 = ORIENTED_EDGE('',*,*,#11548,.T.);
#11563 = ORIENTED_EDGE('',*,*,#6045,.T.);
#11564 = ORIENTED_EDGE('',*,*,#11565,.F.);
#11565 = EDGE_CURVE('',#893,#6038,#11566,.T.);
#11566 = LINE('',#11567,#11568);
#11567 = CARTESIAN_POINT('',(126.887502,-116.4875,0.));
#11568 = VECTOR('',#11569,1.);
#11569 = DIRECTION('',(0.,0.,1.));
#11570 = ORIENTED_EDGE('',*,*,#900,.F.);
#11571 = PLANE('',#11572);
#11572 = AXIS2_PLACEMENT_3D('',#11573,#11574,#11575);
#11573 = CARTESIAN_POINT('',(126.887502,-115.081816,0.));
#11574 = DIRECTION('',(1.,0.,-0.));
#11575 = DIRECTION('',(0.,-1.,0.));
#11576 = ADVANCED_FACE('',(#11577),#11588,.T.);
#11577 = FACE_BOUND('',#11578,.T.);
#11578 = EDGE_LOOP('',(#11579,#11580,#11581,#11587));
#11579 = ORIENTED_EDGE('',*,*,#11565,.T.);
#11580 = ORIENTED_EDGE('',*,*,#6037,.T.);
#11581 = ORIENTED_EDGE('',*,*,#11582,.F.);
#11582 = EDGE_CURVE('',#885,#6030,#11583,.T.);
#11583 = LINE('',#11584,#11585);
#11584 = CARTESIAN_POINT('',(126.838017,-116.704378,0.));
#11585 = VECTOR('',#11586,1.);
#11586 = DIRECTION('',(0.,0.,1.));
#11587 = ORIENTED_EDGE('',*,*,#892,.F.);
#11588 = PLANE('',#11589);
#11589 = AXIS2_PLACEMENT_3D('',#11590,#11591,#11592);
#11590 = CARTESIAN_POINT('',(126.887502,-116.4875,0.));
#11591 = DIRECTION('',(0.974943502008,-0.222452619431,0.));
#11592 = DIRECTION('',(-0.222452619431,-0.974943502008,0.));
#11593 = ADVANCED_FACE('',(#11594),#11605,.T.);
#11594 = FACE_BOUND('',#11595,.T.);
#11595 = EDGE_LOOP('',(#11596,#11597,#11598,#11604));
#11596 = ORIENTED_EDGE('',*,*,#11582,.T.);
#11597 = ORIENTED_EDGE('',*,*,#6029,.T.);
#11598 = ORIENTED_EDGE('',*,*,#11599,.F.);
#11599 = EDGE_CURVE('',#877,#6022,#11600,.T.);
#11600 = LINE('',#11601,#11602);
#11601 = CARTESIAN_POINT('',(126.809464,-116.769339,0.));
#11602 = VECTOR('',#11603,1.);
#11603 = DIRECTION('',(0.,0.,1.));
#11604 = ORIENTED_EDGE('',*,*,#884,.F.);
#11605 = PLANE('',#11606);
#11606 = AXIS2_PLACEMENT_3D('',#11607,#11608,#11609);
#11607 = CARTESIAN_POINT('',(126.838017,-116.704378,0.));
#11608 = DIRECTION('',(0.915469983318,-0.402386269203,0.));
#11609 = DIRECTION('',(-0.402386269203,-0.915469983318,0.));
#11610 = ADVANCED_FACE('',(#11611),#11622,.T.);
#11611 = FACE_BOUND('',#11612,.T.);
#11612 = EDGE_LOOP('',(#11613,#11614,#11615,#11621));
#11613 = ORIENTED_EDGE('',*,*,#11599,.T.);
#11614 = ORIENTED_EDGE('',*,*,#6021,.T.);
#11615 = ORIENTED_EDGE('',*,*,#11616,.F.);
#11616 = EDGE_CURVE('',#869,#6014,#11617,.T.);
#11617 = LINE('',#11618,#11619);
#11618 = CARTESIAN_POINT('',(127.54079,-117.352955,0.));
#11619 = VECTOR('',#11620,1.);
#11620 = DIRECTION('',(0.,0.,1.));
#11621 = ORIENTED_EDGE('',*,*,#876,.F.);
#11622 = PLANE('',#11623);
#11623 = AXIS2_PLACEMENT_3D('',#11624,#11625,#11626);
#11624 = CARTESIAN_POINT('',(126.809464,-116.769339,0.));
#11625 = DIRECTION('',(0.623753030467,0.781621492145,-0.));
#11626 = DIRECTION('',(0.781621492145,-0.623753030467,0.));
#11627 = ADVANCED_FACE('',(#11628),#11639,.T.);
#11628 = FACE_BOUND('',#11629,.T.);
#11629 = EDGE_LOOP('',(#11630,#11631,#11632,#11638));
#11630 = ORIENTED_EDGE('',*,*,#11616,.T.);
#11631 = ORIENTED_EDGE('',*,*,#6013,.T.);
#11632 = ORIENTED_EDGE('',*,*,#11633,.F.);
#11633 = EDGE_CURVE('',#861,#6006,#11634,.T.);
#11634 = LINE('',#11635,#11636);
#11635 = CARTESIAN_POINT('',(127.59899,-117.321298,0.));
#11636 = VECTOR('',#11637,1.);
#11637 = DIRECTION('',(0.,0.,1.));
#11638 = ORIENTED_EDGE('',*,*,#868,.F.);
#11639 = PLANE('',#11640);
#11640 = AXIS2_PLACEMENT_3D('',#11641,#11642,#11643);
#11641 = CARTESIAN_POINT('',(127.54079,-117.352955,0.));
#11642 = DIRECTION('',(-0.477822831046,0.878456226645,0.));
#11643 = DIRECTION('',(0.878456226645,0.477822831046,0.));
#11644 = ADVANCED_FACE('',(#11645),#11656,.T.);
#11645 = FACE_BOUND('',#11646,.T.);
#11646 = EDGE_LOOP('',(#11647,#11648,#11649,#11655));
#11647 = ORIENTED_EDGE('',*,*,#11633,.T.);
#11648 = ORIENTED_EDGE('',*,*,#6005,.T.);
#11649 = ORIENTED_EDGE('',*,*,#11650,.F.);
#11650 = EDGE_CURVE('',#853,#5998,#11651,.T.);
#11651 = LINE('',#11652,#11653);
#11652 = CARTESIAN_POINT('',(127.793049,-117.284658,0.));
#11653 = VECTOR('',#11654,1.);
#11654 = DIRECTION('',(0.,0.,1.));
#11655 = ORIENTED_EDGE('',*,*,#860,.F.);
#11656 = PLANE('',#11657);
#11657 = AXIS2_PLACEMENT_3D('',#11658,#11659,#11660);
#11658 = CARTESIAN_POINT('',(127.59899,-117.321298,0.));
#11659 = DIRECTION('',(-0.18553055753,0.982638495187,0.));
#11660 = DIRECTION('',(0.982638495187,0.18553055753,0.));
#11661 = ADVANCED_FACE('',(#11662),#11673,.T.);
#11662 = FACE_BOUND('',#11663,.T.);
#11663 = EDGE_LOOP('',(#11664,#11665,#11666,#11672));
#11664 = ORIENTED_EDGE('',*,*,#11650,.T.);
#11665 = ORIENTED_EDGE('',*,*,#5997,.T.);
#11666 = ORIENTED_EDGE('',*,*,#11667,.F.);
#11667 = EDGE_CURVE('',#845,#5990,#11668,.T.);
#11668 = LINE('',#11669,#11670);
#11669 = CARTESIAN_POINT('',(129.381953,-117.284658,0.));
#11670 = VECTOR('',#11671,1.);
#11671 = DIRECTION('',(0.,0.,1.));
#11672 = ORIENTED_EDGE('',*,*,#852,.F.);
#11673 = PLANE('',#11674);
#11674 = AXIS2_PLACEMENT_3D('',#11675,#11676,#11677);
#11675 = CARTESIAN_POINT('',(127.793049,-117.284658,0.));
#11676 = DIRECTION('',(0.,1.,0.));
#11677 = DIRECTION('',(1.,0.,0.));
#11678 = ADVANCED_FACE('',(#11679),#11690,.T.);
#11679 = FACE_BOUND('',#11680,.T.);
#11680 = EDGE_LOOP('',(#11681,#11682,#11683,#11689));
#11681 = ORIENTED_EDGE('',*,*,#11667,.T.);
#11682 = ORIENTED_EDGE('',*,*,#5989,.T.);
#11683 = ORIENTED_EDGE('',*,*,#11684,.F.);
#11684 = EDGE_CURVE('',#837,#5982,#11685,.T.);
#11685 = LINE('',#11686,#11687);
#11686 = CARTESIAN_POINT('',(129.634212,-117.352957,0.));
#11687 = VECTOR('',#11688,1.);
#11688 = DIRECTION('',(0.,0.,1.));
#11689 = ORIENTED_EDGE('',*,*,#844,.F.);
#11690 = PLANE('',#11691);
#11691 = AXIS2_PLACEMENT_3D('',#11692,#11693,#11694);
#11692 = CARTESIAN_POINT('',(129.381953,-117.284658,0.));
#11693 = DIRECTION('',(0.261340091681,0.965246785273,-0.));
#11694 = DIRECTION('',(0.965246785273,-0.261340091681,0.));
#11695 = ADVANCED_FACE('',(#11696),#11707,.T.);
#11696 = FACE_BOUND('',#11697,.T.);
#11697 = EDGE_LOOP('',(#11698,#11699,#11700,#11706));
#11698 = ORIENTED_EDGE('',*,*,#11684,.T.);
#11699 = ORIENTED_EDGE('',*,*,#5981,.T.);
#11700 = ORIENTED_EDGE('',*,*,#11701,.F.);
#11701 = EDGE_CURVE('',#829,#5974,#11702,.T.);
#11702 = LINE('',#11703,#11704);
#11703 = CARTESIAN_POINT('',(129.696676,-117.386618,0.));
#11704 = VECTOR('',#11705,1.);
#11705 = DIRECTION('',(0.,0.,1.));
#11706 = ORIENTED_EDGE('',*,*,#836,.F.);
#11707 = PLANE('',#11708);
#11708 = AXIS2_PLACEMENT_3D('',#11709,#11710,#11711);
#11709 = CARTESIAN_POINT('',(129.634212,-117.352957,0.));
#11710 = DIRECTION('',(0.474389741397,0.880314928453,-0.));
#11711 = DIRECTION('',(0.880314928453,-0.474389741397,0.));
#11712 = ADVANCED_FACE('',(#11713),#11724,.T.);
#11713 = FACE_BOUND('',#11714,.T.);
#11714 = EDGE_LOOP('',(#11715,#11716,#11717,#11723));
#11715 = ORIENTED_EDGE('',*,*,#11701,.T.);
#11716 = ORIENTED_EDGE('',*,*,#5973,.T.);
#11717 = ORIENTED_EDGE('',*,*,#11718,.F.);
#11718 = EDGE_CURVE('',#821,#5966,#11719,.T.);
#11719 = LINE('',#11720,#11721);
#11720 = CARTESIAN_POINT('',(130.336985,-116.704377,0.));
#11721 = VECTOR('',#11722,1.);
#11722 = DIRECTION('',(0.,0.,1.));
#11723 = ORIENTED_EDGE('',*,*,#828,.F.);
#11724 = PLANE('',#11725);
#11725 = AXIS2_PLACEMENT_3D('',#11726,#11727,#11728);
#11726 = CARTESIAN_POINT('',(129.696676,-117.386618,0.));
#11727 = DIRECTION('',(-0.729159501222,0.684343789171,0.));
#11728 = DIRECTION('',(0.684343789171,0.729159501222,0.));
#11729 = ADVANCED_FACE('',(#11730),#11741,.T.);
#11730 = FACE_BOUND('',#11731,.T.);
#11731 = EDGE_LOOP('',(#11732,#11733,#11734,#11740));
#11732 = ORIENTED_EDGE('',*,*,#11718,.T.);
#11733 = ORIENTED_EDGE('',*,*,#5965,.T.);
#11734 = ORIENTED_EDGE('',*,*,#11735,.F.);
#11735 = EDGE_CURVE('',#813,#5958,#11736,.T.);
#11736 = LINE('',#11737,#11738);
#11737 = CARTESIAN_POINT('',(130.314048,-116.653111,0.));
#11738 = VECTOR('',#11739,1.);
#11739 = DIRECTION('',(0.,0.,1.));
#11740 = ORIENTED_EDGE('',*,*,#820,.F.);
#11741 = PLANE('',#11742);
#11742 = AXIS2_PLACEMENT_3D('',#11743,#11744,#11745);
#11743 = CARTESIAN_POINT('',(130.336985,-116.704377,0.));
#11744 = DIRECTION('',(-0.912803579704,-0.408398855141,0.));
#11745 = DIRECTION('',(-0.408398855141,0.912803579704,0.));
#11746 = ADVANCED_FACE('',(#11747),#11758,.T.);
#11747 = FACE_BOUND('',#11748,.T.);
#11748 = EDGE_LOOP('',(#11749,#11750,#11751,#11757));
#11749 = ORIENTED_EDGE('',*,*,#11735,.T.);
#11750 = ORIENTED_EDGE('',*,*,#5957,.T.);
#11751 = ORIENTED_EDGE('',*,*,#11752,.F.);
#11752 = EDGE_CURVE('',#805,#5950,#11753,.T.);
#11753 = LINE('',#11754,#11755);
#11754 = CARTESIAN_POINT('',(130.2875,-116.4875,0.));
#11755 = VECTOR('',#11756,1.);
#11756 = DIRECTION('',(0.,0.,1.));
#11757 = ORIENTED_EDGE('',*,*,#812,.F.);
#11758 = PLANE('',#11759);
#11759 = AXIS2_PLACEMENT_3D('',#11760,#11761,#11762);
#11760 = CARTESIAN_POINT('',(130.314048,-116.653111,0.));
#11761 = DIRECTION('',(-0.987393859041,-0.158282554721,0.));
#11762 = DIRECTION('',(-0.158282554721,0.987393859041,0.));
#11763 = ADVANCED_FACE('',(#11764),#11775,.T.);
#11764 = FACE_BOUND('',#11765,.T.);
#11765 = EDGE_LOOP('',(#11766,#11767,#11768,#11774));
#11766 = ORIENTED_EDGE('',*,*,#11752,.T.);
#11767 = ORIENTED_EDGE('',*,*,#5949,.T.);
#11768 = ORIENTED_EDGE('',*,*,#11769,.F.);
#11769 = EDGE_CURVE('',#797,#5942,#11770,.T.);
#11770 = LINE('',#11771,#11772);
#11771 = CARTESIAN_POINT('',(130.2875,-115.081816,0.));
#11772 = VECTOR('',#11773,1.);
#11773 = DIRECTION('',(0.,0.,1.));
#11774 = ORIENTED_EDGE('',*,*,#804,.F.);
#11775 = PLANE('',#11776);
#11776 = AXIS2_PLACEMENT_3D('',#11777,#11778,#11779);
#11777 = CARTESIAN_POINT('',(130.2875,-116.4875,0.));
#11778 = DIRECTION('',(-1.,0.,0.));
#11779 = DIRECTION('',(0.,1.,0.));
#11780 = ADVANCED_FACE('',(#11781),#11792,.T.);
#11781 = FACE_BOUND('',#11782,.T.);
#11782 = EDGE_LOOP('',(#11783,#11784,#11785,#11791));
#11783 = ORIENTED_EDGE('',*,*,#11769,.T.);
#11784 = ORIENTED_EDGE('',*,*,#5941,.T.);
#11785 = ORIENTED_EDGE('',*,*,#11786,.F.);
#11786 = EDGE_CURVE('',#789,#5934,#11787,.T.);
#11787 = LINE('',#11788,#11789);
#11788 = CARTESIAN_POINT('',(130.336985,-114.864938,0.));
#11789 = VECTOR('',#11790,1.);
#11790 = DIRECTION('',(0.,0.,1.));
#11791 = ORIENTED_EDGE('',*,*,#796,.F.);
#11792 = PLANE('',#11793);
#11793 = AXIS2_PLACEMENT_3D('',#11794,#11795,#11796);
#11794 = CARTESIAN_POINT('',(130.2875,-115.081816,0.));
#11795 = DIRECTION('',(-0.974943502008,0.222452619431,0.));
#11796 = DIRECTION('',(0.222452619431,0.974943502008,0.));
#11797 = ADVANCED_FACE('',(#11798),#11809,.T.);
#11798 = FACE_BOUND('',#11799,.T.);
#11799 = EDGE_LOOP('',(#11800,#11801,#11802,#11808));
#11800 = ORIENTED_EDGE('',*,*,#11786,.T.);
#11801 = ORIENTED_EDGE('',*,*,#5933,.T.);
#11802 = ORIENTED_EDGE('',*,*,#11803,.F.);
#11803 = EDGE_CURVE('',#781,#5926,#11804,.T.);
#11804 = LINE('',#11805,#11806);
#11805 = CARTESIAN_POINT('',(130.365524,-114.799984,0.));
#11806 = VECTOR('',#11807,1.);
#11807 = DIRECTION('',(0.,0.,1.));
#11808 = ORIENTED_EDGE('',*,*,#788,.F.);
#11809 = PLANE('',#11810);
#11810 = AXIS2_PLACEMENT_3D('',#11811,#11812,#11813);
#11811 = CARTESIAN_POINT('',(130.336985,-114.864938,0.));
#11812 = DIRECTION('',(-0.915526689869,0.402257231305,0.));
#11813 = DIRECTION('',(0.402257231305,0.915526689869,0.));
#11814 = ADVANCED_FACE('',(#11815),#11826,.T.);
#11815 = FACE_BOUND('',#11816,.T.);
#11816 = EDGE_LOOP('',(#11817,#11818,#11819,#11825));
#11817 = ORIENTED_EDGE('',*,*,#11803,.T.);
#11818 = ORIENTED_EDGE('',*,*,#5925,.T.);
#11819 = ORIENTED_EDGE('',*,*,#11820,.F.);
#11820 = EDGE_CURVE('',#773,#5918,#11821,.T.);
#11821 = LINE('',#11822,#11823);
#11822 = CARTESIAN_POINT('',(129.634212,-114.21636,0.));
#11823 = VECTOR('',#11824,1.);
#11824 = DIRECTION('',(0.,0.,1.));
#11825 = ORIENTED_EDGE('',*,*,#780,.F.);
#11826 = PLANE('',#11827);
#11827 = AXIS2_PLACEMENT_3D('',#11828,#11829,#11830);
#11828 = CARTESIAN_POINT('',(130.365524,-114.799984,0.));
#11829 = DIRECTION('',(-0.623765549005,-0.781611501882,0.));
#11830 = DIRECTION('',(-0.781611501882,0.623765549005,0.));
#11831 = ADVANCED_FACE('',(#11832),#11843,.T.);
#11832 = FACE_BOUND('',#11833,.T.);
#11833 = EDGE_LOOP('',(#11834,#11835,#11836,#11842));
#11834 = ORIENTED_EDGE('',*,*,#11820,.T.);
#11835 = ORIENTED_EDGE('',*,*,#5917,.T.);
#11836 = ORIENTED_EDGE('',*,*,#11837,.F.);
#11837 = EDGE_CURVE('',#765,#5910,#11838,.T.);
#11838 = LINE('',#11839,#11840);
#11839 = CARTESIAN_POINT('',(129.576011,-114.24801,0.));
#11840 = VECTOR('',#11841,1.);
#11841 = DIRECTION('',(0.,0.,1.));
#11842 = ORIENTED_EDGE('',*,*,#772,.F.);
#11843 = PLANE('',#11844);
#11844 = AXIS2_PLACEMENT_3D('',#11845,#11846,#11847);
#11845 = CARTESIAN_POINT('',(129.634212,-114.21636,0.));
#11846 = DIRECTION('',(0.47773495646,-0.878504018987,0.));
#11847 = DIRECTION('',(-0.878504018987,-0.47773495646,0.));
#11848 = ADVANCED_FACE('',(#11849),#11860,.T.);
#11849 = FACE_BOUND('',#11850,.T.);
#11850 = EDGE_LOOP('',(#11851,#11852,#11853,#11859));
#11851 = ORIENTED_EDGE('',*,*,#11837,.T.);
#11852 = ORIENTED_EDGE('',*,*,#5909,.T.);
#11853 = ORIENTED_EDGE('',*,*,#11854,.F.);
#11854 = EDGE_CURVE('',#757,#5902,#11855,.T.);
#11855 = LINE('',#11856,#11857);
#11856 = CARTESIAN_POINT('',(129.381954,-114.284659,0.));
#11857 = VECTOR('',#11858,1.);
#11858 = DIRECTION('',(0.,0.,1.));
#11859 = ORIENTED_EDGE('',*,*,#764,.F.);
#11860 = PLANE('',#11861);
#11861 = AXIS2_PLACEMENT_3D('',#11862,#11863,#11864);
#11862 = CARTESIAN_POINT('',(129.576011,-114.24801,0.));
#11863 = DIRECTION('',(0.185576407469,-0.982629837218,0.));
#11864 = DIRECTION('',(-0.982629837218,-0.185576407469,0.));
#11865 = ADVANCED_FACE('',(#11866),#11877,.T.);
#11866 = FACE_BOUND('',#11867,.T.);
#11867 = EDGE_LOOP('',(#11868,#11869,#11870,#11876));
#11868 = ORIENTED_EDGE('',*,*,#11854,.T.);
#11869 = ORIENTED_EDGE('',*,*,#5901,.T.);
#11870 = ORIENTED_EDGE('',*,*,#11871,.F.);
#11871 = EDGE_CURVE('',#749,#5894,#11872,.T.);
#11872 = LINE('',#11873,#11874);
#11873 = CARTESIAN_POINT('',(127.793049,-114.284659,0.));
#11874 = VECTOR('',#11875,1.);
#11875 = DIRECTION('',(0.,0.,1.));
#11876 = ORIENTED_EDGE('',*,*,#756,.F.);
#11877 = PLANE('',#11878);
#11878 = AXIS2_PLACEMENT_3D('',#11879,#11880,#11881);
#11879 = CARTESIAN_POINT('',(129.381954,-114.284659,0.));
#11880 = DIRECTION('',(0.,-1.,0.));
#11881 = DIRECTION('',(-1.,0.,0.));
#11882 = ADVANCED_FACE('',(#11883),#11894,.T.);
#11883 = FACE_BOUND('',#11884,.T.);
#11884 = EDGE_LOOP('',(#11885,#11886,#11887,#11893));
#11885 = ORIENTED_EDGE('',*,*,#11871,.T.);
#11886 = ORIENTED_EDGE('',*,*,#5893,.T.);
#11887 = ORIENTED_EDGE('',*,*,#11888,.F.);
#11888 = EDGE_CURVE('',#741,#5886,#11889,.T.);
#11889 = LINE('',#11890,#11891);
#11890 = CARTESIAN_POINT('',(127.54079,-114.216359,0.));
#11891 = VECTOR('',#11892,1.);
#11892 = DIRECTION('',(0.,0.,1.));
#11893 = ORIENTED_EDGE('',*,*,#748,.F.);
#11894 = PLANE('',#11895);
#11895 = AXIS2_PLACEMENT_3D('',#11896,#11897,#11898);
#11896 = CARTESIAN_POINT('',(127.793049,-114.284659,0.));
#11897 = DIRECTION('',(-0.261343656749,-0.965245820026,0.));
#11898 = DIRECTION('',(-0.965245820026,0.261343656749,0.));
#11899 = ADVANCED_FACE('',(#11900),#11906,.T.);
#11900 = FACE_BOUND('',#11901,.T.);
#11901 = EDGE_LOOP('',(#11902,#11903,#11904,#11905));
#11902 = ORIENTED_EDGE('',*,*,#11888,.T.);
#11903 = ORIENTED_EDGE('',*,*,#5885,.T.);
#11904 = ORIENTED_EDGE('',*,*,#11507,.F.);
#11905 = ORIENTED_EDGE('',*,*,#740,.F.);
#11906 = PLANE('',#11907);
#11907 = AXIS2_PLACEMENT_3D('',#11908,#11909,#11910);
#11908 = CARTESIAN_POINT('',(127.54079,-114.216359,0.));
#11909 = DIRECTION('',(-0.474332587922,-0.880345725289,0.));
#11910 = DIRECTION('',(-0.880345725289,0.474332587922,0.));
#11911 = ADVANCED_FACE('',(#11912),#11928,.F.);
#11912 = FACE_BOUND('',#11913,.T.);
#11913 = EDGE_LOOP('',(#11914,#11920,#11921,#11927));
#11914 = ORIENTED_EDGE('',*,*,#11915,.T.);
#11915 = EDGE_CURVE('',#6070,#925,#11916,.T.);
#11916 = LINE('',#11917,#11918);
#11917 = CARTESIAN_POINT('',(123.18606929197,-110.3381186239,-4.6E-02));
#11918 = VECTOR('',#11919,1.);
#11919 = DIRECTION('',(-0.,-0.,-1.));
#11920 = ORIENTED_EDGE('',*,*,#924,.T.);
#11921 = ORIENTED_EDGE('',*,*,#11922,.F.);
#11922 = EDGE_CURVE('',#6072,#927,#11923,.T.);
#11923 = LINE('',#11924,#11925);
#11924 = CARTESIAN_POINT('',(124.32489404931,-111.3581672535,-4.6E-02));
#11925 = VECTOR('',#11926,1.);
#11926 = DIRECTION('',(-0.,-0.,-1.));
#11927 = ORIENTED_EDGE('',*,*,#6069,.F.);
#11928 = CYLINDRICAL_SURFACE('',#11929,0.85);
#11929 = AXIS2_PLACEMENT_3D('',#11930,#11931,#11932);
#11930 = CARTESIAN_POINT('',(123.5075,-111.125,-4.6E-02));
#11931 = DIRECTION('',(-0.,-0.,-1.));
#11932 = DIRECTION('',(-0.,-1.,0.));
#11933 = ADVANCED_FACE('',(#11934),#11945,.F.);
#11934 = FACE_BOUND('',#11935,.T.);
#11935 = EDGE_LOOP('',(#11936,#11937,#11943,#11944));
#11936 = ORIENTED_EDGE('',*,*,#953,.T.);
#11937 = ORIENTED_EDGE('',*,*,#11938,.T.);
#11938 = EDGE_CURVE('',#954,#6099,#11939,.T.);
#11939 = LINE('',#11940,#11941);
#11940 = CARTESIAN_POINT('',(128.5875,-113.125,-4.6E-02));
#11941 = VECTOR('',#11942,1.);
#11942 = DIRECTION('',(0.,0.,1.));
#11943 = ORIENTED_EDGE('',*,*,#6098,.F.);
#11944 = ORIENTED_EDGE('',*,*,#11938,.F.);
#11945 = CYLINDRICAL_SURFACE('',#11946,2.);
#11946 = AXIS2_PLACEMENT_3D('',#11947,#11948,#11949);
#11947 = CARTESIAN_POINT('',(128.5875,-111.125,-4.6E-02));
#11948 = DIRECTION('',(-0.,-0.,-1.));
#11949 = DIRECTION('',(-0.,-1.,0.));
#11950 = ADVANCED_FACE('',(#11951),#11962,.F.);
#11951 = FACE_BOUND('',#11952,.T.);
#11952 = EDGE_LOOP('',(#11953,#11954,#11960,#11961));
#11953 = ORIENTED_EDGE('',*,*,#964,.T.);
#11954 = ORIENTED_EDGE('',*,*,#11955,.T.);
#11955 = EDGE_CURVE('',#965,#6110,#11956,.T.);
#11956 = LINE('',#11957,#11958);
#11957 = CARTESIAN_POINT('',(136.525,-115.335,-4.6E-02));
#11958 = VECTOR('',#11959,1.);
#11959 = DIRECTION('',(0.,0.,1.));
#11960 = ORIENTED_EDGE('',*,*,#6109,.F.);
#11961 = ORIENTED_EDGE('',*,*,#11955,.F.);
#11962 = CYLINDRICAL_SURFACE('',#11963,0.4);
#11963 = AXIS2_PLACEMENT_3D('',#11964,#11965,#11966);
#11964 = CARTESIAN_POINT('',(136.525,-114.935,-4.6E-02));
#11965 = DIRECTION('',(-0.,-0.,-1.));
#11966 = DIRECTION('',(-0.,-1.,0.));
#11967 = ADVANCED_FACE('',(#11968),#11979,.F.);
#11968 = FACE_BOUND('',#11969,.T.);
#11969 = EDGE_LOOP('',(#11970,#11971,#11977,#11978));
#11970 = ORIENTED_EDGE('',*,*,#975,.T.);
#11971 = ORIENTED_EDGE('',*,*,#11972,.T.);
#11972 = EDGE_CURVE('',#976,#6121,#11973,.T.);
#11973 = LINE('',#11974,#11975);
#11974 = CARTESIAN_POINT('',(133.6675,-111.975,-4.6E-02));
#11975 = VECTOR('',#11976,1.);
#11976 = DIRECTION('',(0.,0.,1.));
#11977 = ORIENTED_EDGE('',*,*,#6120,.F.);
#11978 = ORIENTED_EDGE('',*,*,#11972,.F.);
#11979 = CYLINDRICAL_SURFACE('',#11980,0.85);
#11980 = AXIS2_PLACEMENT_3D('',#11981,#11982,#11983);
#11981 = CARTESIAN_POINT('',(133.6675,-111.125,-4.6E-02));
#11982 = DIRECTION('',(-0.,-0.,-1.));
#11983 = DIRECTION('',(-3.343730521224E-14,-1.,0.));
#11984 = ADVANCED_FACE('',(#11985),#11996,.F.);
#11985 = FACE_BOUND('',#11986,.T.);
#11986 = EDGE_LOOP('',(#11987,#11988,#11994,#11995));
#11987 = ORIENTED_EDGE('',*,*,#986,.T.);
#11988 = ORIENTED_EDGE('',*,*,#11989,.T.);
#11989 = EDGE_CURVE('',#987,#6132,#11990,.T.);
#11990 = LINE('',#11991,#11992);
#11991 = CARTESIAN_POINT('',(124.7775,-109.335,-4.6E-02));
#11992 = VECTOR('',#11993,1.);
#11993 = DIRECTION('',(0.,0.,1.));
#11994 = ORIENTED_EDGE('',*,*,#6131,.F.);
#11995 = ORIENTED_EDGE('',*,*,#11989,.F.);
#11996 = CYLINDRICAL_SURFACE('',#11997,0.75);
#11997 = AXIS2_PLACEMENT_3D('',#11998,#11999,#12000);
#11998 = CARTESIAN_POINT('',(124.7775,-108.585,-4.6E-02));
#11999 = DIRECTION('',(-0.,-0.,-1.));
#12000 = DIRECTION('',(-0.,-1.,0.));
#12001 = ADVANCED_FACE('',(#12002),#12018,.F.);
#12002 = FACE_BOUND('',#12003,.T.);
#12003 = EDGE_LOOP('',(#12004,#12010,#12011,#12017));
#12004 = ORIENTED_EDGE('',*,*,#12005,.T.);
#12005 = EDGE_CURVE('',#6143,#998,#12006,.T.);
#12006 = LINE('',#12007,#12008);
#12007 = CARTESIAN_POINT('',(130.90139829707,-105.329893001,-4.6E-02));
#12008 = VECTOR('',#12009,1.);
#12009 = DIRECTION('',(-0.,-0.,-1.));
#12010 = ORIENTED_EDGE('',*,*,#997,.T.);
#12011 = ORIENTED_EDGE('',*,*,#12012,.F.);
#12012 = EDGE_CURVE('',#6145,#1000,#12013,.T.);
#12013 = LINE('',#12014,#12015);
#12014 = CARTESIAN_POINT('',(131.8744255236,-106.1128399748,-4.6E-02));
#12015 = VECTOR('',#12016,1.);
#12016 = DIRECTION('',(-0.,-0.,-1.));
#12017 = ORIENTED_EDGE('',*,*,#6142,.F.);
#12018 = CYLINDRICAL_SURFACE('',#12019,0.75);
#12019 = AXIS2_PLACEMENT_3D('',#12020,#12021,#12022);
#12020 = CARTESIAN_POINT('',(131.1275,-106.045,-4.6E-02));
#12021 = DIRECTION('',(-0.,-0.,-1.));
#12022 = DIRECTION('',(-0.,-1.,0.));
#12023 = ADVANCED_FACE('',(#12024),#12035,.F.);
#12024 = FACE_BOUND('',#12025,.T.);
#12025 = EDGE_LOOP('',(#12026,#12027,#12033,#12034));
#12026 = ORIENTED_EDGE('',*,*,#1026,.T.);
#12027 = ORIENTED_EDGE('',*,*,#12028,.T.);
#12028 = EDGE_CURVE('',#1027,#6172,#12029,.T.);
#12029 = LINE('',#12030,#12031);
#12030 = CARTESIAN_POINT('',(136.525,-107.715,-4.6E-02));
#12031 = VECTOR('',#12032,1.);
#12032 = DIRECTION('',(0.,0.,1.));
#12033 = ORIENTED_EDGE('',*,*,#6171,.F.);
#12034 = ORIENTED_EDGE('',*,*,#12028,.F.);
#12035 = CYLINDRICAL_SURFACE('',#12036,0.4);
#12036 = AXIS2_PLACEMENT_3D('',#12037,#12038,#12039);
#12037 = CARTESIAN_POINT('',(136.525,-107.315,-4.6E-02));
#12038 = DIRECTION('',(-0.,-0.,-1.));
#12039 = DIRECTION('',(-0.,-1.,0.));
#12040 = ADVANCED_FACE('',(#12041),#12057,.T.);
#12041 = FACE_BOUND('',#12042,.T.);
#12042 = EDGE_LOOP('',(#12043,#12049,#12050,#12056));
#12043 = ORIENTED_EDGE('',*,*,#12044,.T.);
#12044 = EDGE_CURVE('',#1038,#6183,#12045,.T.);
#12045 = LINE('',#12046,#12047);
#12046 = CARTESIAN_POINT('',(146.52832,-114.1827,0.));
#12047 = VECTOR('',#12048,1.);
#12048 = DIRECTION('',(0.,0.,1.));
#12049 = ORIENTED_EDGE('',*,*,#6182,.T.);
#12050 = ORIENTED_EDGE('',*,*,#12051,.F.);
#12051 = EDGE_CURVE('',#1040,#6185,#12052,.T.);
#12052 = LINE('',#12053,#12054);
#12053 = CARTESIAN_POINT('',(145.888017,-114.864938,0.));
#12054 = VECTOR('',#12055,1.);
#12055 = DIRECTION('',(0.,0.,1.));
#12056 = ORIENTED_EDGE('',*,*,#1037,.F.);
#12057 = PLANE('',#12058);
#12058 = AXIS2_PLACEMENT_3D('',#12059,#12060,#12061);
#12059 = CARTESIAN_POINT('',(146.52832,-114.1827,0.));
#12060 = DIRECTION('',(0.729161199504,-0.68434197967,0.));
#12061 = DIRECTION('',(-0.68434197967,-0.729161199504,0.));
#12062 = ADVANCED_FACE('',(#12063),#12074,.T.);
#12063 = FACE_BOUND('',#12064,.T.);
#12064 = EDGE_LOOP('',(#12065,#12066,#12067,#12073));
#12065 = ORIENTED_EDGE('',*,*,#12051,.T.);
#12066 = ORIENTED_EDGE('',*,*,#6368,.T.);
#12067 = ORIENTED_EDGE('',*,*,#12068,.F.);
#12068 = EDGE_CURVE('',#1216,#6361,#12069,.T.);
#12069 = LINE('',#12070,#12071);
#12070 = CARTESIAN_POINT('',(145.910953,-114.916205,0.));
#12071 = VECTOR('',#12072,1.);
#12072 = DIRECTION('',(0.,0.,1.));
#12073 = ORIENTED_EDGE('',*,*,#1223,.F.);
#12074 = PLANE('',#12075);
#12075 = AXIS2_PLACEMENT_3D('',#12076,#12077,#12078);
#12076 = CARTESIAN_POINT('',(145.888017,-114.864938,0.));
#12077 = DIRECTION('',(0.912813186674,0.408377382128,-0.));
#12078 = DIRECTION('',(0.408377382128,-0.912813186674,0.));
#12079 = ADVANCED_FACE('',(#12080),#12091,.T.);
#12080 = FACE_BOUND('',#12081,.T.);
#12081 = EDGE_LOOP('',(#12082,#12083,#12084,#12090));
#12082 = ORIENTED_EDGE('',*,*,#12068,.T.);
#12083 = ORIENTED_EDGE('',*,*,#6360,.T.);
#12084 = ORIENTED_EDGE('',*,*,#12085,.F.);
#12085 = EDGE_CURVE('',#1208,#6353,#12086,.T.);
#12086 = LINE('',#12087,#12088);
#12087 = CARTESIAN_POINT('',(145.937502,-115.081816,0.));
#12088 = VECTOR('',#12089,1.);
#12089 = DIRECTION('',(0.,0.,1.));
#12090 = ORIENTED_EDGE('',*,*,#1215,.F.);
#12091 = PLANE('',#12092);
#12092 = AXIS2_PLACEMENT_3D('',#12093,#12094,#12095);
#12093 = CARTESIAN_POINT('',(145.910953,-114.916205,0.));
#12094 = DIRECTION('',(0.98739292722,0.158288367468,-0.));
#12095 = DIRECTION('',(0.158288367468,-0.98739292722,0.));
#12096 = ADVANCED_FACE('',(#12097),#12108,.T.);
#12097 = FACE_BOUND('',#12098,.T.);
#12098 = EDGE_LOOP('',(#12099,#12100,#12101,#12107));
#12099 = ORIENTED_EDGE('',*,*,#12085,.T.);
#12100 = ORIENTED_EDGE('',*,*,#6352,.T.);
#12101 = ORIENTED_EDGE('',*,*,#12102,.F.);
#12102 = EDGE_CURVE('',#1200,#6345,#12103,.T.);
#12103 = LINE('',#12104,#12105);
#12104 = CARTESIAN_POINT('',(145.937502,-116.4875,0.));
#12105 = VECTOR('',#12106,1.);
#12106 = DIRECTION('',(0.,0.,1.));
#12107 = ORIENTED_EDGE('',*,*,#1207,.F.);
#12108 = PLANE('',#12109);
#12109 = AXIS2_PLACEMENT_3D('',#12110,#12111,#12112);
#12110 = CARTESIAN_POINT('',(145.937502,-115.081816,0.));
#12111 = DIRECTION('',(1.,0.,-0.));
#12112 = DIRECTION('',(0.,-1.,0.));
#12113 = ADVANCED_FACE('',(#12114),#12125,.T.);
#12114 = FACE_BOUND('',#12115,.T.);
#12115 = EDGE_LOOP('',(#12116,#12117,#12118,#12124));
#12116 = ORIENTED_EDGE('',*,*,#12102,.T.);
#12117 = ORIENTED_EDGE('',*,*,#6344,.T.);
#12118 = ORIENTED_EDGE('',*,*,#12119,.F.);
#12119 = EDGE_CURVE('',#1192,#6337,#12120,.T.);
#12120 = LINE('',#12121,#12122);
#12121 = CARTESIAN_POINT('',(145.888017,-116.704378,0.));
#12122 = VECTOR('',#12123,1.);
#12123 = DIRECTION('',(0.,0.,1.));
#12124 = ORIENTED_EDGE('',*,*,#1199,.F.);
#12125 = PLANE('',#12126);
#12126 = AXIS2_PLACEMENT_3D('',#12127,#12128,#12129);
#12127 = CARTESIAN_POINT('',(145.937502,-116.4875,0.));
#12128 = DIRECTION('',(0.974943502008,-0.222452619431,0.));
#12129 = DIRECTION('',(-0.222452619431,-0.974943502008,0.));
#12130 = ADVANCED_FACE('',(#12131),#12142,.T.);
#12131 = FACE_BOUND('',#12132,.T.);
#12132 = EDGE_LOOP('',(#12133,#12134,#12135,#12141));
#12133 = ORIENTED_EDGE('',*,*,#12119,.T.);
#12134 = ORIENTED_EDGE('',*,*,#6336,.T.);
#12135 = ORIENTED_EDGE('',*,*,#12136,.F.);
#12136 = EDGE_CURVE('',#1184,#6329,#12137,.T.);
#12137 = LINE('',#12138,#12139);
#12138 = CARTESIAN_POINT('',(145.859464,-116.769339,0.));
#12139 = VECTOR('',#12140,1.);
#12140 = DIRECTION('',(0.,0.,1.));
#12141 = ORIENTED_EDGE('',*,*,#1191,.F.);
#12142 = PLANE('',#12143);
#12143 = AXIS2_PLACEMENT_3D('',#12144,#12145,#12146);
#12144 = CARTESIAN_POINT('',(145.888017,-116.704378,0.));
#12145 = DIRECTION('',(0.915469983318,-0.402386269203,0.));
#12146 = DIRECTION('',(-0.402386269203,-0.915469983318,0.));
#12147 = ADVANCED_FACE('',(#12148),#12159,.T.);
#12148 = FACE_BOUND('',#12149,.T.);
#12149 = EDGE_LOOP('',(#12150,#12151,#12152,#12158));
#12150 = ORIENTED_EDGE('',*,*,#12136,.T.);
#12151 = ORIENTED_EDGE('',*,*,#6328,.T.);
#12152 = ORIENTED_EDGE('',*,*,#12153,.F.);
#12153 = EDGE_CURVE('',#1176,#6321,#12154,.T.);
#12154 = LINE('',#12155,#12156);
#12155 = CARTESIAN_POINT('',(146.59079,-117.352955,0.));
#12156 = VECTOR('',#12157,1.);
#12157 = DIRECTION('',(0.,0.,1.));
#12158 = ORIENTED_EDGE('',*,*,#1183,.F.);
#12159 = PLANE('',#12160);
#12160 = AXIS2_PLACEMENT_3D('',#12161,#12162,#12163);
#12161 = CARTESIAN_POINT('',(145.859464,-116.769339,0.));
#12162 = DIRECTION('',(0.623753030467,0.781621492145,-0.));
#12163 = DIRECTION('',(0.781621492145,-0.623753030467,0.));
#12164 = ADVANCED_FACE('',(#12165),#12176,.T.);
#12165 = FACE_BOUND('',#12166,.T.);
#12166 = EDGE_LOOP('',(#12167,#12168,#12169,#12175));
#12167 = ORIENTED_EDGE('',*,*,#12153,.T.);
#12168 = ORIENTED_EDGE('',*,*,#6320,.T.);
#12169 = ORIENTED_EDGE('',*,*,#12170,.F.);
#12170 = EDGE_CURVE('',#1168,#6313,#12171,.T.);
#12171 = LINE('',#12172,#12173);
#12172 = CARTESIAN_POINT('',(146.64899,-117.321298,0.));
#12173 = VECTOR('',#12174,1.);
#12174 = DIRECTION('',(0.,0.,1.));
#12175 = ORIENTED_EDGE('',*,*,#1175,.F.);
#12176 = PLANE('',#12177);
#12177 = AXIS2_PLACEMENT_3D('',#12178,#12179,#12180);
#12178 = CARTESIAN_POINT('',(146.59079,-117.352955,0.));
#12179 = DIRECTION('',(-0.477822831046,0.878456226645,0.));
#12180 = DIRECTION('',(0.878456226645,0.477822831046,0.));
#12181 = ADVANCED_FACE('',(#12182),#12193,.T.);
#12182 = FACE_BOUND('',#12183,.T.);
#12183 = EDGE_LOOP('',(#12184,#12185,#12186,#12192));
#12184 = ORIENTED_EDGE('',*,*,#12170,.T.);
#12185 = ORIENTED_EDGE('',*,*,#6312,.T.);
#12186 = ORIENTED_EDGE('',*,*,#12187,.F.);
#12187 = EDGE_CURVE('',#1160,#6305,#12188,.T.);
#12188 = LINE('',#12189,#12190);
#12189 = CARTESIAN_POINT('',(146.843049,-117.284658,0.));
#12190 = VECTOR('',#12191,1.);
#12191 = DIRECTION('',(0.,0.,1.));
#12192 = ORIENTED_EDGE('',*,*,#1167,.F.);
#12193 = PLANE('',#12194);
#12194 = AXIS2_PLACEMENT_3D('',#12195,#12196,#12197);
#12195 = CARTESIAN_POINT('',(146.64899,-117.321298,0.));
#12196 = DIRECTION('',(-0.18553055753,0.982638495187,0.));
#12197 = DIRECTION('',(0.982638495187,0.18553055753,0.));
#12198 = ADVANCED_FACE('',(#12199),#12210,.T.);
#12199 = FACE_BOUND('',#12200,.T.);
#12200 = EDGE_LOOP('',(#12201,#12202,#12203,#12209));
#12201 = ORIENTED_EDGE('',*,*,#12187,.T.);
#12202 = ORIENTED_EDGE('',*,*,#6304,.T.);
#12203 = ORIENTED_EDGE('',*,*,#12204,.F.);
#12204 = EDGE_CURVE('',#1152,#6297,#12205,.T.);
#12205 = LINE('',#12206,#12207);
#12206 = CARTESIAN_POINT('',(148.431953,-117.284658,0.));
#12207 = VECTOR('',#12208,1.);
#12208 = DIRECTION('',(0.,0.,1.));
#12209 = ORIENTED_EDGE('',*,*,#1159,.F.);
#12210 = PLANE('',#12211);
#12211 = AXIS2_PLACEMENT_3D('',#12212,#12213,#12214);
#12212 = CARTESIAN_POINT('',(146.843049,-117.284658,0.));
#12213 = DIRECTION('',(0.,1.,0.));
#12214 = DIRECTION('',(1.,0.,0.));
#12215 = ADVANCED_FACE('',(#12216),#12227,.T.);
#12216 = FACE_BOUND('',#12217,.T.);
#12217 = EDGE_LOOP('',(#12218,#12219,#12220,#12226));
#12218 = ORIENTED_EDGE('',*,*,#12204,.T.);
#12219 = ORIENTED_EDGE('',*,*,#6296,.T.);
#12220 = ORIENTED_EDGE('',*,*,#12221,.F.);
#12221 = EDGE_CURVE('',#1144,#6289,#12222,.T.);
#12222 = LINE('',#12223,#12224);
#12223 = CARTESIAN_POINT('',(148.684212,-117.352957,0.));
#12224 = VECTOR('',#12225,1.);
#12225 = DIRECTION('',(0.,0.,1.));
#12226 = ORIENTED_EDGE('',*,*,#1151,.F.);
#12227 = PLANE('',#12228);
#12228 = AXIS2_PLACEMENT_3D('',#12229,#12230,#12231);
#12229 = CARTESIAN_POINT('',(148.431953,-117.284658,0.));
#12230 = DIRECTION('',(0.261340091681,0.965246785273,-0.));
#12231 = DIRECTION('',(0.965246785273,-0.261340091681,0.));
#12232 = ADVANCED_FACE('',(#12233),#12244,.T.);
#12233 = FACE_BOUND('',#12234,.T.);
#12234 = EDGE_LOOP('',(#12235,#12236,#12237,#12243));
#12235 = ORIENTED_EDGE('',*,*,#12221,.T.);
#12236 = ORIENTED_EDGE('',*,*,#6288,.T.);
#12237 = ORIENTED_EDGE('',*,*,#12238,.F.);
#12238 = EDGE_CURVE('',#1136,#6281,#12239,.T.);
#12239 = LINE('',#12240,#12241);
#12240 = CARTESIAN_POINT('',(148.746676,-117.386618,0.));
#12241 = VECTOR('',#12242,1.);
#12242 = DIRECTION('',(0.,0.,1.));
#12243 = ORIENTED_EDGE('',*,*,#1143,.F.);
#12244 = PLANE('',#12245);
#12245 = AXIS2_PLACEMENT_3D('',#12246,#12247,#12248);
#12246 = CARTESIAN_POINT('',(148.684212,-117.352957,0.));
#12247 = DIRECTION('',(0.474389741397,0.880314928453,-0.));
#12248 = DIRECTION('',(0.880314928453,-0.474389741397,0.));
#12249 = ADVANCED_FACE('',(#12250),#12261,.T.);
#12250 = FACE_BOUND('',#12251,.T.);
#12251 = EDGE_LOOP('',(#12252,#12253,#12254,#12260));
#12252 = ORIENTED_EDGE('',*,*,#12238,.T.);
#12253 = ORIENTED_EDGE('',*,*,#6280,.T.);
#12254 = ORIENTED_EDGE('',*,*,#12255,.F.);
#12255 = EDGE_CURVE('',#1128,#6273,#12256,.T.);
#12256 = LINE('',#12257,#12258);
#12257 = CARTESIAN_POINT('',(149.386985,-116.704377,0.));
#12258 = VECTOR('',#12259,1.);
#12259 = DIRECTION('',(0.,0.,1.));
#12260 = ORIENTED_EDGE('',*,*,#1135,.F.);
#12261 = PLANE('',#12262);
#12262 = AXIS2_PLACEMENT_3D('',#12263,#12264,#12265);
#12263 = CARTESIAN_POINT('',(148.746676,-117.386618,0.));
#12264 = DIRECTION('',(-0.729159501222,0.684343789171,0.));
#12265 = DIRECTION('',(0.684343789171,0.729159501222,0.));
#12266 = ADVANCED_FACE('',(#12267),#12278,.T.);
#12267 = FACE_BOUND('',#12268,.T.);
#12268 = EDGE_LOOP('',(#12269,#12270,#12271,#12277));
#12269 = ORIENTED_EDGE('',*,*,#12255,.T.);
#12270 = ORIENTED_EDGE('',*,*,#6272,.T.);
#12271 = ORIENTED_EDGE('',*,*,#12272,.F.);
#12272 = EDGE_CURVE('',#1120,#6265,#12273,.T.);
#12273 = LINE('',#12274,#12275);
#12274 = CARTESIAN_POINT('',(149.364048,-116.653111,0.));
#12275 = VECTOR('',#12276,1.);
#12276 = DIRECTION('',(0.,0.,1.));
#12277 = ORIENTED_EDGE('',*,*,#1127,.F.);
#12278 = PLANE('',#12279);
#12279 = AXIS2_PLACEMENT_3D('',#12280,#12281,#12282);
#12280 = CARTESIAN_POINT('',(149.386985,-116.704377,0.));
#12281 = DIRECTION('',(-0.912803579703,-0.408398855141,0.));
#12282 = DIRECTION('',(-0.408398855141,0.912803579703,0.));
#12283 = ADVANCED_FACE('',(#12284),#12295,.T.);
#12284 = FACE_BOUND('',#12285,.T.);
#12285 = EDGE_LOOP('',(#12286,#12287,#12288,#12294));
#12286 = ORIENTED_EDGE('',*,*,#12272,.T.);
#12287 = ORIENTED_EDGE('',*,*,#6264,.T.);
#12288 = ORIENTED_EDGE('',*,*,#12289,.F.);
#12289 = EDGE_CURVE('',#1112,#6257,#12290,.T.);
#12290 = LINE('',#12291,#12292);
#12291 = CARTESIAN_POINT('',(149.3375,-116.4875,0.));
#12292 = VECTOR('',#12293,1.);
#12293 = DIRECTION('',(0.,0.,1.));
#12294 = ORIENTED_EDGE('',*,*,#1119,.F.);
#12295 = PLANE('',#12296);
#12296 = AXIS2_PLACEMENT_3D('',#12297,#12298,#12299);
#12297 = CARTESIAN_POINT('',(149.364048,-116.653111,0.));
#12298 = DIRECTION('',(-0.987393859041,-0.15828255472,0.));
#12299 = DIRECTION('',(-0.15828255472,0.987393859041,0.));
#12300 = ADVANCED_FACE('',(#12301),#12312,.T.);
#12301 = FACE_BOUND('',#12302,.T.);
#12302 = EDGE_LOOP('',(#12303,#12304,#12305,#12311));
#12303 = ORIENTED_EDGE('',*,*,#12289,.T.);
#12304 = ORIENTED_EDGE('',*,*,#6256,.T.);
#12305 = ORIENTED_EDGE('',*,*,#12306,.F.);
#12306 = EDGE_CURVE('',#1104,#6249,#12307,.T.);
#12307 = LINE('',#12308,#12309);
#12308 = CARTESIAN_POINT('',(149.3375,-115.081816,0.));
#12309 = VECTOR('',#12310,1.);
#12310 = DIRECTION('',(0.,0.,1.));
#12311 = ORIENTED_EDGE('',*,*,#1111,.F.);
#12312 = PLANE('',#12313);
#12313 = AXIS2_PLACEMENT_3D('',#12314,#12315,#12316);
#12314 = CARTESIAN_POINT('',(149.3375,-116.4875,0.));
#12315 = DIRECTION('',(-1.,0.,0.));
#12316 = DIRECTION('',(0.,1.,0.));
#12317 = ADVANCED_FACE('',(#12318),#12329,.T.);
#12318 = FACE_BOUND('',#12319,.T.);
#12319 = EDGE_LOOP('',(#12320,#12321,#12322,#12328));
#12320 = ORIENTED_EDGE('',*,*,#12306,.T.);
#12321 = ORIENTED_EDGE('',*,*,#6248,.T.);
#12322 = ORIENTED_EDGE('',*,*,#12323,.F.);
#12323 = EDGE_CURVE('',#1096,#6241,#12324,.T.);
#12324 = LINE('',#12325,#12326);
#12325 = CARTESIAN_POINT('',(149.386985,-114.864938,0.));
#12326 = VECTOR('',#12327,1.);
#12327 = DIRECTION('',(0.,0.,1.));
#12328 = ORIENTED_EDGE('',*,*,#1103,.F.);
#12329 = PLANE('',#12330);
#12330 = AXIS2_PLACEMENT_3D('',#12331,#12332,#12333);
#12331 = CARTESIAN_POINT('',(149.3375,-115.081816,0.));
#12332 = DIRECTION('',(-0.974943502008,0.222452619431,0.));
#12333 = DIRECTION('',(0.222452619431,0.974943502008,0.));
#12334 = ADVANCED_FACE('',(#12335),#12346,.T.);
#12335 = FACE_BOUND('',#12336,.T.);
#12336 = EDGE_LOOP('',(#12337,#12338,#12339,#12345));
#12337 = ORIENTED_EDGE('',*,*,#12323,.T.);
#12338 = ORIENTED_EDGE('',*,*,#6240,.T.);
#12339 = ORIENTED_EDGE('',*,*,#12340,.F.);
#12340 = EDGE_CURVE('',#1088,#6233,#12341,.T.);
#12341 = LINE('',#12342,#12343);
#12342 = CARTESIAN_POINT('',(149.415524,-114.799984,0.));
#12343 = VECTOR('',#12344,1.);
#12344 = DIRECTION('',(0.,0.,1.));
#12345 = ORIENTED_EDGE('',*,*,#1095,.F.);
#12346 = PLANE('',#12347);
#12347 = AXIS2_PLACEMENT_3D('',#12348,#12349,#12350);
#12348 = CARTESIAN_POINT('',(149.386985,-114.864938,0.));
#12349 = DIRECTION('',(-0.915526689869,0.402257231305,0.));
#12350 = DIRECTION('',(0.402257231305,0.915526689869,0.));
#12351 = ADVANCED_FACE('',(#12352),#12363,.T.);
#12352 = FACE_BOUND('',#12353,.T.);
#12353 = EDGE_LOOP('',(#12354,#12355,#12356,#12362));
#12354 = ORIENTED_EDGE('',*,*,#12340,.T.);
#12355 = ORIENTED_EDGE('',*,*,#6232,.T.);
#12356 = ORIENTED_EDGE('',*,*,#12357,.F.);
#12357 = EDGE_CURVE('',#1080,#6225,#12358,.T.);
#12358 = LINE('',#12359,#12360);
#12359 = CARTESIAN_POINT('',(148.684212,-114.21636,0.));
#12360 = VECTOR('',#12361,1.);
#12361 = DIRECTION('',(0.,0.,1.));
#12362 = ORIENTED_EDGE('',*,*,#1087,.F.);
#12363 = PLANE('',#12364);
#12364 = AXIS2_PLACEMENT_3D('',#12365,#12366,#12367);
#12365 = CARTESIAN_POINT('',(149.415524,-114.799984,0.));
#12366 = DIRECTION('',(-0.623765549005,-0.781611501882,0.));
#12367 = DIRECTION('',(-0.781611501882,0.623765549005,0.));
#12368 = ADVANCED_FACE('',(#12369),#12380,.T.);
#12369 = FACE_BOUND('',#12370,.T.);
#12370 = EDGE_LOOP('',(#12371,#12372,#12373,#12379));
#12371 = ORIENTED_EDGE('',*,*,#12357,.T.);
#12372 = ORIENTED_EDGE('',*,*,#6224,.T.);
#12373 = ORIENTED_EDGE('',*,*,#12374,.F.);
#12374 = EDGE_CURVE('',#1072,#6217,#12375,.T.);
#12375 = LINE('',#12376,#12377);
#12376 = CARTESIAN_POINT('',(148.626011,-114.24801,0.));
#12377 = VECTOR('',#12378,1.);
#12378 = DIRECTION('',(0.,0.,1.));
#12379 = ORIENTED_EDGE('',*,*,#1079,.F.);
#12380 = PLANE('',#12381);
#12381 = AXIS2_PLACEMENT_3D('',#12382,#12383,#12384);
#12382 = CARTESIAN_POINT('',(148.684212,-114.21636,0.));
#12383 = DIRECTION('',(0.47773495646,-0.878504018987,0.));
#12384 = DIRECTION('',(-0.878504018987,-0.47773495646,0.));
#12385 = ADVANCED_FACE('',(#12386),#12397,.T.);
#12386 = FACE_BOUND('',#12387,.T.);
#12387 = EDGE_LOOP('',(#12388,#12389,#12390,#12396));
#12388 = ORIENTED_EDGE('',*,*,#12374,.T.);
#12389 = ORIENTED_EDGE('',*,*,#6216,.T.);
#12390 = ORIENTED_EDGE('',*,*,#12391,.F.);
#12391 = EDGE_CURVE('',#1064,#6209,#12392,.T.);
#12392 = LINE('',#12393,#12394);
#12393 = CARTESIAN_POINT('',(148.431954,-114.284659,0.));
#12394 = VECTOR('',#12395,1.);
#12395 = DIRECTION('',(0.,0.,1.));
#12396 = ORIENTED_EDGE('',*,*,#1071,.F.);
#12397 = PLANE('',#12398);
#12398 = AXIS2_PLACEMENT_3D('',#12399,#12400,#12401);
#12399 = CARTESIAN_POINT('',(148.626011,-114.24801,0.));
#12400 = DIRECTION('',(0.185576407469,-0.982629837218,0.));
#12401 = DIRECTION('',(-0.982629837218,-0.185576407469,0.));
#12402 = ADVANCED_FACE('',(#12403),#12414,.T.);
#12403 = FACE_BOUND('',#12404,.T.);
#12404 = EDGE_LOOP('',(#12405,#12406,#12407,#12413));
#12405 = ORIENTED_EDGE('',*,*,#12391,.T.);
#12406 = ORIENTED_EDGE('',*,*,#6208,.T.);
#12407 = ORIENTED_EDGE('',*,*,#12408,.F.);
#12408 = EDGE_CURVE('',#1056,#6201,#12409,.T.);
#12409 = LINE('',#12410,#12411);
#12410 = CARTESIAN_POINT('',(146.843049,-114.284659,0.));
#12411 = VECTOR('',#12412,1.);
#12412 = DIRECTION('',(0.,0.,1.));
#12413 = ORIENTED_EDGE('',*,*,#1063,.F.);
#12414 = PLANE('',#12415);
#12415 = AXIS2_PLACEMENT_3D('',#12416,#12417,#12418);
#12416 = CARTESIAN_POINT('',(148.431954,-114.284659,0.));
#12417 = DIRECTION('',(0.,-1.,0.));
#12418 = DIRECTION('',(-1.,0.,0.));
#12419 = ADVANCED_FACE('',(#12420),#12431,.T.);
#12420 = FACE_BOUND('',#12421,.T.);
#12421 = EDGE_LOOP('',(#12422,#12423,#12424,#12430));
#12422 = ORIENTED_EDGE('',*,*,#12408,.T.);
#12423 = ORIENTED_EDGE('',*,*,#6200,.T.);
#12424 = ORIENTED_EDGE('',*,*,#12425,.F.);
#12425 = EDGE_CURVE('',#1048,#6193,#12426,.T.);
#12426 = LINE('',#12427,#12428);
#12427 = CARTESIAN_POINT('',(146.59079,-114.216359,0.));
#12428 = VECTOR('',#12429,1.);
#12429 = DIRECTION('',(0.,0.,1.));
#12430 = ORIENTED_EDGE('',*,*,#1055,.F.);
#12431 = PLANE('',#12432);
#12432 = AXIS2_PLACEMENT_3D('',#12433,#12434,#12435);
#12433 = CARTESIAN_POINT('',(146.843049,-114.284659,0.));
#12434 = DIRECTION('',(-0.261343656749,-0.965245820026,0.));
#12435 = DIRECTION('',(-0.965245820026,0.261343656749,0.));
#12436 = ADVANCED_FACE('',(#12437),#12443,.T.);
#12437 = FACE_BOUND('',#12438,.T.);
#12438 = EDGE_LOOP('',(#12439,#12440,#12441,#12442));
#12439 = ORIENTED_EDGE('',*,*,#12425,.T.);
#12440 = ORIENTED_EDGE('',*,*,#6192,.T.);
#12441 = ORIENTED_EDGE('',*,*,#12044,.F.);
#12442 = ORIENTED_EDGE('',*,*,#1047,.F.);
#12443 = PLANE('',#12444);
#12444 = AXIS2_PLACEMENT_3D('',#12445,#12446,#12447);
#12445 = CARTESIAN_POINT('',(146.59079,-114.216359,0.));
#12446 = DIRECTION('',(-0.474332587922,-0.880345725289,0.));
#12447 = DIRECTION('',(-0.880345725289,0.474332587922,0.));
#12448 = ADVANCED_FACE('',(#12449),#12465,.F.);
#12449 = FACE_BOUND('',#12450,.T.);
#12450 = EDGE_LOOP('',(#12451,#12457,#12458,#12464));
#12451 = ORIENTED_EDGE('',*,*,#12452,.T.);
#12452 = EDGE_CURVE('',#6377,#1232,#12453,.T.);
#12453 = LINE('',#12454,#12455);
#12454 = CARTESIAN_POINT('',(141.90514983522,-110.5800786639,-4.6E-02));
#12455 = VECTOR('',#12456,1.);
#12456 = DIRECTION('',(-0.,-0.,-1.));
#12457 = ORIENTED_EDGE('',*,*,#1231,.T.);
#12458 = ORIENTED_EDGE('',*,*,#12459,.F.);
#12459 = EDGE_CURVE('',#6379,#1234,#12460,.T.);
#12460 = LINE('',#12461,#12462);
#12461 = CARTESIAN_POINT('',(143.24531647253,-111.6244081498,-4.6E-02));
#12462 = VECTOR('',#12463,1.);
#12463 = DIRECTION('',(-0.,-0.,-1.));
#12464 = ORIENTED_EDGE('',*,*,#6376,.F.);
#12465 = CYLINDRICAL_SURFACE('',#12466,0.85);
#12466 = AXIS2_PLACEMENT_3D('',#12467,#12468,#12469);
#12467 = CARTESIAN_POINT('',(142.5575,-111.125,-4.6E-02));
#12468 = DIRECTION('',(-0.,-0.,-1.));
#12469 = DIRECTION('',(-0.,-1.,0.));
#12470 = ADVANCED_FACE('',(#12471),#12482,.F.);
#12471 = FACE_BOUND('',#12472,.T.);
#12472 = EDGE_LOOP('',(#12473,#12474,#12480,#12481));
#12473 = ORIENTED_EDGE('',*,*,#1260,.T.);
#12474 = ORIENTED_EDGE('',*,*,#12475,.T.);
#12475 = EDGE_CURVE('',#1261,#6406,#12476,.T.);
#12476 = LINE('',#12477,#12478);
#12477 = CARTESIAN_POINT('',(147.6375,-113.125,-4.6E-02));
#12478 = VECTOR('',#12479,1.);
#12479 = DIRECTION('',(0.,0.,1.));
#12480 = ORIENTED_EDGE('',*,*,#6405,.F.);
#12481 = ORIENTED_EDGE('',*,*,#12475,.F.);
#12482 = CYLINDRICAL_SURFACE('',#12483,2.);
#12483 = AXIS2_PLACEMENT_3D('',#12484,#12485,#12486);
#12484 = CARTESIAN_POINT('',(147.6375,-111.125,-4.6E-02));
#12485 = DIRECTION('',(-0.,-0.,-1.));
#12486 = DIRECTION('',(-0.,-1.,0.));
#12487 = ADVANCED_FACE('',(#12488),#12499,.F.);
#12488 = FACE_BOUND('',#12489,.T.);
#12489 = EDGE_LOOP('',(#12490,#12491,#12497,#12498));
#12490 = ORIENTED_EDGE('',*,*,#1271,.T.);
#12491 = ORIENTED_EDGE('',*,*,#12492,.T.);
#12492 = EDGE_CURVE('',#1272,#6417,#12493,.T.);
#12493 = LINE('',#12494,#12495);
#12494 = CARTESIAN_POINT('',(155.575,-115.335,-4.6E-02));
#12495 = VECTOR('',#12496,1.);
#12496 = DIRECTION('',(0.,0.,1.));
#12497 = ORIENTED_EDGE('',*,*,#6416,.F.);
#12498 = ORIENTED_EDGE('',*,*,#12492,.F.);
#12499 = CYLINDRICAL_SURFACE('',#12500,0.4);
#12500 = AXIS2_PLACEMENT_3D('',#12501,#12502,#12503);
#12501 = CARTESIAN_POINT('',(155.575,-114.935,-4.6E-02));
#12502 = DIRECTION('',(-0.,-0.,-1.));
#12503 = DIRECTION('',(-0.,-1.,0.));
#12504 = ADVANCED_FACE('',(#12505),#12521,.F.);
#12505 = FACE_BOUND('',#12506,.T.);
#12506 = EDGE_LOOP('',(#12507,#12513,#12514,#12520));
#12507 = ORIENTED_EDGE('',*,*,#12508,.T.);
#12508 = EDGE_CURVE('',#6428,#1283,#12509,.T.);
#12509 = LINE('',#12510,#12511);
#12510 = CARTESIAN_POINT('',(152.82373204885,-110.2816645081,-4.6E-02));
#12511 = VECTOR('',#12512,1.);
#12512 = DIRECTION('',(-0.,-0.,-1.));
#12513 = ORIENTED_EDGE('',*,*,#1282,.T.);
#12514 = ORIENTED_EDGE('',*,*,#12515,.F.);
#12515 = EDGE_CURVE('',#6430,#1285,#12516,.T.);
#12516 = LINE('',#12517,#12518);
#12517 = CARTESIAN_POINT('',(153.48438360819,-110.7584082222,-4.6E-02));
#12518 = VECTOR('',#12519,1.);
#12519 = DIRECTION('',(-0.,-0.,-1.));
#12520 = ORIENTED_EDGE('',*,*,#6427,.F.);
#12521 = CYLINDRICAL_SURFACE('',#12522,0.85);
#12522 = AXIS2_PLACEMENT_3D('',#12523,#12524,#12525);
#12523 = CARTESIAN_POINT('',(152.7175,-111.125,-4.6E-02));
#12524 = DIRECTION('',(-0.,-0.,-1.));
#12525 = DIRECTION('',(-0.,-1.,0.));
#12526 = ADVANCED_FACE('',(#12527),#12538,.F.);
#12527 = FACE_BOUND('',#12528,.T.);
#12528 = EDGE_LOOP('',(#12529,#12530,#12536,#12537));
#12529 = ORIENTED_EDGE('',*,*,#1311,.T.);
#12530 = ORIENTED_EDGE('',*,*,#12531,.T.);
#12531 = EDGE_CURVE('',#1312,#6457,#12532,.T.);
#12532 = LINE('',#12533,#12534);
#12533 = CARTESIAN_POINT('',(143.8275,-109.335,-4.6E-02));
#12534 = VECTOR('',#12535,1.);
#12535 = DIRECTION('',(0.,0.,1.));
#12536 = ORIENTED_EDGE('',*,*,#6456,.F.);
#12537 = ORIENTED_EDGE('',*,*,#12531,.F.);
#12538 = CYLINDRICAL_SURFACE('',#12539,0.75);
#12539 = AXIS2_PLACEMENT_3D('',#12540,#12541,#12542);
#12540 = CARTESIAN_POINT('',(143.8275,-108.585,-4.6E-02));
#12541 = DIRECTION('',(-0.,-0.,-1.));
#12542 = DIRECTION('',(-0.,-1.,0.));
#12543 = ADVANCED_FACE('',(#12544),#12555,.F.);
#12544 = FACE_BOUND('',#12545,.T.);
#12545 = EDGE_LOOP('',(#12546,#12547,#12553,#12554));
#12546 = ORIENTED_EDGE('',*,*,#1322,.T.);
#12547 = ORIENTED_EDGE('',*,*,#12548,.T.);
#12548 = EDGE_CURVE('',#1323,#6468,#12549,.T.);
#12549 = LINE('',#12550,#12551);
#12550 = CARTESIAN_POINT('',(150.1775,-106.795,-4.6E-02));
#12551 = VECTOR('',#12552,1.);
#12552 = DIRECTION('',(0.,0.,1.));
#12553 = ORIENTED_EDGE('',*,*,#6467,.F.);
#12554 = ORIENTED_EDGE('',*,*,#12548,.F.);
#12555 = CYLINDRICAL_SURFACE('',#12556,0.75);
#12556 = AXIS2_PLACEMENT_3D('',#12557,#12558,#12559);
#12557 = CARTESIAN_POINT('',(150.1775,-106.045,-4.6E-02));
#12558 = DIRECTION('',(-0.,-0.,-1.));
#12559 = DIRECTION('',(-0.,-1.,0.));
#12560 = ADVANCED_FACE('',(#12561),#12577,.F.);
#12561 = FACE_BOUND('',#12562,.T.);
#12562 = EDGE_LOOP('',(#12563,#12569,#12570,#12576));
#12563 = ORIENTED_EDGE('',*,*,#12564,.T.);
#12564 = EDGE_CURVE('',#6479,#1334,#12565,.T.);
#12565 = LINE('',#12566,#12567);
#12566 = CARTESIAN_POINT('',(155.26065217118,-107.0676430867,-4.6E-02));
#12567 = VECTOR('',#12568,1.);
#12568 = DIRECTION('',(-0.,-0.,-1.));
#12569 = ORIENTED_EDGE('',*,*,#1333,.T.);
#12570 = ORIENTED_EDGE('',*,*,#12571,.F.);
#12571 = EDGE_CURVE('',#6481,#1336,#12572,.T.);
#12572 = LINE('',#12573,#12574);
#12573 = CARTESIAN_POINT('',(155.91793372316,-107.5209040104,-4.6E-02));
#12574 = VECTOR('',#12575,1.);
#12575 = DIRECTION('',(-0.,-0.,-1.));
#12576 = ORIENTED_EDGE('',*,*,#6478,.F.);
#12577 = CYLINDRICAL_SURFACE('',#12578,0.4);
#12578 = AXIS2_PLACEMENT_3D('',#12579,#12580,#12581);
#12579 = CARTESIAN_POINT('',(155.575,-107.315,-4.6E-02));
#12580 = DIRECTION('',(-0.,-0.,-1.));
#12581 = DIRECTION('',(-0.,-1.,0.));
#12582 = ADVANCED_FACE('',(#12583),#12599,.T.);
#12583 = FACE_BOUND('',#12584,.T.);
#12584 = EDGE_LOOP('',(#12585,#12591,#12592,#12598));
#12585 = ORIENTED_EDGE('',*,*,#12586,.T.);
#12586 = EDGE_CURVE('',#1363,#6508,#12587,.T.);
#12587 = LINE('',#12588,#12589);
#12588 = CARTESIAN_POINT('',(165.57832,-133.2327,0.));
#12589 = VECTOR('',#12590,1.);
#12590 = DIRECTION('',(0.,0.,1.));
#12591 = ORIENTED_EDGE('',*,*,#6507,.T.);
#12592 = ORIENTED_EDGE('',*,*,#12593,.F.);
#12593 = EDGE_CURVE('',#1365,#6510,#12594,.T.);
#12594 = LINE('',#12595,#12596);
#12595 = CARTESIAN_POINT('',(164.938017,-133.914938,0.));
#12596 = VECTOR('',#12597,1.);
#12597 = DIRECTION('',(0.,0.,1.));
#12598 = ORIENTED_EDGE('',*,*,#1362,.F.);
#12599 = PLANE('',#12600);
#12600 = AXIS2_PLACEMENT_3D('',#12601,#12602,#12603);
#12601 = CARTESIAN_POINT('',(165.57832,-133.2327,0.));
#12602 = DIRECTION('',(0.729161199504,-0.68434197967,0.));
#12603 = DIRECTION('',(-0.68434197967,-0.729161199504,0.));
#12604 = ADVANCED_FACE('',(#12605),#12616,.T.);
#12605 = FACE_BOUND('',#12606,.T.);
#12606 = EDGE_LOOP('',(#12607,#12608,#12609,#12615));
#12607 = ORIENTED_EDGE('',*,*,#12593,.T.);
#12608 = ORIENTED_EDGE('',*,*,#6693,.T.);
#12609 = ORIENTED_EDGE('',*,*,#12610,.F.);
#12610 = EDGE_CURVE('',#1541,#6686,#12611,.T.);
#12611 = LINE('',#12612,#12613);
#12612 = CARTESIAN_POINT('',(164.960953,-133.966205,0.));
#12613 = VECTOR('',#12614,1.);
#12614 = DIRECTION('',(0.,0.,1.));
#12615 = ORIENTED_EDGE('',*,*,#1548,.F.);
#12616 = PLANE('',#12617);
#12617 = AXIS2_PLACEMENT_3D('',#12618,#12619,#12620);
#12618 = CARTESIAN_POINT('',(164.938017,-133.914938,0.));
#12619 = DIRECTION('',(0.912813186674,0.408377382128,-0.));
#12620 = DIRECTION('',(0.408377382128,-0.912813186674,0.));
#12621 = ADVANCED_FACE('',(#12622),#12633,.T.);
#12622 = FACE_BOUND('',#12623,.T.);
#12623 = EDGE_LOOP('',(#12624,#12625,#12626,#12632));
#12624 = ORIENTED_EDGE('',*,*,#12610,.T.);
#12625 = ORIENTED_EDGE('',*,*,#6685,.T.);
#12626 = ORIENTED_EDGE('',*,*,#12627,.F.);
#12627 = EDGE_CURVE('',#1533,#6678,#12628,.T.);
#12628 = LINE('',#12629,#12630);
#12629 = CARTESIAN_POINT('',(164.987502,-134.131816,0.));
#12630 = VECTOR('',#12631,1.);
#12631 = DIRECTION('',(0.,0.,1.));
#12632 = ORIENTED_EDGE('',*,*,#1540,.F.);
#12633 = PLANE('',#12634);
#12634 = AXIS2_PLACEMENT_3D('',#12635,#12636,#12637);
#12635 = CARTESIAN_POINT('',(164.960953,-133.966205,0.));
#12636 = DIRECTION('',(0.98739292722,0.158288367468,-0.));
#12637 = DIRECTION('',(0.158288367468,-0.98739292722,0.));
#12638 = ADVANCED_FACE('',(#12639),#12650,.T.);
#12639 = FACE_BOUND('',#12640,.T.);
#12640 = EDGE_LOOP('',(#12641,#12642,#12643,#12649));
#12641 = ORIENTED_EDGE('',*,*,#12627,.T.);
#12642 = ORIENTED_EDGE('',*,*,#6677,.T.);
#12643 = ORIENTED_EDGE('',*,*,#12644,.F.);
#12644 = EDGE_CURVE('',#1525,#6670,#12645,.T.);
#12645 = LINE('',#12646,#12647);
#12646 = CARTESIAN_POINT('',(164.987502,-135.5375,0.));
#12647 = VECTOR('',#12648,1.);
#12648 = DIRECTION('',(0.,0.,1.));
#12649 = ORIENTED_EDGE('',*,*,#1532,.F.);
#12650 = PLANE('',#12651);
#12651 = AXIS2_PLACEMENT_3D('',#12652,#12653,#12654);
#12652 = CARTESIAN_POINT('',(164.987502,-134.131816,0.));
#12653 = DIRECTION('',(1.,0.,-0.));
#12654 = DIRECTION('',(0.,-1.,0.));
#12655 = ADVANCED_FACE('',(#12656),#12667,.T.);
#12656 = FACE_BOUND('',#12657,.T.);
#12657 = EDGE_LOOP('',(#12658,#12659,#12660,#12666));
#12658 = ORIENTED_EDGE('',*,*,#12644,.T.);
#12659 = ORIENTED_EDGE('',*,*,#6669,.T.);
#12660 = ORIENTED_EDGE('',*,*,#12661,.F.);
#12661 = EDGE_CURVE('',#1517,#6662,#12662,.T.);
#12662 = LINE('',#12663,#12664);
#12663 = CARTESIAN_POINT('',(164.938017,-135.754378,0.));
#12664 = VECTOR('',#12665,1.);
#12665 = DIRECTION('',(0.,0.,1.));
#12666 = ORIENTED_EDGE('',*,*,#1524,.F.);
#12667 = PLANE('',#12668);
#12668 = AXIS2_PLACEMENT_3D('',#12669,#12670,#12671);
#12669 = CARTESIAN_POINT('',(164.987502,-135.5375,0.));
#12670 = DIRECTION('',(0.974943502008,-0.222452619431,0.));
#12671 = DIRECTION('',(-0.222452619431,-0.974943502008,0.));
#12672 = ADVANCED_FACE('',(#12673),#12684,.T.);
#12673 = FACE_BOUND('',#12674,.T.);
#12674 = EDGE_LOOP('',(#12675,#12676,#12677,#12683));
#12675 = ORIENTED_EDGE('',*,*,#12661,.T.);
#12676 = ORIENTED_EDGE('',*,*,#6661,.T.);
#12677 = ORIENTED_EDGE('',*,*,#12678,.F.);
#12678 = EDGE_CURVE('',#1509,#6654,#12679,.T.);
#12679 = LINE('',#12680,#12681);
#12680 = CARTESIAN_POINT('',(164.909464,-135.819339,0.));
#12681 = VECTOR('',#12682,1.);
#12682 = DIRECTION('',(0.,0.,1.));
#12683 = ORIENTED_EDGE('',*,*,#1516,.F.);
#12684 = PLANE('',#12685);
#12685 = AXIS2_PLACEMENT_3D('',#12686,#12687,#12688);
#12686 = CARTESIAN_POINT('',(164.938017,-135.754378,0.));
#12687 = DIRECTION('',(0.915469983318,-0.402386269203,0.));
#12688 = DIRECTION('',(-0.402386269203,-0.915469983318,0.));
#12689 = ADVANCED_FACE('',(#12690),#12701,.T.);
#12690 = FACE_BOUND('',#12691,.T.);
#12691 = EDGE_LOOP('',(#12692,#12693,#12694,#12700));
#12692 = ORIENTED_EDGE('',*,*,#12678,.T.);
#12693 = ORIENTED_EDGE('',*,*,#6653,.T.);
#12694 = ORIENTED_EDGE('',*,*,#12695,.F.);
#12695 = EDGE_CURVE('',#1501,#6646,#12696,.T.);
#12696 = LINE('',#12697,#12698);
#12697 = CARTESIAN_POINT('',(165.64079,-136.402955,0.));
#12698 = VECTOR('',#12699,1.);
#12699 = DIRECTION('',(0.,0.,1.));
#12700 = ORIENTED_EDGE('',*,*,#1508,.F.);
#12701 = PLANE('',#12702);
#12702 = AXIS2_PLACEMENT_3D('',#12703,#12704,#12705);
#12703 = CARTESIAN_POINT('',(164.909464,-135.819339,0.));
#12704 = DIRECTION('',(0.623753030467,0.781621492145,-0.));
#12705 = DIRECTION('',(0.781621492145,-0.623753030467,0.));
#12706 = ADVANCED_FACE('',(#12707),#12718,.T.);
#12707 = FACE_BOUND('',#12708,.T.);
#12708 = EDGE_LOOP('',(#12709,#12710,#12711,#12717));
#12709 = ORIENTED_EDGE('',*,*,#12695,.T.);
#12710 = ORIENTED_EDGE('',*,*,#6645,.T.);
#12711 = ORIENTED_EDGE('',*,*,#12712,.F.);
#12712 = EDGE_CURVE('',#1493,#6638,#12713,.T.);
#12713 = LINE('',#12714,#12715);
#12714 = CARTESIAN_POINT('',(165.69899,-136.371298,0.));
#12715 = VECTOR('',#12716,1.);
#12716 = DIRECTION('',(0.,0.,1.));
#12717 = ORIENTED_EDGE('',*,*,#1500,.F.);
#12718 = PLANE('',#12719);
#12719 = AXIS2_PLACEMENT_3D('',#12720,#12721,#12722);
#12720 = CARTESIAN_POINT('',(165.64079,-136.402955,0.));
#12721 = DIRECTION('',(-0.477822831046,0.878456226645,0.));
#12722 = DIRECTION('',(0.878456226645,0.477822831046,0.));
#12723 = ADVANCED_FACE('',(#12724),#12735,.T.);
#12724 = FACE_BOUND('',#12725,.T.);
#12725 = EDGE_LOOP('',(#12726,#12727,#12728,#12734));
#12726 = ORIENTED_EDGE('',*,*,#12712,.T.);
#12727 = ORIENTED_EDGE('',*,*,#6637,.T.);
#12728 = ORIENTED_EDGE('',*,*,#12729,.F.);
#12729 = EDGE_CURVE('',#1485,#6630,#12730,.T.);
#12730 = LINE('',#12731,#12732);
#12731 = CARTESIAN_POINT('',(165.893049,-136.334658,0.));
#12732 = VECTOR('',#12733,1.);
#12733 = DIRECTION('',(0.,0.,1.));
#12734 = ORIENTED_EDGE('',*,*,#1492,.F.);
#12735 = PLANE('',#12736);
#12736 = AXIS2_PLACEMENT_3D('',#12737,#12738,#12739);
#12737 = CARTESIAN_POINT('',(165.69899,-136.371298,0.));
#12738 = DIRECTION('',(-0.18553055753,0.982638495187,0.));
#12739 = DIRECTION('',(0.982638495187,0.18553055753,0.));
#12740 = ADVANCED_FACE('',(#12741),#12752,.T.);
#12741 = FACE_BOUND('',#12742,.T.);
#12742 = EDGE_LOOP('',(#12743,#12744,#12745,#12751));
#12743 = ORIENTED_EDGE('',*,*,#12729,.T.);
#12744 = ORIENTED_EDGE('',*,*,#6629,.T.);
#12745 = ORIENTED_EDGE('',*,*,#12746,.F.);
#12746 = EDGE_CURVE('',#1477,#6622,#12747,.T.);
#12747 = LINE('',#12748,#12749);
#12748 = CARTESIAN_POINT('',(167.481953,-136.334658,0.));
#12749 = VECTOR('',#12750,1.);
#12750 = DIRECTION('',(0.,0.,1.));
#12751 = ORIENTED_EDGE('',*,*,#1484,.F.);
#12752 = PLANE('',#12753);
#12753 = AXIS2_PLACEMENT_3D('',#12754,#12755,#12756);
#12754 = CARTESIAN_POINT('',(165.893049,-136.334658,0.));
#12755 = DIRECTION('',(0.,1.,0.));
#12756 = DIRECTION('',(1.,0.,0.));
#12757 = ADVANCED_FACE('',(#12758),#12769,.T.);
#12758 = FACE_BOUND('',#12759,.T.);
#12759 = EDGE_LOOP('',(#12760,#12761,#12762,#12768));
#12760 = ORIENTED_EDGE('',*,*,#12746,.T.);
#12761 = ORIENTED_EDGE('',*,*,#6621,.T.);
#12762 = ORIENTED_EDGE('',*,*,#12763,.F.);
#12763 = EDGE_CURVE('',#1469,#6614,#12764,.T.);
#12764 = LINE('',#12765,#12766);
#12765 = CARTESIAN_POINT('',(167.734212,-136.402957,0.));
#12766 = VECTOR('',#12767,1.);
#12767 = DIRECTION('',(0.,0.,1.));
#12768 = ORIENTED_EDGE('',*,*,#1476,.F.);
#12769 = PLANE('',#12770);
#12770 = AXIS2_PLACEMENT_3D('',#12771,#12772,#12773);
#12771 = CARTESIAN_POINT('',(167.481953,-136.334658,0.));
#12772 = DIRECTION('',(0.261340091681,0.965246785273,-0.));
#12773 = DIRECTION('',(0.965246785273,-0.261340091681,0.));
#12774 = ADVANCED_FACE('',(#12775),#12786,.T.);
#12775 = FACE_BOUND('',#12776,.T.);
#12776 = EDGE_LOOP('',(#12777,#12778,#12779,#12785));
#12777 = ORIENTED_EDGE('',*,*,#12763,.T.);
#12778 = ORIENTED_EDGE('',*,*,#6613,.T.);
#12779 = ORIENTED_EDGE('',*,*,#12780,.F.);
#12780 = EDGE_CURVE('',#1461,#6606,#12781,.T.);
#12781 = LINE('',#12782,#12783);
#12782 = CARTESIAN_POINT('',(167.796676,-136.436618,0.));
#12783 = VECTOR('',#12784,1.);
#12784 = DIRECTION('',(0.,0.,1.));
#12785 = ORIENTED_EDGE('',*,*,#1468,.F.);
#12786 = PLANE('',#12787);
#12787 = AXIS2_PLACEMENT_3D('',#12788,#12789,#12790);
#12788 = CARTESIAN_POINT('',(167.734212,-136.402957,0.));
#12789 = DIRECTION('',(0.474389741398,0.880314928453,-0.));
#12790 = DIRECTION('',(0.880314928453,-0.474389741398,0.));
#12791 = ADVANCED_FACE('',(#12792),#12803,.T.);
#12792 = FACE_BOUND('',#12793,.T.);
#12793 = EDGE_LOOP('',(#12794,#12795,#12796,#12802));
#12794 = ORIENTED_EDGE('',*,*,#12780,.T.);
#12795 = ORIENTED_EDGE('',*,*,#6605,.T.);
#12796 = ORIENTED_EDGE('',*,*,#12797,.F.);
#12797 = EDGE_CURVE('',#1453,#6598,#12798,.T.);
#12798 = LINE('',#12799,#12800);
#12799 = CARTESIAN_POINT('',(168.436985,-135.754377,0.));
#12800 = VECTOR('',#12801,1.);
#12801 = DIRECTION('',(0.,0.,1.));
#12802 = ORIENTED_EDGE('',*,*,#1460,.F.);
#12803 = PLANE('',#12804);
#12804 = AXIS2_PLACEMENT_3D('',#12805,#12806,#12807);
#12805 = CARTESIAN_POINT('',(167.796676,-136.436618,0.));
#12806 = DIRECTION('',(-0.729159501222,0.684343789171,0.));
#12807 = DIRECTION('',(0.684343789171,0.729159501222,0.));
#12808 = ADVANCED_FACE('',(#12809),#12820,.T.);
#12809 = FACE_BOUND('',#12810,.T.);
#12810 = EDGE_LOOP('',(#12811,#12812,#12813,#12819));
#12811 = ORIENTED_EDGE('',*,*,#12797,.T.);
#12812 = ORIENTED_EDGE('',*,*,#6597,.T.);
#12813 = ORIENTED_EDGE('',*,*,#12814,.F.);
#12814 = EDGE_CURVE('',#1445,#6590,#12815,.T.);
#12815 = LINE('',#12816,#12817);
#12816 = CARTESIAN_POINT('',(168.414048,-135.703111,0.));
#12817 = VECTOR('',#12818,1.);
#12818 = DIRECTION('',(0.,0.,1.));
#12819 = ORIENTED_EDGE('',*,*,#1452,.F.);
#12820 = PLANE('',#12821);
#12821 = AXIS2_PLACEMENT_3D('',#12822,#12823,#12824);
#12822 = CARTESIAN_POINT('',(168.436985,-135.754377,0.));
#12823 = DIRECTION('',(-0.912803579704,-0.408398855141,0.));
#12824 = DIRECTION('',(-0.408398855141,0.912803579704,0.));
#12825 = ADVANCED_FACE('',(#12826),#12837,.T.);
#12826 = FACE_BOUND('',#12827,.T.);
#12827 = EDGE_LOOP('',(#12828,#12829,#12830,#12836));
#12828 = ORIENTED_EDGE('',*,*,#12814,.T.);
#12829 = ORIENTED_EDGE('',*,*,#6589,.T.);
#12830 = ORIENTED_EDGE('',*,*,#12831,.F.);
#12831 = EDGE_CURVE('',#1437,#6582,#12832,.T.);
#12832 = LINE('',#12833,#12834);
#12833 = CARTESIAN_POINT('',(168.3875,-135.5375,0.));
#12834 = VECTOR('',#12835,1.);
#12835 = DIRECTION('',(0.,0.,1.));
#12836 = ORIENTED_EDGE('',*,*,#1444,.F.);
#12837 = PLANE('',#12838);
#12838 = AXIS2_PLACEMENT_3D('',#12839,#12840,#12841);
#12839 = CARTESIAN_POINT('',(168.414048,-135.703111,0.));
#12840 = DIRECTION('',(-0.987393859041,-0.158282554721,0.));
#12841 = DIRECTION('',(-0.158282554721,0.987393859041,0.));
#12842 = ADVANCED_FACE('',(#12843),#12854,.T.);
#12843 = FACE_BOUND('',#12844,.T.);
#12844 = EDGE_LOOP('',(#12845,#12846,#12847,#12853));
#12845 = ORIENTED_EDGE('',*,*,#12831,.T.);
#12846 = ORIENTED_EDGE('',*,*,#6581,.T.);
#12847 = ORIENTED_EDGE('',*,*,#12848,.F.);
#12848 = EDGE_CURVE('',#1429,#6574,#12849,.T.);
#12849 = LINE('',#12850,#12851);
#12850 = CARTESIAN_POINT('',(168.3875,-134.131816,0.));
#12851 = VECTOR('',#12852,1.);
#12852 = DIRECTION('',(0.,0.,1.));
#12853 = ORIENTED_EDGE('',*,*,#1436,.F.);
#12854 = PLANE('',#12855);
#12855 = AXIS2_PLACEMENT_3D('',#12856,#12857,#12858);
#12856 = CARTESIAN_POINT('',(168.3875,-135.5375,0.));
#12857 = DIRECTION('',(-1.,0.,0.));
#12858 = DIRECTION('',(0.,1.,0.));
#12859 = ADVANCED_FACE('',(#12860),#12871,.T.);
#12860 = FACE_BOUND('',#12861,.T.);
#12861 = EDGE_LOOP('',(#12862,#12863,#12864,#12870));
#12862 = ORIENTED_EDGE('',*,*,#12848,.T.);
#12863 = ORIENTED_EDGE('',*,*,#6573,.T.);
#12864 = ORIENTED_EDGE('',*,*,#12865,.F.);
#12865 = EDGE_CURVE('',#1421,#6566,#12866,.T.);
#12866 = LINE('',#12867,#12868);
#12867 = CARTESIAN_POINT('',(168.436985,-133.914938,0.));
#12868 = VECTOR('',#12869,1.);
#12869 = DIRECTION('',(0.,0.,1.));
#12870 = ORIENTED_EDGE('',*,*,#1428,.F.);
#12871 = PLANE('',#12872);
#12872 = AXIS2_PLACEMENT_3D('',#12873,#12874,#12875);
#12873 = CARTESIAN_POINT('',(168.3875,-134.131816,0.));
#12874 = DIRECTION('',(-0.974943502008,0.222452619431,0.));
#12875 = DIRECTION('',(0.222452619431,0.974943502008,0.));
#12876 = ADVANCED_FACE('',(#12877),#12888,.T.);
#12877 = FACE_BOUND('',#12878,.T.);
#12878 = EDGE_LOOP('',(#12879,#12880,#12881,#12887));
#12879 = ORIENTED_EDGE('',*,*,#12865,.T.);
#12880 = ORIENTED_EDGE('',*,*,#6565,.T.);
#12881 = ORIENTED_EDGE('',*,*,#12882,.F.);
#12882 = EDGE_CURVE('',#1413,#6558,#12883,.T.);
#12883 = LINE('',#12884,#12885);
#12884 = CARTESIAN_POINT('',(168.465524,-133.849984,0.));
#12885 = VECTOR('',#12886,1.);
#12886 = DIRECTION('',(0.,0.,1.));
#12887 = ORIENTED_EDGE('',*,*,#1420,.F.);
#12888 = PLANE('',#12889);
#12889 = AXIS2_PLACEMENT_3D('',#12890,#12891,#12892);
#12890 = CARTESIAN_POINT('',(168.436985,-133.914938,0.));
#12891 = DIRECTION('',(-0.915526689869,0.402257231305,0.));
#12892 = DIRECTION('',(0.402257231305,0.915526689869,0.));
#12893 = ADVANCED_FACE('',(#12894),#12905,.T.);
#12894 = FACE_BOUND('',#12895,.T.);
#12895 = EDGE_LOOP('',(#12896,#12897,#12898,#12904));
#12896 = ORIENTED_EDGE('',*,*,#12882,.T.);
#12897 = ORIENTED_EDGE('',*,*,#6557,.T.);
#12898 = ORIENTED_EDGE('',*,*,#12899,.F.);
#12899 = EDGE_CURVE('',#1405,#6550,#12900,.T.);
#12900 = LINE('',#12901,#12902);
#12901 = CARTESIAN_POINT('',(167.734212,-133.26636,0.));
#12902 = VECTOR('',#12903,1.);
#12903 = DIRECTION('',(0.,0.,1.));
#12904 = ORIENTED_EDGE('',*,*,#1412,.F.);
#12905 = PLANE('',#12906);
#12906 = AXIS2_PLACEMENT_3D('',#12907,#12908,#12909);
#12907 = CARTESIAN_POINT('',(168.465524,-133.849984,0.));
#12908 = DIRECTION('',(-0.623765549005,-0.781611501882,0.));
#12909 = DIRECTION('',(-0.781611501882,0.623765549005,0.));
#12910 = ADVANCED_FACE('',(#12911),#12922,.T.);
#12911 = FACE_BOUND('',#12912,.T.);
#12912 = EDGE_LOOP('',(#12913,#12914,#12915,#12921));
#12913 = ORIENTED_EDGE('',*,*,#12899,.T.);
#12914 = ORIENTED_EDGE('',*,*,#6549,.T.);
#12915 = ORIENTED_EDGE('',*,*,#12916,.F.);
#12916 = EDGE_CURVE('',#1397,#6542,#12917,.T.);
#12917 = LINE('',#12918,#12919);
#12918 = CARTESIAN_POINT('',(167.676011,-133.29801,0.));
#12919 = VECTOR('',#12920,1.);
#12920 = DIRECTION('',(0.,0.,1.));
#12921 = ORIENTED_EDGE('',*,*,#1404,.F.);
#12922 = PLANE('',#12923);
#12923 = AXIS2_PLACEMENT_3D('',#12924,#12925,#12926);
#12924 = CARTESIAN_POINT('',(167.734212,-133.26636,0.));
#12925 = DIRECTION('',(0.47773495646,-0.878504018987,0.));
#12926 = DIRECTION('',(-0.878504018987,-0.47773495646,0.));
#12927 = ADVANCED_FACE('',(#12928),#12939,.T.);
#12928 = FACE_BOUND('',#12929,.T.);
#12929 = EDGE_LOOP('',(#12930,#12931,#12932,#12938));
#12930 = ORIENTED_EDGE('',*,*,#12916,.T.);
#12931 = ORIENTED_EDGE('',*,*,#6541,.T.);
#12932 = ORIENTED_EDGE('',*,*,#12933,.F.);
#12933 = EDGE_CURVE('',#1389,#6534,#12934,.T.);
#12934 = LINE('',#12935,#12936);
#12935 = CARTESIAN_POINT('',(167.481954,-133.334659,0.));
#12936 = VECTOR('',#12937,1.);
#12937 = DIRECTION('',(0.,0.,1.));
#12938 = ORIENTED_EDGE('',*,*,#1396,.F.);
#12939 = PLANE('',#12940);
#12940 = AXIS2_PLACEMENT_3D('',#12941,#12942,#12943);
#12941 = CARTESIAN_POINT('',(167.676011,-133.29801,0.));
#12942 = DIRECTION('',(0.185576407469,-0.982629837218,0.));
#12943 = DIRECTION('',(-0.982629837218,-0.185576407469,0.));
#12944 = ADVANCED_FACE('',(#12945),#12956,.T.);
#12945 = FACE_BOUND('',#12946,.T.);
#12946 = EDGE_LOOP('',(#12947,#12948,#12949,#12955));
#12947 = ORIENTED_EDGE('',*,*,#12933,.T.);
#12948 = ORIENTED_EDGE('',*,*,#6533,.T.);
#12949 = ORIENTED_EDGE('',*,*,#12950,.F.);
#12950 = EDGE_CURVE('',#1381,#6526,#12951,.T.);
#12951 = LINE('',#12952,#12953);
#12952 = CARTESIAN_POINT('',(165.893049,-133.334659,0.));
#12953 = VECTOR('',#12954,1.);
#12954 = DIRECTION('',(0.,0.,1.));
#12955 = ORIENTED_EDGE('',*,*,#1388,.F.);
#12956 = PLANE('',#12957);
#12957 = AXIS2_PLACEMENT_3D('',#12958,#12959,#12960);
#12958 = CARTESIAN_POINT('',(167.481954,-133.334659,0.));
#12959 = DIRECTION('',(0.,-1.,0.));
#12960 = DIRECTION('',(-1.,0.,0.));
#12961 = ADVANCED_FACE('',(#12962),#12973,.T.);
#12962 = FACE_BOUND('',#12963,.T.);
#12963 = EDGE_LOOP('',(#12964,#12965,#12966,#12972));
#12964 = ORIENTED_EDGE('',*,*,#12950,.T.);
#12965 = ORIENTED_EDGE('',*,*,#6525,.T.);
#12966 = ORIENTED_EDGE('',*,*,#12967,.F.);
#12967 = EDGE_CURVE('',#1373,#6518,#12968,.T.);
#12968 = LINE('',#12969,#12970);
#12969 = CARTESIAN_POINT('',(165.64079,-133.266359,0.));
#12970 = VECTOR('',#12971,1.);
#12971 = DIRECTION('',(0.,0.,1.));
#12972 = ORIENTED_EDGE('',*,*,#1380,.F.);
#12973 = PLANE('',#12974);
#12974 = AXIS2_PLACEMENT_3D('',#12975,#12976,#12977);
#12975 = CARTESIAN_POINT('',(165.893049,-133.334659,0.));
#12976 = DIRECTION('',(-0.261343656749,-0.965245820026,0.));
#12977 = DIRECTION('',(-0.965245820026,0.261343656749,0.));
#12978 = ADVANCED_FACE('',(#12979),#12985,.T.);
#12979 = FACE_BOUND('',#12980,.T.);
#12980 = EDGE_LOOP('',(#12981,#12982,#12983,#12984));
#12981 = ORIENTED_EDGE('',*,*,#12967,.T.);
#12982 = ORIENTED_EDGE('',*,*,#6517,.T.);
#12983 = ORIENTED_EDGE('',*,*,#12586,.F.);
#12984 = ORIENTED_EDGE('',*,*,#1372,.F.);
#12985 = PLANE('',#12986);
#12986 = AXIS2_PLACEMENT_3D('',#12987,#12988,#12989);
#12987 = CARTESIAN_POINT('',(165.64079,-133.266359,0.));
#12988 = DIRECTION('',(-0.474332587922,-0.880345725289,0.));
#12989 = DIRECTION('',(-0.880345725289,0.474332587922,0.));
#12990 = ADVANCED_FACE('',(#12991),#13007,.F.);
#12991 = FACE_BOUND('',#12992,.T.);
#12992 = EDGE_LOOP('',(#12993,#12999,#13000,#13006));
#12993 = ORIENTED_EDGE('',*,*,#12994,.T.);
#12994 = EDGE_CURVE('',#6702,#1557,#12995,.T.);
#12995 = LINE('',#12996,#12997);
#12996 = CARTESIAN_POINT('',(161.01766077846,-129.5629626704,-4.6E-02));
#12997 = VECTOR('',#12998,1.);
#12998 = DIRECTION('',(-0.,-0.,-1.));
#12999 = ORIENTED_EDGE('',*,*,#1556,.T.);
#13000 = ORIENTED_EDGE('',*,*,#13001,.F.);
#13001 = EDGE_CURVE('',#6704,#1559,#13002,.T.);
#13002 = LINE('',#13003,#13004);
#13003 = CARTESIAN_POINT('',(162.33157882322,-130.6202076569,-4.6E-02));
#13004 = VECTOR('',#13005,1.);
#13005 = DIRECTION('',(-0.,-0.,-1.));
#13006 = ORIENTED_EDGE('',*,*,#6701,.F.);
#13007 = CYLINDRICAL_SURFACE('',#13008,0.85);
#13008 = AXIS2_PLACEMENT_3D('',#13009,#13010,#13011);
#13009 = CARTESIAN_POINT('',(161.6075,-130.175,-4.6E-02));
#13010 = DIRECTION('',(-0.,-0.,-1.));
#13011 = DIRECTION('',(-3.343730521224E-14,-1.,0.));
#13012 = ADVANCED_FACE('',(#13013),#13024,.F.);
#13013 = FACE_BOUND('',#13014,.T.);
#13014 = EDGE_LOOP('',(#13015,#13016,#13022,#13023));
#13015 = ORIENTED_EDGE('',*,*,#1585,.T.);
#13016 = ORIENTED_EDGE('',*,*,#13017,.T.);
#13017 = EDGE_CURVE('',#1586,#6731,#13018,.T.);
#13018 = LINE('',#13019,#13020);
#13019 = CARTESIAN_POINT('',(166.6875,-132.175,-4.6E-02));
#13020 = VECTOR('',#13021,1.);
#13021 = DIRECTION('',(0.,0.,1.));
#13022 = ORIENTED_EDGE('',*,*,#6730,.F.);
#13023 = ORIENTED_EDGE('',*,*,#13017,.F.);
#13024 = CYLINDRICAL_SURFACE('',#13025,2.);
#13025 = AXIS2_PLACEMENT_3D('',#13026,#13027,#13028);
#13026 = CARTESIAN_POINT('',(166.6875,-130.175,-4.6E-02));
#13027 = DIRECTION('',(-0.,-0.,-1.));
#13028 = DIRECTION('',(-0.,-1.,0.));
#13029 = ADVANCED_FACE('',(#13030),#13041,.F.);
#13030 = FACE_BOUND('',#13031,.T.);
#13031 = EDGE_LOOP('',(#13032,#13033,#13039,#13040));
#13032 = ORIENTED_EDGE('',*,*,#1596,.T.);
#13033 = ORIENTED_EDGE('',*,*,#13034,.T.);
#13034 = EDGE_CURVE('',#1597,#6742,#13035,.T.);
#13035 = LINE('',#13036,#13037);
#13036 = CARTESIAN_POINT('',(162.8775,-128.385,-4.6E-02));
#13037 = VECTOR('',#13038,1.);
#13038 = DIRECTION('',(0.,0.,1.));
#13039 = ORIENTED_EDGE('',*,*,#6741,.F.);
#13040 = ORIENTED_EDGE('',*,*,#13034,.F.);
#13041 = CYLINDRICAL_SURFACE('',#13042,0.75);
#13042 = AXIS2_PLACEMENT_3D('',#13043,#13044,#13045);
#13043 = CARTESIAN_POINT('',(162.8775,-127.635,-4.6E-02));
#13044 = DIRECTION('',(-0.,-0.,-1.));
#13045 = DIRECTION('',(-0.,-1.,0.));
#13046 = ADVANCED_FACE('',(#13047),#13058,.F.);
#13047 = FACE_BOUND('',#13048,.T.);
#13048 = EDGE_LOOP('',(#13049,#13050,#13056,#13057));
#13049 = ORIENTED_EDGE('',*,*,#1607,.T.);
#13050 = ORIENTED_EDGE('',*,*,#13051,.T.);
#13051 = EDGE_CURVE('',#1608,#6753,#13052,.T.);
#13052 = LINE('',#13053,#13054);
#13053 = CARTESIAN_POINT('',(174.625,-134.385,-4.6E-02));
#13054 = VECTOR('',#13055,1.);
#13055 = DIRECTION('',(0.,0.,1.));
#13056 = ORIENTED_EDGE('',*,*,#6752,.F.);
#13057 = ORIENTED_EDGE('',*,*,#13051,.F.);
#13058 = CYLINDRICAL_SURFACE('',#13059,0.4);
#13059 = AXIS2_PLACEMENT_3D('',#13060,#13061,#13062);
#13060 = CARTESIAN_POINT('',(174.625,-133.985,-4.6E-02));
#13061 = DIRECTION('',(-0.,-0.,-1.));
#13062 = DIRECTION('',(-0.,-1.,0.));
#13063 = ADVANCED_FACE('',(#13064),#13075,.F.);
#13064 = FACE_BOUND('',#13065,.T.);
#13065 = EDGE_LOOP('',(#13066,#13067,#13073,#13074));
#13066 = ORIENTED_EDGE('',*,*,#1618,.T.);
#13067 = ORIENTED_EDGE('',*,*,#13068,.T.);
#13068 = EDGE_CURVE('',#1619,#6764,#13069,.T.);
#13069 = LINE('',#13070,#13071);
#13070 = CARTESIAN_POINT('',(171.7675,-131.025,-4.6E-02));
#13071 = VECTOR('',#13072,1.);
#13072 = DIRECTION('',(0.,0.,1.));
#13073 = ORIENTED_EDGE('',*,*,#6763,.F.);
#13074 = ORIENTED_EDGE('',*,*,#13068,.F.);
#13075 = CYLINDRICAL_SURFACE('',#13076,0.85);
#13076 = AXIS2_PLACEMENT_3D('',#13077,#13078,#13079);
#13077 = CARTESIAN_POINT('',(171.7675,-130.175,-4.6E-02));
#13078 = DIRECTION('',(-0.,0.,-1.));
#13079 = DIRECTION('',(3.343730521224E-14,-1.,-0.));
#13080 = ADVANCED_FACE('',(#13081),#13092,.F.);
#13081 = FACE_BOUND('',#13082,.T.);
#13082 = EDGE_LOOP('',(#13083,#13084,#13090,#13091));
#13083 = ORIENTED_EDGE('',*,*,#1629,.T.);
#13084 = ORIENTED_EDGE('',*,*,#13085,.T.);
#13085 = EDGE_CURVE('',#1630,#6775,#13086,.T.);
#13086 = LINE('',#13087,#13088);
#13087 = CARTESIAN_POINT('',(169.2275,-125.845,-4.6E-02));
#13088 = VECTOR('',#13089,1.);
#13089 = DIRECTION('',(0.,0.,1.));
#13090 = ORIENTED_EDGE('',*,*,#6774,.F.);
#13091 = ORIENTED_EDGE('',*,*,#13085,.F.);
#13092 = CYLINDRICAL_SURFACE('',#13093,0.75);
#13093 = AXIS2_PLACEMENT_3D('',#13094,#13095,#13096);
#13094 = CARTESIAN_POINT('',(169.2275,-125.095,-4.6E-02));
#13095 = DIRECTION('',(-0.,-0.,-1.));
#13096 = DIRECTION('',(-0.,-1.,0.));
#13097 = ADVANCED_FACE('',(#13098),#13114,.F.);
#13098 = FACE_BOUND('',#13099,.T.);
#13099 = EDGE_LOOP('',(#13100,#13106,#13107,#13113));
#13100 = ORIENTED_EDGE('',*,*,#13101,.T.);
#13101 = EDGE_CURVE('',#6786,#1641,#13102,.T.);
#13102 = LINE('',#13103,#13104);
#13103 = CARTESIAN_POINT('',(174.56361122339,-125.9697387976,-4.6E-02));
#13104 = VECTOR('',#13105,1.);
#13105 = DIRECTION('',(-0.,-0.,-1.));
#13106 = ORIENTED_EDGE('',*,*,#1640,.T.);
#13107 = ORIENTED_EDGE('',*,*,#13108,.F.);
#13108 = EDGE_CURVE('',#6788,#1643,#13109,.T.);
#13109 = LINE('',#13110,#13111);
#13110 = CARTESIAN_POINT('',(175.01946645642,-126.2986960426,-4.6E-02));
#13111 = VECTOR('',#13112,1.);
#13112 = DIRECTION('',(-0.,-0.,-1.));
#13113 = ORIENTED_EDGE('',*,*,#6785,.F.);
#13114 = CYLINDRICAL_SURFACE('',#13115,0.4);
#13115 = AXIS2_PLACEMENT_3D('',#13116,#13117,#13118);
#13116 = CARTESIAN_POINT('',(174.625,-126.365,-4.6E-02));
#13117 = DIRECTION('',(-0.,-0.,-1.));
#13118 = DIRECTION('',(-0.,-1.,0.));
#13119 = ADVANCED_FACE('',(#13120),#13136,.F.);
#13120 = FACE_BOUND('',#13121,.T.);
#13121 = EDGE_LOOP('',(#13122,#13128,#13129,#13135));
#13122 = ORIENTED_EDGE('',*,*,#13123,.T.);
#13123 = EDGE_CURVE('',#6815,#1670,#13124,.T.);
#13124 = LINE('',#13125,#13126);
#13125 = CARTESIAN_POINT('',(179.88869299655,-129.8124592554,-4.6E-02));
#13126 = VECTOR('',#13127,1.);
#13127 = DIRECTION('',(-0.,-0.,-1.));
#13128 = ORIENTED_EDGE('',*,*,#1669,.T.);
#13129 = ORIENTED_EDGE('',*,*,#13130,.F.);
#13130 = EDGE_CURVE('',#6817,#1672,#13131,.T.);
#13131 = LINE('',#13132,#13133);
#13132 = CARTESIAN_POINT('',(181.24385261245,-130.7903784314,-4.6E-02));
#13133 = VECTOR('',#13134,1.);
#13134 = DIRECTION('',(-0.,-0.,-1.));
#13135 = ORIENTED_EDGE('',*,*,#6814,.F.);
#13136 = CYLINDRICAL_SURFACE('',#13137,0.85);
#13137 = AXIS2_PLACEMENT_3D('',#13138,#13139,#13140);
#13138 = CARTESIAN_POINT('',(180.6575,-130.175,-4.6E-02));
#13139 = DIRECTION('',(-0.,-0.,-1.));
#13140 = DIRECTION('',(-0.,-1.,0.));
#13141 = ADVANCED_FACE('',(#13142),#13153,.F.);
#13142 = FACE_BOUND('',#13143,.T.);
#13143 = EDGE_LOOP('',(#13144,#13145,#13151,#13152));
#13144 = ORIENTED_EDGE('',*,*,#1698,.T.);
#13145 = ORIENTED_EDGE('',*,*,#13146,.T.);
#13146 = EDGE_CURVE('',#1699,#6844,#13147,.T.);
#13147 = LINE('',#13148,#13149);
#13148 = CARTESIAN_POINT('',(181.9275,-128.385,-4.6E-02));
#13149 = VECTOR('',#13150,1.);
#13150 = DIRECTION('',(0.,0.,1.));
#13151 = ORIENTED_EDGE('',*,*,#6843,.F.);
#13152 = ORIENTED_EDGE('',*,*,#13146,.F.);
#13153 = CYLINDRICAL_SURFACE('',#13154,0.75);
#13154 = AXIS2_PLACEMENT_3D('',#13155,#13156,#13157);
#13155 = CARTESIAN_POINT('',(181.9275,-127.635,-4.6E-02));
#13156 = DIRECTION('',(-0.,-0.,-1.));
#13157 = DIRECTION('',(-0.,-1.,0.));
#13158 = ADVANCED_FACE('',(#13159),#13175,.T.);
#13159 = FACE_BOUND('',#13160,.T.);
#13160 = EDGE_LOOP('',(#13161,#13167,#13168,#13174));
#13161 = ORIENTED_EDGE('',*,*,#13162,.T.);
#13162 = EDGE_CURVE('',#1710,#6855,#13163,.T.);
#13163 = LINE('',#13164,#13165);
#13164 = CARTESIAN_POINT('',(184.62832,-133.2327,0.));
#13165 = VECTOR('',#13166,1.);
#13166 = DIRECTION('',(0.,0.,1.));
#13167 = ORIENTED_EDGE('',*,*,#6854,.T.);
#13168 = ORIENTED_EDGE('',*,*,#13169,.F.);
#13169 = EDGE_CURVE('',#1712,#6857,#13170,.T.);
#13170 = LINE('',#13171,#13172);
#13171 = CARTESIAN_POINT('',(183.988017,-133.914938,0.));
#13172 = VECTOR('',#13173,1.);
#13173 = DIRECTION('',(0.,0.,1.));
#13174 = ORIENTED_EDGE('',*,*,#1709,.F.);
#13175 = PLANE('',#13176);
#13176 = AXIS2_PLACEMENT_3D('',#13177,#13178,#13179);
#13177 = CARTESIAN_POINT('',(184.62832,-133.2327,0.));
#13178 = DIRECTION('',(0.729161199504,-0.68434197967,0.));
#13179 = DIRECTION('',(-0.68434197967,-0.729161199504,0.));
#13180 = ADVANCED_FACE('',(#13181),#13192,.T.);
#13181 = FACE_BOUND('',#13182,.T.);
#13182 = EDGE_LOOP('',(#13183,#13184,#13185,#13191));
#13183 = ORIENTED_EDGE('',*,*,#13169,.T.);
#13184 = ORIENTED_EDGE('',*,*,#7040,.T.);
#13185 = ORIENTED_EDGE('',*,*,#13186,.F.);
#13186 = EDGE_CURVE('',#1888,#7033,#13187,.T.);
#13187 = LINE('',#13188,#13189);
#13188 = CARTESIAN_POINT('',(184.010953,-133.966205,0.));
#13189 = VECTOR('',#13190,1.);
#13190 = DIRECTION('',(0.,0.,1.));
#13191 = ORIENTED_EDGE('',*,*,#1895,.F.);
#13192 = PLANE('',#13193);
#13193 = AXIS2_PLACEMENT_3D('',#13194,#13195,#13196);
#13194 = CARTESIAN_POINT('',(183.988017,-133.914938,0.));
#13195 = DIRECTION('',(0.912813186674,0.408377382128,-0.));
#13196 = DIRECTION('',(0.408377382128,-0.912813186674,0.));
#13197 = ADVANCED_FACE('',(#13198),#13209,.T.);
#13198 = FACE_BOUND('',#13199,.T.);
#13199 = EDGE_LOOP('',(#13200,#13201,#13202,#13208));
#13200 = ORIENTED_EDGE('',*,*,#13186,.T.);
#13201 = ORIENTED_EDGE('',*,*,#7032,.T.);
#13202 = ORIENTED_EDGE('',*,*,#13203,.F.);
#13203 = EDGE_CURVE('',#1880,#7025,#13204,.T.);
#13204 = LINE('',#13205,#13206);
#13205 = CARTESIAN_POINT('',(184.037502,-134.131816,0.));
#13206 = VECTOR('',#13207,1.);
#13207 = DIRECTION('',(0.,0.,1.));
#13208 = ORIENTED_EDGE('',*,*,#1887,.F.);
#13209 = PLANE('',#13210);
#13210 = AXIS2_PLACEMENT_3D('',#13211,#13212,#13213);
#13211 = CARTESIAN_POINT('',(184.010953,-133.966205,0.));
#13212 = DIRECTION('',(0.98739292722,0.158288367468,-0.));
#13213 = DIRECTION('',(0.158288367468,-0.98739292722,0.));
#13214 = ADVANCED_FACE('',(#13215),#13226,.T.);
#13215 = FACE_BOUND('',#13216,.T.);
#13216 = EDGE_LOOP('',(#13217,#13218,#13219,#13225));
#13217 = ORIENTED_EDGE('',*,*,#13203,.T.);
#13218 = ORIENTED_EDGE('',*,*,#7024,.T.);
#13219 = ORIENTED_EDGE('',*,*,#13220,.F.);
#13220 = EDGE_CURVE('',#1872,#7017,#13221,.T.);
#13221 = LINE('',#13222,#13223);
#13222 = CARTESIAN_POINT('',(184.037502,-135.5375,0.));
#13223 = VECTOR('',#13224,1.);
#13224 = DIRECTION('',(0.,0.,1.));
#13225 = ORIENTED_EDGE('',*,*,#1879,.F.);
#13226 = PLANE('',#13227);
#13227 = AXIS2_PLACEMENT_3D('',#13228,#13229,#13230);
#13228 = CARTESIAN_POINT('',(184.037502,-134.131816,0.));
#13229 = DIRECTION('',(1.,0.,-0.));
#13230 = DIRECTION('',(0.,-1.,0.));
#13231 = ADVANCED_FACE('',(#13232),#13243,.T.);
#13232 = FACE_BOUND('',#13233,.T.);
#13233 = EDGE_LOOP('',(#13234,#13235,#13236,#13242));
#13234 = ORIENTED_EDGE('',*,*,#13220,.T.);
#13235 = ORIENTED_EDGE('',*,*,#7016,.T.);
#13236 = ORIENTED_EDGE('',*,*,#13237,.F.);
#13237 = EDGE_CURVE('',#1864,#7009,#13238,.T.);
#13238 = LINE('',#13239,#13240);
#13239 = CARTESIAN_POINT('',(183.988017,-135.754378,0.));
#13240 = VECTOR('',#13241,1.);
#13241 = DIRECTION('',(0.,0.,1.));
#13242 = ORIENTED_EDGE('',*,*,#1871,.F.);
#13243 = PLANE('',#13244);
#13244 = AXIS2_PLACEMENT_3D('',#13245,#13246,#13247);
#13245 = CARTESIAN_POINT('',(184.037502,-135.5375,0.));
#13246 = DIRECTION('',(0.974943502008,-0.222452619431,0.));
#13247 = DIRECTION('',(-0.222452619431,-0.974943502008,0.));
#13248 = ADVANCED_FACE('',(#13249),#13260,.T.);
#13249 = FACE_BOUND('',#13250,.T.);
#13250 = EDGE_LOOP('',(#13251,#13252,#13253,#13259));
#13251 = ORIENTED_EDGE('',*,*,#13237,.T.);
#13252 = ORIENTED_EDGE('',*,*,#7008,.T.);
#13253 = ORIENTED_EDGE('',*,*,#13254,.F.);
#13254 = EDGE_CURVE('',#1856,#7001,#13255,.T.);
#13255 = LINE('',#13256,#13257);
#13256 = CARTESIAN_POINT('',(183.959464,-135.819339,0.));
#13257 = VECTOR('',#13258,1.);
#13258 = DIRECTION('',(0.,0.,1.));
#13259 = ORIENTED_EDGE('',*,*,#1863,.F.);
#13260 = PLANE('',#13261);
#13261 = AXIS2_PLACEMENT_3D('',#13262,#13263,#13264);
#13262 = CARTESIAN_POINT('',(183.988017,-135.754378,0.));
#13263 = DIRECTION('',(0.915469983318,-0.402386269203,0.));
#13264 = DIRECTION('',(-0.402386269203,-0.915469983318,0.));
#13265 = ADVANCED_FACE('',(#13266),#13277,.T.);
#13266 = FACE_BOUND('',#13267,.T.);
#13267 = EDGE_LOOP('',(#13268,#13269,#13270,#13276));
#13268 = ORIENTED_EDGE('',*,*,#13254,.T.);
#13269 = ORIENTED_EDGE('',*,*,#7000,.T.);
#13270 = ORIENTED_EDGE('',*,*,#13271,.F.);
#13271 = EDGE_CURVE('',#1848,#6993,#13272,.T.);
#13272 = LINE('',#13273,#13274);
#13273 = CARTESIAN_POINT('',(184.69079,-136.402955,0.));
#13274 = VECTOR('',#13275,1.);
#13275 = DIRECTION('',(0.,0.,1.));
#13276 = ORIENTED_EDGE('',*,*,#1855,.F.);
#13277 = PLANE('',#13278);
#13278 = AXIS2_PLACEMENT_3D('',#13279,#13280,#13281);
#13279 = CARTESIAN_POINT('',(183.959464,-135.819339,0.));
#13280 = DIRECTION('',(0.623753030467,0.781621492145,-0.));
#13281 = DIRECTION('',(0.781621492145,-0.623753030467,0.));
#13282 = ADVANCED_FACE('',(#13283),#13294,.T.);
#13283 = FACE_BOUND('',#13284,.T.);
#13284 = EDGE_LOOP('',(#13285,#13286,#13287,#13293));
#13285 = ORIENTED_EDGE('',*,*,#13271,.T.);
#13286 = ORIENTED_EDGE('',*,*,#6992,.T.);
#13287 = ORIENTED_EDGE('',*,*,#13288,.F.);
#13288 = EDGE_CURVE('',#1840,#6985,#13289,.T.);
#13289 = LINE('',#13290,#13291);
#13290 = CARTESIAN_POINT('',(184.74899,-136.371298,0.));
#13291 = VECTOR('',#13292,1.);
#13292 = DIRECTION('',(0.,0.,1.));
#13293 = ORIENTED_EDGE('',*,*,#1847,.F.);
#13294 = PLANE('',#13295);
#13295 = AXIS2_PLACEMENT_3D('',#13296,#13297,#13298);
#13296 = CARTESIAN_POINT('',(184.69079,-136.402955,0.));
#13297 = DIRECTION('',(-0.477822831046,0.878456226645,0.));
#13298 = DIRECTION('',(0.878456226645,0.477822831046,0.));
#13299 = ADVANCED_FACE('',(#13300),#13311,.T.);
#13300 = FACE_BOUND('',#13301,.T.);
#13301 = EDGE_LOOP('',(#13302,#13303,#13304,#13310));
#13302 = ORIENTED_EDGE('',*,*,#13288,.T.);
#13303 = ORIENTED_EDGE('',*,*,#6984,.T.);
#13304 = ORIENTED_EDGE('',*,*,#13305,.F.);
#13305 = EDGE_CURVE('',#1832,#6977,#13306,.T.);
#13306 = LINE('',#13307,#13308);
#13307 = CARTESIAN_POINT('',(184.943049,-136.334658,0.));
#13308 = VECTOR('',#13309,1.);
#13309 = DIRECTION('',(0.,0.,1.));
#13310 = ORIENTED_EDGE('',*,*,#1839,.F.);
#13311 = PLANE('',#13312);
#13312 = AXIS2_PLACEMENT_3D('',#13313,#13314,#13315);
#13313 = CARTESIAN_POINT('',(184.74899,-136.371298,0.));
#13314 = DIRECTION('',(-0.18553055753,0.982638495187,0.));
#13315 = DIRECTION('',(0.982638495187,0.18553055753,0.));
#13316 = ADVANCED_FACE('',(#13317),#13328,.T.);
#13317 = FACE_BOUND('',#13318,.T.);
#13318 = EDGE_LOOP('',(#13319,#13320,#13321,#13327));
#13319 = ORIENTED_EDGE('',*,*,#13305,.T.);
#13320 = ORIENTED_EDGE('',*,*,#6976,.T.);
#13321 = ORIENTED_EDGE('',*,*,#13322,.F.);
#13322 = EDGE_CURVE('',#1824,#6969,#13323,.T.);
#13323 = LINE('',#13324,#13325);
#13324 = CARTESIAN_POINT('',(186.531953,-136.334658,0.));
#13325 = VECTOR('',#13326,1.);
#13326 = DIRECTION('',(0.,0.,1.));
#13327 = ORIENTED_EDGE('',*,*,#1831,.F.);
#13328 = PLANE('',#13329);
#13329 = AXIS2_PLACEMENT_3D('',#13330,#13331,#13332);
#13330 = CARTESIAN_POINT('',(184.943049,-136.334658,0.));
#13331 = DIRECTION('',(0.,1.,0.));
#13332 = DIRECTION('',(1.,0.,0.));
#13333 = ADVANCED_FACE('',(#13334),#13345,.T.);
#13334 = FACE_BOUND('',#13335,.T.);
#13335 = EDGE_LOOP('',(#13336,#13337,#13338,#13344));
#13336 = ORIENTED_EDGE('',*,*,#13322,.T.);
#13337 = ORIENTED_EDGE('',*,*,#6968,.T.);
#13338 = ORIENTED_EDGE('',*,*,#13339,.F.);
#13339 = EDGE_CURVE('',#1816,#6961,#13340,.T.);
#13340 = LINE('',#13341,#13342);
#13341 = CARTESIAN_POINT('',(186.784212,-136.402957,0.));
#13342 = VECTOR('',#13343,1.);
#13343 = DIRECTION('',(0.,0.,1.));
#13344 = ORIENTED_EDGE('',*,*,#1823,.F.);
#13345 = PLANE('',#13346);
#13346 = AXIS2_PLACEMENT_3D('',#13347,#13348,#13349);
#13347 = CARTESIAN_POINT('',(186.531953,-136.334658,0.));
#13348 = DIRECTION('',(0.261340091681,0.965246785273,-0.));
#13349 = DIRECTION('',(0.965246785273,-0.261340091681,0.));
#13350 = ADVANCED_FACE('',(#13351),#13362,.T.);
#13351 = FACE_BOUND('',#13352,.T.);
#13352 = EDGE_LOOP('',(#13353,#13354,#13355,#13361));
#13353 = ORIENTED_EDGE('',*,*,#13339,.T.);
#13354 = ORIENTED_EDGE('',*,*,#6960,.T.);
#13355 = ORIENTED_EDGE('',*,*,#13356,.F.);
#13356 = EDGE_CURVE('',#1808,#6953,#13357,.T.);
#13357 = LINE('',#13358,#13359);
#13358 = CARTESIAN_POINT('',(186.846676,-136.436618,0.));
#13359 = VECTOR('',#13360,1.);
#13360 = DIRECTION('',(0.,0.,1.));
#13361 = ORIENTED_EDGE('',*,*,#1815,.F.);
#13362 = PLANE('',#13363);
#13363 = AXIS2_PLACEMENT_3D('',#13364,#13365,#13366);
#13364 = CARTESIAN_POINT('',(186.784212,-136.402957,0.));
#13365 = DIRECTION('',(0.474389741398,0.880314928453,-0.));
#13366 = DIRECTION('',(0.880314928453,-0.474389741398,0.));
#13367 = ADVANCED_FACE('',(#13368),#13379,.T.);
#13368 = FACE_BOUND('',#13369,.T.);
#13369 = EDGE_LOOP('',(#13370,#13371,#13372,#13378));
#13370 = ORIENTED_EDGE('',*,*,#13356,.T.);
#13371 = ORIENTED_EDGE('',*,*,#6952,.T.);
#13372 = ORIENTED_EDGE('',*,*,#13373,.F.);
#13373 = EDGE_CURVE('',#1800,#6945,#13374,.T.);
#13374 = LINE('',#13375,#13376);
#13375 = CARTESIAN_POINT('',(187.486985,-135.754377,0.));
#13376 = VECTOR('',#13377,1.);
#13377 = DIRECTION('',(0.,0.,1.));
#13378 = ORIENTED_EDGE('',*,*,#1807,.F.);
#13379 = PLANE('',#13380);
#13380 = AXIS2_PLACEMENT_3D('',#13381,#13382,#13383);
#13381 = CARTESIAN_POINT('',(186.846676,-136.436618,0.));
#13382 = DIRECTION('',(-0.729159501222,0.684343789171,0.));
#13383 = DIRECTION('',(0.684343789171,0.729159501222,0.));
#13384 = ADVANCED_FACE('',(#13385),#13396,.T.);
#13385 = FACE_BOUND('',#13386,.T.);
#13386 = EDGE_LOOP('',(#13387,#13388,#13389,#13395));
#13387 = ORIENTED_EDGE('',*,*,#13373,.T.);
#13388 = ORIENTED_EDGE('',*,*,#6944,.T.);
#13389 = ORIENTED_EDGE('',*,*,#13390,.F.);
#13390 = EDGE_CURVE('',#1792,#6937,#13391,.T.);
#13391 = LINE('',#13392,#13393);
#13392 = CARTESIAN_POINT('',(187.464048,-135.703111,0.));
#13393 = VECTOR('',#13394,1.);
#13394 = DIRECTION('',(0.,0.,1.));
#13395 = ORIENTED_EDGE('',*,*,#1799,.F.);
#13396 = PLANE('',#13397);
#13397 = AXIS2_PLACEMENT_3D('',#13398,#13399,#13400);
#13398 = CARTESIAN_POINT('',(187.486985,-135.754377,0.));
#13399 = DIRECTION('',(-0.912803579703,-0.408398855141,0.));
#13400 = DIRECTION('',(-0.408398855141,0.912803579703,0.));
#13401 = ADVANCED_FACE('',(#13402),#13413,.T.);
#13402 = FACE_BOUND('',#13403,.T.);
#13403 = EDGE_LOOP('',(#13404,#13405,#13406,#13412));
#13404 = ORIENTED_EDGE('',*,*,#13390,.T.);
#13405 = ORIENTED_EDGE('',*,*,#6936,.T.);
#13406 = ORIENTED_EDGE('',*,*,#13407,.F.);
#13407 = EDGE_CURVE('',#1784,#6929,#13408,.T.);
#13408 = LINE('',#13409,#13410);
#13409 = CARTESIAN_POINT('',(187.4375,-135.5375,0.));
#13410 = VECTOR('',#13411,1.);
#13411 = DIRECTION('',(0.,0.,1.));
#13412 = ORIENTED_EDGE('',*,*,#1791,.F.);
#13413 = PLANE('',#13414);
#13414 = AXIS2_PLACEMENT_3D('',#13415,#13416,#13417);
#13415 = CARTESIAN_POINT('',(187.464048,-135.703111,0.));
#13416 = DIRECTION('',(-0.987393859041,-0.15828255472,0.));
#13417 = DIRECTION('',(-0.15828255472,0.987393859041,0.));
#13418 = ADVANCED_FACE('',(#13419),#13430,.T.);
#13419 = FACE_BOUND('',#13420,.T.);
#13420 = EDGE_LOOP('',(#13421,#13422,#13423,#13429));
#13421 = ORIENTED_EDGE('',*,*,#13407,.T.);
#13422 = ORIENTED_EDGE('',*,*,#6928,.T.);
#13423 = ORIENTED_EDGE('',*,*,#13424,.F.);
#13424 = EDGE_CURVE('',#1776,#6921,#13425,.T.);
#13425 = LINE('',#13426,#13427);
#13426 = CARTESIAN_POINT('',(187.4375,-134.131816,0.));
#13427 = VECTOR('',#13428,1.);
#13428 = DIRECTION('',(0.,0.,1.));
#13429 = ORIENTED_EDGE('',*,*,#1783,.F.);
#13430 = PLANE('',#13431);
#13431 = AXIS2_PLACEMENT_3D('',#13432,#13433,#13434);
#13432 = CARTESIAN_POINT('',(187.4375,-135.5375,0.));
#13433 = DIRECTION('',(-1.,0.,0.));
#13434 = DIRECTION('',(0.,1.,0.));
#13435 = ADVANCED_FACE('',(#13436),#13447,.T.);
#13436 = FACE_BOUND('',#13437,.T.);
#13437 = EDGE_LOOP('',(#13438,#13439,#13440,#13446));
#13438 = ORIENTED_EDGE('',*,*,#13424,.T.);
#13439 = ORIENTED_EDGE('',*,*,#6920,.T.);
#13440 = ORIENTED_EDGE('',*,*,#13441,.F.);
#13441 = EDGE_CURVE('',#1768,#6913,#13442,.T.);
#13442 = LINE('',#13443,#13444);
#13443 = CARTESIAN_POINT('',(187.486985,-133.914938,0.));
#13444 = VECTOR('',#13445,1.);
#13445 = DIRECTION('',(0.,0.,1.));
#13446 = ORIENTED_EDGE('',*,*,#1775,.F.);
#13447 = PLANE('',#13448);
#13448 = AXIS2_PLACEMENT_3D('',#13449,#13450,#13451);
#13449 = CARTESIAN_POINT('',(187.4375,-134.131816,0.));
#13450 = DIRECTION('',(-0.974943502008,0.222452619431,0.));
#13451 = DIRECTION('',(0.222452619431,0.974943502008,0.));
#13452 = ADVANCED_FACE('',(#13453),#13464,.T.);
#13453 = FACE_BOUND('',#13454,.T.);
#13454 = EDGE_LOOP('',(#13455,#13456,#13457,#13463));
#13455 = ORIENTED_EDGE('',*,*,#13441,.T.);
#13456 = ORIENTED_EDGE('',*,*,#6912,.T.);
#13457 = ORIENTED_EDGE('',*,*,#13458,.F.);
#13458 = EDGE_CURVE('',#1760,#6905,#13459,.T.);
#13459 = LINE('',#13460,#13461);
#13460 = CARTESIAN_POINT('',(187.515524,-133.849984,0.));
#13461 = VECTOR('',#13462,1.);
#13462 = DIRECTION('',(0.,0.,1.));
#13463 = ORIENTED_EDGE('',*,*,#1767,.F.);
#13464 = PLANE('',#13465);
#13465 = AXIS2_PLACEMENT_3D('',#13466,#13467,#13468);
#13466 = CARTESIAN_POINT('',(187.486985,-133.914938,0.));
#13467 = DIRECTION('',(-0.915526689869,0.402257231305,0.));
#13468 = DIRECTION('',(0.402257231305,0.915526689869,0.));
#13469 = ADVANCED_FACE('',(#13470),#13481,.T.);
#13470 = FACE_BOUND('',#13471,.T.);
#13471 = EDGE_LOOP('',(#13472,#13473,#13474,#13480));
#13472 = ORIENTED_EDGE('',*,*,#13458,.T.);
#13473 = ORIENTED_EDGE('',*,*,#6904,.T.);
#13474 = ORIENTED_EDGE('',*,*,#13475,.F.);
#13475 = EDGE_CURVE('',#1752,#6897,#13476,.T.);
#13476 = LINE('',#13477,#13478);
#13477 = CARTESIAN_POINT('',(186.784212,-133.26636,0.));
#13478 = VECTOR('',#13479,1.);
#13479 = DIRECTION('',(0.,0.,1.));
#13480 = ORIENTED_EDGE('',*,*,#1759,.F.);
#13481 = PLANE('',#13482);
#13482 = AXIS2_PLACEMENT_3D('',#13483,#13484,#13485);
#13483 = CARTESIAN_POINT('',(187.515524,-133.849984,0.));
#13484 = DIRECTION('',(-0.623765549005,-0.781611501882,0.));
#13485 = DIRECTION('',(-0.781611501882,0.623765549005,0.));
#13486 = ADVANCED_FACE('',(#13487),#13498,.T.);
#13487 = FACE_BOUND('',#13488,.T.);
#13488 = EDGE_LOOP('',(#13489,#13490,#13491,#13497));
#13489 = ORIENTED_EDGE('',*,*,#13475,.T.);
#13490 = ORIENTED_EDGE('',*,*,#6896,.T.);
#13491 = ORIENTED_EDGE('',*,*,#13492,.F.);
#13492 = EDGE_CURVE('',#1744,#6889,#13493,.T.);
#13493 = LINE('',#13494,#13495);
#13494 = CARTESIAN_POINT('',(186.726011,-133.29801,0.));
#13495 = VECTOR('',#13496,1.);
#13496 = DIRECTION('',(0.,0.,1.));
#13497 = ORIENTED_EDGE('',*,*,#1751,.F.);
#13498 = PLANE('',#13499);
#13499 = AXIS2_PLACEMENT_3D('',#13500,#13501,#13502);
#13500 = CARTESIAN_POINT('',(186.784212,-133.26636,0.));
#13501 = DIRECTION('',(0.47773495646,-0.878504018987,0.));
#13502 = DIRECTION('',(-0.878504018987,-0.47773495646,0.));
#13503 = ADVANCED_FACE('',(#13504),#13515,.T.);
#13504 = FACE_BOUND('',#13505,.T.);
#13505 = EDGE_LOOP('',(#13506,#13507,#13508,#13514));
#13506 = ORIENTED_EDGE('',*,*,#13492,.T.);
#13507 = ORIENTED_EDGE('',*,*,#6888,.T.);
#13508 = ORIENTED_EDGE('',*,*,#13509,.F.);
#13509 = EDGE_CURVE('',#1736,#6881,#13510,.T.);
#13510 = LINE('',#13511,#13512);
#13511 = CARTESIAN_POINT('',(186.531954,-133.334659,0.));
#13512 = VECTOR('',#13513,1.);
#13513 = DIRECTION('',(0.,0.,1.));
#13514 = ORIENTED_EDGE('',*,*,#1743,.F.);
#13515 = PLANE('',#13516);
#13516 = AXIS2_PLACEMENT_3D('',#13517,#13518,#13519);
#13517 = CARTESIAN_POINT('',(186.726011,-133.29801,0.));
#13518 = DIRECTION('',(0.185576407469,-0.982629837218,0.));
#13519 = DIRECTION('',(-0.982629837218,-0.185576407469,0.));
#13520 = ADVANCED_FACE('',(#13521),#13532,.T.);
#13521 = FACE_BOUND('',#13522,.T.);
#13522 = EDGE_LOOP('',(#13523,#13524,#13525,#13531));
#13523 = ORIENTED_EDGE('',*,*,#13509,.T.);
#13524 = ORIENTED_EDGE('',*,*,#6880,.T.);
#13525 = ORIENTED_EDGE('',*,*,#13526,.F.);
#13526 = EDGE_CURVE('',#1728,#6873,#13527,.T.);
#13527 = LINE('',#13528,#13529);
#13528 = CARTESIAN_POINT('',(184.943049,-133.334659,0.));
#13529 = VECTOR('',#13530,1.);
#13530 = DIRECTION('',(0.,0.,1.));
#13531 = ORIENTED_EDGE('',*,*,#1735,.F.);
#13532 = PLANE('',#13533);
#13533 = AXIS2_PLACEMENT_3D('',#13534,#13535,#13536);
#13534 = CARTESIAN_POINT('',(186.531954,-133.334659,0.));
#13535 = DIRECTION('',(0.,-1.,0.));
#13536 = DIRECTION('',(-1.,0.,0.));
#13537 = ADVANCED_FACE('',(#13538),#13549,.T.);
#13538 = FACE_BOUND('',#13539,.T.);
#13539 = EDGE_LOOP('',(#13540,#13541,#13542,#13548));
#13540 = ORIENTED_EDGE('',*,*,#13526,.T.);
#13541 = ORIENTED_EDGE('',*,*,#6872,.T.);
#13542 = ORIENTED_EDGE('',*,*,#13543,.F.);
#13543 = EDGE_CURVE('',#1720,#6865,#13544,.T.);
#13544 = LINE('',#13545,#13546);
#13545 = CARTESIAN_POINT('',(184.69079,-133.266359,0.));
#13546 = VECTOR('',#13547,1.);
#13547 = DIRECTION('',(0.,0.,1.));
#13548 = ORIENTED_EDGE('',*,*,#1727,.F.);
#13549 = PLANE('',#13550);
#13550 = AXIS2_PLACEMENT_3D('',#13551,#13552,#13553);
#13551 = CARTESIAN_POINT('',(184.943049,-133.334659,0.));
#13552 = DIRECTION('',(-0.261343656749,-0.965245820026,0.));
#13553 = DIRECTION('',(-0.965245820026,0.261343656749,0.));
#13554 = ADVANCED_FACE('',(#13555),#13561,.T.);
#13555 = FACE_BOUND('',#13556,.T.);
#13556 = EDGE_LOOP('',(#13557,#13558,#13559,#13560));
#13557 = ORIENTED_EDGE('',*,*,#13543,.T.);
#13558 = ORIENTED_EDGE('',*,*,#6864,.T.);
#13559 = ORIENTED_EDGE('',*,*,#13162,.F.);
#13560 = ORIENTED_EDGE('',*,*,#1719,.F.);
#13561 = PLANE('',#13562);
#13562 = AXIS2_PLACEMENT_3D('',#13563,#13564,#13565);
#13563 = CARTESIAN_POINT('',(184.69079,-133.266359,0.));
#13564 = DIRECTION('',(-0.474332587922,-0.880345725289,0.));
#13565 = DIRECTION('',(-0.880345725289,0.474332587922,0.));
#13566 = ADVANCED_FACE('',(#13567),#13578,.F.);
#13567 = FACE_BOUND('',#13568,.T.);
#13568 = EDGE_LOOP('',(#13569,#13570,#13576,#13577));
#13569 = ORIENTED_EDGE('',*,*,#1903,.T.);
#13570 = ORIENTED_EDGE('',*,*,#13571,.T.);
#13571 = EDGE_CURVE('',#1904,#7049,#13572,.T.);
#13572 = LINE('',#13573,#13574);
#13573 = CARTESIAN_POINT('',(193.675,-134.385,-4.6E-02));
#13574 = VECTOR('',#13575,1.);
#13575 = DIRECTION('',(0.,0.,1.));
#13576 = ORIENTED_EDGE('',*,*,#7048,.F.);
#13577 = ORIENTED_EDGE('',*,*,#13571,.F.);
#13578 = CYLINDRICAL_SURFACE('',#13579,0.4);
#13579 = AXIS2_PLACEMENT_3D('',#13580,#13581,#13582);
#13580 = CARTESIAN_POINT('',(193.675,-133.985,-4.6E-02));
#13581 = DIRECTION('',(-0.,-0.,-1.));
#13582 = DIRECTION('',(-0.,-1.,0.));
#13583 = ADVANCED_FACE('',(#13584),#13595,.F.);
#13584 = FACE_BOUND('',#13585,.T.);
#13585 = EDGE_LOOP('',(#13586,#13587,#13593,#13594));
#13586 = ORIENTED_EDGE('',*,*,#1914,.T.);
#13587 = ORIENTED_EDGE('',*,*,#13588,.T.);
#13588 = EDGE_CURVE('',#1915,#7060,#13589,.T.);
#13589 = LINE('',#13590,#13591);
#13590 = CARTESIAN_POINT('',(185.7375,-132.175,-4.6E-02));
#13591 = VECTOR('',#13592,1.);
#13592 = DIRECTION('',(0.,0.,1.));
#13593 = ORIENTED_EDGE('',*,*,#7059,.F.);
#13594 = ORIENTED_EDGE('',*,*,#13588,.F.);
#13595 = CYLINDRICAL_SURFACE('',#13596,2.);
#13596 = AXIS2_PLACEMENT_3D('',#13597,#13598,#13599);
#13597 = CARTESIAN_POINT('',(185.7375,-130.175,-4.6E-02));
#13598 = DIRECTION('',(-0.,-0.,-1.));
#13599 = DIRECTION('',(-0.,-1.,0.));
#13600 = ADVANCED_FACE('',(#13601),#13612,.F.);
#13601 = FACE_BOUND('',#13602,.T.);
#13602 = EDGE_LOOP('',(#13603,#13604,#13610,#13611));
#13603 = ORIENTED_EDGE('',*,*,#1925,.T.);
#13604 = ORIENTED_EDGE('',*,*,#13605,.T.);
#13605 = EDGE_CURVE('',#1926,#7071,#13606,.T.);
#13606 = LINE('',#13607,#13608);
#13607 = CARTESIAN_POINT('',(190.8175,-131.025,-4.6E-02));
#13608 = VECTOR('',#13609,1.);
#13609 = DIRECTION('',(0.,0.,1.));
#13610 = ORIENTED_EDGE('',*,*,#7070,.F.);
#13611 = ORIENTED_EDGE('',*,*,#13605,.F.);
#13612 = CYLINDRICAL_SURFACE('',#13613,0.85);
#13613 = AXIS2_PLACEMENT_3D('',#13614,#13615,#13616);
#13614 = CARTESIAN_POINT('',(190.8175,-130.175,-4.6E-02));
#13615 = DIRECTION('',(-0.,-0.,-1.));
#13616 = DIRECTION('',(-0.,-1.,0.));
#13617 = ADVANCED_FACE('',(#13618),#13629,.F.);
#13618 = FACE_BOUND('',#13619,.T.);
#13619 = EDGE_LOOP('',(#13620,#13621,#13627,#13628));
#13620 = ORIENTED_EDGE('',*,*,#1936,.T.);
#13621 = ORIENTED_EDGE('',*,*,#13622,.T.);
#13622 = EDGE_CURVE('',#1937,#7082,#13623,.T.);
#13623 = LINE('',#13624,#13625);
#13624 = CARTESIAN_POINT('',(188.2775,-125.845,-4.6E-02));
#13625 = VECTOR('',#13626,1.);
#13626 = DIRECTION('',(0.,0.,1.));
#13627 = ORIENTED_EDGE('',*,*,#7081,.F.);
#13628 = ORIENTED_EDGE('',*,*,#13622,.F.);
#13629 = CYLINDRICAL_SURFACE('',#13630,0.75);
#13630 = AXIS2_PLACEMENT_3D('',#13631,#13632,#13633);
#13631 = CARTESIAN_POINT('',(188.2775,-125.095,-4.6E-02));
#13632 = DIRECTION('',(-0.,-0.,-1.));
#13633 = DIRECTION('',(-0.,-1.,0.));
#13634 = ADVANCED_FACE('',(#13635),#13646,.F.);
#13635 = FACE_BOUND('',#13636,.T.);
#13636 = EDGE_LOOP('',(#13637,#13638,#13644,#13645));
#13637 = ORIENTED_EDGE('',*,*,#1947,.T.);
#13638 = ORIENTED_EDGE('',*,*,#13639,.T.);
#13639 = EDGE_CURVE('',#1948,#7093,#13640,.T.);
#13640 = LINE('',#13641,#13642);
#13641 = CARTESIAN_POINT('',(193.675,-126.765,-4.6E-02));
#13642 = VECTOR('',#13643,1.);
#13643 = DIRECTION('',(0.,0.,1.));
#13644 = ORIENTED_EDGE('',*,*,#7092,.F.);
#13645 = ORIENTED_EDGE('',*,*,#13639,.F.);
#13646 = CYLINDRICAL_SURFACE('',#13647,0.4);
#13647 = AXIS2_PLACEMENT_3D('',#13648,#13649,#13650);
#13648 = CARTESIAN_POINT('',(193.675,-126.365,-4.6E-02));
#13649 = DIRECTION('',(-0.,-0.,-1.));
#13650 = DIRECTION('',(-0.,-1.,0.));
#13651 = ADVANCED_FACE('',(#13652),#13668,.T.);
#13652 = FACE_BOUND('',#13653,.T.);
#13653 = EDGE_LOOP('',(#13654,#13660,#13661,#13667));
#13654 = ORIENTED_EDGE('',*,*,#13655,.T.);
#13655 = EDGE_CURVE('',#1959,#7104,#13656,.T.);
#13656 = LINE('',#13657,#13658);
#13657 = CARTESIAN_POINT('',(165.57832,-114.1827,0.));
#13658 = VECTOR('',#13659,1.);
#13659 = DIRECTION('',(0.,0.,1.));
#13660 = ORIENTED_EDGE('',*,*,#7103,.T.);
#13661 = ORIENTED_EDGE('',*,*,#13662,.F.);
#13662 = EDGE_CURVE('',#1961,#7106,#13663,.T.);
#13663 = LINE('',#13664,#13665);
#13664 = CARTESIAN_POINT('',(164.938017,-114.864938,0.));
#13665 = VECTOR('',#13666,1.);
#13666 = DIRECTION('',(0.,0.,1.));
#13667 = ORIENTED_EDGE('',*,*,#1958,.F.);
#13668 = PLANE('',#13669);
#13669 = AXIS2_PLACEMENT_3D('',#13670,#13671,#13672);
#13670 = CARTESIAN_POINT('',(165.57832,-114.1827,0.));
#13671 = DIRECTION('',(0.729161199504,-0.68434197967,0.));
#13672 = DIRECTION('',(-0.68434197967,-0.729161199504,0.));
#13673 = ADVANCED_FACE('',(#13674),#13685,.T.);
#13674 = FACE_BOUND('',#13675,.T.);
#13675 = EDGE_LOOP('',(#13676,#13677,#13678,#13684));
#13676 = ORIENTED_EDGE('',*,*,#13662,.T.);
#13677 = ORIENTED_EDGE('',*,*,#7289,.T.);
#13678 = ORIENTED_EDGE('',*,*,#13679,.F.);
#13679 = EDGE_CURVE('',#2137,#7282,#13680,.T.);
#13680 = LINE('',#13681,#13682);
#13681 = CARTESIAN_POINT('',(164.960953,-114.916205,0.));
#13682 = VECTOR('',#13683,1.);
#13683 = DIRECTION('',(0.,0.,1.));
#13684 = ORIENTED_EDGE('',*,*,#2144,.F.);
#13685 = PLANE('',#13686);
#13686 = AXIS2_PLACEMENT_3D('',#13687,#13688,#13689);
#13687 = CARTESIAN_POINT('',(164.938017,-114.864938,0.));
#13688 = DIRECTION('',(0.912813186674,0.408377382128,-0.));
#13689 = DIRECTION('',(0.408377382128,-0.912813186674,0.));
#13690 = ADVANCED_FACE('',(#13691),#13702,.T.);
#13691 = FACE_BOUND('',#13692,.T.);
#13692 = EDGE_LOOP('',(#13693,#13694,#13695,#13701));
#13693 = ORIENTED_EDGE('',*,*,#13679,.T.);
#13694 = ORIENTED_EDGE('',*,*,#7281,.T.);
#13695 = ORIENTED_EDGE('',*,*,#13696,.F.);
#13696 = EDGE_CURVE('',#2129,#7274,#13697,.T.);
#13697 = LINE('',#13698,#13699);
#13698 = CARTESIAN_POINT('',(164.987502,-115.081816,0.));
#13699 = VECTOR('',#13700,1.);
#13700 = DIRECTION('',(0.,0.,1.));
#13701 = ORIENTED_EDGE('',*,*,#2136,.F.);
#13702 = PLANE('',#13703);
#13703 = AXIS2_PLACEMENT_3D('',#13704,#13705,#13706);
#13704 = CARTESIAN_POINT('',(164.960953,-114.916205,0.));
#13705 = DIRECTION('',(0.98739292722,0.158288367468,-0.));
#13706 = DIRECTION('',(0.158288367468,-0.98739292722,0.));
#13707 = ADVANCED_FACE('',(#13708),#13719,.T.);
#13708 = FACE_BOUND('',#13709,.T.);
#13709 = EDGE_LOOP('',(#13710,#13711,#13712,#13718));
#13710 = ORIENTED_EDGE('',*,*,#13696,.T.);
#13711 = ORIENTED_EDGE('',*,*,#7273,.T.);
#13712 = ORIENTED_EDGE('',*,*,#13713,.F.);
#13713 = EDGE_CURVE('',#2121,#7266,#13714,.T.);
#13714 = LINE('',#13715,#13716);
#13715 = CARTESIAN_POINT('',(164.987502,-116.4875,0.));
#13716 = VECTOR('',#13717,1.);
#13717 = DIRECTION('',(0.,0.,1.));
#13718 = ORIENTED_EDGE('',*,*,#2128,.F.);
#13719 = PLANE('',#13720);
#13720 = AXIS2_PLACEMENT_3D('',#13721,#13722,#13723);
#13721 = CARTESIAN_POINT('',(164.987502,-115.081816,0.));
#13722 = DIRECTION('',(1.,0.,-0.));
#13723 = DIRECTION('',(0.,-1.,0.));
#13724 = ADVANCED_FACE('',(#13725),#13736,.T.);
#13725 = FACE_BOUND('',#13726,.T.);
#13726 = EDGE_LOOP('',(#13727,#13728,#13729,#13735));
#13727 = ORIENTED_EDGE('',*,*,#13713,.T.);
#13728 = ORIENTED_EDGE('',*,*,#7265,.T.);
#13729 = ORIENTED_EDGE('',*,*,#13730,.F.);
#13730 = EDGE_CURVE('',#2113,#7258,#13731,.T.);
#13731 = LINE('',#13732,#13733);
#13732 = CARTESIAN_POINT('',(164.938017,-116.704378,0.));
#13733 = VECTOR('',#13734,1.);
#13734 = DIRECTION('',(0.,0.,1.));
#13735 = ORIENTED_EDGE('',*,*,#2120,.F.);
#13736 = PLANE('',#13737);
#13737 = AXIS2_PLACEMENT_3D('',#13738,#13739,#13740);
#13738 = CARTESIAN_POINT('',(164.987502,-116.4875,0.));
#13739 = DIRECTION('',(0.974943502008,-0.222452619431,0.));
#13740 = DIRECTION('',(-0.222452619431,-0.974943502008,0.));
#13741 = ADVANCED_FACE('',(#13742),#13753,.T.);
#13742 = FACE_BOUND('',#13743,.T.);
#13743 = EDGE_LOOP('',(#13744,#13745,#13746,#13752));
#13744 = ORIENTED_EDGE('',*,*,#13730,.T.);
#13745 = ORIENTED_EDGE('',*,*,#7257,.T.);
#13746 = ORIENTED_EDGE('',*,*,#13747,.F.);
#13747 = EDGE_CURVE('',#2105,#7250,#13748,.T.);
#13748 = LINE('',#13749,#13750);
#13749 = CARTESIAN_POINT('',(164.909464,-116.769339,0.));
#13750 = VECTOR('',#13751,1.);
#13751 = DIRECTION('',(0.,0.,1.));
#13752 = ORIENTED_EDGE('',*,*,#2112,.F.);
#13753 = PLANE('',#13754);
#13754 = AXIS2_PLACEMENT_3D('',#13755,#13756,#13757);
#13755 = CARTESIAN_POINT('',(164.938017,-116.704378,0.));
#13756 = DIRECTION('',(0.915469983318,-0.402386269203,0.));
#13757 = DIRECTION('',(-0.402386269203,-0.915469983318,0.));
#13758 = ADVANCED_FACE('',(#13759),#13770,.T.);
#13759 = FACE_BOUND('',#13760,.T.);
#13760 = EDGE_LOOP('',(#13761,#13762,#13763,#13769));
#13761 = ORIENTED_EDGE('',*,*,#13747,.T.);
#13762 = ORIENTED_EDGE('',*,*,#7249,.T.);
#13763 = ORIENTED_EDGE('',*,*,#13764,.F.);
#13764 = EDGE_CURVE('',#2097,#7242,#13765,.T.);
#13765 = LINE('',#13766,#13767);
#13766 = CARTESIAN_POINT('',(165.64079,-117.352955,0.));
#13767 = VECTOR('',#13768,1.);
#13768 = DIRECTION('',(0.,0.,1.));
#13769 = ORIENTED_EDGE('',*,*,#2104,.F.);
#13770 = PLANE('',#13771);
#13771 = AXIS2_PLACEMENT_3D('',#13772,#13773,#13774);
#13772 = CARTESIAN_POINT('',(164.909464,-116.769339,0.));
#13773 = DIRECTION('',(0.623753030467,0.781621492145,-0.));
#13774 = DIRECTION('',(0.781621492145,-0.623753030467,0.));
#13775 = ADVANCED_FACE('',(#13776),#13787,.T.);
#13776 = FACE_BOUND('',#13777,.T.);
#13777 = EDGE_LOOP('',(#13778,#13779,#13780,#13786));
#13778 = ORIENTED_EDGE('',*,*,#13764,.T.);
#13779 = ORIENTED_EDGE('',*,*,#7241,.T.);
#13780 = ORIENTED_EDGE('',*,*,#13781,.F.);
#13781 = EDGE_CURVE('',#2089,#7234,#13782,.T.);
#13782 = LINE('',#13783,#13784);
#13783 = CARTESIAN_POINT('',(165.69899,-117.321298,0.));
#13784 = VECTOR('',#13785,1.);
#13785 = DIRECTION('',(0.,0.,1.));
#13786 = ORIENTED_EDGE('',*,*,#2096,.F.);
#13787 = PLANE('',#13788);
#13788 = AXIS2_PLACEMENT_3D('',#13789,#13790,#13791);
#13789 = CARTESIAN_POINT('',(165.64079,-117.352955,0.));
#13790 = DIRECTION('',(-0.477822831046,0.878456226645,0.));
#13791 = DIRECTION('',(0.878456226645,0.477822831046,0.));
#13792 = ADVANCED_FACE('',(#13793),#13804,.T.);
#13793 = FACE_BOUND('',#13794,.T.);
#13794 = EDGE_LOOP('',(#13795,#13796,#13797,#13803));
#13795 = ORIENTED_EDGE('',*,*,#13781,.T.);
#13796 = ORIENTED_EDGE('',*,*,#7233,.T.);
#13797 = ORIENTED_EDGE('',*,*,#13798,.F.);
#13798 = EDGE_CURVE('',#2081,#7226,#13799,.T.);
#13799 = LINE('',#13800,#13801);
#13800 = CARTESIAN_POINT('',(165.893049,-117.284658,0.));
#13801 = VECTOR('',#13802,1.);
#13802 = DIRECTION('',(0.,0.,1.));
#13803 = ORIENTED_EDGE('',*,*,#2088,.F.);
#13804 = PLANE('',#13805);
#13805 = AXIS2_PLACEMENT_3D('',#13806,#13807,#13808);
#13806 = CARTESIAN_POINT('',(165.69899,-117.321298,0.));
#13807 = DIRECTION('',(-0.18553055753,0.982638495187,0.));
#13808 = DIRECTION('',(0.982638495187,0.18553055753,0.));
#13809 = ADVANCED_FACE('',(#13810),#13821,.T.);
#13810 = FACE_BOUND('',#13811,.T.);
#13811 = EDGE_LOOP('',(#13812,#13813,#13814,#13820));
#13812 = ORIENTED_EDGE('',*,*,#13798,.T.);
#13813 = ORIENTED_EDGE('',*,*,#7225,.T.);
#13814 = ORIENTED_EDGE('',*,*,#13815,.F.);
#13815 = EDGE_CURVE('',#2073,#7218,#13816,.T.);
#13816 = LINE('',#13817,#13818);
#13817 = CARTESIAN_POINT('',(167.481953,-117.284658,0.));
#13818 = VECTOR('',#13819,1.);
#13819 = DIRECTION('',(0.,0.,1.));
#13820 = ORIENTED_EDGE('',*,*,#2080,.F.);
#13821 = PLANE('',#13822);
#13822 = AXIS2_PLACEMENT_3D('',#13823,#13824,#13825);
#13823 = CARTESIAN_POINT('',(165.893049,-117.284658,0.));
#13824 = DIRECTION('',(0.,1.,0.));
#13825 = DIRECTION('',(1.,0.,0.));
#13826 = ADVANCED_FACE('',(#13827),#13838,.T.);
#13827 = FACE_BOUND('',#13828,.T.);
#13828 = EDGE_LOOP('',(#13829,#13830,#13831,#13837));
#13829 = ORIENTED_EDGE('',*,*,#13815,.T.);
#13830 = ORIENTED_EDGE('',*,*,#7217,.T.);
#13831 = ORIENTED_EDGE('',*,*,#13832,.F.);
#13832 = EDGE_CURVE('',#2065,#7210,#13833,.T.);
#13833 = LINE('',#13834,#13835);
#13834 = CARTESIAN_POINT('',(167.734212,-117.352957,0.));
#13835 = VECTOR('',#13836,1.);
#13836 = DIRECTION('',(0.,0.,1.));
#13837 = ORIENTED_EDGE('',*,*,#2072,.F.);
#13838 = PLANE('',#13839);
#13839 = AXIS2_PLACEMENT_3D('',#13840,#13841,#13842);
#13840 = CARTESIAN_POINT('',(167.481953,-117.284658,0.));
#13841 = DIRECTION('',(0.261340091681,0.965246785273,-0.));
#13842 = DIRECTION('',(0.965246785273,-0.261340091681,0.));
#13843 = ADVANCED_FACE('',(#13844),#13855,.T.);
#13844 = FACE_BOUND('',#13845,.T.);
#13845 = EDGE_LOOP('',(#13846,#13847,#13848,#13854));
#13846 = ORIENTED_EDGE('',*,*,#13832,.T.);
#13847 = ORIENTED_EDGE('',*,*,#7209,.T.);
#13848 = ORIENTED_EDGE('',*,*,#13849,.F.);
#13849 = EDGE_CURVE('',#2057,#7202,#13850,.T.);
#13850 = LINE('',#13851,#13852);
#13851 = CARTESIAN_POINT('',(167.796676,-117.386618,0.));
#13852 = VECTOR('',#13853,1.);
#13853 = DIRECTION('',(0.,0.,1.));
#13854 = ORIENTED_EDGE('',*,*,#2064,.F.);
#13855 = PLANE('',#13856);
#13856 = AXIS2_PLACEMENT_3D('',#13857,#13858,#13859);
#13857 = CARTESIAN_POINT('',(167.734212,-117.352957,0.));
#13858 = DIRECTION('',(0.474389741398,0.880314928453,-0.));
#13859 = DIRECTION('',(0.880314928453,-0.474389741398,0.));
#13860 = ADVANCED_FACE('',(#13861),#13872,.T.);
#13861 = FACE_BOUND('',#13862,.T.);
#13862 = EDGE_LOOP('',(#13863,#13864,#13865,#13871));
#13863 = ORIENTED_EDGE('',*,*,#13849,.T.);
#13864 = ORIENTED_EDGE('',*,*,#7201,.T.);
#13865 = ORIENTED_EDGE('',*,*,#13866,.F.);
#13866 = EDGE_CURVE('',#2049,#7194,#13867,.T.);
#13867 = LINE('',#13868,#13869);
#13868 = CARTESIAN_POINT('',(168.436985,-116.704377,0.));
#13869 = VECTOR('',#13870,1.);
#13870 = DIRECTION('',(0.,0.,1.));
#13871 = ORIENTED_EDGE('',*,*,#2056,.F.);
#13872 = PLANE('',#13873);
#13873 = AXIS2_PLACEMENT_3D('',#13874,#13875,#13876);
#13874 = CARTESIAN_POINT('',(167.796676,-117.386618,0.));
#13875 = DIRECTION('',(-0.729159501222,0.684343789171,0.));
#13876 = DIRECTION('',(0.684343789171,0.729159501222,0.));
#13877 = ADVANCED_FACE('',(#13878),#13889,.T.);
#13878 = FACE_BOUND('',#13879,.T.);
#13879 = EDGE_LOOP('',(#13880,#13881,#13882,#13888));
#13880 = ORIENTED_EDGE('',*,*,#13866,.T.);
#13881 = ORIENTED_EDGE('',*,*,#7193,.T.);
#13882 = ORIENTED_EDGE('',*,*,#13883,.F.);
#13883 = EDGE_CURVE('',#2041,#7186,#13884,.T.);
#13884 = LINE('',#13885,#13886);
#13885 = CARTESIAN_POINT('',(168.414048,-116.653111,0.));
#13886 = VECTOR('',#13887,1.);
#13887 = DIRECTION('',(0.,0.,1.));
#13888 = ORIENTED_EDGE('',*,*,#2048,.F.);
#13889 = PLANE('',#13890);
#13890 = AXIS2_PLACEMENT_3D('',#13891,#13892,#13893);
#13891 = CARTESIAN_POINT('',(168.436985,-116.704377,0.));
#13892 = DIRECTION('',(-0.912803579704,-0.408398855141,0.));
#13893 = DIRECTION('',(-0.408398855141,0.912803579704,0.));
#13894 = ADVANCED_FACE('',(#13895),#13906,.T.);
#13895 = FACE_BOUND('',#13896,.T.);
#13896 = EDGE_LOOP('',(#13897,#13898,#13899,#13905));
#13897 = ORIENTED_EDGE('',*,*,#13883,.T.);
#13898 = ORIENTED_EDGE('',*,*,#7185,.T.);
#13899 = ORIENTED_EDGE('',*,*,#13900,.F.);
#13900 = EDGE_CURVE('',#2033,#7178,#13901,.T.);
#13901 = LINE('',#13902,#13903);
#13902 = CARTESIAN_POINT('',(168.3875,-116.4875,0.));
#13903 = VECTOR('',#13904,1.);
#13904 = DIRECTION('',(0.,0.,1.));
#13905 = ORIENTED_EDGE('',*,*,#2040,.F.);
#13906 = PLANE('',#13907);
#13907 = AXIS2_PLACEMENT_3D('',#13908,#13909,#13910);
#13908 = CARTESIAN_POINT('',(168.414048,-116.653111,0.));
#13909 = DIRECTION('',(-0.987393859041,-0.158282554721,0.));
#13910 = DIRECTION('',(-0.158282554721,0.987393859041,0.));
#13911 = ADVANCED_FACE('',(#13912),#13923,.T.);
#13912 = FACE_BOUND('',#13913,.T.);
#13913 = EDGE_LOOP('',(#13914,#13915,#13916,#13922));
#13914 = ORIENTED_EDGE('',*,*,#13900,.T.);
#13915 = ORIENTED_EDGE('',*,*,#7177,.T.);
#13916 = ORIENTED_EDGE('',*,*,#13917,.F.);
#13917 = EDGE_CURVE('',#2025,#7170,#13918,.T.);
#13918 = LINE('',#13919,#13920);
#13919 = CARTESIAN_POINT('',(168.3875,-115.081816,0.));
#13920 = VECTOR('',#13921,1.);
#13921 = DIRECTION('',(0.,0.,1.));
#13922 = ORIENTED_EDGE('',*,*,#2032,.F.);
#13923 = PLANE('',#13924);
#13924 = AXIS2_PLACEMENT_3D('',#13925,#13926,#13927);
#13925 = CARTESIAN_POINT('',(168.3875,-116.4875,0.));
#13926 = DIRECTION('',(-1.,0.,0.));
#13927 = DIRECTION('',(0.,1.,0.));
#13928 = ADVANCED_FACE('',(#13929),#13940,.T.);
#13929 = FACE_BOUND('',#13930,.T.);
#13930 = EDGE_LOOP('',(#13931,#13932,#13933,#13939));
#13931 = ORIENTED_EDGE('',*,*,#13917,.T.);
#13932 = ORIENTED_EDGE('',*,*,#7169,.T.);
#13933 = ORIENTED_EDGE('',*,*,#13934,.F.);
#13934 = EDGE_CURVE('',#2017,#7162,#13935,.T.);
#13935 = LINE('',#13936,#13937);
#13936 = CARTESIAN_POINT('',(168.436985,-114.864938,0.));
#13937 = VECTOR('',#13938,1.);
#13938 = DIRECTION('',(0.,0.,1.));
#13939 = ORIENTED_EDGE('',*,*,#2024,.F.);
#13940 = PLANE('',#13941);
#13941 = AXIS2_PLACEMENT_3D('',#13942,#13943,#13944);
#13942 = CARTESIAN_POINT('',(168.3875,-115.081816,0.));
#13943 = DIRECTION('',(-0.974943502008,0.222452619431,0.));
#13944 = DIRECTION('',(0.222452619431,0.974943502008,0.));
#13945 = ADVANCED_FACE('',(#13946),#13957,.T.);
#13946 = FACE_BOUND('',#13947,.T.);
#13947 = EDGE_LOOP('',(#13948,#13949,#13950,#13956));
#13948 = ORIENTED_EDGE('',*,*,#13934,.T.);
#13949 = ORIENTED_EDGE('',*,*,#7161,.T.);
#13950 = ORIENTED_EDGE('',*,*,#13951,.F.);
#13951 = EDGE_CURVE('',#2009,#7154,#13952,.T.);
#13952 = LINE('',#13953,#13954);
#13953 = CARTESIAN_POINT('',(168.465524,-114.799984,0.));
#13954 = VECTOR('',#13955,1.);
#13955 = DIRECTION('',(0.,0.,1.));
#13956 = ORIENTED_EDGE('',*,*,#2016,.F.);
#13957 = PLANE('',#13958);
#13958 = AXIS2_PLACEMENT_3D('',#13959,#13960,#13961);
#13959 = CARTESIAN_POINT('',(168.436985,-114.864938,0.));
#13960 = DIRECTION('',(-0.915526689869,0.402257231305,0.));
#13961 = DIRECTION('',(0.402257231305,0.915526689869,0.));
#13962 = ADVANCED_FACE('',(#13963),#13974,.T.);
#13963 = FACE_BOUND('',#13964,.T.);
#13964 = EDGE_LOOP('',(#13965,#13966,#13967,#13973));
#13965 = ORIENTED_EDGE('',*,*,#13951,.T.);
#13966 = ORIENTED_EDGE('',*,*,#7153,.T.);
#13967 = ORIENTED_EDGE('',*,*,#13968,.F.);
#13968 = EDGE_CURVE('',#2001,#7146,#13969,.T.);
#13969 = LINE('',#13970,#13971);
#13970 = CARTESIAN_POINT('',(167.734212,-114.21636,0.));
#13971 = VECTOR('',#13972,1.);
#13972 = DIRECTION('',(0.,0.,1.));
#13973 = ORIENTED_EDGE('',*,*,#2008,.F.);
#13974 = PLANE('',#13975);
#13975 = AXIS2_PLACEMENT_3D('',#13976,#13977,#13978);
#13976 = CARTESIAN_POINT('',(168.465524,-114.799984,0.));
#13977 = DIRECTION('',(-0.623765549005,-0.781611501882,0.));
#13978 = DIRECTION('',(-0.781611501882,0.623765549005,0.));
#13979 = ADVANCED_FACE('',(#13980),#13991,.T.);
#13980 = FACE_BOUND('',#13981,.T.);
#13981 = EDGE_LOOP('',(#13982,#13983,#13984,#13990));
#13982 = ORIENTED_EDGE('',*,*,#13968,.T.);
#13983 = ORIENTED_EDGE('',*,*,#7145,.T.);
#13984 = ORIENTED_EDGE('',*,*,#13985,.F.);
#13985 = EDGE_CURVE('',#1993,#7138,#13986,.T.);
#13986 = LINE('',#13987,#13988);
#13987 = CARTESIAN_POINT('',(167.676011,-114.24801,0.));
#13988 = VECTOR('',#13989,1.);
#13989 = DIRECTION('',(0.,0.,1.));
#13990 = ORIENTED_EDGE('',*,*,#2000,.F.);
#13991 = PLANE('',#13992);
#13992 = AXIS2_PLACEMENT_3D('',#13993,#13994,#13995);
#13993 = CARTESIAN_POINT('',(167.734212,-114.21636,0.));
#13994 = DIRECTION('',(0.47773495646,-0.878504018987,0.));
#13995 = DIRECTION('',(-0.878504018987,-0.47773495646,0.));
#13996 = ADVANCED_FACE('',(#13997),#14008,.T.);
#13997 = FACE_BOUND('',#13998,.T.);
#13998 = EDGE_LOOP('',(#13999,#14000,#14001,#14007));
#13999 = ORIENTED_EDGE('',*,*,#13985,.T.);
#14000 = ORIENTED_EDGE('',*,*,#7137,.T.);
#14001 = ORIENTED_EDGE('',*,*,#14002,.F.);
#14002 = EDGE_CURVE('',#1985,#7130,#14003,.T.);
#14003 = LINE('',#14004,#14005);
#14004 = CARTESIAN_POINT('',(167.481954,-114.284659,0.));
#14005 = VECTOR('',#14006,1.);
#14006 = DIRECTION('',(0.,0.,1.));
#14007 = ORIENTED_EDGE('',*,*,#1992,.F.);
#14008 = PLANE('',#14009);
#14009 = AXIS2_PLACEMENT_3D('',#14010,#14011,#14012);
#14010 = CARTESIAN_POINT('',(167.676011,-114.24801,0.));
#14011 = DIRECTION('',(0.185576407469,-0.982629837218,0.));
#14012 = DIRECTION('',(-0.982629837218,-0.185576407469,0.));
#14013 = ADVANCED_FACE('',(#14014),#14025,.T.);
#14014 = FACE_BOUND('',#14015,.T.);
#14015 = EDGE_LOOP('',(#14016,#14017,#14018,#14024));
#14016 = ORIENTED_EDGE('',*,*,#14002,.T.);
#14017 = ORIENTED_EDGE('',*,*,#7129,.T.);
#14018 = ORIENTED_EDGE('',*,*,#14019,.F.);
#14019 = EDGE_CURVE('',#1977,#7122,#14020,.T.);
#14020 = LINE('',#14021,#14022);
#14021 = CARTESIAN_POINT('',(165.893049,-114.284659,0.));
#14022 = VECTOR('',#14023,1.);
#14023 = DIRECTION('',(0.,0.,1.));
#14024 = ORIENTED_EDGE('',*,*,#1984,.F.);
#14025 = PLANE('',#14026);
#14026 = AXIS2_PLACEMENT_3D('',#14027,#14028,#14029);
#14027 = CARTESIAN_POINT('',(167.481954,-114.284659,0.));
#14028 = DIRECTION('',(0.,-1.,0.));
#14029 = DIRECTION('',(-1.,0.,0.));
#14030 = ADVANCED_FACE('',(#14031),#14042,.T.);
#14031 = FACE_BOUND('',#14032,.T.);
#14032 = EDGE_LOOP('',(#14033,#14034,#14035,#14041));
#14033 = ORIENTED_EDGE('',*,*,#14019,.T.);
#14034 = ORIENTED_EDGE('',*,*,#7121,.T.);
#14035 = ORIENTED_EDGE('',*,*,#14036,.F.);
#14036 = EDGE_CURVE('',#1969,#7114,#14037,.T.);
#14037 = LINE('',#14038,#14039);
#14038 = CARTESIAN_POINT('',(165.64079,-114.216359,0.));
#14039 = VECTOR('',#14040,1.);
#14040 = DIRECTION('',(0.,0.,1.));
#14041 = ORIENTED_EDGE('',*,*,#1976,.F.);
#14042 = PLANE('',#14043);
#14043 = AXIS2_PLACEMENT_3D('',#14044,#14045,#14046);
#14044 = CARTESIAN_POINT('',(165.893049,-114.284659,0.));
#14045 = DIRECTION('',(-0.261343656749,-0.965245820026,0.));
#14046 = DIRECTION('',(-0.965245820026,0.261343656749,0.));
#14047 = ADVANCED_FACE('',(#14048),#14054,.T.);
#14048 = FACE_BOUND('',#14049,.T.);
#14049 = EDGE_LOOP('',(#14050,#14051,#14052,#14053));
#14050 = ORIENTED_EDGE('',*,*,#14036,.T.);
#14051 = ORIENTED_EDGE('',*,*,#7113,.T.);
#14052 = ORIENTED_EDGE('',*,*,#13655,.F.);
#14053 = ORIENTED_EDGE('',*,*,#1968,.F.);
#14054 = PLANE('',#14055);
#14055 = AXIS2_PLACEMENT_3D('',#14056,#14057,#14058);
#14056 = CARTESIAN_POINT('',(165.64079,-114.216359,0.));
#14057 = DIRECTION('',(-0.474332587922,-0.880345725289,0.));
#14058 = DIRECTION('',(-0.880345725289,0.474332587922,0.));
#14059 = ADVANCED_FACE('',(#14060),#14076,.F.);
#14060 = FACE_BOUND('',#14061,.T.);
#14061 = EDGE_LOOP('',(#14062,#14068,#14069,#14075));
#14062 = ORIENTED_EDGE('',*,*,#14063,.T.);
#14063 = EDGE_CURVE('',#7298,#2153,#14064,.T.);
#14064 = LINE('',#14065,#14066);
#14065 = CARTESIAN_POINT('',(160.79279475198,-110.8826049529,-4.6E-02));
#14066 = VECTOR('',#14067,1.);
#14067 = DIRECTION('',(-0.,-0.,-1.));
#14068 = ORIENTED_EDGE('',*,*,#2152,.T.);
#14069 = ORIENTED_EDGE('',*,*,#14070,.F.);
#14070 = EDGE_CURVE('',#7300,#2155,#14071,.T.);
#14071 = LINE('',#14072,#14073);
#14072 = CARTESIAN_POINT('',(162.12363754737,-111.8003532647,-4.6E-02));
#14073 = VECTOR('',#14074,1.);
#14074 = DIRECTION('',(-0.,-0.,-1.));
#14075 = ORIENTED_EDGE('',*,*,#7297,.F.);
#14076 = CYLINDRICAL_SURFACE('',#14077,0.85);
#14077 = AXIS2_PLACEMENT_3D('',#14078,#14079,#14080);
#14078 = CARTESIAN_POINT('',(161.6075,-111.125,-4.6E-02));
#14079 = DIRECTION('',(-0.,-0.,-1.));
#14080 = DIRECTION('',(-3.343730521224E-14,-1.,0.));
#14081 = ADVANCED_FACE('',(#14082),#14093,.F.);
#14082 = FACE_BOUND('',#14083,.T.);
#14083 = EDGE_LOOP('',(#14084,#14085,#14091,#14092));
#14084 = ORIENTED_EDGE('',*,*,#2181,.T.);
#14085 = ORIENTED_EDGE('',*,*,#14086,.T.);
#14086 = EDGE_CURVE('',#2182,#7327,#14087,.T.);
#14087 = LINE('',#14088,#14089);
#14088 = CARTESIAN_POINT('',(166.6875,-113.125,-4.6E-02));
#14089 = VECTOR('',#14090,1.);
#14090 = DIRECTION('',(0.,0.,1.));
#14091 = ORIENTED_EDGE('',*,*,#7326,.F.);
#14092 = ORIENTED_EDGE('',*,*,#14086,.F.);
#14093 = CYLINDRICAL_SURFACE('',#14094,2.);
#14094 = AXIS2_PLACEMENT_3D('',#14095,#14096,#14097);
#14095 = CARTESIAN_POINT('',(166.6875,-111.125,-4.6E-02));
#14096 = DIRECTION('',(-0.,-0.,-1.));
#14097 = DIRECTION('',(-0.,-1.,0.));
#14098 = ADVANCED_FACE('',(#14099),#14110,.F.);
#14099 = FACE_BOUND('',#14100,.T.);
#14100 = EDGE_LOOP('',(#14101,#14102,#14108,#14109));
#14101 = ORIENTED_EDGE('',*,*,#2192,.T.);
#14102 = ORIENTED_EDGE('',*,*,#14103,.T.);
#14103 = EDGE_CURVE('',#2193,#7338,#14104,.T.);
#14104 = LINE('',#14105,#14106);
#14105 = CARTESIAN_POINT('',(174.625,-115.335,-4.6E-02));
#14106 = VECTOR('',#14107,1.);
#14107 = DIRECTION('',(0.,0.,1.));
#14108 = ORIENTED_EDGE('',*,*,#7337,.F.);
#14109 = ORIENTED_EDGE('',*,*,#14103,.F.);
#14110 = CYLINDRICAL_SURFACE('',#14111,0.4);
#14111 = AXIS2_PLACEMENT_3D('',#14112,#14113,#14114);
#14112 = CARTESIAN_POINT('',(174.625,-114.935,-4.6E-02));
#14113 = DIRECTION('',(-0.,-0.,-1.));
#14114 = DIRECTION('',(-0.,-1.,0.));
#14115 = ADVANCED_FACE('',(#14116),#14127,.F.);
#14116 = FACE_BOUND('',#14117,.T.);
#14117 = EDGE_LOOP('',(#14118,#14119,#14125,#14126));
#14118 = ORIENTED_EDGE('',*,*,#2203,.T.);
#14119 = ORIENTED_EDGE('',*,*,#14120,.T.);
#14120 = EDGE_CURVE('',#2204,#7349,#14121,.T.);
#14121 = LINE('',#14122,#14123);
#14122 = CARTESIAN_POINT('',(171.7675,-111.975,-4.6E-02));
#14123 = VECTOR('',#14124,1.);
#14124 = DIRECTION('',(0.,0.,1.));
#14125 = ORIENTED_EDGE('',*,*,#7348,.F.);
#14126 = ORIENTED_EDGE('',*,*,#14120,.F.);
#14127 = CYLINDRICAL_SURFACE('',#14128,0.85);
#14128 = AXIS2_PLACEMENT_3D('',#14129,#14130,#14131);
#14129 = CARTESIAN_POINT('',(171.7675,-111.125,-4.6E-02));
#14130 = DIRECTION('',(-0.,0.,-1.));
#14131 = DIRECTION('',(3.343730521224E-14,-1.,-0.));
#14132 = ADVANCED_FACE('',(#14133),#14144,.F.);
#14133 = FACE_BOUND('',#14134,.T.);
#14134 = EDGE_LOOP('',(#14135,#14136,#14142,#14143));
#14135 = ORIENTED_EDGE('',*,*,#2214,.T.);
#14136 = ORIENTED_EDGE('',*,*,#14137,.T.);
#14137 = EDGE_CURVE('',#2215,#7360,#14138,.T.);
#14138 = LINE('',#14139,#14140);
#14139 = CARTESIAN_POINT('',(162.8775,-109.335,-4.6E-02));
#14140 = VECTOR('',#14141,1.);
#14141 = DIRECTION('',(0.,0.,1.));
#14142 = ORIENTED_EDGE('',*,*,#7359,.F.);
#14143 = ORIENTED_EDGE('',*,*,#14137,.F.);
#14144 = CYLINDRICAL_SURFACE('',#14145,0.75);
#14145 = AXIS2_PLACEMENT_3D('',#14146,#14147,#14148);
#14146 = CARTESIAN_POINT('',(162.8775,-108.585,-4.6E-02));
#14147 = DIRECTION('',(-0.,-0.,-1.));
#14148 = DIRECTION('',(-0.,-1.,0.));
#14149 = ADVANCED_FACE('',(#14150),#14161,.F.);
#14150 = FACE_BOUND('',#14151,.T.);
#14151 = EDGE_LOOP('',(#14152,#14153,#14159,#14160));
#14152 = ORIENTED_EDGE('',*,*,#2225,.T.);
#14153 = ORIENTED_EDGE('',*,*,#14154,.T.);
#14154 = EDGE_CURVE('',#2226,#7371,#14155,.T.);
#14155 = LINE('',#14156,#14157);
#14156 = CARTESIAN_POINT('',(169.2275,-106.795,-4.6E-02));
#14157 = VECTOR('',#14158,1.);
#14158 = DIRECTION('',(0.,0.,1.));
#14159 = ORIENTED_EDGE('',*,*,#7370,.F.);
#14160 = ORIENTED_EDGE('',*,*,#14154,.F.);
#14161 = CYLINDRICAL_SURFACE('',#14162,0.75);
#14162 = AXIS2_PLACEMENT_3D('',#14163,#14164,#14165);
#14163 = CARTESIAN_POINT('',(169.2275,-106.045,-4.6E-02));
#14164 = DIRECTION('',(-0.,-0.,-1.));
#14165 = DIRECTION('',(-0.,-1.,0.));
#14166 = ADVANCED_FACE('',(#14167),#14178,.F.);
#14167 = FACE_BOUND('',#14168,.T.);
#14168 = EDGE_LOOP('',(#14169,#14170,#14176,#14177));
#14169 = ORIENTED_EDGE('',*,*,#2236,.T.);
#14170 = ORIENTED_EDGE('',*,*,#14171,.T.);
#14171 = EDGE_CURVE('',#2237,#7382,#14172,.T.);
#14172 = LINE('',#14173,#14174);
#14173 = CARTESIAN_POINT('',(174.625,-107.715,-4.6E-02));
#14174 = VECTOR('',#14175,1.);
#14175 = DIRECTION('',(0.,0.,1.));
#14176 = ORIENTED_EDGE('',*,*,#7381,.F.);
#14177 = ORIENTED_EDGE('',*,*,#14171,.F.);
#14178 = CYLINDRICAL_SURFACE('',#14179,0.4);
#14179 = AXIS2_PLACEMENT_3D('',#14180,#14181,#14182);
#14180 = CARTESIAN_POINT('',(174.625,-107.315,-4.6E-02));
#14181 = DIRECTION('',(-0.,-0.,-1.));
#14182 = DIRECTION('',(-0.,-1.,0.));
#14183 = ADVANCED_FACE('',(#14184),#14200,.F.);
#14184 = FACE_BOUND('',#14185,.T.);
#14185 = EDGE_LOOP('',(#14186,#14192,#14193,#14199));
#14186 = ORIENTED_EDGE('',*,*,#14187,.T.);
#14187 = EDGE_CURVE('',#7393,#2248,#14188,.T.);
#14188 = LINE('',#14189,#14190);
#14189 = CARTESIAN_POINT('',(180.78355697575,-110.2843992393,-4.6E-02));
#14190 = VECTOR('',#14191,1.);
#14191 = DIRECTION('',(-0.,-0.,-1.));
#14192 = ORIENTED_EDGE('',*,*,#2247,.T.);
#14193 = ORIENTED_EDGE('',*,*,#14194,.F.);
#14194 = EDGE_CURVE('',#7395,#2250,#14195,.T.);
#14195 = LINE('',#14196,#14197);
#14196 = CARTESIAN_POINT('',(181.34725809717,-110.6282769711,-4.6E-02));
#14197 = VECTOR('',#14198,1.);
#14198 = DIRECTION('',(-0.,-0.,-1.));
#14199 = ORIENTED_EDGE('',*,*,#7392,.F.);
#14200 = CYLINDRICAL_SURFACE('',#14201,0.85);
#14201 = AXIS2_PLACEMENT_3D('',#14202,#14203,#14204);
#14202 = CARTESIAN_POINT('',(180.6575,-111.125,-4.6E-02));
#14203 = DIRECTION('',(-0.,-0.,-1.));
#14204 = DIRECTION('',(-0.,-1.,0.));
#14205 = ADVANCED_FACE('',(#14206),#14222,.T.);
#14206 = FACE_BOUND('',#14207,.T.);
#14207 = EDGE_LOOP('',(#14208,#14214,#14215,#14221));
#14208 = ORIENTED_EDGE('',*,*,#14209,.T.);
#14209 = EDGE_CURVE('',#2277,#7422,#14210,.T.);
#14210 = LINE('',#14211,#14212);
#14211 = CARTESIAN_POINT('',(187.125995,-114.153512,0.));
#14212 = VECTOR('',#14213,1.);
#14213 = DIRECTION('',(0.,0.,1.));
#14214 = ORIENTED_EDGE('',*,*,#7421,.T.);
#14215 = ORIENTED_EDGE('',*,*,#14216,.F.);
#14216 = EDGE_CURVE('',#2279,#7424,#14217,.T.);
#14217 = LINE('',#14218,#14219);
#14218 = CARTESIAN_POINT('',(186.784212,-114.21636,0.));
#14219 = VECTOR('',#14220,1.);
#14220 = DIRECTION('',(0.,0.,1.));
#14221 = ORIENTED_EDGE('',*,*,#2276,.F.);
#14222 = PLANE('',#14223);
#14223 = AXIS2_PLACEMENT_3D('',#14224,#14225,#14226);
#14224 = CARTESIAN_POINT('',(187.125995,-114.153512,0.));
#14225 = DIRECTION('',(0.1808506348,-0.983510573351,0.));
#14226 = DIRECTION('',(-0.983510573351,-0.1808506348,0.));
#14227 = ADVANCED_FACE('',(#14228),#14239,.T.);
#14228 = FACE_BOUND('',#14229,.T.);
#14229 = EDGE_LOOP('',(#14230,#14231,#14232,#14238));
#14230 = ORIENTED_EDGE('',*,*,#14216,.T.);
#14231 = ORIENTED_EDGE('',*,*,#7623,.T.);
#14232 = ORIENTED_EDGE('',*,*,#14233,.F.);
#14233 = EDGE_CURVE('',#2471,#7616,#14234,.T.);
#14234 = LINE('',#14235,#14236);
#14235 = CARTESIAN_POINT('',(186.726018,-114.248026,0.));
#14236 = VECTOR('',#14237,1.);
#14237 = DIRECTION('',(0.,0.,1.));
#14238 = ORIENTED_EDGE('',*,*,#2478,.F.);
#14239 = PLANE('',#14240);
#14240 = AXIS2_PLACEMENT_3D('',#14241,#14242,#14243);
#14241 = CARTESIAN_POINT('',(186.784212,-114.21636,0.));
#14242 = DIRECTION('',(0.477965668733,-0.878378517219,0.));
#14243 = DIRECTION('',(-0.878378517219,-0.477965668733,0.));
#14244 = ADVANCED_FACE('',(#14245),#14256,.T.);
#14245 = FACE_BOUND('',#14246,.T.);
#14246 = EDGE_LOOP('',(#14247,#14248,#14249,#14255));
#14247 = ORIENTED_EDGE('',*,*,#14233,.T.);
#14248 = ORIENTED_EDGE('',*,*,#7615,.T.);
#14249 = ORIENTED_EDGE('',*,*,#14250,.F.);
#14250 = EDGE_CURVE('',#2463,#7608,#14251,.T.);
#14251 = LINE('',#14252,#14253);
#14252 = CARTESIAN_POINT('',(186.531954,-114.284659,0.));
#14253 = VECTOR('',#14254,1.);
#14254 = DIRECTION('',(0.,0.,1.));
#14255 = ORIENTED_EDGE('',*,*,#2470,.F.);
#14256 = PLANE('',#14257);
#14257 = AXIS2_PLACEMENT_3D('',#14258,#14259,#14260);
#14258 = CARTESIAN_POINT('',(186.726018,-114.248026,0.));
#14259 = DIRECTION('',(0.185491717212,-0.982645827776,0.));
#14260 = DIRECTION('',(-0.982645827776,-0.185491717212,0.));
#14261 = ADVANCED_FACE('',(#14262),#14273,.T.);
#14262 = FACE_BOUND('',#14263,.T.);
#14263 = EDGE_LOOP('',(#14264,#14265,#14266,#14272));
#14264 = ORIENTED_EDGE('',*,*,#14250,.T.);
#14265 = ORIENTED_EDGE('',*,*,#7607,.T.);
#14266 = ORIENTED_EDGE('',*,*,#14267,.F.);
#14267 = EDGE_CURVE('',#2455,#7600,#14268,.T.);
#14268 = LINE('',#14269,#14270);
#14269 = CARTESIAN_POINT('',(184.943048,-114.284658,0.));
#14270 = VECTOR('',#14271,1.);
#14271 = DIRECTION('',(0.,0.,1.));
#14272 = ORIENTED_EDGE('',*,*,#2462,.F.);
#14273 = PLANE('',#14274);
#14274 = AXIS2_PLACEMENT_3D('',#14275,#14276,#14277);
#14275 = CARTESIAN_POINT('',(186.531954,-114.284659,0.));
#14276 = DIRECTION('',(-6.293638589608E-07,-1.,0.));
#14277 = DIRECTION('',(-1.,6.293638589608E-07,0.));
#14278 = ADVANCED_FACE('',(#14279),#14290,.T.);
#14279 = FACE_BOUND('',#14280,.T.);
#14280 = EDGE_LOOP('',(#14281,#14282,#14283,#14289));
#14281 = ORIENTED_EDGE('',*,*,#14267,.T.);
#14282 = ORIENTED_EDGE('',*,*,#7599,.T.);
#14283 = ORIENTED_EDGE('',*,*,#14284,.F.);
#14284 = EDGE_CURVE('',#2447,#7592,#14285,.T.);
#14285 = LINE('',#14286,#14287);
#14286 = CARTESIAN_POINT('',(184.69079,-114.216359,0.));
#14287 = VECTOR('',#14288,1.);
#14288 = DIRECTION('',(0.,0.,1.));
#14289 = ORIENTED_EDGE('',*,*,#2454,.F.);
#14290 = PLANE('',#14291);
#14291 = AXIS2_PLACEMENT_3D('',#14292,#14293,#14294);
#14292 = CARTESIAN_POINT('',(184.943048,-114.284658,0.));
#14293 = DIRECTION('',(-0.261341056926,-0.965246523933,0.));
#14294 = DIRECTION('',(-0.965246523933,0.261341056926,0.));
#14295 = ADVANCED_FACE('',(#14296),#14307,.T.);
#14296 = FACE_BOUND('',#14297,.T.);
#14297 = EDGE_LOOP('',(#14298,#14299,#14300,#14306));
#14298 = ORIENTED_EDGE('',*,*,#14284,.T.);
#14299 = ORIENTED_EDGE('',*,*,#7591,.T.);
#14300 = ORIENTED_EDGE('',*,*,#14301,.F.);
#14301 = EDGE_CURVE('',#2439,#7584,#14302,.T.);
#14302 = LINE('',#14303,#14304);
#14303 = CARTESIAN_POINT('',(184.628283,-114.18279,0.));
#14304 = VECTOR('',#14305,1.);
#14305 = DIRECTION('',(0.,0.,1.));
#14306 = ORIENTED_EDGE('',*,*,#2446,.F.);
#14307 = PLANE('',#14308);
#14308 = AXIS2_PLACEMENT_3D('',#14309,#14310,#14311);
#14309 = CARTESIAN_POINT('',(184.69079,-114.216359,0.));
#14310 = DIRECTION('',(-0.473131297282,-0.880991927053,0.));
#14311 = DIRECTION('',(-0.880991927053,0.473131297282,0.));
#14312 = ADVANCED_FACE('',(#14313),#14324,.T.);
#14313 = FACE_BOUND('',#14314,.T.);
#14314 = EDGE_LOOP('',(#14315,#14316,#14317,#14323));
#14315 = ORIENTED_EDGE('',*,*,#14301,.T.);
#14316 = ORIENTED_EDGE('',*,*,#7583,.T.);
#14317 = ORIENTED_EDGE('',*,*,#14318,.F.);
#14318 = EDGE_CURVE('',#2431,#7576,#14319,.T.);
#14319 = LINE('',#14320,#14321);
#14320 = CARTESIAN_POINT('',(183.988017,-114.864938,0.));
#14321 = VECTOR('',#14322,1.);
#14322 = DIRECTION('',(0.,0.,1.));
#14323 = ORIENTED_EDGE('',*,*,#2438,.F.);
#14324 = PLANE('',#14325);
#14325 = AXIS2_PLACEMENT_3D('',#14326,#14327,#14328);
#14326 = CARTESIAN_POINT('',(184.628283,-114.18279,0.));
#14327 = DIRECTION('',(0.729135881121,-0.684368955215,0.));
#14328 = DIRECTION('',(-0.684368955215,-0.729135881121,0.));
#14329 = ADVANCED_FACE('',(#14330),#14341,.T.);
#14330 = FACE_BOUND('',#14331,.T.);
#14331 = EDGE_LOOP('',(#14332,#14333,#14334,#14340));
#14332 = ORIENTED_EDGE('',*,*,#14318,.T.);
#14333 = ORIENTED_EDGE('',*,*,#7575,.T.);
#14334 = ORIENTED_EDGE('',*,*,#14335,.F.);
#14335 = EDGE_CURVE('',#2423,#7568,#14336,.T.);
#14336 = LINE('',#14337,#14338);
#14337 = CARTESIAN_POINT('',(184.010959,-114.916202,0.));
#14338 = VECTOR('',#14339,1.);
#14339 = DIRECTION('',(0.,0.,1.));
#14340 = ORIENTED_EDGE('',*,*,#2430,.F.);
#14341 = PLANE('',#14342);
#14342 = AXIS2_PLACEMENT_3D('',#14343,#14344,#14345);
#14343 = CARTESIAN_POINT('',(183.988017,-114.864938,0.));
#14344 = DIRECTION('',(0.912764448307,0.408486305654,-0.));
#14345 = DIRECTION('',(0.408486305654,-0.912764448307,0.));
#14346 = ADVANCED_FACE('',(#14347),#14358,.T.);
#14347 = FACE_BOUND('',#14348,.T.);
#14348 = EDGE_LOOP('',(#14349,#14350,#14351,#14357));
#14349 = ORIENTED_EDGE('',*,*,#14335,.T.);
#14350 = ORIENTED_EDGE('',*,*,#7567,.T.);
#14351 = ORIENTED_EDGE('',*,*,#14352,.F.);
#14352 = EDGE_CURVE('',#2415,#7560,#14353,.T.);
#14353 = LINE('',#14354,#14355);
#14354 = CARTESIAN_POINT('',(184.037502,-115.081816,0.));
#14355 = VECTOR('',#14356,1.);
#14356 = DIRECTION('',(0.,0.,1.));
#14357 = ORIENTED_EDGE('',*,*,#2422,.F.);
#14358 = PLANE('',#14359);
#14359 = AXIS2_PLACEMENT_3D('',#14360,#14361,#14362);
#14360 = CARTESIAN_POINT('',(184.010959,-114.916202,0.));
#14361 = DIRECTION('',(0.987398965596,0.158250695858,-0.));
#14362 = DIRECTION('',(0.158250695858,-0.987398965596,0.));
#14363 = ADVANCED_FACE('',(#14364),#14375,.T.);
#14364 = FACE_BOUND('',#14365,.T.);
#14365 = EDGE_LOOP('',(#14366,#14367,#14368,#14374));
#14366 = ORIENTED_EDGE('',*,*,#14352,.T.);
#14367 = ORIENTED_EDGE('',*,*,#7559,.T.);
#14368 = ORIENTED_EDGE('',*,*,#14369,.F.);
#14369 = EDGE_CURVE('',#2407,#7552,#14370,.T.);
#14370 = LINE('',#14371,#14372);
#14371 = CARTESIAN_POINT('',(184.037502,-116.487501,0.));
#14372 = VECTOR('',#14373,1.);
#14373 = DIRECTION('',(0.,0.,1.));
#14374 = ORIENTED_EDGE('',*,*,#2414,.F.);
#14375 = PLANE('',#14376);
#14376 = AXIS2_PLACEMENT_3D('',#14377,#14378,#14379);
#14377 = CARTESIAN_POINT('',(184.037502,-115.081816,0.));
#14378 = DIRECTION('',(1.,0.,-0.));
#14379 = DIRECTION('',(0.,-1.,0.));
#14380 = ADVANCED_FACE('',(#14381),#14392,.T.);
#14381 = FACE_BOUND('',#14382,.T.);
#14382 = EDGE_LOOP('',(#14383,#14384,#14385,#14391));
#14383 = ORIENTED_EDGE('',*,*,#14369,.T.);
#14384 = ORIENTED_EDGE('',*,*,#7551,.T.);
#14385 = ORIENTED_EDGE('',*,*,#14386,.F.);
#14386 = EDGE_CURVE('',#2399,#7544,#14387,.T.);
#14387 = LINE('',#14388,#14389);
#14388 = CARTESIAN_POINT('',(183.988017,-116.704378,0.));
#14389 = VECTOR('',#14390,1.);
#14390 = DIRECTION('',(0.,0.,1.));
#14391 = ORIENTED_EDGE('',*,*,#2406,.F.);
#14392 = PLANE('',#14393);
#14393 = AXIS2_PLACEMENT_3D('',#14394,#14395,#14396);
#14394 = CARTESIAN_POINT('',(184.037502,-116.487501,0.));
#14395 = DIRECTION('',(0.974943279554,-0.222453594382,0.));
#14396 = DIRECTION('',(-0.222453594382,-0.974943279554,0.));
#14397 = ADVANCED_FACE('',(#14398),#14409,.T.);
#14398 = FACE_BOUND('',#14399,.T.);
#14399 = EDGE_LOOP('',(#14400,#14401,#14402,#14408));
#14400 = ORIENTED_EDGE('',*,*,#14386,.T.);
#14401 = ORIENTED_EDGE('',*,*,#7543,.T.);
#14402 = ORIENTED_EDGE('',*,*,#14403,.F.);
#14403 = EDGE_CURVE('',#2391,#7536,#14404,.T.);
#14404 = LINE('',#14405,#14406);
#14405 = CARTESIAN_POINT('',(183.959476,-116.769342,0.));
#14406 = VECTOR('',#14407,1.);
#14407 = DIRECTION('',(0.,0.,1.));
#14408 = ORIENTED_EDGE('',*,*,#2398,.F.);
#14409 = PLANE('',#14410);
#14410 = AXIS2_PLACEMENT_3D('',#14411,#14412,#14413);
#14411 = CARTESIAN_POINT('',(183.988017,-116.704378,0.));
#14412 = DIRECTION('',(0.915539113198,-0.402228954956,0.));
#14413 = DIRECTION('',(-0.402228954956,-0.915539113198,0.));
#14414 = ADVANCED_FACE('',(#14415),#14426,.T.);
#14415 = FACE_BOUND('',#14416,.T.);
#14416 = EDGE_LOOP('',(#14417,#14418,#14419,#14425));
#14417 = ORIENTED_EDGE('',*,*,#14403,.T.);
#14418 = ORIENTED_EDGE('',*,*,#7535,.T.);
#14419 = ORIENTED_EDGE('',*,*,#14420,.F.);
#14420 = EDGE_CURVE('',#2383,#7528,#14421,.T.);
#14421 = LINE('',#14422,#14423);
#14422 = CARTESIAN_POINT('',(184.690791,-117.352957,0.));
#14423 = VECTOR('',#14424,1.);
#14424 = DIRECTION('',(0.,0.,1.));
#14425 = ORIENTED_EDGE('',*,*,#2390,.F.);
#14426 = PLANE('',#14427);
#14427 = AXIS2_PLACEMENT_3D('',#14428,#14429,#14430);
#14428 = CARTESIAN_POINT('',(183.959476,-116.769342,0.));
#14429 = DIRECTION('',(0.623758109308,0.781617439079,-0.));
#14430 = DIRECTION('',(0.781617439079,-0.623758109308,0.));
#14431 = ADVANCED_FACE('',(#14432),#14443,.T.);
#14432 = FACE_BOUND('',#14433,.T.);
#14433 = EDGE_LOOP('',(#14434,#14435,#14436,#14442));
#14434 = ORIENTED_EDGE('',*,*,#14420,.T.);
#14435 = ORIENTED_EDGE('',*,*,#7527,.T.);
#14436 = ORIENTED_EDGE('',*,*,#14437,.F.);
#14437 = EDGE_CURVE('',#2375,#7520,#14438,.T.);
#14438 = LINE('',#14439,#14440);
#14439 = CARTESIAN_POINT('',(184.748998,-117.321318,0.));
#14440 = VECTOR('',#14441,1.);
#14441 = DIRECTION('',(0.,0.,1.));
#14442 = ORIENTED_EDGE('',*,*,#2382,.F.);
#14443 = PLANE('',#14444);
#14444 = AXIS2_PLACEMENT_3D('',#14445,#14446,#14447);
#14445 = CARTESIAN_POINT('',(184.690791,-117.352957,0.));
#14446 = DIRECTION('',(-0.477568795591,0.878594357754,0.));
#14447 = DIRECTION('',(0.878594357754,0.477568795591,0.));
#14448 = ADVANCED_FACE('',(#14449),#14460,.T.);
#14449 = FACE_BOUND('',#14450,.T.);
#14450 = EDGE_LOOP('',(#14451,#14452,#14453,#14459));
#14451 = ORIENTED_EDGE('',*,*,#14437,.T.);
#14452 = ORIENTED_EDGE('',*,*,#7519,.T.);
#14453 = ORIENTED_EDGE('',*,*,#14454,.F.);
#14454 = EDGE_CURVE('',#2367,#7512,#14455,.T.);
#14455 = LINE('',#14456,#14457);
#14456 = CARTESIAN_POINT('',(184.943049,-117.284658,0.));
#14457 = VECTOR('',#14458,1.);
#14458 = DIRECTION('',(0.,0.,1.));
#14459 = ORIENTED_EDGE('',*,*,#2374,.F.);
#14460 = PLANE('',#14461);
#14461 = AXIS2_PLACEMENT_3D('',#14462,#14463,#14464);
#14462 = CARTESIAN_POINT('',(184.748998,-117.321318,0.));
#14463 = DIRECTION('',(-0.185635730015,0.982618631892,0.));
#14464 = DIRECTION('',(0.982618631892,0.185635730015,0.));
#14465 = ADVANCED_FACE('',(#14466),#14477,.T.);
#14466 = FACE_BOUND('',#14467,.T.);
#14467 = EDGE_LOOP('',(#14468,#14469,#14470,#14476));
#14468 = ORIENTED_EDGE('',*,*,#14454,.T.);
#14469 = ORIENTED_EDGE('',*,*,#7511,.T.);
#14470 = ORIENTED_EDGE('',*,*,#14471,.F.);
#14471 = EDGE_CURVE('',#2359,#7504,#14472,.T.);
#14472 = LINE('',#14473,#14474);
#14473 = CARTESIAN_POINT('',(186.531953,-117.284658,0.));
#14474 = VECTOR('',#14475,1.);
#14475 = DIRECTION('',(0.,0.,1.));
#14476 = ORIENTED_EDGE('',*,*,#2366,.F.);
#14477 = PLANE('',#14478);
#14478 = AXIS2_PLACEMENT_3D('',#14479,#14480,#14481);
#14479 = CARTESIAN_POINT('',(184.943049,-117.284658,0.));
#14480 = DIRECTION('',(0.,1.,0.));
#14481 = DIRECTION('',(1.,0.,0.));
#14482 = ADVANCED_FACE('',(#14483),#14494,.T.);
#14483 = FACE_BOUND('',#14484,.T.);
#14484 = EDGE_LOOP('',(#14485,#14486,#14487,#14493));
#14485 = ORIENTED_EDGE('',*,*,#14471,.T.);
#14486 = ORIENTED_EDGE('',*,*,#7503,.T.);
#14487 = ORIENTED_EDGE('',*,*,#14488,.F.);
#14488 = EDGE_CURVE('',#2351,#7496,#14489,.T.);
#14489 = LINE('',#14490,#14491);
#14490 = CARTESIAN_POINT('',(186.784212,-117.352957,0.));
#14491 = VECTOR('',#14492,1.);
#14492 = DIRECTION('',(0.,0.,1.));
#14493 = ORIENTED_EDGE('',*,*,#2358,.F.);
#14494 = PLANE('',#14495);
#14495 = AXIS2_PLACEMENT_3D('',#14496,#14497,#14498);
#14496 = CARTESIAN_POINT('',(186.531953,-117.284658,0.));
#14497 = DIRECTION('',(0.261340091681,0.965246785273,-0.));
#14498 = DIRECTION('',(0.965246785273,-0.261340091681,0.));
#14499 = ADVANCED_FACE('',(#14500),#14511,.T.);
#14500 = FACE_BOUND('',#14501,.T.);
#14501 = EDGE_LOOP('',(#14502,#14503,#14504,#14510));
#14502 = ORIENTED_EDGE('',*,*,#14488,.T.);
#14503 = ORIENTED_EDGE('',*,*,#7495,.T.);
#14504 = ORIENTED_EDGE('',*,*,#14505,.F.);
#14505 = EDGE_CURVE('',#2343,#7488,#14506,.T.);
#14506 = LINE('',#14507,#14508);
#14507 = CARTESIAN_POINT('',(186.846671,-117.386632,0.));
#14508 = VECTOR('',#14509,1.);
#14509 = DIRECTION('',(0.,0.,1.));
#14510 = ORIENTED_EDGE('',*,*,#2350,.F.);
#14511 = PLANE('',#14512);
#14512 = AXIS2_PLACEMENT_3D('',#14513,#14514,#14515);
#14513 = CARTESIAN_POINT('',(186.784212,-117.352957,0.));
#14514 = DIRECTION('',(0.474572054592,0.880216657988,-0.));
#14515 = DIRECTION('',(0.880216657988,-0.474572054592,0.));
#14516 = ADVANCED_FACE('',(#14517),#14528,.T.);
#14517 = FACE_BOUND('',#14518,.T.);
#14518 = EDGE_LOOP('',(#14519,#14520,#14521,#14527));
#14519 = ORIENTED_EDGE('',*,*,#14505,.T.);
#14520 = ORIENTED_EDGE('',*,*,#7487,.T.);
#14521 = ORIENTED_EDGE('',*,*,#14522,.F.);
#14522 = EDGE_CURVE('',#2335,#7480,#14523,.T.);
#14523 = LINE('',#14524,#14525);
#14524 = CARTESIAN_POINT('',(187.486985,-116.704378,0.));
#14525 = VECTOR('',#14526,1.);
#14526 = DIRECTION('',(0.,0.,1.));
#14527 = ORIENTED_EDGE('',*,*,#2342,.F.);
#14528 = PLANE('',#14529);
#14529 = AXIS2_PLACEMENT_3D('',#14530,#14531,#14532);
#14530 = CARTESIAN_POINT('',(186.846671,-117.386632,0.));
#14531 = DIRECTION('',(-0.729163341535,0.684339697344,0.));
#14532 = DIRECTION('',(0.684339697344,0.729163341535,0.));
#14533 = ADVANCED_FACE('',(#14534),#14545,.T.);
#14534 = FACE_BOUND('',#14535,.T.);
#14535 = EDGE_LOOP('',(#14536,#14537,#14538,#14544));
#14536 = ORIENTED_EDGE('',*,*,#14522,.T.);
#14537 = ORIENTED_EDGE('',*,*,#7479,.T.);
#14538 = ORIENTED_EDGE('',*,*,#14539,.F.);
#14539 = EDGE_CURVE('',#2327,#7472,#14540,.T.);
#14540 = LINE('',#14541,#14542);
#14541 = CARTESIAN_POINT('',(187.464048,-116.653112,0.));
#14542 = VECTOR('',#14543,1.);
#14543 = DIRECTION('',(0.,0.,1.));
#14544 = ORIENTED_EDGE('',*,*,#2334,.F.);
#14545 = PLANE('',#14546);
#14546 = AXIS2_PLACEMENT_3D('',#14547,#14548,#14549);
#14547 = CARTESIAN_POINT('',(187.486985,-116.704378,0.));
#14548 = DIRECTION('',(-0.912803579703,-0.408398855141,0.));
#14549 = DIRECTION('',(-0.408398855141,0.912803579703,0.));
#14550 = ADVANCED_FACE('',(#14551),#14562,.T.);
#14551 = FACE_BOUND('',#14552,.T.);
#14552 = EDGE_LOOP('',(#14553,#14554,#14555,#14561));
#14553 = ORIENTED_EDGE('',*,*,#14539,.T.);
#14554 = ORIENTED_EDGE('',*,*,#7471,.T.);
#14555 = ORIENTED_EDGE('',*,*,#14556,.F.);
#14556 = EDGE_CURVE('',#2319,#7464,#14557,.T.);
#14557 = LINE('',#14558,#14559);
#14558 = CARTESIAN_POINT('',(187.4375,-116.4875,0.));
#14559 = VECTOR('',#14560,1.);
#14560 = DIRECTION('',(0.,0.,1.));
#14561 = ORIENTED_EDGE('',*,*,#2326,.F.);
#14562 = PLANE('',#14563);
#14563 = AXIS2_PLACEMENT_3D('',#14564,#14565,#14566);
#14564 = CARTESIAN_POINT('',(187.464048,-116.653112,0.));
#14565 = DIRECTION('',(-0.987394008411,-0.158281622922,0.));
#14566 = DIRECTION('',(-0.158281622922,0.987394008411,0.));
#14567 = ADVANCED_FACE('',(#14568),#14579,.T.);
#14568 = FACE_BOUND('',#14569,.T.);
#14569 = EDGE_LOOP('',(#14570,#14571,#14572,#14578));
#14570 = ORIENTED_EDGE('',*,*,#14556,.T.);
#14571 = ORIENTED_EDGE('',*,*,#7463,.T.);
#14572 = ORIENTED_EDGE('',*,*,#14573,.F.);
#14573 = EDGE_CURVE('',#2311,#7456,#14574,.T.);
#14574 = LINE('',#14575,#14576);
#14575 = CARTESIAN_POINT('',(187.4375,-115.081815,0.));
#14576 = VECTOR('',#14577,1.);
#14577 = DIRECTION('',(0.,0.,1.));
#14578 = ORIENTED_EDGE('',*,*,#2318,.F.);
#14579 = PLANE('',#14580);
#14580 = AXIS2_PLACEMENT_3D('',#14581,#14582,#14583);
#14581 = CARTESIAN_POINT('',(187.4375,-116.4875,0.));
#14582 = DIRECTION('',(-1.,0.,0.));
#14583 = DIRECTION('',(0.,1.,0.));
#14584 = ADVANCED_FACE('',(#14585),#14596,.T.);
#14585 = FACE_BOUND('',#14586,.T.);
#14586 = EDGE_LOOP('',(#14587,#14588,#14589,#14595));
#14587 = ORIENTED_EDGE('',*,*,#14573,.T.);
#14588 = ORIENTED_EDGE('',*,*,#7455,.T.);
#14589 = ORIENTED_EDGE('',*,*,#14590,.F.);
#14590 = EDGE_CURVE('',#2303,#7448,#14591,.T.);
#14591 = LINE('',#14592,#14593);
#14592 = CARTESIAN_POINT('',(187.486985,-114.864938,0.));
#14593 = VECTOR('',#14594,1.);
#14594 = DIRECTION('',(0.,0.,1.));
#14595 = ORIENTED_EDGE('',*,*,#2310,.F.);
#14596 = PLANE('',#14597);
#14597 = AXIS2_PLACEMENT_3D('',#14598,#14599,#14600);
#14598 = CARTESIAN_POINT('',(187.4375,-115.081815,0.));
#14599 = DIRECTION('',(-0.974943279554,0.222453594382,0.));
#14600 = DIRECTION('',(0.222453594382,0.974943279554,0.));
#14601 = ADVANCED_FACE('',(#14602),#14613,.T.);
#14602 = FACE_BOUND('',#14603,.T.);
#14603 = EDGE_LOOP('',(#14604,#14605,#14606,#14612));
#14604 = ORIENTED_EDGE('',*,*,#14590,.T.);
#14605 = ORIENTED_EDGE('',*,*,#7447,.T.);
#14606 = ORIENTED_EDGE('',*,*,#14607,.F.);
#14607 = EDGE_CURVE('',#2295,#7440,#14608,.T.);
#14608 = LINE('',#14609,#14610);
#14609 = CARTESIAN_POINT('',(187.515613,-114.800012,0.));
#14610 = VECTOR('',#14611,1.);
#14611 = DIRECTION('',(0.,0.,1.));
#14612 = ORIENTED_EDGE('',*,*,#2302,.F.);
#14613 = PLANE('',#14614);
#14614 = AXIS2_PLACEMENT_3D('',#14615,#14616,#14617);
#14615 = CARTESIAN_POINT('',(187.486985,-114.864938,0.));
#14616 = DIRECTION('',(-0.915000136088,0.40345353011,0.));
#14617 = DIRECTION('',(0.40345353011,0.915000136088,0.));
#14618 = ADVANCED_FACE('',(#14619),#14630,.T.);
#14619 = FACE_BOUND('',#14620,.T.);
#14620 = EDGE_LOOP('',(#14621,#14622,#14623,#14629));
#14621 = ORIENTED_EDGE('',*,*,#14607,.T.);
#14622 = ORIENTED_EDGE('',*,*,#7439,.T.);
#14623 = ORIENTED_EDGE('',*,*,#14624,.F.);
#14624 = EDGE_CURVE('',#2287,#7432,#14625,.T.);
#14625 = LINE('',#14626,#14627);
#14626 = CARTESIAN_POINT('',(187.260604,-114.198207,0.));
#14627 = VECTOR('',#14628,1.);
#14628 = DIRECTION('',(0.,0.,1.));
#14629 = ORIENTED_EDGE('',*,*,#2294,.F.);
#14630 = PLANE('',#14631);
#14631 = AXIS2_PLACEMENT_3D('',#14632,#14633,#14634);
#14632 = CARTESIAN_POINT('',(187.515613,-114.800012,0.));
#14633 = DIRECTION('',(-0.92074793854,-0.390157959902,0.));
#14634 = DIRECTION('',(-0.390157959902,0.92074793854,0.));
#14635 = ADVANCED_FACE('',(#14636),#14642,.T.);
#14636 = FACE_BOUND('',#14637,.T.);
#14637 = EDGE_LOOP('',(#14638,#14639,#14640,#14641));
#14638 = ORIENTED_EDGE('',*,*,#14624,.T.);
#14639 = ORIENTED_EDGE('',*,*,#7431,.T.);
#14640 = ORIENTED_EDGE('',*,*,#14209,.F.);
#14641 = ORIENTED_EDGE('',*,*,#2286,.F.);
#14642 = PLANE('',#14643);
#14643 = AXIS2_PLACEMENT_3D('',#14644,#14645,#14646);
#14644 = CARTESIAN_POINT('',(187.260604,-114.198207,0.));
#14645 = DIRECTION('',(-0.315119221725,-0.949052093459,0.));
#14646 = DIRECTION('',(-0.949052093459,0.315119221725,0.));
#14647 = ADVANCED_FACE('',(#14648),#14659,.F.);
#14648 = FACE_BOUND('',#14649,.T.);
#14649 = EDGE_LOOP('',(#14650,#14651,#14657,#14658));
#14650 = ORIENTED_EDGE('',*,*,#2486,.T.);
#14651 = ORIENTED_EDGE('',*,*,#14652,.T.);
#14652 = EDGE_CURVE('',#2487,#7632,#14653,.T.);
#14653 = LINE('',#14654,#14655);
#14654 = CARTESIAN_POINT('',(193.675,-115.335,-4.6E-02));
#14655 = VECTOR('',#14656,1.);
#14656 = DIRECTION('',(0.,0.,1.));
#14657 = ORIENTED_EDGE('',*,*,#7631,.F.);
#14658 = ORIENTED_EDGE('',*,*,#14652,.F.);
#14659 = CYLINDRICAL_SURFACE('',#14660,0.4);
#14660 = AXIS2_PLACEMENT_3D('',#14661,#14662,#14663);
#14661 = CARTESIAN_POINT('',(193.675,-114.935,-4.6E-02));
#14662 = DIRECTION('',(-0.,-0.,-1.));
#14663 = DIRECTION('',(-0.,-1.,0.));
#14664 = ADVANCED_FACE('',(#14665),#14681,.F.);
#14665 = FACE_BOUND('',#14666,.T.);
#14666 = EDGE_LOOP('',(#14667,#14673,#14674,#14680));
#14667 = ORIENTED_EDGE('',*,*,#14668,.F.);
#14668 = EDGE_CURVE('',#2498,#7643,#14669,.T.);
#14669 = LINE('',#14670,#14671);
#14670 = CARTESIAN_POINT('',(185.7375,-113.125,-4.6E-02));
#14671 = VECTOR('',#14672,1.);
#14672 = DIRECTION('',(0.,0.,1.));
#14673 = ORIENTED_EDGE('',*,*,#2497,.T.);
#14674 = ORIENTED_EDGE('',*,*,#14675,.F.);
#14675 = EDGE_CURVE('',#7645,#2500,#14676,.T.);
#14676 = LINE('',#14677,#14678);
#14677 = CARTESIAN_POINT('',(185.39019895348,-113.0946146788,-4.6E-02));
#14678 = VECTOR('',#14679,1.);
#14679 = DIRECTION('',(-0.,-0.,-1.));
#14680 = ORIENTED_EDGE('',*,*,#7642,.F.);
#14681 = CYLINDRICAL_SURFACE('',#14682,2.);
#14682 = AXIS2_PLACEMENT_3D('',#14683,#14684,#14685);
#14683 = CARTESIAN_POINT('',(185.7375,-111.125,-4.6E-02));
#14684 = DIRECTION('',(-0.,-0.,-1.));
#14685 = DIRECTION('',(-0.,-1.,0.));
#14686 = ADVANCED_FACE('',(#14687),#14698,.F.);
#14687 = FACE_BOUND('',#14688,.T.);
#14688 = EDGE_LOOP('',(#14689,#14690,#14691,#14692));
#14689 = ORIENTED_EDGE('',*,*,#2517,.T.);
#14690 = ORIENTED_EDGE('',*,*,#14668,.T.);
#14691 = ORIENTED_EDGE('',*,*,#7662,.F.);
#14692 = ORIENTED_EDGE('',*,*,#14693,.T.);
#14693 = EDGE_CURVE('',#7654,#2509,#14694,.T.);
#14694 = LINE('',#14695,#14696);
#14695 = CARTESIAN_POINT('',(184.14509007894,-112.3350539836,-4.6E-02));
#14696 = VECTOR('',#14697,1.);
#14697 = DIRECTION('',(-0.,-0.,-1.));
#14698 = CYLINDRICAL_SURFACE('',#14699,2.);
#14699 = AXIS2_PLACEMENT_3D('',#14700,#14701,#14702);
#14700 = CARTESIAN_POINT('',(185.7375,-111.125,-4.6E-02));
#14701 = DIRECTION('',(-0.,-0.,-1.));
#14702 = DIRECTION('',(-0.,-1.,0.));
#14703 = ADVANCED_FACE('',(#14704),#14715,.F.);
#14704 = FACE_BOUND('',#14705,.T.);
#14705 = EDGE_LOOP('',(#14706,#14707,#14713,#14714));
#14706 = ORIENTED_EDGE('',*,*,#2526,.T.);
#14707 = ORIENTED_EDGE('',*,*,#14708,.T.);
#14708 = EDGE_CURVE('',#2527,#7672,#14709,.T.);
#14709 = LINE('',#14710,#14711);
#14710 = CARTESIAN_POINT('',(190.8175,-111.975,-4.6E-02));
#14711 = VECTOR('',#14712,1.);
#14712 = DIRECTION('',(0.,0.,1.));
#14713 = ORIENTED_EDGE('',*,*,#7671,.F.);
#14714 = ORIENTED_EDGE('',*,*,#14708,.F.);
#14715 = CYLINDRICAL_SURFACE('',#14716,0.85);
#14716 = AXIS2_PLACEMENT_3D('',#14717,#14718,#14719);
#14717 = CARTESIAN_POINT('',(190.8175,-111.125,-4.6E-02));
#14718 = DIRECTION('',(-0.,-0.,-1.));
#14719 = DIRECTION('',(-0.,-1.,0.));
#14720 = ADVANCED_FACE('',(#14721),#14732,.F.);
#14721 = FACE_BOUND('',#14722,.T.);
#14722 = EDGE_LOOP('',(#14723,#14724,#14730,#14731));
#14723 = ORIENTED_EDGE('',*,*,#2537,.T.);
#14724 = ORIENTED_EDGE('',*,*,#14725,.T.);
#14725 = EDGE_CURVE('',#2538,#7683,#14726,.T.);
#14726 = LINE('',#14727,#14728);
#14727 = CARTESIAN_POINT('',(181.9275,-109.335,-4.6E-02));
#14728 = VECTOR('',#14729,1.);
#14729 = DIRECTION('',(0.,0.,1.));
#14730 = ORIENTED_EDGE('',*,*,#7682,.F.);
#14731 = ORIENTED_EDGE('',*,*,#14725,.F.);
#14732 = CYLINDRICAL_SURFACE('',#14733,0.75);
#14733 = AXIS2_PLACEMENT_3D('',#14734,#14735,#14736);
#14734 = CARTESIAN_POINT('',(181.9275,-108.585,-4.6E-02));
#14735 = DIRECTION('',(-0.,-0.,-1.));
#14736 = DIRECTION('',(-0.,-1.,0.));
#14737 = ADVANCED_FACE('',(#14738),#14749,.F.);
#14738 = FACE_BOUND('',#14739,.T.);
#14739 = EDGE_LOOP('',(#14740,#14741,#14747,#14748));
#14740 = ORIENTED_EDGE('',*,*,#2548,.T.);
#14741 = ORIENTED_EDGE('',*,*,#14742,.T.);
#14742 = EDGE_CURVE('',#2549,#7694,#14743,.T.);
#14743 = LINE('',#14744,#14745);
#14744 = CARTESIAN_POINT('',(188.2775,-106.795,-4.6E-02));
#14745 = VECTOR('',#14746,1.);
#14746 = DIRECTION('',(0.,0.,1.));
#14747 = ORIENTED_EDGE('',*,*,#7693,.F.);
#14748 = ORIENTED_EDGE('',*,*,#14742,.F.);
#14749 = CYLINDRICAL_SURFACE('',#14750,0.75);
#14750 = AXIS2_PLACEMENT_3D('',#14751,#14752,#14753);
#14751 = CARTESIAN_POINT('',(188.2775,-106.045,-4.6E-02));
#14752 = DIRECTION('',(-0.,-0.,-1.));
#14753 = DIRECTION('',(-0.,-1.,0.));
#14754 = ADVANCED_FACE('',(#14755),#14766,.F.);
#14755 = FACE_BOUND('',#14756,.T.);
#14756 = EDGE_LOOP('',(#14757,#14758,#14764,#14765));
#14757 = ORIENTED_EDGE('',*,*,#2559,.T.);
#14758 = ORIENTED_EDGE('',*,*,#14759,.T.);
#14759 = EDGE_CURVE('',#2560,#7705,#14760,.T.);
#14760 = LINE('',#14761,#14762);
#14761 = CARTESIAN_POINT('',(193.675,-107.715,-4.6E-02));
#14762 = VECTOR('',#14763,1.);
#14763 = DIRECTION('',(0.,0.,1.));
#14764 = ORIENTED_EDGE('',*,*,#7704,.F.);
#14765 = ORIENTED_EDGE('',*,*,#14759,.F.);
#14766 = CYLINDRICAL_SURFACE('',#14767,0.4);
#14767 = AXIS2_PLACEMENT_3D('',#14768,#14769,#14770);
#14768 = CARTESIAN_POINT('',(193.675,-107.315,-4.6E-02));
#14769 = DIRECTION('',(-0.,-0.,-1.));
#14770 = DIRECTION('',(-0.,-1.,0.));
#14771 = ADVANCED_FACE('',(#14772),#14788,.T.);
#14772 = FACE_BOUND('',#14773,.T.);
#14773 = EDGE_LOOP('',(#14774,#14780,#14781,#14787));
#14774 = ORIENTED_EDGE('',*,*,#14775,.T.);
#14775 = EDGE_CURVE('',#2571,#7716,#14776,.T.);
#14776 = LINE('',#14777,#14778);
#14777 = CARTESIAN_POINT('',(127.47832,-95.1327,0.));
#14778 = VECTOR('',#14779,1.);
#14779 = DIRECTION('',(0.,0.,1.));
#14780 = ORIENTED_EDGE('',*,*,#7715,.T.);
#14781 = ORIENTED_EDGE('',*,*,#14782,.F.);
#14782 = EDGE_CURVE('',#2573,#7718,#14783,.T.);
#14783 = LINE('',#14784,#14785);
#14784 = CARTESIAN_POINT('',(126.838017,-95.814938,0.));
#14785 = VECTOR('',#14786,1.);
#14786 = DIRECTION('',(0.,0.,1.));
#14787 = ORIENTED_EDGE('',*,*,#2570,.F.);
#14788 = PLANE('',#14789);
#14789 = AXIS2_PLACEMENT_3D('',#14790,#14791,#14792);
#14790 = CARTESIAN_POINT('',(127.47832,-95.1327,0.));
#14791 = DIRECTION('',(0.729161199504,-0.68434197967,0.));
#14792 = DIRECTION('',(-0.68434197967,-0.729161199504,0.));
#14793 = ADVANCED_FACE('',(#14794),#14805,.T.);
#14794 = FACE_BOUND('',#14795,.T.);
#14795 = EDGE_LOOP('',(#14796,#14797,#14798,#14804));
#14796 = ORIENTED_EDGE('',*,*,#14782,.T.);
#14797 = ORIENTED_EDGE('',*,*,#7901,.T.);
#14798 = ORIENTED_EDGE('',*,*,#14799,.F.);
#14799 = EDGE_CURVE('',#2749,#7894,#14800,.T.);
#14800 = LINE('',#14801,#14802);
#14801 = CARTESIAN_POINT('',(126.860953,-95.866205,0.));
#14802 = VECTOR('',#14803,1.);
#14803 = DIRECTION('',(0.,0.,1.));
#14804 = ORIENTED_EDGE('',*,*,#2756,.F.);
#14805 = PLANE('',#14806);
#14806 = AXIS2_PLACEMENT_3D('',#14807,#14808,#14809);
#14807 = CARTESIAN_POINT('',(126.838017,-95.814938,0.));
#14808 = DIRECTION('',(0.912813186674,0.408377382128,-0.));
#14809 = DIRECTION('',(0.408377382128,-0.912813186674,0.));
#14810 = ADVANCED_FACE('',(#14811),#14822,.T.);
#14811 = FACE_BOUND('',#14812,.T.);
#14812 = EDGE_LOOP('',(#14813,#14814,#14815,#14821));
#14813 = ORIENTED_EDGE('',*,*,#14799,.T.);
#14814 = ORIENTED_EDGE('',*,*,#7893,.T.);
#14815 = ORIENTED_EDGE('',*,*,#14816,.F.);
#14816 = EDGE_CURVE('',#2741,#7886,#14817,.T.);
#14817 = LINE('',#14818,#14819);
#14818 = CARTESIAN_POINT('',(126.887502,-96.031816,0.));
#14819 = VECTOR('',#14820,1.);
#14820 = DIRECTION('',(0.,0.,1.));
#14821 = ORIENTED_EDGE('',*,*,#2748,.F.);
#14822 = PLANE('',#14823);
#14823 = AXIS2_PLACEMENT_3D('',#14824,#14825,#14826);
#14824 = CARTESIAN_POINT('',(126.860953,-95.866205,0.));
#14825 = DIRECTION('',(0.98739292722,0.158288367468,-0.));
#14826 = DIRECTION('',(0.158288367468,-0.98739292722,0.));
#14827 = ADVANCED_FACE('',(#14828),#14839,.T.);
#14828 = FACE_BOUND('',#14829,.T.);
#14829 = EDGE_LOOP('',(#14830,#14831,#14832,#14838));
#14830 = ORIENTED_EDGE('',*,*,#14816,.T.);
#14831 = ORIENTED_EDGE('',*,*,#7885,.T.);
#14832 = ORIENTED_EDGE('',*,*,#14833,.F.);
#14833 = EDGE_CURVE('',#2733,#7878,#14834,.T.);
#14834 = LINE('',#14835,#14836);
#14835 = CARTESIAN_POINT('',(126.887502,-97.4375,0.));
#14836 = VECTOR('',#14837,1.);
#14837 = DIRECTION('',(0.,0.,1.));
#14838 = ORIENTED_EDGE('',*,*,#2740,.F.);
#14839 = PLANE('',#14840);
#14840 = AXIS2_PLACEMENT_3D('',#14841,#14842,#14843);
#14841 = CARTESIAN_POINT('',(126.887502,-96.031816,0.));
#14842 = DIRECTION('',(1.,0.,-0.));
#14843 = DIRECTION('',(0.,-1.,0.));
#14844 = ADVANCED_FACE('',(#14845),#14856,.T.);
#14845 = FACE_BOUND('',#14846,.T.);
#14846 = EDGE_LOOP('',(#14847,#14848,#14849,#14855));
#14847 = ORIENTED_EDGE('',*,*,#14833,.T.);
#14848 = ORIENTED_EDGE('',*,*,#7877,.T.);
#14849 = ORIENTED_EDGE('',*,*,#14850,.F.);
#14850 = EDGE_CURVE('',#2725,#7870,#14851,.T.);
#14851 = LINE('',#14852,#14853);
#14852 = CARTESIAN_POINT('',(126.838017,-97.654378,0.));
#14853 = VECTOR('',#14854,1.);
#14854 = DIRECTION('',(0.,0.,1.));
#14855 = ORIENTED_EDGE('',*,*,#2732,.F.);
#14856 = PLANE('',#14857);
#14857 = AXIS2_PLACEMENT_3D('',#14858,#14859,#14860);
#14858 = CARTESIAN_POINT('',(126.887502,-97.4375,0.));
#14859 = DIRECTION('',(0.974943502008,-0.222452619431,0.));
#14860 = DIRECTION('',(-0.222452619431,-0.974943502008,0.));
#14861 = ADVANCED_FACE('',(#14862),#14873,.T.);
#14862 = FACE_BOUND('',#14863,.T.);
#14863 = EDGE_LOOP('',(#14864,#14865,#14866,#14872));
#14864 = ORIENTED_EDGE('',*,*,#14850,.T.);
#14865 = ORIENTED_EDGE('',*,*,#7869,.T.);
#14866 = ORIENTED_EDGE('',*,*,#14867,.F.);
#14867 = EDGE_CURVE('',#2717,#7862,#14868,.T.);
#14868 = LINE('',#14869,#14870);
#14869 = CARTESIAN_POINT('',(126.809464,-97.719339,0.));
#14870 = VECTOR('',#14871,1.);
#14871 = DIRECTION('',(0.,0.,1.));
#14872 = ORIENTED_EDGE('',*,*,#2724,.F.);
#14873 = PLANE('',#14874);
#14874 = AXIS2_PLACEMENT_3D('',#14875,#14876,#14877);
#14875 = CARTESIAN_POINT('',(126.838017,-97.654378,0.));
#14876 = DIRECTION('',(0.915469983318,-0.402386269203,0.));
#14877 = DIRECTION('',(-0.402386269203,-0.915469983318,0.));
#14878 = ADVANCED_FACE('',(#14879),#14890,.T.);
#14879 = FACE_BOUND('',#14880,.T.);
#14880 = EDGE_LOOP('',(#14881,#14882,#14883,#14889));
#14881 = ORIENTED_EDGE('',*,*,#14867,.T.);
#14882 = ORIENTED_EDGE('',*,*,#7861,.T.);
#14883 = ORIENTED_EDGE('',*,*,#14884,.F.);
#14884 = EDGE_CURVE('',#2709,#7854,#14885,.T.);
#14885 = LINE('',#14886,#14887);
#14886 = CARTESIAN_POINT('',(127.54079,-98.302955,0.));
#14887 = VECTOR('',#14888,1.);
#14888 = DIRECTION('',(0.,0.,1.));
#14889 = ORIENTED_EDGE('',*,*,#2716,.F.);
#14890 = PLANE('',#14891);
#14891 = AXIS2_PLACEMENT_3D('',#14892,#14893,#14894);
#14892 = CARTESIAN_POINT('',(126.809464,-97.719339,0.));
#14893 = DIRECTION('',(0.623753030467,0.781621492145,-0.));
#14894 = DIRECTION('',(0.781621492145,-0.623753030467,0.));
#14895 = ADVANCED_FACE('',(#14896),#14907,.T.);
#14896 = FACE_BOUND('',#14897,.T.);
#14897 = EDGE_LOOP('',(#14898,#14899,#14900,#14906));
#14898 = ORIENTED_EDGE('',*,*,#14884,.T.);
#14899 = ORIENTED_EDGE('',*,*,#7853,.T.);
#14900 = ORIENTED_EDGE('',*,*,#14901,.F.);
#14901 = EDGE_CURVE('',#2701,#7846,#14902,.T.);
#14902 = LINE('',#14903,#14904);
#14903 = CARTESIAN_POINT('',(127.59899,-98.271298,0.));
#14904 = VECTOR('',#14905,1.);
#14905 = DIRECTION('',(0.,0.,1.));
#14906 = ORIENTED_EDGE('',*,*,#2708,.F.);
#14907 = PLANE('',#14908);
#14908 = AXIS2_PLACEMENT_3D('',#14909,#14910,#14911);
#14909 = CARTESIAN_POINT('',(127.54079,-98.302955,0.));
#14910 = DIRECTION('',(-0.477822831046,0.878456226645,0.));
#14911 = DIRECTION('',(0.878456226645,0.477822831046,0.));
#14912 = ADVANCED_FACE('',(#14913),#14924,.T.);
#14913 = FACE_BOUND('',#14914,.T.);
#14914 = EDGE_LOOP('',(#14915,#14916,#14917,#14923));
#14915 = ORIENTED_EDGE('',*,*,#14901,.T.);
#14916 = ORIENTED_EDGE('',*,*,#7845,.T.);
#14917 = ORIENTED_EDGE('',*,*,#14918,.F.);
#14918 = EDGE_CURVE('',#2693,#7838,#14919,.T.);
#14919 = LINE('',#14920,#14921);
#14920 = CARTESIAN_POINT('',(127.793049,-98.234658,0.));
#14921 = VECTOR('',#14922,1.);
#14922 = DIRECTION('',(0.,0.,1.));
#14923 = ORIENTED_EDGE('',*,*,#2700,.F.);
#14924 = PLANE('',#14925);
#14925 = AXIS2_PLACEMENT_3D('',#14926,#14927,#14928);
#14926 = CARTESIAN_POINT('',(127.59899,-98.271298,0.));
#14927 = DIRECTION('',(-0.18553055753,0.982638495187,0.));
#14928 = DIRECTION('',(0.982638495187,0.18553055753,0.));
#14929 = ADVANCED_FACE('',(#14930),#14941,.T.);
#14930 = FACE_BOUND('',#14931,.T.);
#14931 = EDGE_LOOP('',(#14932,#14933,#14934,#14940));
#14932 = ORIENTED_EDGE('',*,*,#14918,.T.);
#14933 = ORIENTED_EDGE('',*,*,#7837,.T.);
#14934 = ORIENTED_EDGE('',*,*,#14935,.F.);
#14935 = EDGE_CURVE('',#2685,#7830,#14936,.T.);
#14936 = LINE('',#14937,#14938);
#14937 = CARTESIAN_POINT('',(129.381953,-98.234658,0.));
#14938 = VECTOR('',#14939,1.);
#14939 = DIRECTION('',(0.,0.,1.));
#14940 = ORIENTED_EDGE('',*,*,#2692,.F.);
#14941 = PLANE('',#14942);
#14942 = AXIS2_PLACEMENT_3D('',#14943,#14944,#14945);
#14943 = CARTESIAN_POINT('',(127.793049,-98.234658,0.));
#14944 = DIRECTION('',(0.,1.,0.));
#14945 = DIRECTION('',(1.,0.,0.));
#14946 = ADVANCED_FACE('',(#14947),#14958,.T.);
#14947 = FACE_BOUND('',#14948,.T.);
#14948 = EDGE_LOOP('',(#14949,#14950,#14951,#14957));
#14949 = ORIENTED_EDGE('',*,*,#14935,.T.);
#14950 = ORIENTED_EDGE('',*,*,#7829,.T.);
#14951 = ORIENTED_EDGE('',*,*,#14952,.F.);
#14952 = EDGE_CURVE('',#2677,#7822,#14953,.T.);
#14953 = LINE('',#14954,#14955);
#14954 = CARTESIAN_POINT('',(129.634212,-98.302957,0.));
#14955 = VECTOR('',#14956,1.);
#14956 = DIRECTION('',(0.,0.,1.));
#14957 = ORIENTED_EDGE('',*,*,#2684,.F.);
#14958 = PLANE('',#14959);
#14959 = AXIS2_PLACEMENT_3D('',#14960,#14961,#14962);
#14960 = CARTESIAN_POINT('',(129.381953,-98.234658,0.));
#14961 = DIRECTION('',(0.261340091681,0.965246785273,-0.));
#14962 = DIRECTION('',(0.965246785273,-0.261340091681,0.));
#14963 = ADVANCED_FACE('',(#14964),#14975,.T.);
#14964 = FACE_BOUND('',#14965,.T.);
#14965 = EDGE_LOOP('',(#14966,#14967,#14968,#14974));
#14966 = ORIENTED_EDGE('',*,*,#14952,.T.);
#14967 = ORIENTED_EDGE('',*,*,#7821,.T.);
#14968 = ORIENTED_EDGE('',*,*,#14969,.F.);
#14969 = EDGE_CURVE('',#2669,#7814,#14970,.T.);
#14970 = LINE('',#14971,#14972);
#14971 = CARTESIAN_POINT('',(129.696676,-98.336618,0.));
#14972 = VECTOR('',#14973,1.);
#14973 = DIRECTION('',(0.,0.,1.));
#14974 = ORIENTED_EDGE('',*,*,#2676,.F.);
#14975 = PLANE('',#14976);
#14976 = AXIS2_PLACEMENT_3D('',#14977,#14978,#14979);
#14977 = CARTESIAN_POINT('',(129.634212,-98.302957,0.));
#14978 = DIRECTION('',(0.474389741397,0.880314928453,-0.));
#14979 = DIRECTION('',(0.880314928453,-0.474389741397,0.));
#14980 = ADVANCED_FACE('',(#14981),#14992,.T.);
#14981 = FACE_BOUND('',#14982,.T.);
#14982 = EDGE_LOOP('',(#14983,#14984,#14985,#14991));
#14983 = ORIENTED_EDGE('',*,*,#14969,.T.);
#14984 = ORIENTED_EDGE('',*,*,#7813,.T.);
#14985 = ORIENTED_EDGE('',*,*,#14986,.F.);
#14986 = EDGE_CURVE('',#2661,#7806,#14987,.T.);
#14987 = LINE('',#14988,#14989);
#14988 = CARTESIAN_POINT('',(130.336985,-97.654377,0.));
#14989 = VECTOR('',#14990,1.);
#14990 = DIRECTION('',(0.,0.,1.));
#14991 = ORIENTED_EDGE('',*,*,#2668,.F.);
#14992 = PLANE('',#14993);
#14993 = AXIS2_PLACEMENT_3D('',#14994,#14995,#14996);
#14994 = CARTESIAN_POINT('',(129.696676,-98.336618,0.));
#14995 = DIRECTION('',(-0.729159501222,0.684343789171,0.));
#14996 = DIRECTION('',(0.684343789171,0.729159501222,0.));
#14997 = ADVANCED_FACE('',(#14998),#15009,.T.);
#14998 = FACE_BOUND('',#14999,.T.);
#14999 = EDGE_LOOP('',(#15000,#15001,#15002,#15008));
#15000 = ORIENTED_EDGE('',*,*,#14986,.T.);
#15001 = ORIENTED_EDGE('',*,*,#7805,.T.);
#15002 = ORIENTED_EDGE('',*,*,#15003,.F.);
#15003 = EDGE_CURVE('',#2653,#7798,#15004,.T.);
#15004 = LINE('',#15005,#15006);
#15005 = CARTESIAN_POINT('',(130.314048,-97.603111,0.));
#15006 = VECTOR('',#15007,1.);
#15007 = DIRECTION('',(0.,0.,1.));
#15008 = ORIENTED_EDGE('',*,*,#2660,.F.);
#15009 = PLANE('',#15010);
#15010 = AXIS2_PLACEMENT_3D('',#15011,#15012,#15013);
#15011 = CARTESIAN_POINT('',(130.336985,-97.654377,0.));
#15012 = DIRECTION('',(-0.912803579704,-0.408398855141,0.));
#15013 = DIRECTION('',(-0.408398855141,0.912803579704,0.));
#15014 = ADVANCED_FACE('',(#15015),#15026,.T.);
#15015 = FACE_BOUND('',#15016,.T.);
#15016 = EDGE_LOOP('',(#15017,#15018,#15019,#15025));
#15017 = ORIENTED_EDGE('',*,*,#15003,.T.);
#15018 = ORIENTED_EDGE('',*,*,#7797,.T.);
#15019 = ORIENTED_EDGE('',*,*,#15020,.F.);
#15020 = EDGE_CURVE('',#2645,#7790,#15021,.T.);
#15021 = LINE('',#15022,#15023);
#15022 = CARTESIAN_POINT('',(130.2875,-97.4375,0.));
#15023 = VECTOR('',#15024,1.);
#15024 = DIRECTION('',(0.,0.,1.));
#15025 = ORIENTED_EDGE('',*,*,#2652,.F.);
#15026 = PLANE('',#15027);
#15027 = AXIS2_PLACEMENT_3D('',#15028,#15029,#15030);
#15028 = CARTESIAN_POINT('',(130.314048,-97.603111,0.));
#15029 = DIRECTION('',(-0.987393859041,-0.158282554721,0.));
#15030 = DIRECTION('',(-0.158282554721,0.987393859041,0.));
#15031 = ADVANCED_FACE('',(#15032),#15043,.T.);
#15032 = FACE_BOUND('',#15033,.T.);
#15033 = EDGE_LOOP('',(#15034,#15035,#15036,#15042));
#15034 = ORIENTED_EDGE('',*,*,#15020,.T.);
#15035 = ORIENTED_EDGE('',*,*,#7789,.T.);
#15036 = ORIENTED_EDGE('',*,*,#15037,.F.);
#15037 = EDGE_CURVE('',#2637,#7782,#15038,.T.);
#15038 = LINE('',#15039,#15040);
#15039 = CARTESIAN_POINT('',(130.2875,-96.031816,0.));
#15040 = VECTOR('',#15041,1.);
#15041 = DIRECTION('',(0.,0.,1.));
#15042 = ORIENTED_EDGE('',*,*,#2644,.F.);
#15043 = PLANE('',#15044);
#15044 = AXIS2_PLACEMENT_3D('',#15045,#15046,#15047);
#15045 = CARTESIAN_POINT('',(130.2875,-97.4375,0.));
#15046 = DIRECTION('',(-1.,0.,0.));
#15047 = DIRECTION('',(0.,1.,0.));
#15048 = ADVANCED_FACE('',(#15049),#15060,.T.);
#15049 = FACE_BOUND('',#15050,.T.);
#15050 = EDGE_LOOP('',(#15051,#15052,#15053,#15059));
#15051 = ORIENTED_EDGE('',*,*,#15037,.T.);
#15052 = ORIENTED_EDGE('',*,*,#7781,.T.);
#15053 = ORIENTED_EDGE('',*,*,#15054,.F.);
#15054 = EDGE_CURVE('',#2629,#7774,#15055,.T.);
#15055 = LINE('',#15056,#15057);
#15056 = CARTESIAN_POINT('',(130.336985,-95.814938,0.));
#15057 = VECTOR('',#15058,1.);
#15058 = DIRECTION('',(0.,0.,1.));
#15059 = ORIENTED_EDGE('',*,*,#2636,.F.);
#15060 = PLANE('',#15061);
#15061 = AXIS2_PLACEMENT_3D('',#15062,#15063,#15064);
#15062 = CARTESIAN_POINT('',(130.2875,-96.031816,0.));
#15063 = DIRECTION('',(-0.974943502008,0.222452619431,0.));
#15064 = DIRECTION('',(0.222452619431,0.974943502008,0.));
#15065 = ADVANCED_FACE('',(#15066),#15077,.T.);
#15066 = FACE_BOUND('',#15067,.T.);
#15067 = EDGE_LOOP('',(#15068,#15069,#15070,#15076));
#15068 = ORIENTED_EDGE('',*,*,#15054,.T.);
#15069 = ORIENTED_EDGE('',*,*,#7773,.T.);
#15070 = ORIENTED_EDGE('',*,*,#15071,.F.);
#15071 = EDGE_CURVE('',#2621,#7766,#15072,.T.);
#15072 = LINE('',#15073,#15074);
#15073 = CARTESIAN_POINT('',(130.365524,-95.749984,0.));
#15074 = VECTOR('',#15075,1.);
#15075 = DIRECTION('',(0.,0.,1.));
#15076 = ORIENTED_EDGE('',*,*,#2628,.F.);
#15077 = PLANE('',#15078);
#15078 = AXIS2_PLACEMENT_3D('',#15079,#15080,#15081);
#15079 = CARTESIAN_POINT('',(130.336985,-95.814938,0.));
#15080 = DIRECTION('',(-0.915526689869,0.402257231305,0.));
#15081 = DIRECTION('',(0.402257231305,0.915526689869,0.));
#15082 = ADVANCED_FACE('',(#15083),#15094,.T.);
#15083 = FACE_BOUND('',#15084,.T.);
#15084 = EDGE_LOOP('',(#15085,#15086,#15087,#15093));
#15085 = ORIENTED_EDGE('',*,*,#15071,.T.);
#15086 = ORIENTED_EDGE('',*,*,#7765,.T.);
#15087 = ORIENTED_EDGE('',*,*,#15088,.F.);
#15088 = EDGE_CURVE('',#2613,#7758,#15089,.T.);
#15089 = LINE('',#15090,#15091);
#15090 = CARTESIAN_POINT('',(129.634212,-95.16636,0.));
#15091 = VECTOR('',#15092,1.);
#15092 = DIRECTION('',(0.,0.,1.));
#15093 = ORIENTED_EDGE('',*,*,#2620,.F.);
#15094 = PLANE('',#15095);
#15095 = AXIS2_PLACEMENT_3D('',#15096,#15097,#15098);
#15096 = CARTESIAN_POINT('',(130.365524,-95.749984,0.));
#15097 = DIRECTION('',(-0.623765549005,-0.781611501882,0.));
#15098 = DIRECTION('',(-0.781611501882,0.623765549005,0.));
#15099 = ADVANCED_FACE('',(#15100),#15111,.T.);
#15100 = FACE_BOUND('',#15101,.T.);
#15101 = EDGE_LOOP('',(#15102,#15103,#15104,#15110));
#15102 = ORIENTED_EDGE('',*,*,#15088,.T.);
#15103 = ORIENTED_EDGE('',*,*,#7757,.T.);
#15104 = ORIENTED_EDGE('',*,*,#15105,.F.);
#15105 = EDGE_CURVE('',#2605,#7750,#15106,.T.);
#15106 = LINE('',#15107,#15108);
#15107 = CARTESIAN_POINT('',(129.576011,-95.19801,0.));
#15108 = VECTOR('',#15109,1.);
#15109 = DIRECTION('',(0.,0.,1.));
#15110 = ORIENTED_EDGE('',*,*,#2612,.F.);
#15111 = PLANE('',#15112);
#15112 = AXIS2_PLACEMENT_3D('',#15113,#15114,#15115);
#15113 = CARTESIAN_POINT('',(129.634212,-95.16636,0.));
#15114 = DIRECTION('',(0.47773495646,-0.878504018987,0.));
#15115 = DIRECTION('',(-0.878504018987,-0.47773495646,0.));
#15116 = ADVANCED_FACE('',(#15117),#15128,.T.);
#15117 = FACE_BOUND('',#15118,.T.);
#15118 = EDGE_LOOP('',(#15119,#15120,#15121,#15127));
#15119 = ORIENTED_EDGE('',*,*,#15105,.T.);
#15120 = ORIENTED_EDGE('',*,*,#7749,.T.);
#15121 = ORIENTED_EDGE('',*,*,#15122,.F.);
#15122 = EDGE_CURVE('',#2597,#7742,#15123,.T.);
#15123 = LINE('',#15124,#15125);
#15124 = CARTESIAN_POINT('',(129.381954,-95.234659,0.));
#15125 = VECTOR('',#15126,1.);
#15126 = DIRECTION('',(0.,0.,1.));
#15127 = ORIENTED_EDGE('',*,*,#2604,.F.);
#15128 = PLANE('',#15129);
#15129 = AXIS2_PLACEMENT_3D('',#15130,#15131,#15132);
#15130 = CARTESIAN_POINT('',(129.576011,-95.19801,0.));
#15131 = DIRECTION('',(0.185576407469,-0.982629837218,0.));
#15132 = DIRECTION('',(-0.982629837218,-0.185576407469,0.));
#15133 = ADVANCED_FACE('',(#15134),#15145,.T.);
#15134 = FACE_BOUND('',#15135,.T.);
#15135 = EDGE_LOOP('',(#15136,#15137,#15138,#15144));
#15136 = ORIENTED_EDGE('',*,*,#15122,.T.);
#15137 = ORIENTED_EDGE('',*,*,#7741,.T.);
#15138 = ORIENTED_EDGE('',*,*,#15139,.F.);
#15139 = EDGE_CURVE('',#2589,#7734,#15140,.T.);
#15140 = LINE('',#15141,#15142);
#15141 = CARTESIAN_POINT('',(127.793049,-95.234659,0.));
#15142 = VECTOR('',#15143,1.);
#15143 = DIRECTION('',(0.,0.,1.));
#15144 = ORIENTED_EDGE('',*,*,#2596,.F.);
#15145 = PLANE('',#15146);
#15146 = AXIS2_PLACEMENT_3D('',#15147,#15148,#15149);
#15147 = CARTESIAN_POINT('',(129.381954,-95.234659,0.));
#15148 = DIRECTION('',(0.,-1.,0.));
#15149 = DIRECTION('',(-1.,0.,0.));
#15150 = ADVANCED_FACE('',(#15151),#15162,.T.);
#15151 = FACE_BOUND('',#15152,.T.);
#15152 = EDGE_LOOP('',(#15153,#15154,#15155,#15161));
#15153 = ORIENTED_EDGE('',*,*,#15139,.T.);
#15154 = ORIENTED_EDGE('',*,*,#7733,.T.);
#15155 = ORIENTED_EDGE('',*,*,#15156,.F.);
#15156 = EDGE_CURVE('',#2581,#7726,#15157,.T.);
#15157 = LINE('',#15158,#15159);
#15158 = CARTESIAN_POINT('',(127.54079,-95.166359,0.));
#15159 = VECTOR('',#15160,1.);
#15160 = DIRECTION('',(0.,0.,1.));
#15161 = ORIENTED_EDGE('',*,*,#2588,.F.);
#15162 = PLANE('',#15163);
#15163 = AXIS2_PLACEMENT_3D('',#15164,#15165,#15166);
#15164 = CARTESIAN_POINT('',(127.793049,-95.234659,0.));
#15165 = DIRECTION('',(-0.261343656749,-0.965245820026,0.));
#15166 = DIRECTION('',(-0.965245820026,0.261343656749,0.));
#15167 = ADVANCED_FACE('',(#15168),#15174,.T.);
#15168 = FACE_BOUND('',#15169,.T.);
#15169 = EDGE_LOOP('',(#15170,#15171,#15172,#15173));
#15170 = ORIENTED_EDGE('',*,*,#15156,.T.);
#15171 = ORIENTED_EDGE('',*,*,#7725,.T.);
#15172 = ORIENTED_EDGE('',*,*,#14775,.F.);
#15173 = ORIENTED_EDGE('',*,*,#2580,.F.);
#15174 = PLANE('',#15175);
#15175 = AXIS2_PLACEMENT_3D('',#15176,#15177,#15178);
#15176 = CARTESIAN_POINT('',(127.54079,-95.166359,0.));
#15177 = DIRECTION('',(-0.474332587922,-0.880345725289,0.));
#15178 = DIRECTION('',(-0.880345725289,0.474332587922,0.));
#15179 = ADVANCED_FACE('',(#15180),#15196,.F.);
#15180 = FACE_BOUND('',#15181,.T.);
#15181 = EDGE_LOOP('',(#15182,#15188,#15189,#15195));
#15182 = ORIENTED_EDGE('',*,*,#15183,.T.);
#15183 = EDGE_CURVE('',#7910,#2765,#15184,.T.);
#15184 = LINE('',#15185,#15186);
#15185 = CARTESIAN_POINT('',(122.78373086269,-91.62928906689,-4.6E-02));
#15186 = VECTOR('',#15187,1.);
#15187 = DIRECTION('',(-0.,-0.,-1.));
#15188 = ORIENTED_EDGE('',*,*,#2764,.T.);
#15189 = ORIENTED_EDGE('',*,*,#15190,.F.);
#15190 = EDGE_CURVE('',#7912,#2767,#15191,.T.);
#15191 = LINE('',#15192,#15193);
#15192 = CARTESIAN_POINT('',(124.1407601267,-92.6419934849,-4.6E-02));
#15193 = VECTOR('',#15194,1.);
#15194 = DIRECTION('',(-0.,-0.,-1.));
#15195 = ORIENTED_EDGE('',*,*,#7909,.F.);
#15196 = CYLINDRICAL_SURFACE('',#15197,0.85);
#15197 = AXIS2_PLACEMENT_3D('',#15198,#15199,#15200);
#15198 = CARTESIAN_POINT('',(123.5075,-92.075,-4.6E-02));
#15199 = DIRECTION('',(-0.,-0.,-1.));
#15200 = DIRECTION('',(-0.,-1.,0.));
#15201 = ADVANCED_FACE('',(#15202),#15218,.F.);
#15202 = FACE_BOUND('',#15203,.T.);
#15203 = EDGE_LOOP('',(#15204,#15210,#15211,#15217));
#15204 = ORIENTED_EDGE('',*,*,#15205,.T.);
#15205 = EDGE_CURVE('',#7939,#2794,#15206,.T.);
#15206 = LINE('',#15207,#15208);
#15207 = CARTESIAN_POINT('',(126.69545289733,-91.4268042261,-4.6E-02));
#15208 = VECTOR('',#15209,1.);
#15209 = DIRECTION('',(-0.,-0.,-1.));
#15210 = ORIENTED_EDGE('',*,*,#2793,.T.);
#15211 = ORIENTED_EDGE('',*,*,#15212,.F.);
#15212 = EDGE_CURVE('',#7941,#2796,#15213,.T.);
#15213 = LINE('',#15214,#15215);
#15214 = CARTESIAN_POINT('',(129.79893514031,-93.66635945053,-4.6E-02));
#15215 = VECTOR('',#15216,1.);
#15216 = DIRECTION('',(-0.,-0.,-1.));
#15217 = ORIENTED_EDGE('',*,*,#7938,.F.);
#15218 = CYLINDRICAL_SURFACE('',#15219,2.);
#15219 = AXIS2_PLACEMENT_3D('',#15220,#15221,#15222);
#15220 = CARTESIAN_POINT('',(128.5875,-92.075,-4.6E-02));
#15221 = DIRECTION('',(-0.,-0.,-1.));
#15222 = DIRECTION('',(-0.,-1.,0.));
#15223 = ADVANCED_FACE('',(#15224),#15240,.F.);
#15224 = FACE_BOUND('',#15225,.T.);
#15225 = EDGE_LOOP('',(#15226,#15232,#15233,#15239));
#15226 = ORIENTED_EDGE('',*,*,#15227,.T.);
#15227 = EDGE_CURVE('',#7968,#2823,#15228,.T.);
#15228 = LINE('',#15229,#15230);
#15229 = CARTESIAN_POINT('',(132.92349598904,-91.66395495176,-4.6E-02));
#15230 = VECTOR('',#15231,1.);
#15231 = DIRECTION('',(-0.,-0.,-1.));
#15232 = ORIENTED_EDGE('',*,*,#2822,.T.);
#15233 = ORIENTED_EDGE('',*,*,#15234,.F.);
#15234 = EDGE_CURVE('',#7970,#2825,#15235,.T.);
#15235 = LINE('',#15236,#15237);
#15236 = CARTESIAN_POINT('',(134.31614594417,-92.62432544006,-4.6E-02));
#15237 = VECTOR('',#15238,1.);
#15238 = DIRECTION('',(-0.,-0.,-1.));
#15239 = ORIENTED_EDGE('',*,*,#7967,.F.);
#15240 = CYLINDRICAL_SURFACE('',#15241,0.85);
#15241 = AXIS2_PLACEMENT_3D('',#15242,#15243,#15244);
#15242 = CARTESIAN_POINT('',(133.6675,-92.075,-4.6E-02));
#15243 = DIRECTION('',(-0.,-0.,-1.));
#15244 = DIRECTION('',(-3.343730521224E-14,-1.,0.));
#15245 = ADVANCED_FACE('',(#15246),#15257,.F.);
#15246 = FACE_BOUND('',#15247,.T.);
#15247 = EDGE_LOOP('',(#15248,#15249,#15255,#15256));
#15248 = ORIENTED_EDGE('',*,*,#2851,.T.);
#15249 = ORIENTED_EDGE('',*,*,#15250,.T.);
#15250 = EDGE_CURVE('',#2852,#7997,#15251,.T.);
#15251 = LINE('',#15252,#15253);
#15252 = CARTESIAN_POINT('',(136.525,-96.285,-4.6E-02));
#15253 = VECTOR('',#15254,1.);
#15254 = DIRECTION('',(0.,0.,1.));
#15255 = ORIENTED_EDGE('',*,*,#7996,.F.);
#15256 = ORIENTED_EDGE('',*,*,#15250,.F.);
#15257 = CYLINDRICAL_SURFACE('',#15258,0.4);
#15258 = AXIS2_PLACEMENT_3D('',#15259,#15260,#15261);
#15259 = CARTESIAN_POINT('',(136.525,-95.885,-4.6E-02));
#15260 = DIRECTION('',(-0.,-0.,-1.));
#15261 = DIRECTION('',(-0.,-1.,0.));
#15262 = ADVANCED_FACE('',(#15263),#15279,.F.);
#15263 = FACE_BOUND('',#15264,.T.);
#15264 = EDGE_LOOP('',(#15265,#15271,#15272,#15278));
#15265 = ORIENTED_EDGE('',*,*,#15266,.T.);
#15266 = EDGE_CURVE('',#8008,#2863,#15267,.T.);
#15267 = LINE('',#15268,#15269);
#15268 = CARTESIAN_POINT('',(124.02822367765,-89.50206077149,-4.6E-02));
#15269 = VECTOR('',#15270,1.);
#15270 = DIRECTION('',(-0.,-0.,-1.));
#15271 = ORIENTED_EDGE('',*,*,#2862,.T.);
#15272 = ORIENTED_EDGE('',*,*,#15273,.F.);
#15273 = EDGE_CURVE('',#8010,#2865,#15274,.T.);
#15274 = LINE('',#15275,#15276);
#15275 = CARTESIAN_POINT('',(125.04489142567,-90.23571522423,-4.6E-02));
#15276 = VECTOR('',#15277,1.);
#15277 = DIRECTION('',(-0.,-0.,-1.));
#15278 = ORIENTED_EDGE('',*,*,#8007,.F.);
#15279 = CYLINDRICAL_SURFACE('',#15280,0.75);
#15280 = AXIS2_PLACEMENT_3D('',#15281,#15282,#15283);
#15281 = CARTESIAN_POINT('',(124.7775,-89.535,-4.6E-02));
#15282 = DIRECTION('',(-0.,-0.,-1.));
#15283 = DIRECTION('',(-0.,-1.,0.));
#15284 = ADVANCED_FACE('',(#15285),#15296,.F.);
#15285 = FACE_BOUND('',#15286,.T.);
#15286 = EDGE_LOOP('',(#15287,#15288,#15294,#15295));
#15287 = ORIENTED_EDGE('',*,*,#2891,.T.);
#15288 = ORIENTED_EDGE('',*,*,#15289,.T.);
#15289 = EDGE_CURVE('',#2892,#8037,#15290,.T.);
#15290 = LINE('',#15291,#15292);
#15291 = CARTESIAN_POINT('',(131.1275,-87.745,-4.6E-02));
#15292 = VECTOR('',#15293,1.);
#15293 = DIRECTION('',(0.,0.,1.));
#15294 = ORIENTED_EDGE('',*,*,#8036,.F.);
#15295 = ORIENTED_EDGE('',*,*,#15289,.F.);
#15296 = CYLINDRICAL_SURFACE('',#15297,0.75);
#15297 = AXIS2_PLACEMENT_3D('',#15298,#15299,#15300);
#15298 = CARTESIAN_POINT('',(131.1275,-86.995,-4.6E-02));
#15299 = DIRECTION('',(-0.,-0.,-1.));
#15300 = DIRECTION('',(-0.,-1.,0.));
#15301 = ADVANCED_FACE('',(#15302),#15318,.F.);
#15302 = FACE_BOUND('',#15303,.T.);
#15303 = EDGE_LOOP('',(#15304,#15310,#15311,#15317));
#15304 = ORIENTED_EDGE('',*,*,#15305,.T.);
#15305 = EDGE_CURVE('',#8048,#2903,#15306,.T.);
#15306 = LINE('',#15307,#15308);
#15307 = CARTESIAN_POINT('',(136.14562803387,-88.39179476062,-4.6E-02));
#15308 = VECTOR('',#15309,1.);
#15309 = DIRECTION('',(-0.,-0.,-1.));
#15310 = ORIENTED_EDGE('',*,*,#2902,.T.);
#15311 = ORIENTED_EDGE('',*,*,#15312,.F.);
#15312 = EDGE_CURVE('',#8050,#2905,#15313,.T.);
#15313 = LINE('',#15314,#15315);
#15314 = CARTESIAN_POINT('',(136.56356307675,-88.66313677186,-4.6E-02));
#15315 = VECTOR('',#15316,1.);
#15316 = DIRECTION('',(-0.,-0.,-1.));
#15317 = ORIENTED_EDGE('',*,*,#8047,.F.);
#15318 = CYLINDRICAL_SURFACE('',#15319,0.4);
#15319 = AXIS2_PLACEMENT_3D('',#15320,#15321,#15322);
#15320 = CARTESIAN_POINT('',(136.525,-88.265,-4.6E-02));
#15321 = DIRECTION('',(-0.,-0.,-1.));
#15322 = DIRECTION('',(-0.,-1.,0.));
#15323 = ADVANCED_FACE('',(#15324),#15340,.T.);
#15324 = FACE_BOUND('',#15325,.T.);
#15325 = EDGE_LOOP('',(#15326,#15332,#15333,#15339));
#15326 = ORIENTED_EDGE('',*,*,#15327,.T.);
#15327 = EDGE_CURVE('',#2932,#8077,#15328,.T.);
#15328 = LINE('',#15329,#15330);
#15329 = CARTESIAN_POINT('',(146.52832,-95.1327,0.));
#15330 = VECTOR('',#15331,1.);
#15331 = DIRECTION('',(0.,0.,1.));
#15332 = ORIENTED_EDGE('',*,*,#8076,.T.);
#15333 = ORIENTED_EDGE('',*,*,#15334,.F.);
#15334 = EDGE_CURVE('',#2934,#8079,#15335,.T.);
#15335 = LINE('',#15336,#15337);
#15336 = CARTESIAN_POINT('',(145.888017,-95.814938,0.));
#15337 = VECTOR('',#15338,1.);
#15338 = DIRECTION('',(0.,0.,1.));
#15339 = ORIENTED_EDGE('',*,*,#2931,.F.);
#15340 = PLANE('',#15341);
#15341 = AXIS2_PLACEMENT_3D('',#15342,#15343,#15344);
#15342 = CARTESIAN_POINT('',(146.52832,-95.1327,0.));
#15343 = DIRECTION('',(0.729161199504,-0.68434197967,0.));
#15344 = DIRECTION('',(-0.68434197967,-0.729161199504,0.));
#15345 = ADVANCED_FACE('',(#15346),#15357,.T.);
#15346 = FACE_BOUND('',#15347,.T.);
#15347 = EDGE_LOOP('',(#15348,#15349,#15350,#15356));
#15348 = ORIENTED_EDGE('',*,*,#15334,.T.);
#15349 = ORIENTED_EDGE('',*,*,#8262,.T.);
#15350 = ORIENTED_EDGE('',*,*,#15351,.F.);
#15351 = EDGE_CURVE('',#3110,#8255,#15352,.T.);
#15352 = LINE('',#15353,#15354);
#15353 = CARTESIAN_POINT('',(145.910953,-95.866205,0.));
#15354 = VECTOR('',#15355,1.);
#15355 = DIRECTION('',(0.,0.,1.));
#15356 = ORIENTED_EDGE('',*,*,#3117,.F.);
#15357 = PLANE('',#15358);
#15358 = AXIS2_PLACEMENT_3D('',#15359,#15360,#15361);
#15359 = CARTESIAN_POINT('',(145.888017,-95.814938,0.));
#15360 = DIRECTION('',(0.912813186674,0.408377382128,-0.));
#15361 = DIRECTION('',(0.408377382128,-0.912813186674,0.));
#15362 = ADVANCED_FACE('',(#15363),#15374,.T.);
#15363 = FACE_BOUND('',#15364,.T.);
#15364 = EDGE_LOOP('',(#15365,#15366,#15367,#15373));
#15365 = ORIENTED_EDGE('',*,*,#15351,.T.);
#15366 = ORIENTED_EDGE('',*,*,#8254,.T.);
#15367 = ORIENTED_EDGE('',*,*,#15368,.F.);
#15368 = EDGE_CURVE('',#3102,#8247,#15369,.T.);
#15369 = LINE('',#15370,#15371);
#15370 = CARTESIAN_POINT('',(145.937502,-96.031816,0.));
#15371 = VECTOR('',#15372,1.);
#15372 = DIRECTION('',(0.,0.,1.));
#15373 = ORIENTED_EDGE('',*,*,#3109,.F.);
#15374 = PLANE('',#15375);
#15375 = AXIS2_PLACEMENT_3D('',#15376,#15377,#15378);
#15376 = CARTESIAN_POINT('',(145.910953,-95.866205,0.));
#15377 = DIRECTION('',(0.98739292722,0.158288367468,-0.));
#15378 = DIRECTION('',(0.158288367468,-0.98739292722,0.));
#15379 = ADVANCED_FACE('',(#15380),#15391,.T.);
#15380 = FACE_BOUND('',#15381,.T.);
#15381 = EDGE_LOOP('',(#15382,#15383,#15384,#15390));
#15382 = ORIENTED_EDGE('',*,*,#15368,.T.);
#15383 = ORIENTED_EDGE('',*,*,#8246,.T.);
#15384 = ORIENTED_EDGE('',*,*,#15385,.F.);
#15385 = EDGE_CURVE('',#3094,#8239,#15386,.T.);
#15386 = LINE('',#15387,#15388);
#15387 = CARTESIAN_POINT('',(145.937502,-97.4375,0.));
#15388 = VECTOR('',#15389,1.);
#15389 = DIRECTION('',(0.,0.,1.));
#15390 = ORIENTED_EDGE('',*,*,#3101,.F.);
#15391 = PLANE('',#15392);
#15392 = AXIS2_PLACEMENT_3D('',#15393,#15394,#15395);
#15393 = CARTESIAN_POINT('',(145.937502,-96.031816,0.));
#15394 = DIRECTION('',(1.,0.,-0.));
#15395 = DIRECTION('',(0.,-1.,0.));
#15396 = ADVANCED_FACE('',(#15397),#15408,.T.);
#15397 = FACE_BOUND('',#15398,.T.);
#15398 = EDGE_LOOP('',(#15399,#15400,#15401,#15407));
#15399 = ORIENTED_EDGE('',*,*,#15385,.T.);
#15400 = ORIENTED_EDGE('',*,*,#8238,.T.);
#15401 = ORIENTED_EDGE('',*,*,#15402,.F.);
#15402 = EDGE_CURVE('',#3086,#8231,#15403,.T.);
#15403 = LINE('',#15404,#15405);
#15404 = CARTESIAN_POINT('',(145.888017,-97.654378,0.));
#15405 = VECTOR('',#15406,1.);
#15406 = DIRECTION('',(0.,0.,1.));
#15407 = ORIENTED_EDGE('',*,*,#3093,.F.);
#15408 = PLANE('',#15409);
#15409 = AXIS2_PLACEMENT_3D('',#15410,#15411,#15412);
#15410 = CARTESIAN_POINT('',(145.937502,-97.4375,0.));
#15411 = DIRECTION('',(0.974943502008,-0.222452619431,0.));
#15412 = DIRECTION('',(-0.222452619431,-0.974943502008,0.));
#15413 = ADVANCED_FACE('',(#15414),#15425,.T.);
#15414 = FACE_BOUND('',#15415,.T.);
#15415 = EDGE_LOOP('',(#15416,#15417,#15418,#15424));
#15416 = ORIENTED_EDGE('',*,*,#15402,.T.);
#15417 = ORIENTED_EDGE('',*,*,#8230,.T.);
#15418 = ORIENTED_EDGE('',*,*,#15419,.F.);
#15419 = EDGE_CURVE('',#3078,#8223,#15420,.T.);
#15420 = LINE('',#15421,#15422);
#15421 = CARTESIAN_POINT('',(145.859464,-97.719339,0.));
#15422 = VECTOR('',#15423,1.);
#15423 = DIRECTION('',(0.,0.,1.));
#15424 = ORIENTED_EDGE('',*,*,#3085,.F.);
#15425 = PLANE('',#15426);
#15426 = AXIS2_PLACEMENT_3D('',#15427,#15428,#15429);
#15427 = CARTESIAN_POINT('',(145.888017,-97.654378,0.));
#15428 = DIRECTION('',(0.915469983318,-0.402386269203,0.));
#15429 = DIRECTION('',(-0.402386269203,-0.915469983318,0.));
#15430 = ADVANCED_FACE('',(#15431),#15442,.T.);
#15431 = FACE_BOUND('',#15432,.T.);
#15432 = EDGE_LOOP('',(#15433,#15434,#15435,#15441));
#15433 = ORIENTED_EDGE('',*,*,#15419,.T.);
#15434 = ORIENTED_EDGE('',*,*,#8222,.T.);
#15435 = ORIENTED_EDGE('',*,*,#15436,.F.);
#15436 = EDGE_CURVE('',#3070,#8215,#15437,.T.);
#15437 = LINE('',#15438,#15439);
#15438 = CARTESIAN_POINT('',(146.59079,-98.302955,0.));
#15439 = VECTOR('',#15440,1.);
#15440 = DIRECTION('',(0.,0.,1.));
#15441 = ORIENTED_EDGE('',*,*,#3077,.F.);
#15442 = PLANE('',#15443);
#15443 = AXIS2_PLACEMENT_3D('',#15444,#15445,#15446);
#15444 = CARTESIAN_POINT('',(145.859464,-97.719339,0.));
#15445 = DIRECTION('',(0.623753030467,0.781621492145,-0.));
#15446 = DIRECTION('',(0.781621492145,-0.623753030467,0.));
#15447 = ADVANCED_FACE('',(#15448),#15459,.T.);
#15448 = FACE_BOUND('',#15449,.T.);
#15449 = EDGE_LOOP('',(#15450,#15451,#15452,#15458));
#15450 = ORIENTED_EDGE('',*,*,#15436,.T.);
#15451 = ORIENTED_EDGE('',*,*,#8214,.T.);
#15452 = ORIENTED_EDGE('',*,*,#15453,.F.);
#15453 = EDGE_CURVE('',#3062,#8207,#15454,.T.);
#15454 = LINE('',#15455,#15456);
#15455 = CARTESIAN_POINT('',(146.64899,-98.271298,0.));
#15456 = VECTOR('',#15457,1.);
#15457 = DIRECTION('',(0.,0.,1.));
#15458 = ORIENTED_EDGE('',*,*,#3069,.F.);
#15459 = PLANE('',#15460);
#15460 = AXIS2_PLACEMENT_3D('',#15461,#15462,#15463);
#15461 = CARTESIAN_POINT('',(146.59079,-98.302955,0.));
#15462 = DIRECTION('',(-0.477822831046,0.878456226645,0.));
#15463 = DIRECTION('',(0.878456226645,0.477822831046,0.));
#15464 = ADVANCED_FACE('',(#15465),#15476,.T.);
#15465 = FACE_BOUND('',#15466,.T.);
#15466 = EDGE_LOOP('',(#15467,#15468,#15469,#15475));
#15467 = ORIENTED_EDGE('',*,*,#15453,.T.);
#15468 = ORIENTED_EDGE('',*,*,#8206,.T.);
#15469 = ORIENTED_EDGE('',*,*,#15470,.F.);
#15470 = EDGE_CURVE('',#3054,#8199,#15471,.T.);
#15471 = LINE('',#15472,#15473);
#15472 = CARTESIAN_POINT('',(146.843049,-98.234658,0.));
#15473 = VECTOR('',#15474,1.);
#15474 = DIRECTION('',(0.,0.,1.));
#15475 = ORIENTED_EDGE('',*,*,#3061,.F.);
#15476 = PLANE('',#15477);
#15477 = AXIS2_PLACEMENT_3D('',#15478,#15479,#15480);
#15478 = CARTESIAN_POINT('',(146.64899,-98.271298,0.));
#15479 = DIRECTION('',(-0.18553055753,0.982638495187,0.));
#15480 = DIRECTION('',(0.982638495187,0.18553055753,0.));
#15481 = ADVANCED_FACE('',(#15482),#15493,.T.);
#15482 = FACE_BOUND('',#15483,.T.);
#15483 = EDGE_LOOP('',(#15484,#15485,#15486,#15492));
#15484 = ORIENTED_EDGE('',*,*,#15470,.T.);
#15485 = ORIENTED_EDGE('',*,*,#8198,.T.);
#15486 = ORIENTED_EDGE('',*,*,#15487,.F.);
#15487 = EDGE_CURVE('',#3046,#8191,#15488,.T.);
#15488 = LINE('',#15489,#15490);
#15489 = CARTESIAN_POINT('',(148.431953,-98.234658,0.));
#15490 = VECTOR('',#15491,1.);
#15491 = DIRECTION('',(0.,0.,1.));
#15492 = ORIENTED_EDGE('',*,*,#3053,.F.);
#15493 = PLANE('',#15494);
#15494 = AXIS2_PLACEMENT_3D('',#15495,#15496,#15497);
#15495 = CARTESIAN_POINT('',(146.843049,-98.234658,0.));
#15496 = DIRECTION('',(0.,1.,0.));
#15497 = DIRECTION('',(1.,0.,0.));
#15498 = ADVANCED_FACE('',(#15499),#15510,.T.);
#15499 = FACE_BOUND('',#15500,.T.);
#15500 = EDGE_LOOP('',(#15501,#15502,#15503,#15509));
#15501 = ORIENTED_EDGE('',*,*,#15487,.T.);
#15502 = ORIENTED_EDGE('',*,*,#8190,.T.);
#15503 = ORIENTED_EDGE('',*,*,#15504,.F.);
#15504 = EDGE_CURVE('',#3038,#8183,#15505,.T.);
#15505 = LINE('',#15506,#15507);
#15506 = CARTESIAN_POINT('',(148.684212,-98.302957,0.));
#15507 = VECTOR('',#15508,1.);
#15508 = DIRECTION('',(0.,0.,1.));
#15509 = ORIENTED_EDGE('',*,*,#3045,.F.);
#15510 = PLANE('',#15511);
#15511 = AXIS2_PLACEMENT_3D('',#15512,#15513,#15514);
#15512 = CARTESIAN_POINT('',(148.431953,-98.234658,0.));
#15513 = DIRECTION('',(0.261340091681,0.965246785273,-0.));
#15514 = DIRECTION('',(0.965246785273,-0.261340091681,0.));
#15515 = ADVANCED_FACE('',(#15516),#15527,.T.);
#15516 = FACE_BOUND('',#15517,.T.);
#15517 = EDGE_LOOP('',(#15518,#15519,#15520,#15526));
#15518 = ORIENTED_EDGE('',*,*,#15504,.T.);
#15519 = ORIENTED_EDGE('',*,*,#8182,.T.);
#15520 = ORIENTED_EDGE('',*,*,#15521,.F.);
#15521 = EDGE_CURVE('',#3030,#8175,#15522,.T.);
#15522 = LINE('',#15523,#15524);
#15523 = CARTESIAN_POINT('',(148.746676,-98.336618,0.));
#15524 = VECTOR('',#15525,1.);
#15525 = DIRECTION('',(0.,0.,1.));
#15526 = ORIENTED_EDGE('',*,*,#3037,.F.);
#15527 = PLANE('',#15528);
#15528 = AXIS2_PLACEMENT_3D('',#15529,#15530,#15531);
#15529 = CARTESIAN_POINT('',(148.684212,-98.302957,0.));
#15530 = DIRECTION('',(0.474389741397,0.880314928453,-0.));
#15531 = DIRECTION('',(0.880314928453,-0.474389741397,0.));
#15532 = ADVANCED_FACE('',(#15533),#15544,.T.);
#15533 = FACE_BOUND('',#15534,.T.);
#15534 = EDGE_LOOP('',(#15535,#15536,#15537,#15543));
#15535 = ORIENTED_EDGE('',*,*,#15521,.T.);
#15536 = ORIENTED_EDGE('',*,*,#8174,.T.);
#15537 = ORIENTED_EDGE('',*,*,#15538,.F.);
#15538 = EDGE_CURVE('',#3022,#8167,#15539,.T.);
#15539 = LINE('',#15540,#15541);
#15540 = CARTESIAN_POINT('',(149.386985,-97.654377,0.));
#15541 = VECTOR('',#15542,1.);
#15542 = DIRECTION('',(0.,0.,1.));
#15543 = ORIENTED_EDGE('',*,*,#3029,.F.);
#15544 = PLANE('',#15545);
#15545 = AXIS2_PLACEMENT_3D('',#15546,#15547,#15548);
#15546 = CARTESIAN_POINT('',(148.746676,-98.336618,0.));
#15547 = DIRECTION('',(-0.729159501222,0.684343789171,0.));
#15548 = DIRECTION('',(0.684343789171,0.729159501222,0.));
#15549 = ADVANCED_FACE('',(#15550),#15561,.T.);
#15550 = FACE_BOUND('',#15551,.T.);
#15551 = EDGE_LOOP('',(#15552,#15553,#15554,#15560));
#15552 = ORIENTED_EDGE('',*,*,#15538,.T.);
#15553 = ORIENTED_EDGE('',*,*,#8166,.T.);
#15554 = ORIENTED_EDGE('',*,*,#15555,.F.);
#15555 = EDGE_CURVE('',#3014,#8159,#15556,.T.);
#15556 = LINE('',#15557,#15558);
#15557 = CARTESIAN_POINT('',(149.364048,-97.603111,0.));
#15558 = VECTOR('',#15559,1.);
#15559 = DIRECTION('',(0.,0.,1.));
#15560 = ORIENTED_EDGE('',*,*,#3021,.F.);
#15561 = PLANE('',#15562);
#15562 = AXIS2_PLACEMENT_3D('',#15563,#15564,#15565);
#15563 = CARTESIAN_POINT('',(149.386985,-97.654377,0.));
#15564 = DIRECTION('',(-0.912803579703,-0.408398855141,0.));
#15565 = DIRECTION('',(-0.408398855141,0.912803579703,0.));
#15566 = ADVANCED_FACE('',(#15567),#15578,.T.);
#15567 = FACE_BOUND('',#15568,.T.);
#15568 = EDGE_LOOP('',(#15569,#15570,#15571,#15577));
#15569 = ORIENTED_EDGE('',*,*,#15555,.T.);
#15570 = ORIENTED_EDGE('',*,*,#8158,.T.);
#15571 = ORIENTED_EDGE('',*,*,#15572,.F.);
#15572 = EDGE_CURVE('',#3006,#8151,#15573,.T.);
#15573 = LINE('',#15574,#15575);
#15574 = CARTESIAN_POINT('',(149.3375,-97.4375,0.));
#15575 = VECTOR('',#15576,1.);
#15576 = DIRECTION('',(0.,0.,1.));
#15577 = ORIENTED_EDGE('',*,*,#3013,.F.);
#15578 = PLANE('',#15579);
#15579 = AXIS2_PLACEMENT_3D('',#15580,#15581,#15582);
#15580 = CARTESIAN_POINT('',(149.364048,-97.603111,0.));
#15581 = DIRECTION('',(-0.987393859041,-0.15828255472,0.));
#15582 = DIRECTION('',(-0.15828255472,0.987393859041,0.));
#15583 = ADVANCED_FACE('',(#15584),#15595,.T.);
#15584 = FACE_BOUND('',#15585,.T.);
#15585 = EDGE_LOOP('',(#15586,#15587,#15588,#15594));
#15586 = ORIENTED_EDGE('',*,*,#15572,.T.);
#15587 = ORIENTED_EDGE('',*,*,#8150,.T.);
#15588 = ORIENTED_EDGE('',*,*,#15589,.F.);
#15589 = EDGE_CURVE('',#2998,#8143,#15590,.T.);
#15590 = LINE('',#15591,#15592);
#15591 = CARTESIAN_POINT('',(149.3375,-96.031816,0.));
#15592 = VECTOR('',#15593,1.);
#15593 = DIRECTION('',(0.,0.,1.));
#15594 = ORIENTED_EDGE('',*,*,#3005,.F.);
#15595 = PLANE('',#15596);
#15596 = AXIS2_PLACEMENT_3D('',#15597,#15598,#15599);
#15597 = CARTESIAN_POINT('',(149.3375,-97.4375,0.));
#15598 = DIRECTION('',(-1.,0.,0.));
#15599 = DIRECTION('',(0.,1.,0.));
#15600 = ADVANCED_FACE('',(#15601),#15612,.T.);
#15601 = FACE_BOUND('',#15602,.T.);
#15602 = EDGE_LOOP('',(#15603,#15604,#15605,#15611));
#15603 = ORIENTED_EDGE('',*,*,#15589,.T.);
#15604 = ORIENTED_EDGE('',*,*,#8142,.T.);
#15605 = ORIENTED_EDGE('',*,*,#15606,.F.);
#15606 = EDGE_CURVE('',#2990,#8135,#15607,.T.);
#15607 = LINE('',#15608,#15609);
#15608 = CARTESIAN_POINT('',(149.386985,-95.814938,0.));
#15609 = VECTOR('',#15610,1.);
#15610 = DIRECTION('',(0.,0.,1.));
#15611 = ORIENTED_EDGE('',*,*,#2997,.F.);
#15612 = PLANE('',#15613);
#15613 = AXIS2_PLACEMENT_3D('',#15614,#15615,#15616);
#15614 = CARTESIAN_POINT('',(149.3375,-96.031816,0.));
#15615 = DIRECTION('',(-0.974943502008,0.222452619431,0.));
#15616 = DIRECTION('',(0.222452619431,0.974943502008,0.));
#15617 = ADVANCED_FACE('',(#15618),#15629,.T.);
#15618 = FACE_BOUND('',#15619,.T.);
#15619 = EDGE_LOOP('',(#15620,#15621,#15622,#15628));
#15620 = ORIENTED_EDGE('',*,*,#15606,.T.);
#15621 = ORIENTED_EDGE('',*,*,#8134,.T.);
#15622 = ORIENTED_EDGE('',*,*,#15623,.F.);
#15623 = EDGE_CURVE('',#2982,#8127,#15624,.T.);
#15624 = LINE('',#15625,#15626);
#15625 = CARTESIAN_POINT('',(149.415524,-95.749984,0.));
#15626 = VECTOR('',#15627,1.);
#15627 = DIRECTION('',(0.,0.,1.));
#15628 = ORIENTED_EDGE('',*,*,#2989,.F.);
#15629 = PLANE('',#15630);
#15630 = AXIS2_PLACEMENT_3D('',#15631,#15632,#15633);
#15631 = CARTESIAN_POINT('',(149.386985,-95.814938,0.));
#15632 = DIRECTION('',(-0.915526689869,0.402257231305,0.));
#15633 = DIRECTION('',(0.402257231305,0.915526689869,0.));
#15634 = ADVANCED_FACE('',(#15635),#15646,.T.);
#15635 = FACE_BOUND('',#15636,.T.);
#15636 = EDGE_LOOP('',(#15637,#15638,#15639,#15645));
#15637 = ORIENTED_EDGE('',*,*,#15623,.T.);
#15638 = ORIENTED_EDGE('',*,*,#8126,.T.);
#15639 = ORIENTED_EDGE('',*,*,#15640,.F.);
#15640 = EDGE_CURVE('',#2974,#8119,#15641,.T.);
#15641 = LINE('',#15642,#15643);
#15642 = CARTESIAN_POINT('',(148.684212,-95.16636,0.));
#15643 = VECTOR('',#15644,1.);
#15644 = DIRECTION('',(0.,0.,1.));
#15645 = ORIENTED_EDGE('',*,*,#2981,.F.);
#15646 = PLANE('',#15647);
#15647 = AXIS2_PLACEMENT_3D('',#15648,#15649,#15650);
#15648 = CARTESIAN_POINT('',(149.415524,-95.749984,0.));
#15649 = DIRECTION('',(-0.623765549005,-0.781611501882,0.));
#15650 = DIRECTION('',(-0.781611501882,0.623765549005,0.));
#15651 = ADVANCED_FACE('',(#15652),#15663,.T.);
#15652 = FACE_BOUND('',#15653,.T.);
#15653 = EDGE_LOOP('',(#15654,#15655,#15656,#15662));
#15654 = ORIENTED_EDGE('',*,*,#15640,.T.);
#15655 = ORIENTED_EDGE('',*,*,#8118,.T.);
#15656 = ORIENTED_EDGE('',*,*,#15657,.F.);
#15657 = EDGE_CURVE('',#2966,#8111,#15658,.T.);
#15658 = LINE('',#15659,#15660);
#15659 = CARTESIAN_POINT('',(148.626011,-95.19801,0.));
#15660 = VECTOR('',#15661,1.);
#15661 = DIRECTION('',(0.,0.,1.));
#15662 = ORIENTED_EDGE('',*,*,#2973,.F.);
#15663 = PLANE('',#15664);
#15664 = AXIS2_PLACEMENT_3D('',#15665,#15666,#15667);
#15665 = CARTESIAN_POINT('',(148.684212,-95.16636,0.));
#15666 = DIRECTION('',(0.47773495646,-0.878504018987,0.));
#15667 = DIRECTION('',(-0.878504018987,-0.47773495646,0.));
#15668 = ADVANCED_FACE('',(#15669),#15680,.T.);
#15669 = FACE_BOUND('',#15670,.T.);
#15670 = EDGE_LOOP('',(#15671,#15672,#15673,#15679));
#15671 = ORIENTED_EDGE('',*,*,#15657,.T.);
#15672 = ORIENTED_EDGE('',*,*,#8110,.T.);
#15673 = ORIENTED_EDGE('',*,*,#15674,.F.);
#15674 = EDGE_CURVE('',#2958,#8103,#15675,.T.);
#15675 = LINE('',#15676,#15677);
#15676 = CARTESIAN_POINT('',(148.431954,-95.234659,0.));
#15677 = VECTOR('',#15678,1.);
#15678 = DIRECTION('',(0.,0.,1.));
#15679 = ORIENTED_EDGE('',*,*,#2965,.F.);
#15680 = PLANE('',#15681);
#15681 = AXIS2_PLACEMENT_3D('',#15682,#15683,#15684);
#15682 = CARTESIAN_POINT('',(148.626011,-95.19801,0.));
#15683 = DIRECTION('',(0.185576407469,-0.982629837218,0.));
#15684 = DIRECTION('',(-0.982629837218,-0.185576407469,0.));
#15685 = ADVANCED_FACE('',(#15686),#15697,.T.);
#15686 = FACE_BOUND('',#15687,.T.);
#15687 = EDGE_LOOP('',(#15688,#15689,#15690,#15696));
#15688 = ORIENTED_EDGE('',*,*,#15674,.T.);
#15689 = ORIENTED_EDGE('',*,*,#8102,.T.);
#15690 = ORIENTED_EDGE('',*,*,#15691,.F.);
#15691 = EDGE_CURVE('',#2950,#8095,#15692,.T.);
#15692 = LINE('',#15693,#15694);
#15693 = CARTESIAN_POINT('',(146.843049,-95.234659,0.));
#15694 = VECTOR('',#15695,1.);
#15695 = DIRECTION('',(0.,0.,1.));
#15696 = ORIENTED_EDGE('',*,*,#2957,.F.);
#15697 = PLANE('',#15698);
#15698 = AXIS2_PLACEMENT_3D('',#15699,#15700,#15701);
#15699 = CARTESIAN_POINT('',(148.431954,-95.234659,0.));
#15700 = DIRECTION('',(0.,-1.,0.));
#15701 = DIRECTION('',(-1.,0.,0.));
#15702 = ADVANCED_FACE('',(#15703),#15714,.T.);
#15703 = FACE_BOUND('',#15704,.T.);
#15704 = EDGE_LOOP('',(#15705,#15706,#15707,#15713));
#15705 = ORIENTED_EDGE('',*,*,#15691,.T.);
#15706 = ORIENTED_EDGE('',*,*,#8094,.T.);
#15707 = ORIENTED_EDGE('',*,*,#15708,.F.);
#15708 = EDGE_CURVE('',#2942,#8087,#15709,.T.);
#15709 = LINE('',#15710,#15711);
#15710 = CARTESIAN_POINT('',(146.59079,-95.166359,0.));
#15711 = VECTOR('',#15712,1.);
#15712 = DIRECTION('',(0.,0.,1.));
#15713 = ORIENTED_EDGE('',*,*,#2949,.F.);
#15714 = PLANE('',#15715);
#15715 = AXIS2_PLACEMENT_3D('',#15716,#15717,#15718);
#15716 = CARTESIAN_POINT('',(146.843049,-95.234659,0.));
#15717 = DIRECTION('',(-0.261343656749,-0.965245820026,0.));
#15718 = DIRECTION('',(-0.965245820026,0.261343656749,0.));
#15719 = ADVANCED_FACE('',(#15720),#15726,.T.);
#15720 = FACE_BOUND('',#15721,.T.);
#15721 = EDGE_LOOP('',(#15722,#15723,#15724,#15725));
#15722 = ORIENTED_EDGE('',*,*,#15708,.T.);
#15723 = ORIENTED_EDGE('',*,*,#8086,.T.);
#15724 = ORIENTED_EDGE('',*,*,#15327,.F.);
#15725 = ORIENTED_EDGE('',*,*,#2941,.F.);
#15726 = PLANE('',#15727);
#15727 = AXIS2_PLACEMENT_3D('',#15728,#15729,#15730);
#15728 = CARTESIAN_POINT('',(146.59079,-95.166359,0.));
#15729 = DIRECTION('',(-0.474332587922,-0.880345725289,0.));
#15730 = DIRECTION('',(-0.880345725289,0.474332587922,0.));
#15731 = ADVANCED_FACE('',(#15732),#15748,.F.);
#15732 = FACE_BOUND('',#15733,.T.);
#15733 = EDGE_LOOP('',(#15734,#15740,#15741,#15747));
#15734 = ORIENTED_EDGE('',*,*,#15735,.T.);
#15735 = EDGE_CURVE('',#8271,#3126,#15736,.T.);
#15736 = LINE('',#15737,#15738);
#15737 = CARTESIAN_POINT('',(141.71041210121,-92.00469998769,-4.6E-02));
#15738 = VECTOR('',#15739,1.);
#15739 = DIRECTION('',(-0.,-0.,-1.));
#15740 = ORIENTED_EDGE('',*,*,#3125,.T.);
#15741 = ORIENTED_EDGE('',*,*,#15742,.F.);
#15742 = EDGE_CURVE('',#8273,#3128,#15743,.T.);
#15743 = LINE('',#15744,#15745);
#15744 = CARTESIAN_POINT('',(142.96643497344,-92.82016587918,-4.6E-02));
#15745 = VECTOR('',#15746,1.);
#15746 = DIRECTION('',(-0.,-0.,-1.));
#15747 = ORIENTED_EDGE('',*,*,#8270,.F.);
#15748 = CYLINDRICAL_SURFACE('',#15749,0.85);
#15749 = AXIS2_PLACEMENT_3D('',#15750,#15751,#15752);
#15750 = CARTESIAN_POINT('',(142.5575,-92.075,-4.6E-02));
#15751 = DIRECTION('',(-0.,-0.,-1.));
#15752 = DIRECTION('',(-0.,-1.,0.));
#15753 = ADVANCED_FACE('',(#15754),#15770,.F.);
#15754 = FACE_BOUND('',#15755,.T.);
#15755 = EDGE_LOOP('',(#15756,#15762,#15763,#15769));
#15756 = ORIENTED_EDGE('',*,*,#15757,.T.);
#15757 = EDGE_CURVE('',#8300,#3155,#15758,.T.);
#15758 = LINE('',#15759,#15760);
#15759 = CARTESIAN_POINT('',(147.65545790944,-90.07508062325,-4.6E-02));
#15760 = VECTOR('',#15761,1.);
#15761 = DIRECTION('',(-0.,-0.,-1.));
#15762 = ORIENTED_EDGE('',*,*,#3154,.T.);
#15763 = ORIENTED_EDGE('',*,*,#15764,.F.);
#15764 = EDGE_CURVE('',#8302,#3157,#15765,.T.);
#15765 = LINE('',#15766,#15767);
#15766 = CARTESIAN_POINT('',(149.4075547316,-91.14392199728,-4.6E-02));
#15767 = VECTOR('',#15768,1.);
#15768 = DIRECTION('',(-0.,-0.,-1.));
#15769 = ORIENTED_EDGE('',*,*,#8299,.F.);
#15770 = CYLINDRICAL_SURFACE('',#15771,2.);
#15771 = AXIS2_PLACEMENT_3D('',#15772,#15773,#15774);
#15772 = CARTESIAN_POINT('',(147.6375,-92.075,-4.6E-02));
#15773 = DIRECTION('',(-0.,-0.,-1.));
#15774 = DIRECTION('',(-0.,-1.,0.));
#15775 = ADVANCED_FACE('',(#15776),#15787,.F.);
#15776 = FACE_BOUND('',#15777,.T.);
#15777 = EDGE_LOOP('',(#15778,#15779,#15785,#15786));
#15778 = ORIENTED_EDGE('',*,*,#3183,.T.);
#15779 = ORIENTED_EDGE('',*,*,#15780,.T.);
#15780 = EDGE_CURVE('',#3184,#8329,#15781,.T.);
#15781 = LINE('',#15782,#15783);
#15782 = CARTESIAN_POINT('',(152.7175,-92.925,-4.6E-02));
#15783 = VECTOR('',#15784,1.);
#15784 = DIRECTION('',(0.,0.,1.));
#15785 = ORIENTED_EDGE('',*,*,#8328,.F.);
#15786 = ORIENTED_EDGE('',*,*,#15780,.F.);
#15787 = CYLINDRICAL_SURFACE('',#15788,0.85);
#15788 = AXIS2_PLACEMENT_3D('',#15789,#15790,#15791);
#15789 = CARTESIAN_POINT('',(152.7175,-92.075,-4.6E-02));
#15790 = DIRECTION('',(-0.,-0.,-1.));
#15791 = DIRECTION('',(-0.,-1.,0.));
#15792 = ADVANCED_FACE('',(#15793),#15804,.F.);
#15793 = FACE_BOUND('',#15794,.T.);
#15794 = EDGE_LOOP('',(#15795,#15796,#15802,#15803));
#15795 = ORIENTED_EDGE('',*,*,#3194,.T.);
#15796 = ORIENTED_EDGE('',*,*,#15797,.T.);
#15797 = EDGE_CURVE('',#3195,#8340,#15798,.T.);
#15798 = LINE('',#15799,#15800);
#15799 = CARTESIAN_POINT('',(155.575,-96.285,-4.6E-02));
#15800 = VECTOR('',#15801,1.);
#15801 = DIRECTION('',(0.,0.,1.));
#15802 = ORIENTED_EDGE('',*,*,#8339,.F.);
#15803 = ORIENTED_EDGE('',*,*,#15797,.F.);
#15804 = CYLINDRICAL_SURFACE('',#15805,0.4);
#15805 = AXIS2_PLACEMENT_3D('',#15806,#15807,#15808);
#15806 = CARTESIAN_POINT('',(155.575,-95.885,-4.6E-02));
#15807 = DIRECTION('',(-0.,-0.,-1.));
#15808 = DIRECTION('',(-0.,-1.,0.));
#15809 = ADVANCED_FACE('',(#15810),#15821,.F.);
#15810 = FACE_BOUND('',#15811,.T.);
#15811 = EDGE_LOOP('',(#15812,#15813,#15819,#15820));
#15812 = ORIENTED_EDGE('',*,*,#3205,.T.);
#15813 = ORIENTED_EDGE('',*,*,#15814,.T.);
#15814 = EDGE_CURVE('',#3206,#8351,#15815,.T.);
#15815 = LINE('',#15816,#15817);
#15816 = CARTESIAN_POINT('',(143.8275,-90.285,-4.6E-02));
#15817 = VECTOR('',#15818,1.);
#15818 = DIRECTION('',(0.,0.,1.));
#15819 = ORIENTED_EDGE('',*,*,#8350,.F.);
#15820 = ORIENTED_EDGE('',*,*,#15814,.F.);
#15821 = CYLINDRICAL_SURFACE('',#15822,0.75);
#15822 = AXIS2_PLACEMENT_3D('',#15823,#15824,#15825);
#15823 = CARTESIAN_POINT('',(143.8275,-89.535,-4.6E-02));
#15824 = DIRECTION('',(-0.,-0.,-1.));
#15825 = DIRECTION('',(-0.,-1.,0.));
#15826 = ADVANCED_FACE('',(#15827),#15843,.F.);
#15827 = FACE_BOUND('',#15828,.T.);
#15828 = EDGE_LOOP('',(#15829,#15835,#15836,#15842));
#15829 = ORIENTED_EDGE('',*,*,#15830,.T.);
#15830 = EDGE_CURVE('',#8362,#3217,#15831,.T.);
#15831 = LINE('',#15832,#15833);
#15832 = CARTESIAN_POINT('',(155.37654604362,-87.91770181803,-4.6E-02));
#15833 = VECTOR('',#15834,1.);
#15834 = DIRECTION('',(-0.,-0.,-1.));
#15835 = ORIENTED_EDGE('',*,*,#3216,.T.);
#15836 = ORIENTED_EDGE('',*,*,#15837,.F.);
#15837 = EDGE_CURVE('',#8364,#3219,#15838,.T.);
#15838 = LINE('',#15839,#15840);
#15839 = CARTESIAN_POINT('',(155.97490483135,-88.25627498636,-4.6E-02));
#15840 = VECTOR('',#15841,1.);
#15841 = DIRECTION('',(-0.,-0.,-1.));
#15842 = ORIENTED_EDGE('',*,*,#8361,.F.);
#15843 = CYLINDRICAL_SURFACE('',#15844,0.4);
#15844 = AXIS2_PLACEMENT_3D('',#15845,#15846,#15847);
#15845 = CARTESIAN_POINT('',(155.575,-88.265,-4.6E-02));
#15846 = DIRECTION('',(-0.,-0.,-1.));
#15847 = DIRECTION('',(-0.,-1.,0.));
#15848 = ADVANCED_FACE('',(#15849),#15860,.F.);
#15849 = FACE_BOUND('',#15850,.T.);
#15850 = EDGE_LOOP('',(#15851,#15852,#15858,#15859));
#15851 = ORIENTED_EDGE('',*,*,#3245,.T.);
#15852 = ORIENTED_EDGE('',*,*,#15853,.T.);
#15853 = EDGE_CURVE('',#3246,#8391,#15854,.T.);
#15854 = LINE('',#15855,#15856);
#15855 = CARTESIAN_POINT('',(150.1775,-87.745,-4.6E-02));
#15856 = VECTOR('',#15857,1.);
#15857 = DIRECTION('',(0.,0.,1.));
#15858 = ORIENTED_EDGE('',*,*,#8390,.F.);
#15859 = ORIENTED_EDGE('',*,*,#15853,.F.);
#15860 = CYLINDRICAL_SURFACE('',#15861,0.75);
#15861 = AXIS2_PLACEMENT_3D('',#15862,#15863,#15864);
#15862 = CARTESIAN_POINT('',(150.1775,-86.995,-4.6E-02));
#15863 = DIRECTION('',(-0.,-0.,-1.));
#15864 = DIRECTION('',(-0.,-1.,0.));
#15865 = ADVANCED_FACE('',(#15866),#15882,.T.);
#15866 = FACE_BOUND('',#15867,.T.);
#15867 = EDGE_LOOP('',(#15868,#15874,#15875,#15881));
#15868 = ORIENTED_EDGE('',*,*,#15869,.T.);
#15869 = EDGE_CURVE('',#3257,#8402,#15870,.T.);
#15870 = LINE('',#15871,#15872);
#15871 = CARTESIAN_POINT('',(127.47832,-76.0827,0.));
#15872 = VECTOR('',#15873,1.);
#15873 = DIRECTION('',(0.,0.,1.));
#15874 = ORIENTED_EDGE('',*,*,#8401,.T.);
#15875 = ORIENTED_EDGE('',*,*,#15876,.F.);
#15876 = EDGE_CURVE('',#3259,#8404,#15877,.T.);
#15877 = LINE('',#15878,#15879);
#15878 = CARTESIAN_POINT('',(126.838017,-76.764938,0.));
#15879 = VECTOR('',#15880,1.);
#15880 = DIRECTION('',(0.,0.,1.));
#15881 = ORIENTED_EDGE('',*,*,#3256,.F.);
#15882 = PLANE('',#15883);
#15883 = AXIS2_PLACEMENT_3D('',#15884,#15885,#15886);
#15884 = CARTESIAN_POINT('',(127.47832,-76.0827,0.));
#15885 = DIRECTION('',(0.729161199504,-0.68434197967,0.));
#15886 = DIRECTION('',(-0.68434197967,-0.729161199504,0.));
#15887 = ADVANCED_FACE('',(#15888),#15899,.T.);
#15888 = FACE_BOUND('',#15889,.T.);
#15889 = EDGE_LOOP('',(#15890,#15891,#15892,#15898));
#15890 = ORIENTED_EDGE('',*,*,#15876,.T.);
#15891 = ORIENTED_EDGE('',*,*,#8587,.T.);
#15892 = ORIENTED_EDGE('',*,*,#15893,.F.);
#15893 = EDGE_CURVE('',#3435,#8580,#15894,.T.);
#15894 = LINE('',#15895,#15896);
#15895 = CARTESIAN_POINT('',(126.860953,-76.816205,0.));
#15896 = VECTOR('',#15897,1.);
#15897 = DIRECTION('',(0.,0.,1.));
#15898 = ORIENTED_EDGE('',*,*,#3442,.F.);
#15899 = PLANE('',#15900);
#15900 = AXIS2_PLACEMENT_3D('',#15901,#15902,#15903);
#15901 = CARTESIAN_POINT('',(126.838017,-76.764938,0.));
#15902 = DIRECTION('',(0.912813186674,0.408377382128,-0.));
#15903 = DIRECTION('',(0.408377382128,-0.912813186674,0.));
#15904 = ADVANCED_FACE('',(#15905),#15916,.T.);
#15905 = FACE_BOUND('',#15906,.T.);
#15906 = EDGE_LOOP('',(#15907,#15908,#15909,#15915));
#15907 = ORIENTED_EDGE('',*,*,#15893,.T.);
#15908 = ORIENTED_EDGE('',*,*,#8579,.T.);
#15909 = ORIENTED_EDGE('',*,*,#15910,.F.);
#15910 = EDGE_CURVE('',#3427,#8572,#15911,.T.);
#15911 = LINE('',#15912,#15913);
#15912 = CARTESIAN_POINT('',(126.887502,-76.981816,0.));
#15913 = VECTOR('',#15914,1.);
#15914 = DIRECTION('',(0.,0.,1.));
#15915 = ORIENTED_EDGE('',*,*,#3434,.F.);
#15916 = PLANE('',#15917);
#15917 = AXIS2_PLACEMENT_3D('',#15918,#15919,#15920);
#15918 = CARTESIAN_POINT('',(126.860953,-76.816205,0.));
#15919 = DIRECTION('',(0.98739292722,0.158288367468,-0.));
#15920 = DIRECTION('',(0.158288367468,-0.98739292722,0.));
#15921 = ADVANCED_FACE('',(#15922),#15933,.T.);
#15922 = FACE_BOUND('',#15923,.T.);
#15923 = EDGE_LOOP('',(#15924,#15925,#15926,#15932));
#15924 = ORIENTED_EDGE('',*,*,#15910,.T.);
#15925 = ORIENTED_EDGE('',*,*,#8571,.T.);
#15926 = ORIENTED_EDGE('',*,*,#15927,.F.);
#15927 = EDGE_CURVE('',#3419,#8564,#15928,.T.);
#15928 = LINE('',#15929,#15930);
#15929 = CARTESIAN_POINT('',(126.887502,-78.3875,0.));
#15930 = VECTOR('',#15931,1.);
#15931 = DIRECTION('',(0.,0.,1.));
#15932 = ORIENTED_EDGE('',*,*,#3426,.F.);
#15933 = PLANE('',#15934);
#15934 = AXIS2_PLACEMENT_3D('',#15935,#15936,#15937);
#15935 = CARTESIAN_POINT('',(126.887502,-76.981816,0.));
#15936 = DIRECTION('',(1.,0.,-0.));
#15937 = DIRECTION('',(0.,-1.,0.));
#15938 = ADVANCED_FACE('',(#15939),#15950,.T.);
#15939 = FACE_BOUND('',#15940,.T.);
#15940 = EDGE_LOOP('',(#15941,#15942,#15943,#15949));
#15941 = ORIENTED_EDGE('',*,*,#15927,.T.);
#15942 = ORIENTED_EDGE('',*,*,#8563,.T.);
#15943 = ORIENTED_EDGE('',*,*,#15944,.F.);
#15944 = EDGE_CURVE('',#3411,#8556,#15945,.T.);
#15945 = LINE('',#15946,#15947);
#15946 = CARTESIAN_POINT('',(126.838017,-78.604378,0.));
#15947 = VECTOR('',#15948,1.);
#15948 = DIRECTION('',(0.,0.,1.));
#15949 = ORIENTED_EDGE('',*,*,#3418,.F.);
#15950 = PLANE('',#15951);
#15951 = AXIS2_PLACEMENT_3D('',#15952,#15953,#15954);
#15952 = CARTESIAN_POINT('',(126.887502,-78.3875,0.));
#15953 = DIRECTION('',(0.974943502008,-0.222452619431,0.));
#15954 = DIRECTION('',(-0.222452619431,-0.974943502008,0.));
#15955 = ADVANCED_FACE('',(#15956),#15967,.T.);
#15956 = FACE_BOUND('',#15957,.T.);
#15957 = EDGE_LOOP('',(#15958,#15959,#15960,#15966));
#15958 = ORIENTED_EDGE('',*,*,#15944,.T.);
#15959 = ORIENTED_EDGE('',*,*,#8555,.T.);
#15960 = ORIENTED_EDGE('',*,*,#15961,.F.);
#15961 = EDGE_CURVE('',#3403,#8548,#15962,.T.);
#15962 = LINE('',#15963,#15964);
#15963 = CARTESIAN_POINT('',(126.809464,-78.669339,0.));
#15964 = VECTOR('',#15965,1.);
#15965 = DIRECTION('',(0.,0.,1.));
#15966 = ORIENTED_EDGE('',*,*,#3410,.F.);
#15967 = PLANE('',#15968);
#15968 = AXIS2_PLACEMENT_3D('',#15969,#15970,#15971);
#15969 = CARTESIAN_POINT('',(126.838017,-78.604378,0.));
#15970 = DIRECTION('',(0.915469983318,-0.402386269203,0.));
#15971 = DIRECTION('',(-0.402386269203,-0.915469983318,0.));
#15972 = ADVANCED_FACE('',(#15973),#15984,.T.);
#15973 = FACE_BOUND('',#15974,.T.);
#15974 = EDGE_LOOP('',(#15975,#15976,#15977,#15983));
#15975 = ORIENTED_EDGE('',*,*,#15961,.T.);
#15976 = ORIENTED_EDGE('',*,*,#8547,.T.);
#15977 = ORIENTED_EDGE('',*,*,#15978,.F.);
#15978 = EDGE_CURVE('',#3395,#8540,#15979,.T.);
#15979 = LINE('',#15980,#15981);
#15980 = CARTESIAN_POINT('',(127.54079,-79.252955,0.));
#15981 = VECTOR('',#15982,1.);
#15982 = DIRECTION('',(0.,0.,1.));
#15983 = ORIENTED_EDGE('',*,*,#3402,.F.);
#15984 = PLANE('',#15985);
#15985 = AXIS2_PLACEMENT_3D('',#15986,#15987,#15988);
#15986 = CARTESIAN_POINT('',(126.809464,-78.669339,0.));
#15987 = DIRECTION('',(0.623753030467,0.781621492145,-0.));
#15988 = DIRECTION('',(0.781621492145,-0.623753030467,0.));
#15989 = ADVANCED_FACE('',(#15990),#16001,.T.);
#15990 = FACE_BOUND('',#15991,.T.);
#15991 = EDGE_LOOP('',(#15992,#15993,#15994,#16000));
#15992 = ORIENTED_EDGE('',*,*,#15978,.T.);
#15993 = ORIENTED_EDGE('',*,*,#8539,.T.);
#15994 = ORIENTED_EDGE('',*,*,#15995,.F.);
#15995 = EDGE_CURVE('',#3387,#8532,#15996,.T.);
#15996 = LINE('',#15997,#15998);
#15997 = CARTESIAN_POINT('',(127.59899,-79.221298,0.));
#15998 = VECTOR('',#15999,1.);
#15999 = DIRECTION('',(0.,0.,1.));
#16000 = ORIENTED_EDGE('',*,*,#3394,.F.);
#16001 = PLANE('',#16002);
#16002 = AXIS2_PLACEMENT_3D('',#16003,#16004,#16005);
#16003 = CARTESIAN_POINT('',(127.54079,-79.252955,0.));
#16004 = DIRECTION('',(-0.477822831046,0.878456226645,0.));
#16005 = DIRECTION('',(0.878456226645,0.477822831046,0.));
#16006 = ADVANCED_FACE('',(#16007),#16018,.T.);
#16007 = FACE_BOUND('',#16008,.T.);
#16008 = EDGE_LOOP('',(#16009,#16010,#16011,#16017));
#16009 = ORIENTED_EDGE('',*,*,#15995,.T.);
#16010 = ORIENTED_EDGE('',*,*,#8531,.T.);
#16011 = ORIENTED_EDGE('',*,*,#16012,.F.);
#16012 = EDGE_CURVE('',#3379,#8524,#16013,.T.);
#16013 = LINE('',#16014,#16015);
#16014 = CARTESIAN_POINT('',(127.793049,-79.184658,0.));
#16015 = VECTOR('',#16016,1.);
#16016 = DIRECTION('',(0.,0.,1.));
#16017 = ORIENTED_EDGE('',*,*,#3386,.F.);
#16018 = PLANE('',#16019);
#16019 = AXIS2_PLACEMENT_3D('',#16020,#16021,#16022);
#16020 = CARTESIAN_POINT('',(127.59899,-79.221298,0.));
#16021 = DIRECTION('',(-0.18553055753,0.982638495187,0.));
#16022 = DIRECTION('',(0.982638495187,0.18553055753,0.));
#16023 = ADVANCED_FACE('',(#16024),#16035,.T.);
#16024 = FACE_BOUND('',#16025,.T.);
#16025 = EDGE_LOOP('',(#16026,#16027,#16028,#16034));
#16026 = ORIENTED_EDGE('',*,*,#16012,.T.);
#16027 = ORIENTED_EDGE('',*,*,#8523,.T.);
#16028 = ORIENTED_EDGE('',*,*,#16029,.F.);
#16029 = EDGE_CURVE('',#3371,#8516,#16030,.T.);
#16030 = LINE('',#16031,#16032);
#16031 = CARTESIAN_POINT('',(129.381953,-79.184658,0.));
#16032 = VECTOR('',#16033,1.);
#16033 = DIRECTION('',(0.,0.,1.));
#16034 = ORIENTED_EDGE('',*,*,#3378,.F.);
#16035 = PLANE('',#16036);
#16036 = AXIS2_PLACEMENT_3D('',#16037,#16038,#16039);
#16037 = CARTESIAN_POINT('',(127.793049,-79.184658,0.));
#16038 = DIRECTION('',(0.,1.,0.));
#16039 = DIRECTION('',(1.,0.,0.));
#16040 = ADVANCED_FACE('',(#16041),#16052,.T.);
#16041 = FACE_BOUND('',#16042,.T.);
#16042 = EDGE_LOOP('',(#16043,#16044,#16045,#16051));
#16043 = ORIENTED_EDGE('',*,*,#16029,.T.);
#16044 = ORIENTED_EDGE('',*,*,#8515,.T.);
#16045 = ORIENTED_EDGE('',*,*,#16046,.F.);
#16046 = EDGE_CURVE('',#3363,#8508,#16047,.T.);
#16047 = LINE('',#16048,#16049);
#16048 = CARTESIAN_POINT('',(129.634212,-79.252957,0.));
#16049 = VECTOR('',#16050,1.);
#16050 = DIRECTION('',(0.,0.,1.));
#16051 = ORIENTED_EDGE('',*,*,#3370,.F.);
#16052 = PLANE('',#16053);
#16053 = AXIS2_PLACEMENT_3D('',#16054,#16055,#16056);
#16054 = CARTESIAN_POINT('',(129.381953,-79.184658,0.));
#16055 = DIRECTION('',(0.261340091681,0.965246785273,-0.));
#16056 = DIRECTION('',(0.965246785273,-0.261340091681,0.));
#16057 = ADVANCED_FACE('',(#16058),#16069,.T.);
#16058 = FACE_BOUND('',#16059,.T.);
#16059 = EDGE_LOOP('',(#16060,#16061,#16062,#16068));
#16060 = ORIENTED_EDGE('',*,*,#16046,.T.);
#16061 = ORIENTED_EDGE('',*,*,#8507,.T.);
#16062 = ORIENTED_EDGE('',*,*,#16063,.F.);
#16063 = EDGE_CURVE('',#3355,#8500,#16064,.T.);
#16064 = LINE('',#16065,#16066);
#16065 = CARTESIAN_POINT('',(129.696676,-79.286618,0.));
#16066 = VECTOR('',#16067,1.);
#16067 = DIRECTION('',(0.,0.,1.));
#16068 = ORIENTED_EDGE('',*,*,#3362,.F.);
#16069 = PLANE('',#16070);
#16070 = AXIS2_PLACEMENT_3D('',#16071,#16072,#16073);
#16071 = CARTESIAN_POINT('',(129.634212,-79.252957,0.));
#16072 = DIRECTION('',(0.474389741398,0.880314928453,-0.));
#16073 = DIRECTION('',(0.880314928453,-0.474389741398,0.));
#16074 = ADVANCED_FACE('',(#16075),#16086,.T.);
#16075 = FACE_BOUND('',#16076,.T.);
#16076 = EDGE_LOOP('',(#16077,#16078,#16079,#16085));
#16077 = ORIENTED_EDGE('',*,*,#16063,.T.);
#16078 = ORIENTED_EDGE('',*,*,#8499,.T.);
#16079 = ORIENTED_EDGE('',*,*,#16080,.F.);
#16080 = EDGE_CURVE('',#3347,#8492,#16081,.T.);
#16081 = LINE('',#16082,#16083);
#16082 = CARTESIAN_POINT('',(130.336985,-78.604377,0.));
#16083 = VECTOR('',#16084,1.);
#16084 = DIRECTION('',(0.,0.,1.));
#16085 = ORIENTED_EDGE('',*,*,#3354,.F.);
#16086 = PLANE('',#16087);
#16087 = AXIS2_PLACEMENT_3D('',#16088,#16089,#16090);
#16088 = CARTESIAN_POINT('',(129.696676,-79.286618,0.));
#16089 = DIRECTION('',(-0.729159501222,0.684343789171,0.));
#16090 = DIRECTION('',(0.684343789171,0.729159501222,0.));
#16091 = ADVANCED_FACE('',(#16092),#16103,.T.);
#16092 = FACE_BOUND('',#16093,.T.);
#16093 = EDGE_LOOP('',(#16094,#16095,#16096,#16102));
#16094 = ORIENTED_EDGE('',*,*,#16080,.T.);
#16095 = ORIENTED_EDGE('',*,*,#8491,.T.);
#16096 = ORIENTED_EDGE('',*,*,#16097,.F.);
#16097 = EDGE_CURVE('',#3339,#8484,#16098,.T.);
#16098 = LINE('',#16099,#16100);
#16099 = CARTESIAN_POINT('',(130.314048,-78.553111,0.));
#16100 = VECTOR('',#16101,1.);
#16101 = DIRECTION('',(0.,0.,1.));
#16102 = ORIENTED_EDGE('',*,*,#3346,.F.);
#16103 = PLANE('',#16104);
#16104 = AXIS2_PLACEMENT_3D('',#16105,#16106,#16107);
#16105 = CARTESIAN_POINT('',(130.336985,-78.604377,0.));
#16106 = DIRECTION('',(-0.912803579704,-0.408398855141,0.));
#16107 = DIRECTION('',(-0.408398855141,0.912803579704,0.));
#16108 = ADVANCED_FACE('',(#16109),#16120,.T.);
#16109 = FACE_BOUND('',#16110,.T.);
#16110 = EDGE_LOOP('',(#16111,#16112,#16113,#16119));
#16111 = ORIENTED_EDGE('',*,*,#16097,.T.);
#16112 = ORIENTED_EDGE('',*,*,#8483,.T.);
#16113 = ORIENTED_EDGE('',*,*,#16114,.F.);
#16114 = EDGE_CURVE('',#3331,#8476,#16115,.T.);
#16115 = LINE('',#16116,#16117);
#16116 = CARTESIAN_POINT('',(130.2875,-78.3875,0.));
#16117 = VECTOR('',#16118,1.);
#16118 = DIRECTION('',(0.,0.,1.));
#16119 = ORIENTED_EDGE('',*,*,#3338,.F.);
#16120 = PLANE('',#16121);
#16121 = AXIS2_PLACEMENT_3D('',#16122,#16123,#16124);
#16122 = CARTESIAN_POINT('',(130.314048,-78.553111,0.));
#16123 = DIRECTION('',(-0.987393859041,-0.158282554721,0.));
#16124 = DIRECTION('',(-0.158282554721,0.987393859041,0.));
#16125 = ADVANCED_FACE('',(#16126),#16137,.T.);
#16126 = FACE_BOUND('',#16127,.T.);
#16127 = EDGE_LOOP('',(#16128,#16129,#16130,#16136));
#16128 = ORIENTED_EDGE('',*,*,#16114,.T.);
#16129 = ORIENTED_EDGE('',*,*,#8475,.T.);
#16130 = ORIENTED_EDGE('',*,*,#16131,.F.);
#16131 = EDGE_CURVE('',#3323,#8468,#16132,.T.);
#16132 = LINE('',#16133,#16134);
#16133 = CARTESIAN_POINT('',(130.2875,-76.981816,0.));
#16134 = VECTOR('',#16135,1.);
#16135 = DIRECTION('',(0.,0.,1.));
#16136 = ORIENTED_EDGE('',*,*,#3330,.F.);
#16137 = PLANE('',#16138);
#16138 = AXIS2_PLACEMENT_3D('',#16139,#16140,#16141);
#16139 = CARTESIAN_POINT('',(130.2875,-78.3875,0.));
#16140 = DIRECTION('',(-1.,0.,0.));
#16141 = DIRECTION('',(0.,1.,0.));
#16142 = ADVANCED_FACE('',(#16143),#16154,.T.);
#16143 = FACE_BOUND('',#16144,.T.);
#16144 = EDGE_LOOP('',(#16145,#16146,#16147,#16153));
#16145 = ORIENTED_EDGE('',*,*,#16131,.T.);
#16146 = ORIENTED_EDGE('',*,*,#8467,.T.);
#16147 = ORIENTED_EDGE('',*,*,#16148,.F.);
#16148 = EDGE_CURVE('',#3315,#8460,#16149,.T.);
#16149 = LINE('',#16150,#16151);
#16150 = CARTESIAN_POINT('',(130.336985,-76.764938,0.));
#16151 = VECTOR('',#16152,1.);
#16152 = DIRECTION('',(0.,0.,1.));
#16153 = ORIENTED_EDGE('',*,*,#3322,.F.);
#16154 = PLANE('',#16155);
#16155 = AXIS2_PLACEMENT_3D('',#16156,#16157,#16158);
#16156 = CARTESIAN_POINT('',(130.2875,-76.981816,0.));
#16157 = DIRECTION('',(-0.974943502008,0.222452619431,0.));
#16158 = DIRECTION('',(0.222452619431,0.974943502008,0.));
#16159 = ADVANCED_FACE('',(#16160),#16171,.T.);
#16160 = FACE_BOUND('',#16161,.T.);
#16161 = EDGE_LOOP('',(#16162,#16163,#16164,#16170));
#16162 = ORIENTED_EDGE('',*,*,#16148,.T.);
#16163 = ORIENTED_EDGE('',*,*,#8459,.T.);
#16164 = ORIENTED_EDGE('',*,*,#16165,.F.);
#16165 = EDGE_CURVE('',#3307,#8452,#16166,.T.);
#16166 = LINE('',#16167,#16168);
#16167 = CARTESIAN_POINT('',(130.365524,-76.699984,0.));
#16168 = VECTOR('',#16169,1.);
#16169 = DIRECTION('',(0.,0.,1.));
#16170 = ORIENTED_EDGE('',*,*,#3314,.F.);
#16171 = PLANE('',#16172);
#16172 = AXIS2_PLACEMENT_3D('',#16173,#16174,#16175);
#16173 = CARTESIAN_POINT('',(130.336985,-76.764938,0.));
#16174 = DIRECTION('',(-0.915526689869,0.402257231305,0.));
#16175 = DIRECTION('',(0.402257231305,0.915526689869,0.));
#16176 = ADVANCED_FACE('',(#16177),#16188,.T.);
#16177 = FACE_BOUND('',#16178,.T.);
#16178 = EDGE_LOOP('',(#16179,#16180,#16181,#16187));
#16179 = ORIENTED_EDGE('',*,*,#16165,.T.);
#16180 = ORIENTED_EDGE('',*,*,#8451,.T.);
#16181 = ORIENTED_EDGE('',*,*,#16182,.F.);
#16182 = EDGE_CURVE('',#3299,#8444,#16183,.T.);
#16183 = LINE('',#16184,#16185);
#16184 = CARTESIAN_POINT('',(129.634212,-76.11636,0.));
#16185 = VECTOR('',#16186,1.);
#16186 = DIRECTION('',(0.,0.,1.));
#16187 = ORIENTED_EDGE('',*,*,#3306,.F.);
#16188 = PLANE('',#16189);
#16189 = AXIS2_PLACEMENT_3D('',#16190,#16191,#16192);
#16190 = CARTESIAN_POINT('',(130.365524,-76.699984,0.));
#16191 = DIRECTION('',(-0.623765549005,-0.781611501882,0.));
#16192 = DIRECTION('',(-0.781611501882,0.623765549005,0.));
#16193 = ADVANCED_FACE('',(#16194),#16205,.T.);
#16194 = FACE_BOUND('',#16195,.T.);
#16195 = EDGE_LOOP('',(#16196,#16197,#16198,#16204));
#16196 = ORIENTED_EDGE('',*,*,#16182,.T.);
#16197 = ORIENTED_EDGE('',*,*,#8443,.T.);
#16198 = ORIENTED_EDGE('',*,*,#16199,.F.);
#16199 = EDGE_CURVE('',#3291,#8436,#16200,.T.);
#16200 = LINE('',#16201,#16202);
#16201 = CARTESIAN_POINT('',(129.576011,-76.14801,0.));
#16202 = VECTOR('',#16203,1.);
#16203 = DIRECTION('',(0.,0.,1.));
#16204 = ORIENTED_EDGE('',*,*,#3298,.F.);
#16205 = PLANE('',#16206);
#16206 = AXIS2_PLACEMENT_3D('',#16207,#16208,#16209);
#16207 = CARTESIAN_POINT('',(129.634212,-76.11636,0.));
#16208 = DIRECTION('',(0.47773495646,-0.878504018987,0.));
#16209 = DIRECTION('',(-0.878504018987,-0.47773495646,0.));
#16210 = ADVANCED_FACE('',(#16211),#16222,.T.);
#16211 = FACE_BOUND('',#16212,.T.);
#16212 = EDGE_LOOP('',(#16213,#16214,#16215,#16221));
#16213 = ORIENTED_EDGE('',*,*,#16199,.T.);
#16214 = ORIENTED_EDGE('',*,*,#8435,.T.);
#16215 = ORIENTED_EDGE('',*,*,#16216,.F.);
#16216 = EDGE_CURVE('',#3283,#8428,#16217,.T.);
#16217 = LINE('',#16218,#16219);
#16218 = CARTESIAN_POINT('',(129.381954,-76.184659,0.));
#16219 = VECTOR('',#16220,1.);
#16220 = DIRECTION('',(0.,0.,1.));
#16221 = ORIENTED_EDGE('',*,*,#3290,.F.);
#16222 = PLANE('',#16223);
#16223 = AXIS2_PLACEMENT_3D('',#16224,#16225,#16226);
#16224 = CARTESIAN_POINT('',(129.576011,-76.14801,0.));
#16225 = DIRECTION('',(0.185576407469,-0.982629837218,0.));
#16226 = DIRECTION('',(-0.982629837218,-0.185576407469,0.));
#16227 = ADVANCED_FACE('',(#16228),#16239,.T.);
#16228 = FACE_BOUND('',#16229,.T.);
#16229 = EDGE_LOOP('',(#16230,#16231,#16232,#16238));
#16230 = ORIENTED_EDGE('',*,*,#16216,.T.);
#16231 = ORIENTED_EDGE('',*,*,#8427,.T.);
#16232 = ORIENTED_EDGE('',*,*,#16233,.F.);
#16233 = EDGE_CURVE('',#3275,#8420,#16234,.T.);
#16234 = LINE('',#16235,#16236);
#16235 = CARTESIAN_POINT('',(127.793049,-76.184659,0.));
#16236 = VECTOR('',#16237,1.);
#16237 = DIRECTION('',(0.,0.,1.));
#16238 = ORIENTED_EDGE('',*,*,#3282,.F.);
#16239 = PLANE('',#16240);
#16240 = AXIS2_PLACEMENT_3D('',#16241,#16242,#16243);
#16241 = CARTESIAN_POINT('',(129.381954,-76.184659,0.));
#16242 = DIRECTION('',(0.,-1.,0.));
#16243 = DIRECTION('',(-1.,0.,0.));
#16244 = ADVANCED_FACE('',(#16245),#16256,.T.);
#16245 = FACE_BOUND('',#16246,.T.);
#16246 = EDGE_LOOP('',(#16247,#16248,#16249,#16255));
#16247 = ORIENTED_EDGE('',*,*,#16233,.T.);
#16248 = ORIENTED_EDGE('',*,*,#8419,.T.);
#16249 = ORIENTED_EDGE('',*,*,#16250,.F.);
#16250 = EDGE_CURVE('',#3267,#8412,#16251,.T.);
#16251 = LINE('',#16252,#16253);
#16252 = CARTESIAN_POINT('',(127.54079,-76.116359,0.));
#16253 = VECTOR('',#16254,1.);
#16254 = DIRECTION('',(0.,0.,1.));
#16255 = ORIENTED_EDGE('',*,*,#3274,.F.);
#16256 = PLANE('',#16257);
#16257 = AXIS2_PLACEMENT_3D('',#16258,#16259,#16260);
#16258 = CARTESIAN_POINT('',(127.793049,-76.184659,0.));
#16259 = DIRECTION('',(-0.261343656749,-0.965245820026,0.));
#16260 = DIRECTION('',(-0.965245820026,0.261343656749,0.));
#16261 = ADVANCED_FACE('',(#16262),#16268,.T.);
#16262 = FACE_BOUND('',#16263,.T.);
#16263 = EDGE_LOOP('',(#16264,#16265,#16266,#16267));
#16264 = ORIENTED_EDGE('',*,*,#16250,.T.);
#16265 = ORIENTED_EDGE('',*,*,#8411,.T.);
#16266 = ORIENTED_EDGE('',*,*,#15869,.F.);
#16267 = ORIENTED_EDGE('',*,*,#3266,.F.);
#16268 = PLANE('',#16269);
#16269 = AXIS2_PLACEMENT_3D('',#16270,#16271,#16272);
#16270 = CARTESIAN_POINT('',(127.54079,-76.116359,0.));
#16271 = DIRECTION('',(-0.474332587922,-0.880345725289,0.));
#16272 = DIRECTION('',(-0.880345725289,0.474332587922,0.));
#16273 = ADVANCED_FACE('',(#16274),#16285,.F.);
#16274 = FACE_BOUND('',#16275,.T.);
#16275 = EDGE_LOOP('',(#16276,#16277,#16283,#16284));
#16276 = ORIENTED_EDGE('',*,*,#3450,.T.);
#16277 = ORIENTED_EDGE('',*,*,#16278,.T.);
#16278 = EDGE_CURVE('',#3451,#8596,#16279,.T.);
#16279 = LINE('',#16280,#16281);
#16280 = CARTESIAN_POINT('',(140.0125,-81.145,-4.6E-02));
#16281 = VECTOR('',#16282,1.);
#16282 = DIRECTION('',(0.,0.,1.));
#16283 = ORIENTED_EDGE('',*,*,#8595,.F.);
#16284 = ORIENTED_EDGE('',*,*,#16278,.F.);
#16285 = CYLINDRICAL_SURFACE('',#16286,0.5);
#16286 = AXIS2_PLACEMENT_3D('',#16287,#16288,#16289);
#16287 = CARTESIAN_POINT('',(140.0125,-80.645,-4.6E-02));
#16288 = DIRECTION('',(-0.,-0.,-1.));
#16289 = DIRECTION('',(-0.,-1.,0.));
#16290 = ADVANCED_FACE('',(#16291),#16307,.F.);
#16291 = FACE_BOUND('',#16292,.T.);
#16292 = EDGE_LOOP('',(#16293,#16299,#16300,#16306));
#16293 = ORIENTED_EDGE('',*,*,#16294,.T.);
#16294 = EDGE_CURVE('',#8607,#3462,#16295,.T.);
#16295 = LINE('',#16296,#16297);
#16296 = CARTESIAN_POINT('',(135.62770295998,-76.74308800603,-4.6E-02));
#16297 = VECTOR('',#16298,1.);
#16298 = DIRECTION('',(-0.,-0.,-1.));
#16299 = ORIENTED_EDGE('',*,*,#3461,.T.);
#16300 = ORIENTED_EDGE('',*,*,#16301,.F.);
#16301 = EDGE_CURVE('',#8609,#3464,#16302,.T.);
#16302 = LINE('',#16303,#16304);
#16303 = CARTESIAN_POINT('',(136.29625916188,-77.12138142485,-4.6E-02));
#16304 = VECTOR('',#16305,1.);
#16305 = DIRECTION('',(-0.,-0.,-1.));
#16306 = ORIENTED_EDGE('',*,*,#8606,.F.);
#16307 = CYLINDRICAL_SURFACE('',#16308,0.4);
#16308 = AXIS2_PLACEMENT_3D('',#16309,#16310,#16311);
#16309 = CARTESIAN_POINT('',(136.017,-76.835,-4.6E-02));
#16310 = DIRECTION('',(-0.,-0.,-1.));
#16311 = DIRECTION('',(-0.,-1.,0.));
#16312 = ADVANCED_FACE('',(#16313),#16324,.F.);
#16313 = FACE_BOUND('',#16314,.T.);
#16314 = EDGE_LOOP('',(#16315,#16316,#16322,#16323));
#16315 = ORIENTED_EDGE('',*,*,#3490,.T.);
#16316 = ORIENTED_EDGE('',*,*,#16317,.T.);
#16317 = EDGE_CURVE('',#3491,#8636,#16318,.T.);
#16318 = LINE('',#16319,#16320);
#16319 = CARTESIAN_POINT('',(140.0125,-78.605,-4.6E-02));
#16320 = VECTOR('',#16321,1.);
#16321 = DIRECTION('',(0.,0.,1.));
#16322 = ORIENTED_EDGE('',*,*,#8635,.F.);
#16323 = ORIENTED_EDGE('',*,*,#16317,.F.);
#16324 = CYLINDRICAL_SURFACE('',#16325,0.5);
#16325 = AXIS2_PLACEMENT_3D('',#16326,#16327,#16328);
#16326 = CARTESIAN_POINT('',(140.0125,-78.105,-4.6E-02));
#16327 = DIRECTION('',(-0.,-0.,-1.));
#16328 = DIRECTION('',(-0.,-1.,0.));
#16329 = ADVANCED_FACE('',(#16330),#16341,.F.);
#16330 = FACE_BOUND('',#16331,.T.);
#16331 = EDGE_LOOP('',(#16332,#16333,#16339,#16340));
#16332 = ORIENTED_EDGE('',*,*,#3501,.T.);
#16333 = ORIENTED_EDGE('',*,*,#16334,.T.);
#16334 = EDGE_CURVE('',#3502,#8647,#16335,.T.);
#16335 = LINE('',#16336,#16337);
#16336 = CARTESIAN_POINT('',(140.0125,-76.065,-4.6E-02));
#16337 = VECTOR('',#16338,1.);
#16338 = DIRECTION('',(0.,0.,1.));
#16339 = ORIENTED_EDGE('',*,*,#8646,.F.);
#16340 = ORIENTED_EDGE('',*,*,#16334,.F.);
#16341 = CYLINDRICAL_SURFACE('',#16342,0.5);
#16342 = AXIS2_PLACEMENT_3D('',#16343,#16344,#16345);
#16343 = CARTESIAN_POINT('',(140.0125,-75.565,-4.6E-02));
#16344 = DIRECTION('',(-0.,-0.,-1.));
#16345 = DIRECTION('',(-0.,-1.,0.));
#16346 = ADVANCED_FACE('',(#16347),#16363,.F.);
#16347 = FACE_BOUND('',#16348,.T.);
#16348 = EDGE_LOOP('',(#16349,#16355,#16356,#16362));
#16349 = ORIENTED_EDGE('',*,*,#16350,.T.);
#16350 = EDGE_CURVE('',#8658,#3513,#16351,.T.);
#16351 = LINE('',#16352,#16353);
#16352 = CARTESIAN_POINT('',(122.67990405896,-73.21886840481,-4.6E-02));
#16353 = VECTOR('',#16354,1.);
#16354 = DIRECTION('',(-0.,-0.,-1.));
#16355 = ORIENTED_EDGE('',*,*,#3512,.T.);
#16356 = ORIENTED_EDGE('',*,*,#16357,.F.);
#16357 = EDGE_CURVE('',#8660,#3515,#16358,.T.);
#16358 = LINE('',#16359,#16360);
#16359 = CARTESIAN_POINT('',(123.72973075288,-73.84543494103,-4.6E-02));
#16360 = VECTOR('',#16361,1.);
#16361 = DIRECTION('',(-0.,-0.,-1.));
#16362 = ORIENTED_EDGE('',*,*,#8657,.F.);
#16363 = CYLINDRICAL_SURFACE('',#16364,0.85);
#16364 = AXIS2_PLACEMENT_3D('',#16365,#16366,#16367);
#16365 = CARTESIAN_POINT('',(123.5075,-73.025,-4.6E-02));
#16366 = DIRECTION('',(-0.,-0.,-1.));
#16367 = DIRECTION('',(-0.,-1.,0.));
#16368 = ADVANCED_FACE('',(#16369),#16385,.F.);
#16369 = FACE_BOUND('',#16370,.T.);
#16370 = EDGE_LOOP('',(#16371,#16377,#16378,#16384));
#16371 = ORIENTED_EDGE('',*,*,#16372,.T.);
#16372 = EDGE_CURVE('',#8687,#3542,#16373,.T.);
#16373 = LINE('',#16374,#16375);
#16374 = CARTESIAN_POINT('',(124.08011399393,-70.20904210731,-4.6E-02));
#16375 = VECTOR('',#16376,1.);
#16376 = DIRECTION('',(-0.,-0.,-1.));
#16377 = ORIENTED_EDGE('',*,*,#3541,.T.);
#16378 = ORIENTED_EDGE('',*,*,#16379,.F.);
#16379 = EDGE_CURVE('',#8689,#3544,#16380,.T.);
#16380 = LINE('',#16381,#16382);
#16381 = CARTESIAN_POINT('',(125.37317852298,-70.9407050551,-4.6E-02));
#16382 = VECTOR('',#16383,1.);
#16383 = DIRECTION('',(-0.,-0.,-1.));
#16384 = ORIENTED_EDGE('',*,*,#8686,.F.);
#16385 = CYLINDRICAL_SURFACE('',#16386,0.75);
#16386 = AXIS2_PLACEMENT_3D('',#16387,#16388,#16389);
#16387 = CARTESIAN_POINT('',(124.7775,-70.485,-4.6E-02));
#16388 = DIRECTION('',(-0.,-0.,-1.));
#16389 = DIRECTION('',(-0.,-1.,0.));
#16390 = ADVANCED_FACE('',(#16391),#16407,.F.);
#16391 = FACE_BOUND('',#16392,.T.);
#16392 = EDGE_LOOP('',(#16393,#16399,#16400,#16406));
#16393 = ORIENTED_EDGE('',*,*,#16394,.T.);
#16394 = EDGE_CURVE('',#8716,#3571,#16395,.T.);
#16395 = LINE('',#16396,#16397);
#16396 = CARTESIAN_POINT('',(126.97229614622,-71.84554397676,-4.6E-02));
#16397 = VECTOR('',#16398,1.);
#16398 = DIRECTION('',(-0.,-0.,-1.));
#16399 = ORIENTED_EDGE('',*,*,#3570,.T.);
#16400 = ORIENTED_EDGE('',*,*,#16401,.F.);
#16401 = EDGE_CURVE('',#8718,#3573,#16402,.T.);
#16402 = LINE('',#16403,#16404);
#16403 = CARTESIAN_POINT('',(130.43030774222,-73.80221272839,-4.6E-02));
#16404 = VECTOR('',#16405,1.);
#16405 = DIRECTION('',(-0.,-0.,-1.));
#16406 = ORIENTED_EDGE('',*,*,#8715,.F.);
#16407 = CYLINDRICAL_SURFACE('',#16408,2.);
#16408 = AXIS2_PLACEMENT_3D('',#16409,#16410,#16411);
#16409 = CARTESIAN_POINT('',(128.5875,-73.025,-4.6E-02));
#16410 = DIRECTION('',(-0.,-0.,-1.));
#16411 = DIRECTION('',(-0.,-1.,0.));
#16412 = ADVANCED_FACE('',(#16413),#16424,.F.);
#16413 = FACE_BOUND('',#16414,.T.);
#16414 = EDGE_LOOP('',(#16415,#16416,#16422,#16423));
#16415 = ORIENTED_EDGE('',*,*,#3599,.T.);
#16416 = ORIENTED_EDGE('',*,*,#16417,.T.);
#16417 = EDGE_CURVE('',#3600,#8745,#16418,.T.);
#16418 = LINE('',#16419,#16420);
#16419 = CARTESIAN_POINT('',(133.6675,-73.875,-4.6E-02));
#16420 = VECTOR('',#16421,1.);
#16421 = DIRECTION('',(0.,0.,1.));
#16422 = ORIENTED_EDGE('',*,*,#8744,.F.);
#16423 = ORIENTED_EDGE('',*,*,#16417,.F.);
#16424 = CYLINDRICAL_SURFACE('',#16425,0.85);
#16425 = AXIS2_PLACEMENT_3D('',#16426,#16427,#16428);
#16426 = CARTESIAN_POINT('',(133.6675,-73.025,-4.6E-02));
#16427 = DIRECTION('',(-0.,-0.,-1.));
#16428 = DIRECTION('',(-3.343730521224E-14,-1.,0.));
#16429 = ADVANCED_FACE('',(#16430),#16441,.F.);
#16430 = FACE_BOUND('',#16431,.T.);
#16431 = EDGE_LOOP('',(#16432,#16433,#16439,#16440));
#16432 = ORIENTED_EDGE('',*,*,#3610,.T.);
#16433 = ORIENTED_EDGE('',*,*,#16434,.T.);
#16434 = EDGE_CURVE('',#3611,#8756,#16435,.T.);
#16435 = LINE('',#16436,#16437);
#16436 = CARTESIAN_POINT('',(140.0125,-70.985,-4.6E-02));
#16437 = VECTOR('',#16438,1.);
#16438 = DIRECTION('',(0.,0.,1.));
#16439 = ORIENTED_EDGE('',*,*,#8755,.F.);
#16440 = ORIENTED_EDGE('',*,*,#16434,.F.);
#16441 = CYLINDRICAL_SURFACE('',#16442,0.5);
#16442 = AXIS2_PLACEMENT_3D('',#16443,#16444,#16445);
#16443 = CARTESIAN_POINT('',(140.0125,-70.485,-4.6E-02));
#16444 = DIRECTION('',(-0.,-0.,-1.));
#16445 = DIRECTION('',(-0.,-1.,0.));
#16446 = ADVANCED_FACE('',(#16447),#16458,.F.);
#16447 = FACE_BOUND('',#16448,.T.);
#16448 = EDGE_LOOP('',(#16449,#16450,#16456,#16457));
#16449 = ORIENTED_EDGE('',*,*,#3621,.T.);
#16450 = ORIENTED_EDGE('',*,*,#16451,.T.);
#16451 = EDGE_CURVE('',#3622,#8767,#16452,.T.);
#16452 = LINE('',#16453,#16454);
#16453 = CARTESIAN_POINT('',(136.017,-69.615,-4.6E-02));
#16454 = VECTOR('',#16455,1.);
#16455 = DIRECTION('',(0.,0.,1.));
#16456 = ORIENTED_EDGE('',*,*,#8766,.F.);
#16457 = ORIENTED_EDGE('',*,*,#16451,.F.);
#16458 = CYLINDRICAL_SURFACE('',#16459,0.4);
#16459 = AXIS2_PLACEMENT_3D('',#16460,#16461,#16462);
#16460 = CARTESIAN_POINT('',(136.017,-69.215,-4.6E-02));
#16461 = DIRECTION('',(-0.,-0.,-1.));
#16462 = DIRECTION('',(-0.,-1.,0.));
#16463 = ADVANCED_FACE('',(#16464),#16475,.F.);
#16464 = FACE_BOUND('',#16465,.T.);
#16465 = EDGE_LOOP('',(#16466,#16467,#16473,#16474));
#16466 = ORIENTED_EDGE('',*,*,#3632,.T.);
#16467 = ORIENTED_EDGE('',*,*,#16468,.T.);
#16468 = EDGE_CURVE('',#3633,#8778,#16469,.T.);
#16469 = LINE('',#16470,#16471);
#16470 = CARTESIAN_POINT('',(140.0125,-68.445,-4.6E-02));
#16471 = VECTOR('',#16472,1.);
#16472 = DIRECTION('',(0.,0.,1.));
#16473 = ORIENTED_EDGE('',*,*,#8777,.F.);
#16474 = ORIENTED_EDGE('',*,*,#16468,.F.);
#16475 = CYLINDRICAL_SURFACE('',#16476,0.5);
#16476 = AXIS2_PLACEMENT_3D('',#16477,#16478,#16479);
#16477 = CARTESIAN_POINT('',(140.0125,-67.945,-4.6E-02));
#16478 = DIRECTION('',(-0.,-0.,-1.));
#16479 = DIRECTION('',(-0.,-1.,0.));
#16480 = ADVANCED_FACE('',(#16481),#16492,.F.);
#16481 = FACE_BOUND('',#16482,.T.);
#16482 = EDGE_LOOP('',(#16483,#16484,#16490,#16491));
#16483 = ORIENTED_EDGE('',*,*,#3643,.T.);
#16484 = ORIENTED_EDGE('',*,*,#16485,.T.);
#16485 = EDGE_CURVE('',#3644,#8789,#16486,.T.);
#16486 = LINE('',#16487,#16488);
#16487 = CARTESIAN_POINT('',(140.0125,-65.905,-4.6E-02));
#16488 = VECTOR('',#16489,1.);
#16489 = DIRECTION('',(0.,0.,1.));
#16490 = ORIENTED_EDGE('',*,*,#8788,.F.);
#16491 = ORIENTED_EDGE('',*,*,#16485,.F.);
#16492 = CYLINDRICAL_SURFACE('',#16493,0.5);
#16493 = AXIS2_PLACEMENT_3D('',#16494,#16495,#16496);
#16494 = CARTESIAN_POINT('',(140.0125,-65.405,-4.6E-02));
#16495 = DIRECTION('',(-0.,-0.,-1.));
#16496 = DIRECTION('',(-0.,-1.,0.));
#16497 = ADVANCED_FACE('',(#16498),#16514,.F.);
#16498 = FACE_BOUND('',#16499,.T.);
#16499 = EDGE_LOOP('',(#16500,#16506,#16507,#16513));
#16500 = ORIENTED_EDGE('',*,*,#16501,.F.);
#16501 = EDGE_CURVE('',#3655,#8800,#16502,.T.);
#16502 = LINE('',#16503,#16504);
#16503 = CARTESIAN_POINT('',(145.288,-82.15625,-4.6E-02));
#16504 = VECTOR('',#16505,1.);
#16505 = DIRECTION('',(0.,0.,1.));
#16506 = ORIENTED_EDGE('',*,*,#3654,.T.);
#16507 = ORIENTED_EDGE('',*,*,#16508,.F.);
#16508 = EDGE_CURVE('',#8802,#3657,#16509,.T.);
#16509 = LINE('',#16510,#16511);
#16510 = CARTESIAN_POINT('',(145.15267430342,-82.13266327799,-4.6E-02));
#16511 = VECTOR('',#16512,1.);
#16512 = DIRECTION('',(-0.,-0.,-1.));
#16513 = ORIENTED_EDGE('',*,*,#8799,.F.);
#16514 = CYLINDRICAL_SURFACE('',#16515,0.4);
#16515 = AXIS2_PLACEMENT_3D('',#16516,#16517,#16518);
#16516 = CARTESIAN_POINT('',(145.288,-81.75625,-4.6E-02));
#16517 = DIRECTION('',(-0.,-0.,-1.));
#16518 = DIRECTION('',(-0.,-1.,0.));
#16519 = ADVANCED_FACE('',(#16520),#16531,.F.);
#16520 = FACE_BOUND('',#16521,.T.);
#16521 = EDGE_LOOP('',(#16522,#16523,#16524,#16525));
#16522 = ORIENTED_EDGE('',*,*,#3674,.T.);
#16523 = ORIENTED_EDGE('',*,*,#16501,.T.);
#16524 = ORIENTED_EDGE('',*,*,#8819,.F.);
#16525 = ORIENTED_EDGE('',*,*,#16526,.T.);
#16526 = EDGE_CURVE('',#8811,#3666,#16527,.T.);
#16527 = LINE('',#16528,#16529);
#16528 = CARTESIAN_POINT('',(145.03501887817,-82.06608955847,-4.6E-02));
#16529 = VECTOR('',#16530,1.);
#16530 = DIRECTION('',(-0.,-0.,-1.));
#16531 = CYLINDRICAL_SURFACE('',#16532,0.4);
#16532 = AXIS2_PLACEMENT_3D('',#16533,#16534,#16535);
#16533 = CARTESIAN_POINT('',(145.288,-81.75625,-4.6E-02));
#16534 = DIRECTION('',(-0.,-0.,-1.));
#16535 = DIRECTION('',(-0.,-1.,0.));
#16536 = ADVANCED_FACE('',(#16537),#16553,.T.);
#16537 = FACE_BOUND('',#16538,.T.);
#16538 = EDGE_LOOP('',(#16539,#16545,#16546,#16552));
#16539 = ORIENTED_EDGE('',*,*,#16540,.T.);
#16540 = EDGE_CURVE('',#3684,#8829,#16541,.T.);
#16541 = LINE('',#16542,#16543);
#16542 = CARTESIAN_POINT('',(146.52832,-76.0827,0.));
#16543 = VECTOR('',#16544,1.);
#16544 = DIRECTION('',(0.,0.,1.));
#16545 = ORIENTED_EDGE('',*,*,#8828,.T.);
#16546 = ORIENTED_EDGE('',*,*,#16547,.F.);
#16547 = EDGE_CURVE('',#3686,#8831,#16548,.T.);
#16548 = LINE('',#16549,#16550);
#16549 = CARTESIAN_POINT('',(145.888017,-76.764938,0.));
#16550 = VECTOR('',#16551,1.);
#16551 = DIRECTION('',(0.,0.,1.));
#16552 = ORIENTED_EDGE('',*,*,#3683,.F.);
#16553 = PLANE('',#16554);
#16554 = AXIS2_PLACEMENT_3D('',#16555,#16556,#16557);
#16555 = CARTESIAN_POINT('',(146.52832,-76.0827,0.));
#16556 = DIRECTION('',(0.729161199504,-0.68434197967,0.));
#16557 = DIRECTION('',(-0.68434197967,-0.729161199504,0.));
#16558 = ADVANCED_FACE('',(#16559),#16570,.T.);
#16559 = FACE_BOUND('',#16560,.T.);
#16560 = EDGE_LOOP('',(#16561,#16562,#16563,#16569));
#16561 = ORIENTED_EDGE('',*,*,#16547,.T.);
#16562 = ORIENTED_EDGE('',*,*,#9014,.T.);
#16563 = ORIENTED_EDGE('',*,*,#16564,.F.);
#16564 = EDGE_CURVE('',#3862,#9007,#16565,.T.);
#16565 = LINE('',#16566,#16567);
#16566 = CARTESIAN_POINT('',(145.910953,-76.816205,0.));
#16567 = VECTOR('',#16568,1.);
#16568 = DIRECTION('',(0.,0.,1.));
#16569 = ORIENTED_EDGE('',*,*,#3869,.F.);
#16570 = PLANE('',#16571);
#16571 = AXIS2_PLACEMENT_3D('',#16572,#16573,#16574);
#16572 = CARTESIAN_POINT('',(145.888017,-76.764938,0.));
#16573 = DIRECTION('',(0.912813186674,0.408377382128,-0.));
#16574 = DIRECTION('',(0.408377382128,-0.912813186674,0.));
#16575 = ADVANCED_FACE('',(#16576),#16587,.T.);
#16576 = FACE_BOUND('',#16577,.T.);
#16577 = EDGE_LOOP('',(#16578,#16579,#16580,#16586));
#16578 = ORIENTED_EDGE('',*,*,#16564,.T.);
#16579 = ORIENTED_EDGE('',*,*,#9006,.T.);
#16580 = ORIENTED_EDGE('',*,*,#16581,.F.);
#16581 = EDGE_CURVE('',#3854,#8999,#16582,.T.);
#16582 = LINE('',#16583,#16584);
#16583 = CARTESIAN_POINT('',(145.937502,-76.981816,0.));
#16584 = VECTOR('',#16585,1.);
#16585 = DIRECTION('',(0.,0.,1.));
#16586 = ORIENTED_EDGE('',*,*,#3861,.F.);
#16587 = PLANE('',#16588);
#16588 = AXIS2_PLACEMENT_3D('',#16589,#16590,#16591);
#16589 = CARTESIAN_POINT('',(145.910953,-76.816205,0.));
#16590 = DIRECTION('',(0.98739292722,0.158288367468,-0.));
#16591 = DIRECTION('',(0.158288367468,-0.98739292722,0.));
#16592 = ADVANCED_FACE('',(#16593),#16604,.T.);
#16593 = FACE_BOUND('',#16594,.T.);
#16594 = EDGE_LOOP('',(#16595,#16596,#16597,#16603));
#16595 = ORIENTED_EDGE('',*,*,#16581,.T.);
#16596 = ORIENTED_EDGE('',*,*,#8998,.T.);
#16597 = ORIENTED_EDGE('',*,*,#16598,.F.);
#16598 = EDGE_CURVE('',#3846,#8991,#16599,.T.);
#16599 = LINE('',#16600,#16601);
#16600 = CARTESIAN_POINT('',(145.937502,-78.3875,0.));
#16601 = VECTOR('',#16602,1.);
#16602 = DIRECTION('',(0.,0.,1.));
#16603 = ORIENTED_EDGE('',*,*,#3853,.F.);
#16604 = PLANE('',#16605);
#16605 = AXIS2_PLACEMENT_3D('',#16606,#16607,#16608);
#16606 = CARTESIAN_POINT('',(145.937502,-76.981816,0.));
#16607 = DIRECTION('',(1.,0.,-0.));
#16608 = DIRECTION('',(0.,-1.,0.));
#16609 = ADVANCED_FACE('',(#16610),#16621,.T.);
#16610 = FACE_BOUND('',#16611,.T.);
#16611 = EDGE_LOOP('',(#16612,#16613,#16614,#16620));
#16612 = ORIENTED_EDGE('',*,*,#16598,.T.);
#16613 = ORIENTED_EDGE('',*,*,#8990,.T.);
#16614 = ORIENTED_EDGE('',*,*,#16615,.F.);
#16615 = EDGE_CURVE('',#3838,#8983,#16616,.T.);
#16616 = LINE('',#16617,#16618);
#16617 = CARTESIAN_POINT('',(145.888017,-78.604378,0.));
#16618 = VECTOR('',#16619,1.);
#16619 = DIRECTION('',(0.,0.,1.));
#16620 = ORIENTED_EDGE('',*,*,#3845,.F.);
#16621 = PLANE('',#16622);
#16622 = AXIS2_PLACEMENT_3D('',#16623,#16624,#16625);
#16623 = CARTESIAN_POINT('',(145.937502,-78.3875,0.));
#16624 = DIRECTION('',(0.974943502008,-0.222452619431,0.));
#16625 = DIRECTION('',(-0.222452619431,-0.974943502008,0.));
#16626 = ADVANCED_FACE('',(#16627),#16638,.T.);
#16627 = FACE_BOUND('',#16628,.T.);
#16628 = EDGE_LOOP('',(#16629,#16630,#16631,#16637));
#16629 = ORIENTED_EDGE('',*,*,#16615,.T.);
#16630 = ORIENTED_EDGE('',*,*,#8982,.T.);
#16631 = ORIENTED_EDGE('',*,*,#16632,.F.);
#16632 = EDGE_CURVE('',#3830,#8975,#16633,.T.);
#16633 = LINE('',#16634,#16635);
#16634 = CARTESIAN_POINT('',(145.859464,-78.669339,0.));
#16635 = VECTOR('',#16636,1.);
#16636 = DIRECTION('',(0.,0.,1.));
#16637 = ORIENTED_EDGE('',*,*,#3837,.F.);
#16638 = PLANE('',#16639);
#16639 = AXIS2_PLACEMENT_3D('',#16640,#16641,#16642);
#16640 = CARTESIAN_POINT('',(145.888017,-78.604378,0.));
#16641 = DIRECTION('',(0.915469983318,-0.402386269203,0.));
#16642 = DIRECTION('',(-0.402386269203,-0.915469983318,0.));
#16643 = ADVANCED_FACE('',(#16644),#16655,.T.);
#16644 = FACE_BOUND('',#16645,.T.);
#16645 = EDGE_LOOP('',(#16646,#16647,#16648,#16654));
#16646 = ORIENTED_EDGE('',*,*,#16632,.T.);
#16647 = ORIENTED_EDGE('',*,*,#8974,.T.);
#16648 = ORIENTED_EDGE('',*,*,#16649,.F.);
#16649 = EDGE_CURVE('',#3822,#8967,#16650,.T.);
#16650 = LINE('',#16651,#16652);
#16651 = CARTESIAN_POINT('',(146.59079,-79.252955,0.));
#16652 = VECTOR('',#16653,1.);
#16653 = DIRECTION('',(0.,0.,1.));
#16654 = ORIENTED_EDGE('',*,*,#3829,.F.);
#16655 = PLANE('',#16656);
#16656 = AXIS2_PLACEMENT_3D('',#16657,#16658,#16659);
#16657 = CARTESIAN_POINT('',(145.859464,-78.669339,0.));
#16658 = DIRECTION('',(0.623753030467,0.781621492145,-0.));
#16659 = DIRECTION('',(0.781621492145,-0.623753030467,0.));
#16660 = ADVANCED_FACE('',(#16661),#16672,.T.);
#16661 = FACE_BOUND('',#16662,.T.);
#16662 = EDGE_LOOP('',(#16663,#16664,#16665,#16671));
#16663 = ORIENTED_EDGE('',*,*,#16649,.T.);
#16664 = ORIENTED_EDGE('',*,*,#8966,.T.);
#16665 = ORIENTED_EDGE('',*,*,#16666,.F.);
#16666 = EDGE_CURVE('',#3814,#8959,#16667,.T.);
#16667 = LINE('',#16668,#16669);
#16668 = CARTESIAN_POINT('',(146.64899,-79.221298,0.));
#16669 = VECTOR('',#16670,1.);
#16670 = DIRECTION('',(0.,0.,1.));
#16671 = ORIENTED_EDGE('',*,*,#3821,.F.);
#16672 = PLANE('',#16673);
#16673 = AXIS2_PLACEMENT_3D('',#16674,#16675,#16676);
#16674 = CARTESIAN_POINT('',(146.59079,-79.252955,0.));
#16675 = DIRECTION('',(-0.477822831046,0.878456226645,0.));
#16676 = DIRECTION('',(0.878456226645,0.477822831046,0.));
#16677 = ADVANCED_FACE('',(#16678),#16689,.T.);
#16678 = FACE_BOUND('',#16679,.T.);
#16679 = EDGE_LOOP('',(#16680,#16681,#16682,#16688));
#16680 = ORIENTED_EDGE('',*,*,#16666,.T.);
#16681 = ORIENTED_EDGE('',*,*,#8958,.T.);
#16682 = ORIENTED_EDGE('',*,*,#16683,.F.);
#16683 = EDGE_CURVE('',#3806,#8951,#16684,.T.);
#16684 = LINE('',#16685,#16686);
#16685 = CARTESIAN_POINT('',(146.843049,-79.184658,0.));
#16686 = VECTOR('',#16687,1.);
#16687 = DIRECTION('',(0.,0.,1.));
#16688 = ORIENTED_EDGE('',*,*,#3813,.F.);
#16689 = PLANE('',#16690);
#16690 = AXIS2_PLACEMENT_3D('',#16691,#16692,#16693);
#16691 = CARTESIAN_POINT('',(146.64899,-79.221298,0.));
#16692 = DIRECTION('',(-0.18553055753,0.982638495187,0.));
#16693 = DIRECTION('',(0.982638495187,0.18553055753,0.));
#16694 = ADVANCED_FACE('',(#16695),#16706,.T.);
#16695 = FACE_BOUND('',#16696,.T.);
#16696 = EDGE_LOOP('',(#16697,#16698,#16699,#16705));
#16697 = ORIENTED_EDGE('',*,*,#16683,.T.);
#16698 = ORIENTED_EDGE('',*,*,#8950,.T.);
#16699 = ORIENTED_EDGE('',*,*,#16700,.F.);
#16700 = EDGE_CURVE('',#3798,#8943,#16701,.T.);
#16701 = LINE('',#16702,#16703);
#16702 = CARTESIAN_POINT('',(148.431953,-79.184658,0.));
#16703 = VECTOR('',#16704,1.);
#16704 = DIRECTION('',(0.,0.,1.));
#16705 = ORIENTED_EDGE('',*,*,#3805,.F.);
#16706 = PLANE('',#16707);
#16707 = AXIS2_PLACEMENT_3D('',#16708,#16709,#16710);
#16708 = CARTESIAN_POINT('',(146.843049,-79.184658,0.));
#16709 = DIRECTION('',(0.,1.,0.));
#16710 = DIRECTION('',(1.,0.,0.));
#16711 = ADVANCED_FACE('',(#16712),#16723,.T.);
#16712 = FACE_BOUND('',#16713,.T.);
#16713 = EDGE_LOOP('',(#16714,#16715,#16716,#16722));
#16714 = ORIENTED_EDGE('',*,*,#16700,.T.);
#16715 = ORIENTED_EDGE('',*,*,#8942,.T.);
#16716 = ORIENTED_EDGE('',*,*,#16717,.F.);
#16717 = EDGE_CURVE('',#3790,#8935,#16718,.T.);
#16718 = LINE('',#16719,#16720);
#16719 = CARTESIAN_POINT('',(148.684212,-79.252957,0.));
#16720 = VECTOR('',#16721,1.);
#16721 = DIRECTION('',(0.,0.,1.));
#16722 = ORIENTED_EDGE('',*,*,#3797,.F.);
#16723 = PLANE('',#16724);
#16724 = AXIS2_PLACEMENT_3D('',#16725,#16726,#16727);
#16725 = CARTESIAN_POINT('',(148.431953,-79.184658,0.));
#16726 = DIRECTION('',(0.261340091681,0.965246785273,-0.));
#16727 = DIRECTION('',(0.965246785273,-0.261340091681,0.));
#16728 = ADVANCED_FACE('',(#16729),#16740,.T.);
#16729 = FACE_BOUND('',#16730,.T.);
#16730 = EDGE_LOOP('',(#16731,#16732,#16733,#16739));
#16731 = ORIENTED_EDGE('',*,*,#16717,.T.);
#16732 = ORIENTED_EDGE('',*,*,#8934,.T.);
#16733 = ORIENTED_EDGE('',*,*,#16734,.F.);
#16734 = EDGE_CURVE('',#3782,#8927,#16735,.T.);
#16735 = LINE('',#16736,#16737);
#16736 = CARTESIAN_POINT('',(148.746676,-79.286618,0.));
#16737 = VECTOR('',#16738,1.);
#16738 = DIRECTION('',(0.,0.,1.));
#16739 = ORIENTED_EDGE('',*,*,#3789,.F.);
#16740 = PLANE('',#16741);
#16741 = AXIS2_PLACEMENT_3D('',#16742,#16743,#16744);
#16742 = CARTESIAN_POINT('',(148.684212,-79.252957,0.));
#16743 = DIRECTION('',(0.474389741398,0.880314928453,-0.));
#16744 = DIRECTION('',(0.880314928453,-0.474389741398,0.));
#16745 = ADVANCED_FACE('',(#16746),#16757,.T.);
#16746 = FACE_BOUND('',#16747,.T.);
#16747 = EDGE_LOOP('',(#16748,#16749,#16750,#16756));
#16748 = ORIENTED_EDGE('',*,*,#16734,.T.);
#16749 = ORIENTED_EDGE('',*,*,#8926,.T.);
#16750 = ORIENTED_EDGE('',*,*,#16751,.F.);
#16751 = EDGE_CURVE('',#3774,#8919,#16752,.T.);
#16752 = LINE('',#16753,#16754);
#16753 = CARTESIAN_POINT('',(149.386985,-78.604377,0.));
#16754 = VECTOR('',#16755,1.);
#16755 = DIRECTION('',(0.,0.,1.));
#16756 = ORIENTED_EDGE('',*,*,#3781,.F.);
#16757 = PLANE('',#16758);
#16758 = AXIS2_PLACEMENT_3D('',#16759,#16760,#16761);
#16759 = CARTESIAN_POINT('',(148.746676,-79.286618,0.));
#16760 = DIRECTION('',(-0.729159501222,0.684343789171,0.));
#16761 = DIRECTION('',(0.684343789171,0.729159501222,0.));
#16762 = ADVANCED_FACE('',(#16763),#16774,.T.);
#16763 = FACE_BOUND('',#16764,.T.);
#16764 = EDGE_LOOP('',(#16765,#16766,#16767,#16773));
#16765 = ORIENTED_EDGE('',*,*,#16751,.T.);
#16766 = ORIENTED_EDGE('',*,*,#8918,.T.);
#16767 = ORIENTED_EDGE('',*,*,#16768,.F.);
#16768 = EDGE_CURVE('',#3766,#8911,#16769,.T.);
#16769 = LINE('',#16770,#16771);
#16770 = CARTESIAN_POINT('',(149.364048,-78.553111,0.));
#16771 = VECTOR('',#16772,1.);
#16772 = DIRECTION('',(0.,0.,1.));
#16773 = ORIENTED_EDGE('',*,*,#3773,.F.);
#16774 = PLANE('',#16775);
#16775 = AXIS2_PLACEMENT_3D('',#16776,#16777,#16778);
#16776 = CARTESIAN_POINT('',(149.386985,-78.604377,0.));
#16777 = DIRECTION('',(-0.912803579703,-0.408398855141,0.));
#16778 = DIRECTION('',(-0.408398855141,0.912803579703,0.));
#16779 = ADVANCED_FACE('',(#16780),#16791,.T.);
#16780 = FACE_BOUND('',#16781,.T.);
#16781 = EDGE_LOOP('',(#16782,#16783,#16784,#16790));
#16782 = ORIENTED_EDGE('',*,*,#16768,.T.);
#16783 = ORIENTED_EDGE('',*,*,#8910,.T.);
#16784 = ORIENTED_EDGE('',*,*,#16785,.F.);
#16785 = EDGE_CURVE('',#3758,#8903,#16786,.T.);
#16786 = LINE('',#16787,#16788);
#16787 = CARTESIAN_POINT('',(149.3375,-78.3875,0.));
#16788 = VECTOR('',#16789,1.);
#16789 = DIRECTION('',(0.,0.,1.));
#16790 = ORIENTED_EDGE('',*,*,#3765,.F.);
#16791 = PLANE('',#16792);
#16792 = AXIS2_PLACEMENT_3D('',#16793,#16794,#16795);
#16793 = CARTESIAN_POINT('',(149.364048,-78.553111,0.));
#16794 = DIRECTION('',(-0.987393859041,-0.15828255472,0.));
#16795 = DIRECTION('',(-0.15828255472,0.987393859041,0.));
#16796 = ADVANCED_FACE('',(#16797),#16808,.T.);
#16797 = FACE_BOUND('',#16798,.T.);
#16798 = EDGE_LOOP('',(#16799,#16800,#16801,#16807));
#16799 = ORIENTED_EDGE('',*,*,#16785,.T.);
#16800 = ORIENTED_EDGE('',*,*,#8902,.T.);
#16801 = ORIENTED_EDGE('',*,*,#16802,.F.);
#16802 = EDGE_CURVE('',#3750,#8895,#16803,.T.);
#16803 = LINE('',#16804,#16805);
#16804 = CARTESIAN_POINT('',(149.3375,-76.981816,0.));
#16805 = VECTOR('',#16806,1.);
#16806 = DIRECTION('',(0.,0.,1.));
#16807 = ORIENTED_EDGE('',*,*,#3757,.F.);
#16808 = PLANE('',#16809);
#16809 = AXIS2_PLACEMENT_3D('',#16810,#16811,#16812);
#16810 = CARTESIAN_POINT('',(149.3375,-78.3875,0.));
#16811 = DIRECTION('',(-1.,0.,0.));
#16812 = DIRECTION('',(0.,1.,0.));
#16813 = ADVANCED_FACE('',(#16814),#16825,.T.);
#16814 = FACE_BOUND('',#16815,.T.);
#16815 = EDGE_LOOP('',(#16816,#16817,#16818,#16824));
#16816 = ORIENTED_EDGE('',*,*,#16802,.T.);
#16817 = ORIENTED_EDGE('',*,*,#8894,.T.);
#16818 = ORIENTED_EDGE('',*,*,#16819,.F.);
#16819 = EDGE_CURVE('',#3742,#8887,#16820,.T.);
#16820 = LINE('',#16821,#16822);
#16821 = CARTESIAN_POINT('',(149.386985,-76.764938,0.));
#16822 = VECTOR('',#16823,1.);
#16823 = DIRECTION('',(0.,0.,1.));
#16824 = ORIENTED_EDGE('',*,*,#3749,.F.);
#16825 = PLANE('',#16826);
#16826 = AXIS2_PLACEMENT_3D('',#16827,#16828,#16829);
#16827 = CARTESIAN_POINT('',(149.3375,-76.981816,0.));
#16828 = DIRECTION('',(-0.974943502008,0.222452619431,0.));
#16829 = DIRECTION('',(0.222452619431,0.974943502008,0.));
#16830 = ADVANCED_FACE('',(#16831),#16842,.T.);
#16831 = FACE_BOUND('',#16832,.T.);
#16832 = EDGE_LOOP('',(#16833,#16834,#16835,#16841));
#16833 = ORIENTED_EDGE('',*,*,#16819,.T.);
#16834 = ORIENTED_EDGE('',*,*,#8886,.T.);
#16835 = ORIENTED_EDGE('',*,*,#16836,.F.);
#16836 = EDGE_CURVE('',#3734,#8879,#16837,.T.);
#16837 = LINE('',#16838,#16839);
#16838 = CARTESIAN_POINT('',(149.415524,-76.699984,0.));
#16839 = VECTOR('',#16840,1.);
#16840 = DIRECTION('',(0.,0.,1.));
#16841 = ORIENTED_EDGE('',*,*,#3741,.F.);
#16842 = PLANE('',#16843);
#16843 = AXIS2_PLACEMENT_3D('',#16844,#16845,#16846);
#16844 = CARTESIAN_POINT('',(149.386985,-76.764938,0.));
#16845 = DIRECTION('',(-0.915526689869,0.402257231305,0.));
#16846 = DIRECTION('',(0.402257231305,0.915526689869,0.));
#16847 = ADVANCED_FACE('',(#16848),#16859,.T.);
#16848 = FACE_BOUND('',#16849,.T.);
#16849 = EDGE_LOOP('',(#16850,#16851,#16852,#16858));
#16850 = ORIENTED_EDGE('',*,*,#16836,.T.);
#16851 = ORIENTED_EDGE('',*,*,#8878,.T.);
#16852 = ORIENTED_EDGE('',*,*,#16853,.F.);
#16853 = EDGE_CURVE('',#3726,#8871,#16854,.T.);
#16854 = LINE('',#16855,#16856);
#16855 = CARTESIAN_POINT('',(148.684212,-76.11636,0.));
#16856 = VECTOR('',#16857,1.);
#16857 = DIRECTION('',(0.,0.,1.));
#16858 = ORIENTED_EDGE('',*,*,#3733,.F.);
#16859 = PLANE('',#16860);
#16860 = AXIS2_PLACEMENT_3D('',#16861,#16862,#16863);
#16861 = CARTESIAN_POINT('',(149.415524,-76.699984,0.));
#16862 = DIRECTION('',(-0.623765549005,-0.781611501882,0.));
#16863 = DIRECTION('',(-0.781611501882,0.623765549005,0.));
#16864 = ADVANCED_FACE('',(#16865),#16876,.T.);
#16865 = FACE_BOUND('',#16866,.T.);
#16866 = EDGE_LOOP('',(#16867,#16868,#16869,#16875));
#16867 = ORIENTED_EDGE('',*,*,#16853,.T.);
#16868 = ORIENTED_EDGE('',*,*,#8870,.T.);
#16869 = ORIENTED_EDGE('',*,*,#16870,.F.);
#16870 = EDGE_CURVE('',#3718,#8863,#16871,.T.);
#16871 = LINE('',#16872,#16873);
#16872 = CARTESIAN_POINT('',(148.626011,-76.14801,0.));
#16873 = VECTOR('',#16874,1.);
#16874 = DIRECTION('',(0.,0.,1.));
#16875 = ORIENTED_EDGE('',*,*,#3725,.F.);
#16876 = PLANE('',#16877);
#16877 = AXIS2_PLACEMENT_3D('',#16878,#16879,#16880);
#16878 = CARTESIAN_POINT('',(148.684212,-76.11636,0.));
#16879 = DIRECTION('',(0.47773495646,-0.878504018987,0.));
#16880 = DIRECTION('',(-0.878504018987,-0.47773495646,0.));
#16881 = ADVANCED_FACE('',(#16882),#16893,.T.);
#16882 = FACE_BOUND('',#16883,.T.);
#16883 = EDGE_LOOP('',(#16884,#16885,#16886,#16892));
#16884 = ORIENTED_EDGE('',*,*,#16870,.T.);
#16885 = ORIENTED_EDGE('',*,*,#8862,.T.);
#16886 = ORIENTED_EDGE('',*,*,#16887,.F.);
#16887 = EDGE_CURVE('',#3710,#8855,#16888,.T.);
#16888 = LINE('',#16889,#16890);
#16889 = CARTESIAN_POINT('',(148.431954,-76.184659,0.));
#16890 = VECTOR('',#16891,1.);
#16891 = DIRECTION('',(0.,0.,1.));
#16892 = ORIENTED_EDGE('',*,*,#3717,.F.);
#16893 = PLANE('',#16894);
#16894 = AXIS2_PLACEMENT_3D('',#16895,#16896,#16897);
#16895 = CARTESIAN_POINT('',(148.626011,-76.14801,0.));
#16896 = DIRECTION('',(0.185576407469,-0.982629837218,0.));
#16897 = DIRECTION('',(-0.982629837218,-0.185576407469,0.));
#16898 = ADVANCED_FACE('',(#16899),#16910,.T.);
#16899 = FACE_BOUND('',#16900,.T.);
#16900 = EDGE_LOOP('',(#16901,#16902,#16903,#16909));
#16901 = ORIENTED_EDGE('',*,*,#16887,.T.);
#16902 = ORIENTED_EDGE('',*,*,#8854,.T.);
#16903 = ORIENTED_EDGE('',*,*,#16904,.F.);
#16904 = EDGE_CURVE('',#3702,#8847,#16905,.T.);
#16905 = LINE('',#16906,#16907);
#16906 = CARTESIAN_POINT('',(146.843049,-76.184659,0.));
#16907 = VECTOR('',#16908,1.);
#16908 = DIRECTION('',(0.,0.,1.));
#16909 = ORIENTED_EDGE('',*,*,#3709,.F.);
#16910 = PLANE('',#16911);
#16911 = AXIS2_PLACEMENT_3D('',#16912,#16913,#16914);
#16912 = CARTESIAN_POINT('',(148.431954,-76.184659,0.));
#16913 = DIRECTION('',(0.,-1.,0.));
#16914 = DIRECTION('',(-1.,0.,0.));
#16915 = ADVANCED_FACE('',(#16916),#16927,.T.);
#16916 = FACE_BOUND('',#16917,.T.);
#16917 = EDGE_LOOP('',(#16918,#16919,#16920,#16926));
#16918 = ORIENTED_EDGE('',*,*,#16904,.T.);
#16919 = ORIENTED_EDGE('',*,*,#8846,.T.);
#16920 = ORIENTED_EDGE('',*,*,#16921,.F.);
#16921 = EDGE_CURVE('',#3694,#8839,#16922,.T.);
#16922 = LINE('',#16923,#16924);
#16923 = CARTESIAN_POINT('',(146.59079,-76.116359,0.));
#16924 = VECTOR('',#16925,1.);
#16925 = DIRECTION('',(0.,0.,1.));
#16926 = ORIENTED_EDGE('',*,*,#3701,.F.);
#16927 = PLANE('',#16928);
#16928 = AXIS2_PLACEMENT_3D('',#16929,#16930,#16931);
#16929 = CARTESIAN_POINT('',(146.843049,-76.184659,0.));
#16930 = DIRECTION('',(-0.261343656749,-0.965245820026,0.));
#16931 = DIRECTION('',(-0.965245820026,0.261343656749,0.));
#16932 = ADVANCED_FACE('',(#16933),#16939,.T.);
#16933 = FACE_BOUND('',#16934,.T.);
#16934 = EDGE_LOOP('',(#16935,#16936,#16937,#16938));
#16935 = ORIENTED_EDGE('',*,*,#16921,.T.);
#16936 = ORIENTED_EDGE('',*,*,#8838,.T.);
#16937 = ORIENTED_EDGE('',*,*,#16540,.F.);
#16938 = ORIENTED_EDGE('',*,*,#3693,.F.);
#16939 = PLANE('',#16940);
#16940 = AXIS2_PLACEMENT_3D('',#16941,#16942,#16943);
#16941 = CARTESIAN_POINT('',(146.59079,-76.116359,0.));
#16942 = DIRECTION('',(-0.474332587922,-0.880345725289,0.));
#16943 = DIRECTION('',(-0.880345725289,0.474332587922,0.));
#16944 = ADVANCED_FACE('',(#16945),#16956,.F.);
#16945 = FACE_BOUND('',#16946,.T.);
#16946 = EDGE_LOOP('',(#16947,#16948,#16954,#16955));
#16947 = ORIENTED_EDGE('',*,*,#3877,.T.);
#16948 = ORIENTED_EDGE('',*,*,#16949,.T.);
#16949 = EDGE_CURVE('',#3878,#9023,#16950,.T.);
#16950 = LINE('',#16951,#16952);
#16951 = CARTESIAN_POINT('',(152.908,-82.15625,-4.6E-02));
#16952 = VECTOR('',#16953,1.);
#16953 = DIRECTION('',(0.,0.,1.));
#16954 = ORIENTED_EDGE('',*,*,#9022,.F.);
#16955 = ORIENTED_EDGE('',*,*,#16949,.F.);
#16956 = CYLINDRICAL_SURFACE('',#16957,0.4);
#16957 = AXIS2_PLACEMENT_3D('',#16958,#16959,#16960);
#16958 = CARTESIAN_POINT('',(152.908,-81.75625,-4.6E-02));
#16959 = DIRECTION('',(-0.,-0.,-1.));
#16960 = DIRECTION('',(-7.105427357601E-14,-1.,0.));
#16961 = ADVANCED_FACE('',(#16962),#16973,.F.);
#16962 = FACE_BOUND('',#16963,.T.);
#16963 = EDGE_LOOP('',(#16964,#16965,#16971,#16972));
#16964 = ORIENTED_EDGE('',*,*,#3888,.T.);
#16965 = ORIENTED_EDGE('',*,*,#16966,.T.);
#16966 = EDGE_CURVE('',#3889,#9034,#16967,.T.);
#16967 = LINE('',#16968,#16969);
#16968 = CARTESIAN_POINT('',(155.2625,-81.145,-4.6E-02));
#16969 = VECTOR('',#16970,1.);
#16970 = DIRECTION('',(0.,0.,1.));
#16971 = ORIENTED_EDGE('',*,*,#9033,.F.);
#16972 = ORIENTED_EDGE('',*,*,#16966,.F.);
#16973 = CYLINDRICAL_SURFACE('',#16974,0.5);
#16974 = AXIS2_PLACEMENT_3D('',#16975,#16976,#16977);
#16975 = CARTESIAN_POINT('',(155.2625,-80.645,-4.6E-02));
#16976 = DIRECTION('',(-0.,-0.,-1.));
#16977 = DIRECTION('',(-0.,-1.,0.));
#16978 = ADVANCED_FACE('',(#16979),#16990,.F.);
#16979 = FACE_BOUND('',#16980,.T.);
#16980 = EDGE_LOOP('',(#16981,#16982,#16988,#16989));
#16981 = ORIENTED_EDGE('',*,*,#3899,.T.);
#16982 = ORIENTED_EDGE('',*,*,#16983,.T.);
#16983 = EDGE_CURVE('',#3900,#9045,#16984,.T.);
#16984 = LINE('',#16985,#16986);
#16985 = CARTESIAN_POINT('',(155.2625,-78.605,-4.6E-02));
#16986 = VECTOR('',#16987,1.);
#16987 = DIRECTION('',(0.,0.,1.));
#16988 = ORIENTED_EDGE('',*,*,#9044,.F.);
#16989 = ORIENTED_EDGE('',*,*,#16983,.F.);
#16990 = CYLINDRICAL_SURFACE('',#16991,0.5);
#16991 = AXIS2_PLACEMENT_3D('',#16992,#16993,#16994);
#16992 = CARTESIAN_POINT('',(155.2625,-78.105,-4.6E-02));
#16993 = DIRECTION('',(-0.,-0.,-1.));
#16994 = DIRECTION('',(-0.,-1.,0.));
#16995 = ADVANCED_FACE('',(#16996),#17007,.F.);
#16996 = FACE_BOUND('',#16997,.T.);
#16997 = EDGE_LOOP('',(#16998,#16999,#17005,#17006));
#16998 = ORIENTED_EDGE('',*,*,#3910,.T.);
#16999 = ORIENTED_EDGE('',*,*,#17000,.T.);
#17000 = EDGE_CURVE('',#3911,#9056,#17001,.T.);
#17001 = LINE('',#17002,#17003);
#17002 = CARTESIAN_POINT('',(155.2625,-76.065,-4.6E-02));
#17003 = VECTOR('',#17004,1.);
#17004 = DIRECTION('',(0.,0.,1.));
#17005 = ORIENTED_EDGE('',*,*,#9055,.F.);
#17006 = ORIENTED_EDGE('',*,*,#17000,.F.);
#17007 = CYLINDRICAL_SURFACE('',#17008,0.5);
#17008 = AXIS2_PLACEMENT_3D('',#17009,#17010,#17011);
#17009 = CARTESIAN_POINT('',(155.2625,-75.565,-4.6E-02));
#17010 = DIRECTION('',(-0.,-0.,-1.));
#17011 = DIRECTION('',(-0.,-1.,0.));
#17012 = ADVANCED_FACE('',(#17013),#17029,.F.);
#17013 = FACE_BOUND('',#17014,.T.);
#17014 = EDGE_LOOP('',(#17015,#17021,#17022,#17028));
#17015 = ORIENTED_EDGE('',*,*,#17016,.T.);
#17016 = EDGE_CURVE('',#9067,#3922,#17017,.T.);
#17017 = LINE('',#17018,#17019);
#17018 = CARTESIAN_POINT('',(141.70753690954,-73.01707883468,-4.6E-02));
#17019 = VECTOR('',#17020,1.);
#17020 = DIRECTION('',(-0.,-0.,-1.));
#17021 = ORIENTED_EDGE('',*,*,#3921,.T.);
#17022 = ORIENTED_EDGE('',*,*,#17023,.F.);
#17023 = EDGE_CURVE('',#9069,#3924,#17024,.T.);
#17024 = LINE('',#17025,#17026);
#17025 = CARTESIAN_POINT('',(143.05727254462,-73.71255174615,-4.6E-02));
#17026 = VECTOR('',#17027,1.);
#17027 = DIRECTION('',(-0.,-0.,-1.));
#17028 = ORIENTED_EDGE('',*,*,#9066,.F.);
#17029 = CYLINDRICAL_SURFACE('',#17030,0.85);
#17030 = AXIS2_PLACEMENT_3D('',#17031,#17032,#17033);
#17031 = CARTESIAN_POINT('',(142.5575,-73.025,-4.6E-02));
#17032 = DIRECTION('',(-0.,-0.,-1.));
#17033 = DIRECTION('',(-0.,-1.,0.));
#17034 = ADVANCED_FACE('',(#17035),#17046,.F.);
#17035 = FACE_BOUND('',#17036,.T.);
#17036 = EDGE_LOOP('',(#17037,#17038,#17044,#17045));
#17037 = ORIENTED_EDGE('',*,*,#3950,.T.);
#17038 = ORIENTED_EDGE('',*,*,#17039,.T.);
#17039 = EDGE_CURVE('',#3951,#9096,#17040,.T.);
#17040 = LINE('',#17041,#17042);
#17041 = CARTESIAN_POINT('',(143.8275,-71.235,-4.6E-02));
#17042 = VECTOR('',#17043,1.);
#17043 = DIRECTION('',(0.,0.,1.));
#17044 = ORIENTED_EDGE('',*,*,#9095,.F.);
#17045 = ORIENTED_EDGE('',*,*,#17039,.F.);
#17046 = CYLINDRICAL_SURFACE('',#17047,0.75);
#17047 = AXIS2_PLACEMENT_3D('',#17048,#17049,#17050);
#17048 = CARTESIAN_POINT('',(143.8275,-70.485,-4.6E-02));
#17049 = DIRECTION('',(-0.,-0.,-1.));
#17050 = DIRECTION('',(-0.,-1.,0.));
#17051 = ADVANCED_FACE('',(#17052),#17063,.F.);
#17052 = FACE_BOUND('',#17053,.T.);
#17053 = EDGE_LOOP('',(#17054,#17055,#17061,#17062));
#17054 = ORIENTED_EDGE('',*,*,#3961,.T.);
#17055 = ORIENTED_EDGE('',*,*,#17056,.T.);
#17056 = EDGE_CURVE('',#3962,#9107,#17057,.T.);
#17057 = LINE('',#17058,#17059);
#17058 = CARTESIAN_POINT('',(147.6375,-75.025,-4.6E-02));
#17059 = VECTOR('',#17060,1.);
#17060 = DIRECTION('',(0.,0.,1.));
#17061 = ORIENTED_EDGE('',*,*,#9106,.F.);
#17062 = ORIENTED_EDGE('',*,*,#17056,.F.);
#17063 = CYLINDRICAL_SURFACE('',#17064,2.);
#17064 = AXIS2_PLACEMENT_3D('',#17065,#17066,#17067);
#17065 = CARTESIAN_POINT('',(147.6375,-73.025,-4.6E-02));
#17066 = DIRECTION('',(-0.,-0.,-1.));
#17067 = DIRECTION('',(-0.,-1.,0.));
#17068 = ADVANCED_FACE('',(#17069),#17080,.F.);
#17069 = FACE_BOUND('',#17070,.T.);
#17070 = EDGE_LOOP('',(#17071,#17072,#17078,#17079));
#17071 = ORIENTED_EDGE('',*,*,#3972,.T.);
#17072 = ORIENTED_EDGE('',*,*,#17073,.T.);
#17073 = EDGE_CURVE('',#3973,#9118,#17074,.T.);
#17074 = LINE('',#17075,#17076);
#17075 = CARTESIAN_POINT('',(152.7175,-73.875,-4.6E-02));
#17076 = VECTOR('',#17077,1.);
#17077 = DIRECTION('',(0.,0.,1.));
#17078 = ORIENTED_EDGE('',*,*,#9117,.F.);
#17079 = ORIENTED_EDGE('',*,*,#17073,.F.);
#17080 = CYLINDRICAL_SURFACE('',#17081,0.85);
#17081 = AXIS2_PLACEMENT_3D('',#17082,#17083,#17084);
#17082 = CARTESIAN_POINT('',(152.7175,-73.025,-4.6E-02));
#17083 = DIRECTION('',(-0.,-0.,-1.));
#17084 = DIRECTION('',(-0.,-1.,0.));
#17085 = ADVANCED_FACE('',(#17086),#17097,.F.);
#17086 = FACE_BOUND('',#17087,.T.);
#17087 = EDGE_LOOP('',(#17088,#17089,#17095,#17096));
#17088 = ORIENTED_EDGE('',*,*,#3983,.T.);
#17089 = ORIENTED_EDGE('',*,*,#17090,.T.);
#17090 = EDGE_CURVE('',#3984,#9129,#17091,.T.);
#17091 = LINE('',#17092,#17093);
#17092 = CARTESIAN_POINT('',(155.2625,-73.525,-4.6E-02));
#17093 = VECTOR('',#17094,1.);
#17094 = DIRECTION('',(0.,0.,1.));
#17095 = ORIENTED_EDGE('',*,*,#9128,.F.);
#17096 = ORIENTED_EDGE('',*,*,#17090,.F.);
#17097 = CYLINDRICAL_SURFACE('',#17098,0.5);
#17098 = AXIS2_PLACEMENT_3D('',#17099,#17100,#17101);
#17099 = CARTESIAN_POINT('',(155.2625,-73.025,-4.6E-02));
#17100 = DIRECTION('',(-0.,-0.,-1.));
#17101 = DIRECTION('',(-0.,-1.,0.));
#17102 = ADVANCED_FACE('',(#17103),#17114,.F.);
#17103 = FACE_BOUND('',#17104,.T.);
#17104 = EDGE_LOOP('',(#17105,#17106,#17112,#17113));
#17105 = ORIENTED_EDGE('',*,*,#3994,.T.);
#17106 = ORIENTED_EDGE('',*,*,#17107,.T.);
#17107 = EDGE_CURVE('',#3995,#9140,#17108,.T.);
#17108 = LINE('',#17109,#17110);
#17109 = CARTESIAN_POINT('',(155.2625,-70.985,-4.6E-02));
#17110 = VECTOR('',#17111,1.);
#17111 = DIRECTION('',(0.,0.,1.));
#17112 = ORIENTED_EDGE('',*,*,#9139,.F.);
#17113 = ORIENTED_EDGE('',*,*,#17107,.F.);
#17114 = CYLINDRICAL_SURFACE('',#17115,0.5);
#17115 = AXIS2_PLACEMENT_3D('',#17116,#17117,#17118);
#17116 = CARTESIAN_POINT('',(155.2625,-70.485,-4.6E-02));
#17117 = DIRECTION('',(-0.,-0.,-1.));
#17118 = DIRECTION('',(-0.,-1.,0.));
#17119 = ADVANCED_FACE('',(#17120),#17131,.F.);
#17120 = FACE_BOUND('',#17121,.T.);
#17121 = EDGE_LOOP('',(#17122,#17123,#17129,#17130));
#17122 = ORIENTED_EDGE('',*,*,#4005,.T.);
#17123 = ORIENTED_EDGE('',*,*,#17124,.T.);
#17124 = EDGE_CURVE('',#4006,#9151,#17125,.T.);
#17125 = LINE('',#17126,#17127);
#17126 = CARTESIAN_POINT('',(150.1775,-68.695,-4.6E-02));
#17127 = VECTOR('',#17128,1.);
#17128 = DIRECTION('',(0.,0.,1.));
#17129 = ORIENTED_EDGE('',*,*,#9150,.F.);
#17130 = ORIENTED_EDGE('',*,*,#17124,.F.);
#17131 = CYLINDRICAL_SURFACE('',#17132,0.75);
#17132 = AXIS2_PLACEMENT_3D('',#17133,#17134,#17135);
#17133 = CARTESIAN_POINT('',(150.1775,-67.945,-4.6E-02));
#17134 = DIRECTION('',(-0.,-0.,-1.));
#17135 = DIRECTION('',(-0.,-1.,0.));
#17136 = ADVANCED_FACE('',(#17137),#17148,.F.);
#17137 = FACE_BOUND('',#17138,.T.);
#17138 = EDGE_LOOP('',(#17139,#17140,#17146,#17147));
#17139 = ORIENTED_EDGE('',*,*,#4016,.T.);
#17140 = ORIENTED_EDGE('',*,*,#17141,.T.);
#17141 = EDGE_CURVE('',#4017,#9162,#17142,.T.);
#17142 = LINE('',#17143,#17144);
#17143 = CARTESIAN_POINT('',(155.2625,-68.445,-4.6E-02));
#17144 = VECTOR('',#17145,1.);
#17145 = DIRECTION('',(0.,0.,1.));
#17146 = ORIENTED_EDGE('',*,*,#9161,.F.);
#17147 = ORIENTED_EDGE('',*,*,#17141,.F.);
#17148 = CYLINDRICAL_SURFACE('',#17149,0.5);
#17149 = AXIS2_PLACEMENT_3D('',#17150,#17151,#17152);
#17150 = CARTESIAN_POINT('',(155.2625,-67.945,-4.6E-02));
#17151 = DIRECTION('',(-0.,-0.,-1.));
#17152 = DIRECTION('',(-0.,-1.,0.));
#17153 = ADVANCED_FACE('',(#17154),#17165,.F.);
#17154 = FACE_BOUND('',#17155,.T.);
#17155 = EDGE_LOOP('',(#17156,#17157,#17163,#17164));
#17156 = ORIENTED_EDGE('',*,*,#4027,.T.);
#17157 = ORIENTED_EDGE('',*,*,#17158,.T.);
#17158 = EDGE_CURVE('',#4028,#9173,#17159,.T.);
#17159 = LINE('',#17160,#17161);
#17160 = CARTESIAN_POINT('',(155.2625,-65.905,-4.6E-02));
#17161 = VECTOR('',#17162,1.);
#17162 = DIRECTION('',(0.,0.,1.));
#17163 = ORIENTED_EDGE('',*,*,#9172,.F.);
#17164 = ORIENTED_EDGE('',*,*,#17158,.F.);
#17165 = CYLINDRICAL_SURFACE('',#17166,0.5);
#17166 = AXIS2_PLACEMENT_3D('',#17167,#17168,#17169);
#17167 = CARTESIAN_POINT('',(155.2625,-65.405,-4.6E-02));
#17168 = DIRECTION('',(-0.,-0.,-1.));
#17169 = DIRECTION('',(-0.,-1.,0.));
#17170 = ADVANCED_FACE('',(#17171),#17187,.T.);
#17171 = FACE_BOUND('',#17172,.T.);
#17172 = EDGE_LOOP('',(#17173,#17179,#17180,#17186));
#17173 = ORIENTED_EDGE('',*,*,#17174,.T.);
#17174 = EDGE_CURVE('',#4039,#9184,#17175,.T.);
#17175 = LINE('',#17176,#17177);
#17176 = CARTESIAN_POINT('',(168.075995,-95.103512,0.));
#17177 = VECTOR('',#17178,1.);
#17178 = DIRECTION('',(0.,0.,1.));
#17179 = ORIENTED_EDGE('',*,*,#9183,.T.);
#17180 = ORIENTED_EDGE('',*,*,#17181,.F.);
#17181 = EDGE_CURVE('',#4041,#9186,#17182,.T.);
#17182 = LINE('',#17183,#17184);
#17183 = CARTESIAN_POINT('',(167.734212,-95.16636,0.));
#17184 = VECTOR('',#17185,1.);
#17185 = DIRECTION('',(0.,0.,1.));
#17186 = ORIENTED_EDGE('',*,*,#4038,.F.);
#17187 = PLANE('',#17188);
#17188 = AXIS2_PLACEMENT_3D('',#17189,#17190,#17191);
#17189 = CARTESIAN_POINT('',(168.075995,-95.103512,0.));
#17190 = DIRECTION('',(0.1808506348,-0.983510573351,0.));
#17191 = DIRECTION('',(-0.983510573351,-0.1808506348,0.));
#17192 = ADVANCED_FACE('',(#17193),#17204,.T.);
#17193 = FACE_BOUND('',#17194,.T.);
#17194 = EDGE_LOOP('',(#17195,#17196,#17197,#17203));
#17195 = ORIENTED_EDGE('',*,*,#17181,.T.);
#17196 = ORIENTED_EDGE('',*,*,#9385,.T.);
#17197 = ORIENTED_EDGE('',*,*,#17198,.F.);
#17198 = EDGE_CURVE('',#4233,#9378,#17199,.T.);
#17199 = LINE('',#17200,#17201);
#17200 = CARTESIAN_POINT('',(167.676018,-95.198026,0.));
#17201 = VECTOR('',#17202,1.);
#17202 = DIRECTION('',(0.,0.,1.));
#17203 = ORIENTED_EDGE('',*,*,#4240,.F.);
#17204 = PLANE('',#17205);
#17205 = AXIS2_PLACEMENT_3D('',#17206,#17207,#17208);
#17206 = CARTESIAN_POINT('',(167.734212,-95.16636,0.));
#17207 = DIRECTION('',(0.477965668733,-0.878378517219,0.));
#17208 = DIRECTION('',(-0.878378517219,-0.477965668733,0.));
#17209 = ADVANCED_FACE('',(#17210),#17221,.T.);
#17210 = FACE_BOUND('',#17211,.T.);
#17211 = EDGE_LOOP('',(#17212,#17213,#17214,#17220));
#17212 = ORIENTED_EDGE('',*,*,#17198,.T.);
#17213 = ORIENTED_EDGE('',*,*,#9377,.T.);
#17214 = ORIENTED_EDGE('',*,*,#17215,.F.);
#17215 = EDGE_CURVE('',#4225,#9370,#17216,.T.);
#17216 = LINE('',#17217,#17218);
#17217 = CARTESIAN_POINT('',(167.481954,-95.234659,0.));
#17218 = VECTOR('',#17219,1.);
#17219 = DIRECTION('',(0.,0.,1.));
#17220 = ORIENTED_EDGE('',*,*,#4232,.F.);
#17221 = PLANE('',#17222);
#17222 = AXIS2_PLACEMENT_3D('',#17223,#17224,#17225);
#17223 = CARTESIAN_POINT('',(167.676018,-95.198026,0.));
#17224 = DIRECTION('',(0.185491717211,-0.982645827776,0.));
#17225 = DIRECTION('',(-0.982645827776,-0.185491717211,0.));
#17226 = ADVANCED_FACE('',(#17227),#17238,.T.);
#17227 = FACE_BOUND('',#17228,.T.);
#17228 = EDGE_LOOP('',(#17229,#17230,#17231,#17237));
#17229 = ORIENTED_EDGE('',*,*,#17215,.T.);
#17230 = ORIENTED_EDGE('',*,*,#9369,.T.);
#17231 = ORIENTED_EDGE('',*,*,#17232,.F.);
#17232 = EDGE_CURVE('',#4217,#9362,#17233,.T.);
#17233 = LINE('',#17234,#17235);
#17234 = CARTESIAN_POINT('',(165.893048,-95.234658,0.));
#17235 = VECTOR('',#17236,1.);
#17236 = DIRECTION('',(0.,0.,1.));
#17237 = ORIENTED_EDGE('',*,*,#4224,.F.);
#17238 = PLANE('',#17239);
#17239 = AXIS2_PLACEMENT_3D('',#17240,#17241,#17242);
#17240 = CARTESIAN_POINT('',(167.481954,-95.234659,0.));
#17241 = DIRECTION('',(-6.29363850017E-07,-1.,0.));
#17242 = DIRECTION('',(-1.,6.29363850017E-07,0.));
#17243 = ADVANCED_FACE('',(#17244),#17255,.T.);
#17244 = FACE_BOUND('',#17245,.T.);
#17245 = EDGE_LOOP('',(#17246,#17247,#17248,#17254));
#17246 = ORIENTED_EDGE('',*,*,#17232,.T.);
#17247 = ORIENTED_EDGE('',*,*,#9361,.T.);
#17248 = ORIENTED_EDGE('',*,*,#17249,.F.);
#17249 = EDGE_CURVE('',#4209,#9354,#17250,.T.);
#17250 = LINE('',#17251,#17252);
#17251 = CARTESIAN_POINT('',(165.64079,-95.166359,0.));
#17252 = VECTOR('',#17253,1.);
#17253 = DIRECTION('',(0.,0.,1.));
#17254 = ORIENTED_EDGE('',*,*,#4216,.F.);
#17255 = PLANE('',#17256);
#17256 = AXIS2_PLACEMENT_3D('',#17257,#17258,#17259);
#17257 = CARTESIAN_POINT('',(165.893048,-95.234658,0.));
#17258 = DIRECTION('',(-0.261341056926,-0.965246523933,0.));
#17259 = DIRECTION('',(-0.965246523933,0.261341056926,0.));
#17260 = ADVANCED_FACE('',(#17261),#17272,.T.);
#17261 = FACE_BOUND('',#17262,.T.);
#17262 = EDGE_LOOP('',(#17263,#17264,#17265,#17271));
#17263 = ORIENTED_EDGE('',*,*,#17249,.T.);
#17264 = ORIENTED_EDGE('',*,*,#9353,.T.);
#17265 = ORIENTED_EDGE('',*,*,#17266,.F.);
#17266 = EDGE_CURVE('',#4201,#9346,#17267,.T.);
#17267 = LINE('',#17268,#17269);
#17268 = CARTESIAN_POINT('',(165.578283,-95.13279,0.));
#17269 = VECTOR('',#17270,1.);
#17270 = DIRECTION('',(0.,0.,1.));
#17271 = ORIENTED_EDGE('',*,*,#4208,.F.);
#17272 = PLANE('',#17273);
#17273 = AXIS2_PLACEMENT_3D('',#17274,#17275,#17276);
#17274 = CARTESIAN_POINT('',(165.64079,-95.166359,0.));
#17275 = DIRECTION('',(-0.473131297282,-0.880991927053,0.));
#17276 = DIRECTION('',(-0.880991927053,0.473131297282,0.));
#17277 = ADVANCED_FACE('',(#17278),#17289,.T.);
#17278 = FACE_BOUND('',#17279,.T.);
#17279 = EDGE_LOOP('',(#17280,#17281,#17282,#17288));
#17280 = ORIENTED_EDGE('',*,*,#17266,.T.);
#17281 = ORIENTED_EDGE('',*,*,#9345,.T.);
#17282 = ORIENTED_EDGE('',*,*,#17283,.F.);
#17283 = EDGE_CURVE('',#4193,#9338,#17284,.T.);
#17284 = LINE('',#17285,#17286);
#17285 = CARTESIAN_POINT('',(164.938017,-95.814938,0.));
#17286 = VECTOR('',#17287,1.);
#17287 = DIRECTION('',(0.,0.,1.));
#17288 = ORIENTED_EDGE('',*,*,#4200,.F.);
#17289 = PLANE('',#17290);
#17290 = AXIS2_PLACEMENT_3D('',#17291,#17292,#17293);
#17291 = CARTESIAN_POINT('',(165.578283,-95.13279,0.));
#17292 = DIRECTION('',(0.729135881121,-0.684368955215,0.));
#17293 = DIRECTION('',(-0.684368955215,-0.729135881121,0.));
#17294 = ADVANCED_FACE('',(#17295),#17306,.T.);
#17295 = FACE_BOUND('',#17296,.T.);
#17296 = EDGE_LOOP('',(#17297,#17298,#17299,#17305));
#17297 = ORIENTED_EDGE('',*,*,#17283,.T.);
#17298 = ORIENTED_EDGE('',*,*,#9337,.T.);
#17299 = ORIENTED_EDGE('',*,*,#17300,.F.);
#17300 = EDGE_CURVE('',#4185,#9330,#17301,.T.);
#17301 = LINE('',#17302,#17303);
#17302 = CARTESIAN_POINT('',(164.960959,-95.866202,0.));
#17303 = VECTOR('',#17304,1.);
#17304 = DIRECTION('',(0.,0.,1.));
#17305 = ORIENTED_EDGE('',*,*,#4192,.F.);
#17306 = PLANE('',#17307);
#17307 = AXIS2_PLACEMENT_3D('',#17308,#17309,#17310);
#17308 = CARTESIAN_POINT('',(164.938017,-95.814938,0.));
#17309 = DIRECTION('',(0.912764448307,0.408486305654,-0.));
#17310 = DIRECTION('',(0.408486305654,-0.912764448307,0.));
#17311 = ADVANCED_FACE('',(#17312),#17323,.T.);
#17312 = FACE_BOUND('',#17313,.T.);
#17313 = EDGE_LOOP('',(#17314,#17315,#17316,#17322));
#17314 = ORIENTED_EDGE('',*,*,#17300,.T.);
#17315 = ORIENTED_EDGE('',*,*,#9329,.T.);
#17316 = ORIENTED_EDGE('',*,*,#17317,.F.);
#17317 = EDGE_CURVE('',#4177,#9322,#17318,.T.);
#17318 = LINE('',#17319,#17320);
#17319 = CARTESIAN_POINT('',(164.987502,-96.031816,0.));
#17320 = VECTOR('',#17321,1.);
#17321 = DIRECTION('',(0.,0.,1.));
#17322 = ORIENTED_EDGE('',*,*,#4184,.F.);
#17323 = PLANE('',#17324);
#17324 = AXIS2_PLACEMENT_3D('',#17325,#17326,#17327);
#17325 = CARTESIAN_POINT('',(164.960959,-95.866202,0.));
#17326 = DIRECTION('',(0.987398965596,0.158250695858,-0.));
#17327 = DIRECTION('',(0.158250695858,-0.987398965596,0.));
#17328 = ADVANCED_FACE('',(#17329),#17340,.T.);
#17329 = FACE_BOUND('',#17330,.T.);
#17330 = EDGE_LOOP('',(#17331,#17332,#17333,#17339));
#17331 = ORIENTED_EDGE('',*,*,#17317,.T.);
#17332 = ORIENTED_EDGE('',*,*,#9321,.T.);
#17333 = ORIENTED_EDGE('',*,*,#17334,.F.);
#17334 = EDGE_CURVE('',#4169,#9314,#17335,.T.);
#17335 = LINE('',#17336,#17337);
#17336 = CARTESIAN_POINT('',(164.987502,-97.437501,0.));
#17337 = VECTOR('',#17338,1.);
#17338 = DIRECTION('',(0.,0.,1.));
#17339 = ORIENTED_EDGE('',*,*,#4176,.F.);
#17340 = PLANE('',#17341);
#17341 = AXIS2_PLACEMENT_3D('',#17342,#17343,#17344);
#17342 = CARTESIAN_POINT('',(164.987502,-96.031816,0.));
#17343 = DIRECTION('',(1.,0.,-0.));
#17344 = DIRECTION('',(0.,-1.,0.));
#17345 = ADVANCED_FACE('',(#17346),#17357,.T.);
#17346 = FACE_BOUND('',#17347,.T.);
#17347 = EDGE_LOOP('',(#17348,#17349,#17350,#17356));
#17348 = ORIENTED_EDGE('',*,*,#17334,.T.);
#17349 = ORIENTED_EDGE('',*,*,#9313,.T.);
#17350 = ORIENTED_EDGE('',*,*,#17351,.F.);
#17351 = EDGE_CURVE('',#4161,#9306,#17352,.T.);
#17352 = LINE('',#17353,#17354);
#17353 = CARTESIAN_POINT('',(164.938017,-97.654378,0.));
#17354 = VECTOR('',#17355,1.);
#17355 = DIRECTION('',(0.,0.,1.));
#17356 = ORIENTED_EDGE('',*,*,#4168,.F.);
#17357 = PLANE('',#17358);
#17358 = AXIS2_PLACEMENT_3D('',#17359,#17360,#17361);
#17359 = CARTESIAN_POINT('',(164.987502,-97.437501,0.));
#17360 = DIRECTION('',(0.974943279554,-0.222453594382,0.));
#17361 = DIRECTION('',(-0.222453594382,-0.974943279554,0.));
#17362 = ADVANCED_FACE('',(#17363),#17374,.T.);
#17363 = FACE_BOUND('',#17364,.T.);
#17364 = EDGE_LOOP('',(#17365,#17366,#17367,#17373));
#17365 = ORIENTED_EDGE('',*,*,#17351,.T.);
#17366 = ORIENTED_EDGE('',*,*,#9305,.T.);
#17367 = ORIENTED_EDGE('',*,*,#17368,.F.);
#17368 = EDGE_CURVE('',#4153,#9298,#17369,.T.);
#17369 = LINE('',#17370,#17371);
#17370 = CARTESIAN_POINT('',(164.909476,-97.719342,0.));
#17371 = VECTOR('',#17372,1.);
#17372 = DIRECTION('',(0.,0.,1.));
#17373 = ORIENTED_EDGE('',*,*,#4160,.F.);
#17374 = PLANE('',#17375);
#17375 = AXIS2_PLACEMENT_3D('',#17376,#17377,#17378);
#17376 = CARTESIAN_POINT('',(164.938017,-97.654378,0.));
#17377 = DIRECTION('',(0.915539113198,-0.402228954956,0.));
#17378 = DIRECTION('',(-0.402228954956,-0.915539113198,0.));
#17379 = ADVANCED_FACE('',(#17380),#17391,.T.);
#17380 = FACE_BOUND('',#17381,.T.);
#17381 = EDGE_LOOP('',(#17382,#17383,#17384,#17390));
#17382 = ORIENTED_EDGE('',*,*,#17368,.T.);
#17383 = ORIENTED_EDGE('',*,*,#9297,.T.);
#17384 = ORIENTED_EDGE('',*,*,#17385,.F.);
#17385 = EDGE_CURVE('',#4145,#9290,#17386,.T.);
#17386 = LINE('',#17387,#17388);
#17387 = CARTESIAN_POINT('',(165.640791,-98.302957,0.));
#17388 = VECTOR('',#17389,1.);
#17389 = DIRECTION('',(0.,0.,1.));
#17390 = ORIENTED_EDGE('',*,*,#4152,.F.);
#17391 = PLANE('',#17392);
#17392 = AXIS2_PLACEMENT_3D('',#17393,#17394,#17395);
#17393 = CARTESIAN_POINT('',(164.909476,-97.719342,0.));
#17394 = DIRECTION('',(0.623758109308,0.781617439079,-0.));
#17395 = DIRECTION('',(0.781617439079,-0.623758109308,0.));
#17396 = ADVANCED_FACE('',(#17397),#17408,.T.);
#17397 = FACE_BOUND('',#17398,.T.);
#17398 = EDGE_LOOP('',(#17399,#17400,#17401,#17407));
#17399 = ORIENTED_EDGE('',*,*,#17385,.T.);
#17400 = ORIENTED_EDGE('',*,*,#9289,.T.);
#17401 = ORIENTED_EDGE('',*,*,#17402,.F.);
#17402 = EDGE_CURVE('',#4137,#9282,#17403,.T.);
#17403 = LINE('',#17404,#17405);
#17404 = CARTESIAN_POINT('',(165.698998,-98.271318,0.));
#17405 = VECTOR('',#17406,1.);
#17406 = DIRECTION('',(0.,0.,1.));
#17407 = ORIENTED_EDGE('',*,*,#4144,.F.);
#17408 = PLANE('',#17409);
#17409 = AXIS2_PLACEMENT_3D('',#17410,#17411,#17412);
#17410 = CARTESIAN_POINT('',(165.640791,-98.302957,0.));
#17411 = DIRECTION('',(-0.477568795592,0.878594357754,0.));
#17412 = DIRECTION('',(0.878594357754,0.477568795592,0.));
#17413 = ADVANCED_FACE('',(#17414),#17425,.T.);
#17414 = FACE_BOUND('',#17415,.T.);
#17415 = EDGE_LOOP('',(#17416,#17417,#17418,#17424));
#17416 = ORIENTED_EDGE('',*,*,#17402,.T.);
#17417 = ORIENTED_EDGE('',*,*,#9281,.T.);
#17418 = ORIENTED_EDGE('',*,*,#17419,.F.);
#17419 = EDGE_CURVE('',#4129,#9274,#17420,.T.);
#17420 = LINE('',#17421,#17422);
#17421 = CARTESIAN_POINT('',(165.893049,-98.234658,0.));
#17422 = VECTOR('',#17423,1.);
#17423 = DIRECTION('',(0.,0.,1.));
#17424 = ORIENTED_EDGE('',*,*,#4136,.F.);
#17425 = PLANE('',#17426);
#17426 = AXIS2_PLACEMENT_3D('',#17427,#17428,#17429);
#17427 = CARTESIAN_POINT('',(165.698998,-98.271318,0.));
#17428 = DIRECTION('',(-0.185635730015,0.982618631892,0.));
#17429 = DIRECTION('',(0.982618631892,0.185635730015,0.));
#17430 = ADVANCED_FACE('',(#17431),#17442,.T.);
#17431 = FACE_BOUND('',#17432,.T.);
#17432 = EDGE_LOOP('',(#17433,#17434,#17435,#17441));
#17433 = ORIENTED_EDGE('',*,*,#17419,.T.);
#17434 = ORIENTED_EDGE('',*,*,#9273,.T.);
#17435 = ORIENTED_EDGE('',*,*,#17436,.F.);
#17436 = EDGE_CURVE('',#4121,#9266,#17437,.T.);
#17437 = LINE('',#17438,#17439);
#17438 = CARTESIAN_POINT('',(167.481953,-98.234658,0.));
#17439 = VECTOR('',#17440,1.);
#17440 = DIRECTION('',(0.,0.,1.));
#17441 = ORIENTED_EDGE('',*,*,#4128,.F.);
#17442 = PLANE('',#17443);
#17443 = AXIS2_PLACEMENT_3D('',#17444,#17445,#17446);
#17444 = CARTESIAN_POINT('',(165.893049,-98.234658,0.));
#17445 = DIRECTION('',(0.,1.,0.));
#17446 = DIRECTION('',(1.,0.,0.));
#17447 = ADVANCED_FACE('',(#17448),#17459,.T.);
#17448 = FACE_BOUND('',#17449,.T.);
#17449 = EDGE_LOOP('',(#17450,#17451,#17452,#17458));
#17450 = ORIENTED_EDGE('',*,*,#17436,.T.);
#17451 = ORIENTED_EDGE('',*,*,#9265,.T.);
#17452 = ORIENTED_EDGE('',*,*,#17453,.F.);
#17453 = EDGE_CURVE('',#4113,#9258,#17454,.T.);
#17454 = LINE('',#17455,#17456);
#17455 = CARTESIAN_POINT('',(167.734212,-98.302957,0.));
#17456 = VECTOR('',#17457,1.);
#17457 = DIRECTION('',(0.,0.,1.));
#17458 = ORIENTED_EDGE('',*,*,#4120,.F.);
#17459 = PLANE('',#17460);
#17460 = AXIS2_PLACEMENT_3D('',#17461,#17462,#17463);
#17461 = CARTESIAN_POINT('',(167.481953,-98.234658,0.));
#17462 = DIRECTION('',(0.261340091681,0.965246785273,-0.));
#17463 = DIRECTION('',(0.965246785273,-0.261340091681,0.));
#17464 = ADVANCED_FACE('',(#17465),#17476,.T.);
#17465 = FACE_BOUND('',#17466,.T.);
#17466 = EDGE_LOOP('',(#17467,#17468,#17469,#17475));
#17467 = ORIENTED_EDGE('',*,*,#17453,.T.);
#17468 = ORIENTED_EDGE('',*,*,#9257,.T.);
#17469 = ORIENTED_EDGE('',*,*,#17470,.F.);
#17470 = EDGE_CURVE('',#4105,#9250,#17471,.T.);
#17471 = LINE('',#17472,#17473);
#17472 = CARTESIAN_POINT('',(167.796671,-98.336632,0.));
#17473 = VECTOR('',#17474,1.);
#17474 = DIRECTION('',(0.,0.,1.));
#17475 = ORIENTED_EDGE('',*,*,#4112,.F.);
#17476 = PLANE('',#17477);
#17477 = AXIS2_PLACEMENT_3D('',#17478,#17479,#17480);
#17478 = CARTESIAN_POINT('',(167.734212,-98.302957,0.));
#17479 = DIRECTION('',(0.474572054592,0.880216657988,-0.));
#17480 = DIRECTION('',(0.880216657988,-0.474572054592,0.));
#17481 = ADVANCED_FACE('',(#17482),#17493,.T.);
#17482 = FACE_BOUND('',#17483,.T.);
#17483 = EDGE_LOOP('',(#17484,#17485,#17486,#17492));
#17484 = ORIENTED_EDGE('',*,*,#17470,.T.);
#17485 = ORIENTED_EDGE('',*,*,#9249,.T.);
#17486 = ORIENTED_EDGE('',*,*,#17487,.F.);
#17487 = EDGE_CURVE('',#4097,#9242,#17488,.T.);
#17488 = LINE('',#17489,#17490);
#17489 = CARTESIAN_POINT('',(168.436985,-97.654378,0.));
#17490 = VECTOR('',#17491,1.);
#17491 = DIRECTION('',(0.,0.,1.));
#17492 = ORIENTED_EDGE('',*,*,#4104,.F.);
#17493 = PLANE('',#17494);
#17494 = AXIS2_PLACEMENT_3D('',#17495,#17496,#17497);
#17495 = CARTESIAN_POINT('',(167.796671,-98.336632,0.));
#17496 = DIRECTION('',(-0.729163341535,0.684339697344,0.));
#17497 = DIRECTION('',(0.684339697344,0.729163341535,0.));
#17498 = ADVANCED_FACE('',(#17499),#17510,.T.);
#17499 = FACE_BOUND('',#17500,.T.);
#17500 = EDGE_LOOP('',(#17501,#17502,#17503,#17509));
#17501 = ORIENTED_EDGE('',*,*,#17487,.T.);
#17502 = ORIENTED_EDGE('',*,*,#9241,.T.);
#17503 = ORIENTED_EDGE('',*,*,#17504,.F.);
#17504 = EDGE_CURVE('',#4089,#9234,#17505,.T.);
#17505 = LINE('',#17506,#17507);
#17506 = CARTESIAN_POINT('',(168.414048,-97.603112,0.));
#17507 = VECTOR('',#17508,1.);
#17508 = DIRECTION('',(0.,0.,1.));
#17509 = ORIENTED_EDGE('',*,*,#4096,.F.);
#17510 = PLANE('',#17511);
#17511 = AXIS2_PLACEMENT_3D('',#17512,#17513,#17514);
#17512 = CARTESIAN_POINT('',(168.436985,-97.654378,0.));
#17513 = DIRECTION('',(-0.912803579704,-0.408398855141,0.));
#17514 = DIRECTION('',(-0.408398855141,0.912803579704,0.));
#17515 = ADVANCED_FACE('',(#17516),#17527,.T.);
#17516 = FACE_BOUND('',#17517,.T.);
#17517 = EDGE_LOOP('',(#17518,#17519,#17520,#17526));
#17518 = ORIENTED_EDGE('',*,*,#17504,.T.);
#17519 = ORIENTED_EDGE('',*,*,#9233,.T.);
#17520 = ORIENTED_EDGE('',*,*,#17521,.F.);
#17521 = EDGE_CURVE('',#4081,#9226,#17522,.T.);
#17522 = LINE('',#17523,#17524);
#17523 = CARTESIAN_POINT('',(168.3875,-97.4375,0.));
#17524 = VECTOR('',#17525,1.);
#17525 = DIRECTION('',(0.,0.,1.));
#17526 = ORIENTED_EDGE('',*,*,#4088,.F.);
#17527 = PLANE('',#17528);
#17528 = AXIS2_PLACEMENT_3D('',#17529,#17530,#17531);
#17529 = CARTESIAN_POINT('',(168.414048,-97.603112,0.));
#17530 = DIRECTION('',(-0.987394008411,-0.158281622922,0.));
#17531 = DIRECTION('',(-0.158281622922,0.987394008411,0.));
#17532 = ADVANCED_FACE('',(#17533),#17544,.T.);
#17533 = FACE_BOUND('',#17534,.T.);
#17534 = EDGE_LOOP('',(#17535,#17536,#17537,#17543));
#17535 = ORIENTED_EDGE('',*,*,#17521,.T.);
#17536 = ORIENTED_EDGE('',*,*,#9225,.T.);
#17537 = ORIENTED_EDGE('',*,*,#17538,.F.);
#17538 = EDGE_CURVE('',#4073,#9218,#17539,.T.);
#17539 = LINE('',#17540,#17541);
#17540 = CARTESIAN_POINT('',(168.3875,-96.031815,0.));
#17541 = VECTOR('',#17542,1.);
#17542 = DIRECTION('',(0.,0.,1.));
#17543 = ORIENTED_EDGE('',*,*,#4080,.F.);
#17544 = PLANE('',#17545);
#17545 = AXIS2_PLACEMENT_3D('',#17546,#17547,#17548);
#17546 = CARTESIAN_POINT('',(168.3875,-97.4375,0.));
#17547 = DIRECTION('',(-1.,0.,0.));
#17548 = DIRECTION('',(0.,1.,0.));
#17549 = ADVANCED_FACE('',(#17550),#17561,.T.);
#17550 = FACE_BOUND('',#17551,.T.);
#17551 = EDGE_LOOP('',(#17552,#17553,#17554,#17560));
#17552 = ORIENTED_EDGE('',*,*,#17538,.T.);
#17553 = ORIENTED_EDGE('',*,*,#9217,.T.);
#17554 = ORIENTED_EDGE('',*,*,#17555,.F.);
#17555 = EDGE_CURVE('',#4065,#9210,#17556,.T.);
#17556 = LINE('',#17557,#17558);
#17557 = CARTESIAN_POINT('',(168.436985,-95.814938,0.));
#17558 = VECTOR('',#17559,1.);
#17559 = DIRECTION('',(0.,0.,1.));
#17560 = ORIENTED_EDGE('',*,*,#4072,.F.);
#17561 = PLANE('',#17562);
#17562 = AXIS2_PLACEMENT_3D('',#17563,#17564,#17565);
#17563 = CARTESIAN_POINT('',(168.3875,-96.031815,0.));
#17564 = DIRECTION('',(-0.974943279554,0.222453594382,0.));
#17565 = DIRECTION('',(0.222453594382,0.974943279554,0.));
#17566 = ADVANCED_FACE('',(#17567),#17578,.T.);
#17567 = FACE_BOUND('',#17568,.T.);
#17568 = EDGE_LOOP('',(#17569,#17570,#17571,#17577));
#17569 = ORIENTED_EDGE('',*,*,#17555,.T.);
#17570 = ORIENTED_EDGE('',*,*,#9209,.T.);
#17571 = ORIENTED_EDGE('',*,*,#17572,.F.);
#17572 = EDGE_CURVE('',#4057,#9202,#17573,.T.);
#17573 = LINE('',#17574,#17575);
#17574 = CARTESIAN_POINT('',(168.465613,-95.750012,0.));
#17575 = VECTOR('',#17576,1.);
#17576 = DIRECTION('',(0.,0.,1.));
#17577 = ORIENTED_EDGE('',*,*,#4064,.F.);
#17578 = PLANE('',#17579);
#17579 = AXIS2_PLACEMENT_3D('',#17580,#17581,#17582);
#17580 = CARTESIAN_POINT('',(168.436985,-95.814938,0.));
#17581 = DIRECTION('',(-0.915000136088,0.40345353011,0.));
#17582 = DIRECTION('',(0.40345353011,0.915000136088,0.));
#17583 = ADVANCED_FACE('',(#17584),#17595,.T.);
#17584 = FACE_BOUND('',#17585,.T.);
#17585 = EDGE_LOOP('',(#17586,#17587,#17588,#17594));
#17586 = ORIENTED_EDGE('',*,*,#17572,.T.);
#17587 = ORIENTED_EDGE('',*,*,#9201,.T.);
#17588 = ORIENTED_EDGE('',*,*,#17589,.F.);
#17589 = EDGE_CURVE('',#4049,#9194,#17590,.T.);
#17590 = LINE('',#17591,#17592);
#17591 = CARTESIAN_POINT('',(168.210604,-95.148207,0.));
#17592 = VECTOR('',#17593,1.);
#17593 = DIRECTION('',(0.,0.,1.));
#17594 = ORIENTED_EDGE('',*,*,#4056,.F.);
#17595 = PLANE('',#17596);
#17596 = AXIS2_PLACEMENT_3D('',#17597,#17598,#17599);
#17597 = CARTESIAN_POINT('',(168.465613,-95.750012,0.));
#17598 = DIRECTION('',(-0.92074793854,-0.390157959902,0.));
#17599 = DIRECTION('',(-0.390157959902,0.92074793854,0.));
#17600 = ADVANCED_FACE('',(#17601),#17607,.T.);
#17601 = FACE_BOUND('',#17602,.T.);
#17602 = EDGE_LOOP('',(#17603,#17604,#17605,#17606));
#17603 = ORIENTED_EDGE('',*,*,#17589,.T.);
#17604 = ORIENTED_EDGE('',*,*,#9193,.T.);
#17605 = ORIENTED_EDGE('',*,*,#17174,.F.);
#17606 = ORIENTED_EDGE('',*,*,#4048,.F.);
#17607 = PLANE('',#17608);
#17608 = AXIS2_PLACEMENT_3D('',#17609,#17610,#17611);
#17609 = CARTESIAN_POINT('',(168.210604,-95.148207,0.));
#17610 = DIRECTION('',(-0.315119221725,-0.949052093459,0.));
#17611 = DIRECTION('',(-0.949052093459,0.315119221725,0.));
#17612 = ADVANCED_FACE('',(#17613),#17629,.F.);
#17613 = FACE_BOUND('',#17614,.T.);
#17614 = EDGE_LOOP('',(#17615,#17621,#17622,#17628));
#17615 = ORIENTED_EDGE('',*,*,#17616,.T.);
#17616 = EDGE_CURVE('',#9394,#4249,#17617,.T.);
#17617 = LINE('',#17618,#17619);
#17618 = CARTESIAN_POINT('',(161.31394688729,-91.27729919768,-4.6E-02));
#17619 = VECTOR('',#17620,1.);
#17620 = DIRECTION('',(-0.,-0.,-1.));
#17621 = ORIENTED_EDGE('',*,*,#4248,.T.);
#17622 = ORIENTED_EDGE('',*,*,#17623,.F.);
#17623 = EDGE_CURVE('',#9396,#4251,#17624,.T.);
#17624 = LINE('',#17625,#17626);
#17625 = CARTESIAN_POINT('',(162.44246941093,-91.91585829334,-4.6E-02));
#17626 = VECTOR('',#17627,1.);
#17627 = DIRECTION('',(-0.,-0.,-1.));
#17628 = ORIENTED_EDGE('',*,*,#9393,.F.);
#17629 = CYLINDRICAL_SURFACE('',#17630,0.85);
#17630 = AXIS2_PLACEMENT_3D('',#17631,#17632,#17633);
#17631 = CARTESIAN_POINT('',(161.6075,-92.075,-4.6E-02));
#17632 = DIRECTION('',(-0.,-0.,-1.));
#17633 = DIRECTION('',(-3.343730521224E-14,-1.,0.));
#17634 = ADVANCED_FACE('',(#17635),#17651,.F.);
#17635 = FACE_BOUND('',#17636,.T.);
#17636 = EDGE_LOOP('',(#17637,#17643,#17644,#17650));
#17637 = ORIENTED_EDGE('',*,*,#17638,.F.);
#17638 = EDGE_CURVE('',#4278,#9423,#17639,.T.);
#17639 = LINE('',#17640,#17641);
#17640 = CARTESIAN_POINT('',(166.6875,-94.075,-4.6E-02));
#17641 = VECTOR('',#17642,1.);
#17642 = DIRECTION('',(0.,0.,1.));
#17643 = ORIENTED_EDGE('',*,*,#4277,.T.);
#17644 = ORIENTED_EDGE('',*,*,#17645,.F.);
#17645 = EDGE_CURVE('',#9425,#4280,#17646,.T.);
#17646 = LINE('',#17647,#17648);
#17647 = CARTESIAN_POINT('',(166.10516303108,-93.98834357987,-4.6E-02));
#17648 = VECTOR('',#17649,1.);
#17649 = DIRECTION('',(-0.,-0.,-1.));
#17650 = ORIENTED_EDGE('',*,*,#9422,.F.);
#17651 = CYLINDRICAL_SURFACE('',#17652,2.);
#17652 = AXIS2_PLACEMENT_3D('',#17653,#17654,#17655);
#17653 = CARTESIAN_POINT('',(166.6875,-92.075,-4.6E-02));
#17654 = DIRECTION('',(-0.,-0.,-1.));
#17655 = DIRECTION('',(-0.,-1.,0.));
#17656 = ADVANCED_FACE('',(#17657),#17668,.F.);
#17657 = FACE_BOUND('',#17658,.T.);
#17658 = EDGE_LOOP('',(#17659,#17660,#17661,#17662));
#17659 = ORIENTED_EDGE('',*,*,#4297,.T.);
#17660 = ORIENTED_EDGE('',*,*,#17638,.T.);
#17661 = ORIENTED_EDGE('',*,*,#9442,.F.);
#17662 = ORIENTED_EDGE('',*,*,#17663,.T.);
#17663 = EDGE_CURVE('',#9434,#4289,#17664,.T.);
#17664 = LINE('',#17665,#17666);
#17665 = CARTESIAN_POINT('',(165.34722712226,-93.55947587155,-4.6E-02));
#17666 = VECTOR('',#17667,1.);
#17667 = DIRECTION('',(-0.,-0.,-1.));
#17668 = CYLINDRICAL_SURFACE('',#17669,2.);
#17669 = AXIS2_PLACEMENT_3D('',#17670,#17671,#17672);
#17670 = CARTESIAN_POINT('',(166.6875,-92.075,-4.6E-02));
#17671 = DIRECTION('',(-0.,-0.,-1.));
#17672 = DIRECTION('',(-0.,-1.,0.));
#17673 = ADVANCED_FACE('',(#17674),#17685,.F.);
#17674 = FACE_BOUND('',#17675,.T.);
#17675 = EDGE_LOOP('',(#17676,#17677,#17683,#17684));
#17676 = ORIENTED_EDGE('',*,*,#4306,.T.);
#17677 = ORIENTED_EDGE('',*,*,#17678,.T.);
#17678 = EDGE_CURVE('',#4307,#9452,#17679,.T.);
#17679 = LINE('',#17680,#17681);
#17680 = CARTESIAN_POINT('',(174.625,-96.285,-4.6E-02));
#17681 = VECTOR('',#17682,1.);
#17682 = DIRECTION('',(0.,0.,1.));
#17683 = ORIENTED_EDGE('',*,*,#9451,.F.);
#17684 = ORIENTED_EDGE('',*,*,#17678,.F.);
#17685 = CYLINDRICAL_SURFACE('',#17686,0.4);
#17686 = AXIS2_PLACEMENT_3D('',#17687,#17688,#17689);
#17687 = CARTESIAN_POINT('',(174.625,-95.885,-4.6E-02));
#17688 = DIRECTION('',(-0.,-0.,-1.));
#17689 = DIRECTION('',(-0.,-1.,0.));
#17690 = ADVANCED_FACE('',(#17691),#17702,.F.);
#17691 = FACE_BOUND('',#17692,.T.);
#17692 = EDGE_LOOP('',(#17693,#17694,#17700,#17701));
#17693 = ORIENTED_EDGE('',*,*,#4317,.T.);
#17694 = ORIENTED_EDGE('',*,*,#17695,.T.);
#17695 = EDGE_CURVE('',#4318,#9463,#17696,.T.);
#17696 = LINE('',#17697,#17698);
#17697 = CARTESIAN_POINT('',(171.7675,-92.925,-4.6E-02));
#17698 = VECTOR('',#17699,1.);
#17699 = DIRECTION('',(0.,0.,1.));
#17700 = ORIENTED_EDGE('',*,*,#9462,.F.);
#17701 = ORIENTED_EDGE('',*,*,#17695,.F.);
#17702 = CYLINDRICAL_SURFACE('',#17703,0.85);
#17703 = AXIS2_PLACEMENT_3D('',#17704,#17705,#17706);
#17704 = CARTESIAN_POINT('',(171.7675,-92.075,-4.6E-02));
#17705 = DIRECTION('',(-0.,0.,-1.));
#17706 = DIRECTION('',(3.343730521224E-14,-1.,-0.));
#17707 = ADVANCED_FACE('',(#17708),#17719,.F.);
#17708 = FACE_BOUND('',#17709,.T.);
#17709 = EDGE_LOOP('',(#17710,#17711,#17717,#17718));
#17710 = ORIENTED_EDGE('',*,*,#4328,.T.);
#17711 = ORIENTED_EDGE('',*,*,#17712,.T.);
#17712 = EDGE_CURVE('',#4329,#9474,#17713,.T.);
#17713 = LINE('',#17714,#17715);
#17714 = CARTESIAN_POINT('',(162.8775,-90.285,-4.6E-02));
#17715 = VECTOR('',#17716,1.);
#17716 = DIRECTION('',(0.,0.,1.));
#17717 = ORIENTED_EDGE('',*,*,#9473,.F.);
#17718 = ORIENTED_EDGE('',*,*,#17712,.F.);
#17719 = CYLINDRICAL_SURFACE('',#17720,0.75);
#17720 = AXIS2_PLACEMENT_3D('',#17721,#17722,#17723);
#17721 = CARTESIAN_POINT('',(162.8775,-89.535,-4.6E-02));
#17722 = DIRECTION('',(-0.,-0.,-1.));
#17723 = DIRECTION('',(-0.,-1.,0.));
#17724 = ADVANCED_FACE('',(#17725),#17736,.F.);
#17725 = FACE_BOUND('',#17726,.T.);
#17726 = EDGE_LOOP('',(#17727,#17728,#17734,#17735));
#17727 = ORIENTED_EDGE('',*,*,#4339,.T.);
#17728 = ORIENTED_EDGE('',*,*,#17729,.T.);
#17729 = EDGE_CURVE('',#4340,#9485,#17730,.T.);
#17730 = LINE('',#17731,#17732);
#17731 = CARTESIAN_POINT('',(174.625,-88.665,-4.6E-02));
#17732 = VECTOR('',#17733,1.);
#17733 = DIRECTION('',(0.,0.,1.));
#17734 = ORIENTED_EDGE('',*,*,#9484,.F.);
#17735 = ORIENTED_EDGE('',*,*,#17729,.F.);
#17736 = CYLINDRICAL_SURFACE('',#17737,0.4);
#17737 = AXIS2_PLACEMENT_3D('',#17738,#17739,#17740);
#17738 = CARTESIAN_POINT('',(174.625,-88.265,-4.6E-02));
#17739 = DIRECTION('',(-0.,-0.,-1.));
#17740 = DIRECTION('',(-0.,-1.,0.));
#17741 = ADVANCED_FACE('',(#17742),#17758,.F.);
#17742 = FACE_BOUND('',#17743,.T.);
#17743 = EDGE_LOOP('',(#17744,#17750,#17751,#17757));
#17744 = ORIENTED_EDGE('',*,*,#17745,.T.);
#17745 = EDGE_CURVE('',#9496,#4351,#17746,.T.);
#17746 = LINE('',#17747,#17748);
#17747 = CARTESIAN_POINT('',(168.49790474629,-86.82124509857,-4.6E-02));
#17748 = VECTOR('',#17749,1.);
#17749 = DIRECTION('',(-0.,-0.,-1.));
#17750 = ORIENTED_EDGE('',*,*,#4350,.T.);
#17751 = ORIENTED_EDGE('',*,*,#17752,.F.);
#17752 = EDGE_CURVE('',#9498,#4353,#17753,.T.);
#17753 = LINE('',#17754,#17755);
#17754 = CARTESIAN_POINT('',(169.79245369975,-87.48828218814,-4.6E-02));
#17755 = VECTOR('',#17756,1.);
#17756 = DIRECTION('',(-0.,-0.,-1.));
#17757 = ORIENTED_EDGE('',*,*,#9495,.F.);
#17758 = CYLINDRICAL_SURFACE('',#17759,0.75);
#17759 = AXIS2_PLACEMENT_3D('',#17760,#17761,#17762);
#17760 = CARTESIAN_POINT('',(169.2275,-86.995,-4.6E-02));
#17761 = DIRECTION('',(-0.,-0.,-1.));
#17762 = DIRECTION('',(-0.,-1.,0.));
#17763 = ADVANCED_FACE('',(#17764),#17775,.F.);
#17764 = FACE_BOUND('',#17765,.T.);
#17765 = EDGE_LOOP('',(#17766,#17767,#17773,#17774));
#17766 = ORIENTED_EDGE('',*,*,#4379,.T.);
#17767 = ORIENTED_EDGE('',*,*,#17768,.T.);
#17768 = EDGE_CURVE('',#4380,#9525,#17769,.T.);
#17769 = LINE('',#17770,#17771);
#17770 = CARTESIAN_POINT('',(180.6575,-92.925,-4.6E-02));
#17771 = VECTOR('',#17772,1.);
#17772 = DIRECTION('',(0.,0.,1.));
#17773 = ORIENTED_EDGE('',*,*,#9524,.F.);
#17774 = ORIENTED_EDGE('',*,*,#17768,.F.);
#17775 = CYLINDRICAL_SURFACE('',#17776,0.85);
#17776 = AXIS2_PLACEMENT_3D('',#17777,#17778,#17779);
#17777 = CARTESIAN_POINT('',(180.6575,-92.075,-4.6E-02));
#17778 = DIRECTION('',(-0.,-0.,-1.));
#17779 = DIRECTION('',(-0.,-1.,0.));
#17780 = ADVANCED_FACE('',(#17781),#17797,.T.);
#17781 = FACE_BOUND('',#17782,.T.);
#17782 = EDGE_LOOP('',(#17783,#17789,#17790,#17796));
#17783 = ORIENTED_EDGE('',*,*,#17784,.T.);
#17784 = EDGE_CURVE('',#4391,#9536,#17785,.T.);
#17785 = LINE('',#17786,#17787);
#17786 = CARTESIAN_POINT('',(184.62832,-95.1327,0.));
#17787 = VECTOR('',#17788,1.);
#17788 = DIRECTION('',(0.,0.,1.));
#17789 = ORIENTED_EDGE('',*,*,#9535,.T.);
#17790 = ORIENTED_EDGE('',*,*,#17791,.F.);
#17791 = EDGE_CURVE('',#4393,#9538,#17792,.T.);
#17792 = LINE('',#17793,#17794);
#17793 = CARTESIAN_POINT('',(183.988017,-95.814938,0.));
#17794 = VECTOR('',#17795,1.);
#17795 = DIRECTION('',(0.,0.,1.));
#17796 = ORIENTED_EDGE('',*,*,#4390,.F.);
#17797 = PLANE('',#17798);
#17798 = AXIS2_PLACEMENT_3D('',#17799,#17800,#17801);
#17799 = CARTESIAN_POINT('',(184.62832,-95.1327,0.));
#17800 = DIRECTION('',(0.729161199504,-0.68434197967,0.));
#17801 = DIRECTION('',(-0.68434197967,-0.729161199504,0.));
#17802 = ADVANCED_FACE('',(#17803),#17814,.T.);
#17803 = FACE_BOUND('',#17804,.T.);
#17804 = EDGE_LOOP('',(#17805,#17806,#17807,#17813));
#17805 = ORIENTED_EDGE('',*,*,#17791,.T.);
#17806 = ORIENTED_EDGE('',*,*,#9721,.T.);
#17807 = ORIENTED_EDGE('',*,*,#17808,.F.);
#17808 = EDGE_CURVE('',#4569,#9714,#17809,.T.);
#17809 = LINE('',#17810,#17811);
#17810 = CARTESIAN_POINT('',(184.010953,-95.866205,0.));
#17811 = VECTOR('',#17812,1.);
#17812 = DIRECTION('',(0.,0.,1.));
#17813 = ORIENTED_EDGE('',*,*,#4576,.F.);
#17814 = PLANE('',#17815);
#17815 = AXIS2_PLACEMENT_3D('',#17816,#17817,#17818);
#17816 = CARTESIAN_POINT('',(183.988017,-95.814938,0.));
#17817 = DIRECTION('',(0.912813186674,0.408377382128,-0.));
#17818 = DIRECTION('',(0.408377382128,-0.912813186674,0.));
#17819 = ADVANCED_FACE('',(#17820),#17831,.T.);
#17820 = FACE_BOUND('',#17821,.T.);
#17821 = EDGE_LOOP('',(#17822,#17823,#17824,#17830));
#17822 = ORIENTED_EDGE('',*,*,#17808,.T.);
#17823 = ORIENTED_EDGE('',*,*,#9713,.T.);
#17824 = ORIENTED_EDGE('',*,*,#17825,.F.);
#17825 = EDGE_CURVE('',#4561,#9706,#17826,.T.);
#17826 = LINE('',#17827,#17828);
#17827 = CARTESIAN_POINT('',(184.037502,-96.031816,0.));
#17828 = VECTOR('',#17829,1.);
#17829 = DIRECTION('',(0.,0.,1.));
#17830 = ORIENTED_EDGE('',*,*,#4568,.F.);
#17831 = PLANE('',#17832);
#17832 = AXIS2_PLACEMENT_3D('',#17833,#17834,#17835);
#17833 = CARTESIAN_POINT('',(184.010953,-95.866205,0.));
#17834 = DIRECTION('',(0.98739292722,0.158288367468,-0.));
#17835 = DIRECTION('',(0.158288367468,-0.98739292722,0.));
#17836 = ADVANCED_FACE('',(#17837),#17848,.T.);
#17837 = FACE_BOUND('',#17838,.T.);
#17838 = EDGE_LOOP('',(#17839,#17840,#17841,#17847));
#17839 = ORIENTED_EDGE('',*,*,#17825,.T.);
#17840 = ORIENTED_EDGE('',*,*,#9705,.T.);
#17841 = ORIENTED_EDGE('',*,*,#17842,.F.);
#17842 = EDGE_CURVE('',#4553,#9698,#17843,.T.);
#17843 = LINE('',#17844,#17845);
#17844 = CARTESIAN_POINT('',(184.037502,-97.4375,0.));
#17845 = VECTOR('',#17846,1.);
#17846 = DIRECTION('',(0.,0.,1.));
#17847 = ORIENTED_EDGE('',*,*,#4560,.F.);
#17848 = PLANE('',#17849);
#17849 = AXIS2_PLACEMENT_3D('',#17850,#17851,#17852);
#17850 = CARTESIAN_POINT('',(184.037502,-96.031816,0.));
#17851 = DIRECTION('',(1.,0.,-0.));
#17852 = DIRECTION('',(0.,-1.,0.));
#17853 = ADVANCED_FACE('',(#17854),#17865,.T.);
#17854 = FACE_BOUND('',#17855,.T.);
#17855 = EDGE_LOOP('',(#17856,#17857,#17858,#17864));
#17856 = ORIENTED_EDGE('',*,*,#17842,.T.);
#17857 = ORIENTED_EDGE('',*,*,#9697,.T.);
#17858 = ORIENTED_EDGE('',*,*,#17859,.F.);
#17859 = EDGE_CURVE('',#4545,#9690,#17860,.T.);
#17860 = LINE('',#17861,#17862);
#17861 = CARTESIAN_POINT('',(183.988017,-97.654378,0.));
#17862 = VECTOR('',#17863,1.);
#17863 = DIRECTION('',(0.,0.,1.));
#17864 = ORIENTED_EDGE('',*,*,#4552,.F.);
#17865 = PLANE('',#17866);
#17866 = AXIS2_PLACEMENT_3D('',#17867,#17868,#17869);
#17867 = CARTESIAN_POINT('',(184.037502,-97.4375,0.));
#17868 = DIRECTION('',(0.974943502008,-0.222452619431,0.));
#17869 = DIRECTION('',(-0.222452619431,-0.974943502008,0.));
#17870 = ADVANCED_FACE('',(#17871),#17882,.T.);
#17871 = FACE_BOUND('',#17872,.T.);
#17872 = EDGE_LOOP('',(#17873,#17874,#17875,#17881));
#17873 = ORIENTED_EDGE('',*,*,#17859,.T.);
#17874 = ORIENTED_EDGE('',*,*,#9689,.T.);
#17875 = ORIENTED_EDGE('',*,*,#17876,.F.);
#17876 = EDGE_CURVE('',#4537,#9682,#17877,.T.);
#17877 = LINE('',#17878,#17879);
#17878 = CARTESIAN_POINT('',(183.959464,-97.719339,0.));
#17879 = VECTOR('',#17880,1.);
#17880 = DIRECTION('',(0.,0.,1.));
#17881 = ORIENTED_EDGE('',*,*,#4544,.F.);
#17882 = PLANE('',#17883);
#17883 = AXIS2_PLACEMENT_3D('',#17884,#17885,#17886);
#17884 = CARTESIAN_POINT('',(183.988017,-97.654378,0.));
#17885 = DIRECTION('',(0.915469983318,-0.402386269203,0.));
#17886 = DIRECTION('',(-0.402386269203,-0.915469983318,0.));
#17887 = ADVANCED_FACE('',(#17888),#17899,.T.);
#17888 = FACE_BOUND('',#17889,.T.);
#17889 = EDGE_LOOP('',(#17890,#17891,#17892,#17898));
#17890 = ORIENTED_EDGE('',*,*,#17876,.T.);
#17891 = ORIENTED_EDGE('',*,*,#9681,.T.);
#17892 = ORIENTED_EDGE('',*,*,#17893,.F.);
#17893 = EDGE_CURVE('',#4529,#9674,#17894,.T.);
#17894 = LINE('',#17895,#17896);
#17895 = CARTESIAN_POINT('',(184.69079,-98.302955,0.));
#17896 = VECTOR('',#17897,1.);
#17897 = DIRECTION('',(0.,0.,1.));
#17898 = ORIENTED_EDGE('',*,*,#4536,.F.);
#17899 = PLANE('',#17900);
#17900 = AXIS2_PLACEMENT_3D('',#17901,#17902,#17903);
#17901 = CARTESIAN_POINT('',(183.959464,-97.719339,0.));
#17902 = DIRECTION('',(0.623753030467,0.781621492145,-0.));
#17903 = DIRECTION('',(0.781621492145,-0.623753030467,0.));
#17904 = ADVANCED_FACE('',(#17905),#17916,.T.);
#17905 = FACE_BOUND('',#17906,.T.);
#17906 = EDGE_LOOP('',(#17907,#17908,#17909,#17915));
#17907 = ORIENTED_EDGE('',*,*,#17893,.T.);
#17908 = ORIENTED_EDGE('',*,*,#9673,.T.);
#17909 = ORIENTED_EDGE('',*,*,#17910,.F.);
#17910 = EDGE_CURVE('',#4521,#9666,#17911,.T.);
#17911 = LINE('',#17912,#17913);
#17912 = CARTESIAN_POINT('',(184.74899,-98.271298,0.));
#17913 = VECTOR('',#17914,1.);
#17914 = DIRECTION('',(0.,0.,1.));
#17915 = ORIENTED_EDGE('',*,*,#4528,.F.);
#17916 = PLANE('',#17917);
#17917 = AXIS2_PLACEMENT_3D('',#17918,#17919,#17920);
#17918 = CARTESIAN_POINT('',(184.69079,-98.302955,0.));
#17919 = DIRECTION('',(-0.477822831046,0.878456226645,0.));
#17920 = DIRECTION('',(0.878456226645,0.477822831046,0.));
#17921 = ADVANCED_FACE('',(#17922),#17933,.T.);
#17922 = FACE_BOUND('',#17923,.T.);
#17923 = EDGE_LOOP('',(#17924,#17925,#17926,#17932));
#17924 = ORIENTED_EDGE('',*,*,#17910,.T.);
#17925 = ORIENTED_EDGE('',*,*,#9665,.T.);
#17926 = ORIENTED_EDGE('',*,*,#17927,.F.);
#17927 = EDGE_CURVE('',#4513,#9658,#17928,.T.);
#17928 = LINE('',#17929,#17930);
#17929 = CARTESIAN_POINT('',(184.943049,-98.234658,0.));
#17930 = VECTOR('',#17931,1.);
#17931 = DIRECTION('',(0.,0.,1.));
#17932 = ORIENTED_EDGE('',*,*,#4520,.F.);
#17933 = PLANE('',#17934);
#17934 = AXIS2_PLACEMENT_3D('',#17935,#17936,#17937);
#17935 = CARTESIAN_POINT('',(184.74899,-98.271298,0.));
#17936 = DIRECTION('',(-0.18553055753,0.982638495187,0.));
#17937 = DIRECTION('',(0.982638495187,0.18553055753,0.));
#17938 = ADVANCED_FACE('',(#17939),#17950,.T.);
#17939 = FACE_BOUND('',#17940,.T.);
#17940 = EDGE_LOOP('',(#17941,#17942,#17943,#17949));
#17941 = ORIENTED_EDGE('',*,*,#17927,.T.);
#17942 = ORIENTED_EDGE('',*,*,#9657,.T.);
#17943 = ORIENTED_EDGE('',*,*,#17944,.F.);
#17944 = EDGE_CURVE('',#4505,#9650,#17945,.T.);
#17945 = LINE('',#17946,#17947);
#17946 = CARTESIAN_POINT('',(186.531953,-98.234658,0.));
#17947 = VECTOR('',#17948,1.);
#17948 = DIRECTION('',(0.,0.,1.));
#17949 = ORIENTED_EDGE('',*,*,#4512,.F.);
#17950 = PLANE('',#17951);
#17951 = AXIS2_PLACEMENT_3D('',#17952,#17953,#17954);
#17952 = CARTESIAN_POINT('',(184.943049,-98.234658,0.));
#17953 = DIRECTION('',(0.,1.,0.));
#17954 = DIRECTION('',(1.,0.,0.));
#17955 = ADVANCED_FACE('',(#17956),#17967,.T.);
#17956 = FACE_BOUND('',#17957,.T.);
#17957 = EDGE_LOOP('',(#17958,#17959,#17960,#17966));
#17958 = ORIENTED_EDGE('',*,*,#17944,.T.);
#17959 = ORIENTED_EDGE('',*,*,#9649,.T.);
#17960 = ORIENTED_EDGE('',*,*,#17961,.F.);
#17961 = EDGE_CURVE('',#4497,#9642,#17962,.T.);
#17962 = LINE('',#17963,#17964);
#17963 = CARTESIAN_POINT('',(186.784212,-98.302957,0.));
#17964 = VECTOR('',#17965,1.);
#17965 = DIRECTION('',(0.,0.,1.));
#17966 = ORIENTED_EDGE('',*,*,#4504,.F.);
#17967 = PLANE('',#17968);
#17968 = AXIS2_PLACEMENT_3D('',#17969,#17970,#17971);
#17969 = CARTESIAN_POINT('',(186.531953,-98.234658,0.));
#17970 = DIRECTION('',(0.261340091681,0.965246785273,-0.));
#17971 = DIRECTION('',(0.965246785273,-0.261340091681,0.));
#17972 = ADVANCED_FACE('',(#17973),#17984,.T.);
#17973 = FACE_BOUND('',#17974,.T.);
#17974 = EDGE_LOOP('',(#17975,#17976,#17977,#17983));
#17975 = ORIENTED_EDGE('',*,*,#17961,.T.);
#17976 = ORIENTED_EDGE('',*,*,#9641,.T.);
#17977 = ORIENTED_EDGE('',*,*,#17978,.F.);
#17978 = EDGE_CURVE('',#4489,#9634,#17979,.T.);
#17979 = LINE('',#17980,#17981);
#17980 = CARTESIAN_POINT('',(186.846676,-98.336618,0.));
#17981 = VECTOR('',#17982,1.);
#17982 = DIRECTION('',(0.,0.,1.));
#17983 = ORIENTED_EDGE('',*,*,#4496,.F.);
#17984 = PLANE('',#17985);
#17985 = AXIS2_PLACEMENT_3D('',#17986,#17987,#17988);
#17986 = CARTESIAN_POINT('',(186.784212,-98.302957,0.));
#17987 = DIRECTION('',(0.474389741397,0.880314928453,-0.));
#17988 = DIRECTION('',(0.880314928453,-0.474389741397,0.));
#17989 = ADVANCED_FACE('',(#17990),#18001,.T.);
#17990 = FACE_BOUND('',#17991,.T.);
#17991 = EDGE_LOOP('',(#17992,#17993,#17994,#18000));
#17992 = ORIENTED_EDGE('',*,*,#17978,.T.);
#17993 = ORIENTED_EDGE('',*,*,#9633,.T.);
#17994 = ORIENTED_EDGE('',*,*,#17995,.F.);
#17995 = EDGE_CURVE('',#4481,#9626,#17996,.T.);
#17996 = LINE('',#17997,#17998);
#17997 = CARTESIAN_POINT('',(187.486985,-97.654377,0.));
#17998 = VECTOR('',#17999,1.);
#17999 = DIRECTION('',(0.,0.,1.));
#18000 = ORIENTED_EDGE('',*,*,#4488,.F.);
#18001 = PLANE('',#18002);
#18002 = AXIS2_PLACEMENT_3D('',#18003,#18004,#18005);
#18003 = CARTESIAN_POINT('',(186.846676,-98.336618,0.));
#18004 = DIRECTION('',(-0.729159501222,0.684343789171,0.));
#18005 = DIRECTION('',(0.684343789171,0.729159501222,0.));
#18006 = ADVANCED_FACE('',(#18007),#18018,.T.);
#18007 = FACE_BOUND('',#18008,.T.);
#18008 = EDGE_LOOP('',(#18009,#18010,#18011,#18017));
#18009 = ORIENTED_EDGE('',*,*,#17995,.T.);
#18010 = ORIENTED_EDGE('',*,*,#9625,.T.);
#18011 = ORIENTED_EDGE('',*,*,#18012,.F.);
#18012 = EDGE_CURVE('',#4473,#9618,#18013,.T.);
#18013 = LINE('',#18014,#18015);
#18014 = CARTESIAN_POINT('',(187.464048,-97.603111,0.));
#18015 = VECTOR('',#18016,1.);
#18016 = DIRECTION('',(0.,0.,1.));
#18017 = ORIENTED_EDGE('',*,*,#4480,.F.);
#18018 = PLANE('',#18019);
#18019 = AXIS2_PLACEMENT_3D('',#18020,#18021,#18022);
#18020 = CARTESIAN_POINT('',(187.486985,-97.654377,0.));
#18021 = DIRECTION('',(-0.912803579703,-0.408398855141,0.));
#18022 = DIRECTION('',(-0.408398855141,0.912803579703,0.));
#18023 = ADVANCED_FACE('',(#18024),#18035,.T.);
#18024 = FACE_BOUND('',#18025,.T.);
#18025 = EDGE_LOOP('',(#18026,#18027,#18028,#18034));
#18026 = ORIENTED_EDGE('',*,*,#18012,.T.);
#18027 = ORIENTED_EDGE('',*,*,#9617,.T.);
#18028 = ORIENTED_EDGE('',*,*,#18029,.F.);
#18029 = EDGE_CURVE('',#4465,#9610,#18030,.T.);
#18030 = LINE('',#18031,#18032);
#18031 = CARTESIAN_POINT('',(187.4375,-97.4375,0.));
#18032 = VECTOR('',#18033,1.);
#18033 = DIRECTION('',(0.,0.,1.));
#18034 = ORIENTED_EDGE('',*,*,#4472,.F.);
#18035 = PLANE('',#18036);
#18036 = AXIS2_PLACEMENT_3D('',#18037,#18038,#18039);
#18037 = CARTESIAN_POINT('',(187.464048,-97.603111,0.));
#18038 = DIRECTION('',(-0.987393859041,-0.15828255472,0.));
#18039 = DIRECTION('',(-0.15828255472,0.987393859041,0.));
#18040 = ADVANCED_FACE('',(#18041),#18052,.T.);
#18041 = FACE_BOUND('',#18042,.T.);
#18042 = EDGE_LOOP('',(#18043,#18044,#18045,#18051));
#18043 = ORIENTED_EDGE('',*,*,#18029,.T.);
#18044 = ORIENTED_EDGE('',*,*,#9609,.T.);
#18045 = ORIENTED_EDGE('',*,*,#18046,.F.);
#18046 = EDGE_CURVE('',#4457,#9602,#18047,.T.);
#18047 = LINE('',#18048,#18049);
#18048 = CARTESIAN_POINT('',(187.4375,-96.031816,0.));
#18049 = VECTOR('',#18050,1.);
#18050 = DIRECTION('',(0.,0.,1.));
#18051 = ORIENTED_EDGE('',*,*,#4464,.F.);
#18052 = PLANE('',#18053);
#18053 = AXIS2_PLACEMENT_3D('',#18054,#18055,#18056);
#18054 = CARTESIAN_POINT('',(187.4375,-97.4375,0.));
#18055 = DIRECTION('',(-1.,0.,0.));
#18056 = DIRECTION('',(0.,1.,0.));
#18057 = ADVANCED_FACE('',(#18058),#18069,.T.);
#18058 = FACE_BOUND('',#18059,.T.);
#18059 = EDGE_LOOP('',(#18060,#18061,#18062,#18068));
#18060 = ORIENTED_EDGE('',*,*,#18046,.T.);
#18061 = ORIENTED_EDGE('',*,*,#9601,.T.);
#18062 = ORIENTED_EDGE('',*,*,#18063,.F.);
#18063 = EDGE_CURVE('',#4449,#9594,#18064,.T.);
#18064 = LINE('',#18065,#18066);
#18065 = CARTESIAN_POINT('',(187.486985,-95.814938,0.));
#18066 = VECTOR('',#18067,1.);
#18067 = DIRECTION('',(0.,0.,1.));
#18068 = ORIENTED_EDGE('',*,*,#4456,.F.);
#18069 = PLANE('',#18070);
#18070 = AXIS2_PLACEMENT_3D('',#18071,#18072,#18073);
#18071 = CARTESIAN_POINT('',(187.4375,-96.031816,0.));
#18072 = DIRECTION('',(-0.974943502008,0.222452619431,0.));
#18073 = DIRECTION('',(0.222452619431,0.974943502008,0.));
#18074 = ADVANCED_FACE('',(#18075),#18086,.T.);
#18075 = FACE_BOUND('',#18076,.T.);
#18076 = EDGE_LOOP('',(#18077,#18078,#18079,#18085));
#18077 = ORIENTED_EDGE('',*,*,#18063,.T.);
#18078 = ORIENTED_EDGE('',*,*,#9593,.T.);
#18079 = ORIENTED_EDGE('',*,*,#18080,.F.);
#18080 = EDGE_CURVE('',#4441,#9586,#18081,.T.);
#18081 = LINE('',#18082,#18083);
#18082 = CARTESIAN_POINT('',(187.515524,-95.749984,0.));
#18083 = VECTOR('',#18084,1.);
#18084 = DIRECTION('',(0.,0.,1.));
#18085 = ORIENTED_EDGE('',*,*,#4448,.F.);
#18086 = PLANE('',#18087);
#18087 = AXIS2_PLACEMENT_3D('',#18088,#18089,#18090);
#18088 = CARTESIAN_POINT('',(187.486985,-95.814938,0.));
#18089 = DIRECTION('',(-0.915526689869,0.402257231305,0.));
#18090 = DIRECTION('',(0.402257231305,0.915526689869,0.));
#18091 = ADVANCED_FACE('',(#18092),#18103,.T.);
#18092 = FACE_BOUND('',#18093,.T.);
#18093 = EDGE_LOOP('',(#18094,#18095,#18096,#18102));
#18094 = ORIENTED_EDGE('',*,*,#18080,.T.);
#18095 = ORIENTED_EDGE('',*,*,#9585,.T.);
#18096 = ORIENTED_EDGE('',*,*,#18097,.F.);
#18097 = EDGE_CURVE('',#4433,#9578,#18098,.T.);
#18098 = LINE('',#18099,#18100);
#18099 = CARTESIAN_POINT('',(186.784212,-95.16636,0.));
#18100 = VECTOR('',#18101,1.);
#18101 = DIRECTION('',(0.,0.,1.));
#18102 = ORIENTED_EDGE('',*,*,#4440,.F.);
#18103 = PLANE('',#18104);
#18104 = AXIS2_PLACEMENT_3D('',#18105,#18106,#18107);
#18105 = CARTESIAN_POINT('',(187.515524,-95.749984,0.));
#18106 = DIRECTION('',(-0.623765549005,-0.781611501882,0.));
#18107 = DIRECTION('',(-0.781611501882,0.623765549005,0.));
#18108 = ADVANCED_FACE('',(#18109),#18120,.T.);
#18109 = FACE_BOUND('',#18110,.T.);
#18110 = EDGE_LOOP('',(#18111,#18112,#18113,#18119));
#18111 = ORIENTED_EDGE('',*,*,#18097,.T.);
#18112 = ORIENTED_EDGE('',*,*,#9577,.T.);
#18113 = ORIENTED_EDGE('',*,*,#18114,.F.);
#18114 = EDGE_CURVE('',#4425,#9570,#18115,.T.);
#18115 = LINE('',#18116,#18117);
#18116 = CARTESIAN_POINT('',(186.726011,-95.19801,0.));
#18117 = VECTOR('',#18118,1.);
#18118 = DIRECTION('',(0.,0.,1.));
#18119 = ORIENTED_EDGE('',*,*,#4432,.F.);
#18120 = PLANE('',#18121);
#18121 = AXIS2_PLACEMENT_3D('',#18122,#18123,#18124);
#18122 = CARTESIAN_POINT('',(186.784212,-95.16636,0.));
#18123 = DIRECTION('',(0.47773495646,-0.878504018987,0.));
#18124 = DIRECTION('',(-0.878504018987,-0.47773495646,0.));
#18125 = ADVANCED_FACE('',(#18126),#18137,.T.);
#18126 = FACE_BOUND('',#18127,.T.);
#18127 = EDGE_LOOP('',(#18128,#18129,#18130,#18136));
#18128 = ORIENTED_EDGE('',*,*,#18114,.T.);
#18129 = ORIENTED_EDGE('',*,*,#9569,.T.);
#18130 = ORIENTED_EDGE('',*,*,#18131,.F.);
#18131 = EDGE_CURVE('',#4417,#9562,#18132,.T.);
#18132 = LINE('',#18133,#18134);
#18133 = CARTESIAN_POINT('',(186.531954,-95.234659,0.));
#18134 = VECTOR('',#18135,1.);
#18135 = DIRECTION('',(0.,0.,1.));
#18136 = ORIENTED_EDGE('',*,*,#4424,.F.);
#18137 = PLANE('',#18138);
#18138 = AXIS2_PLACEMENT_3D('',#18139,#18140,#18141);
#18139 = CARTESIAN_POINT('',(186.726011,-95.19801,0.));
#18140 = DIRECTION('',(0.185576407469,-0.982629837218,0.));
#18141 = DIRECTION('',(-0.982629837218,-0.185576407469,0.));
#18142 = ADVANCED_FACE('',(#18143),#18154,.T.);
#18143 = FACE_BOUND('',#18144,.T.);
#18144 = EDGE_LOOP('',(#18145,#18146,#18147,#18153));
#18145 = ORIENTED_EDGE('',*,*,#18131,.T.);
#18146 = ORIENTED_EDGE('',*,*,#9561,.T.);
#18147 = ORIENTED_EDGE('',*,*,#18148,.F.);
#18148 = EDGE_CURVE('',#4409,#9554,#18149,.T.);
#18149 = LINE('',#18150,#18151);
#18150 = CARTESIAN_POINT('',(184.943049,-95.234659,0.));
#18151 = VECTOR('',#18152,1.);
#18152 = DIRECTION('',(0.,0.,1.));
#18153 = ORIENTED_EDGE('',*,*,#4416,.F.);
#18154 = PLANE('',#18155);
#18155 = AXIS2_PLACEMENT_3D('',#18156,#18157,#18158);
#18156 = CARTESIAN_POINT('',(186.531954,-95.234659,0.));
#18157 = DIRECTION('',(0.,-1.,0.));
#18158 = DIRECTION('',(-1.,0.,0.));
#18159 = ADVANCED_FACE('',(#18160),#18171,.T.);
#18160 = FACE_BOUND('',#18161,.T.);
#18161 = EDGE_LOOP('',(#18162,#18163,#18164,#18170));
#18162 = ORIENTED_EDGE('',*,*,#18148,.T.);
#18163 = ORIENTED_EDGE('',*,*,#9553,.T.);
#18164 = ORIENTED_EDGE('',*,*,#18165,.F.);
#18165 = EDGE_CURVE('',#4401,#9546,#18166,.T.);
#18166 = LINE('',#18167,#18168);
#18167 = CARTESIAN_POINT('',(184.69079,-95.166359,0.));
#18168 = VECTOR('',#18169,1.);
#18169 = DIRECTION('',(0.,0.,1.));
#18170 = ORIENTED_EDGE('',*,*,#4408,.F.);
#18171 = PLANE('',#18172);
#18172 = AXIS2_PLACEMENT_3D('',#18173,#18174,#18175);
#18173 = CARTESIAN_POINT('',(184.943049,-95.234659,0.));
#18174 = DIRECTION('',(-0.261343656749,-0.965245820026,0.));
#18175 = DIRECTION('',(-0.965245820026,0.261343656749,0.));
#18176 = ADVANCED_FACE('',(#18177),#18183,.T.);
#18177 = FACE_BOUND('',#18178,.T.);
#18178 = EDGE_LOOP('',(#18179,#18180,#18181,#18182));
#18179 = ORIENTED_EDGE('',*,*,#18165,.T.);
#18180 = ORIENTED_EDGE('',*,*,#9545,.T.);
#18181 = ORIENTED_EDGE('',*,*,#17784,.F.);
#18182 = ORIENTED_EDGE('',*,*,#4400,.F.);
#18183 = PLANE('',#18184);
#18184 = AXIS2_PLACEMENT_3D('',#18185,#18186,#18187);
#18185 = CARTESIAN_POINT('',(184.69079,-95.166359,0.));
#18186 = DIRECTION('',(-0.474332587922,-0.880345725289,0.));
#18187 = DIRECTION('',(-0.880345725289,0.474332587922,0.));
#18188 = ADVANCED_FACE('',(#18189),#18200,.F.);
#18189 = FACE_BOUND('',#18190,.T.);
#18190 = EDGE_LOOP('',(#18191,#18192,#18198,#18199));
#18191 = ORIENTED_EDGE('',*,*,#4584,.T.);
#18192 = ORIENTED_EDGE('',*,*,#18193,.T.);
#18193 = EDGE_CURVE('',#4585,#9730,#18194,.T.);
#18194 = LINE('',#18195,#18196);
#18195 = CARTESIAN_POINT('',(185.7375,-94.075,-4.6E-02));
#18196 = VECTOR('',#18197,1.);
#18197 = DIRECTION('',(0.,0.,1.));
#18198 = ORIENTED_EDGE('',*,*,#9729,.F.);
#18199 = ORIENTED_EDGE('',*,*,#18193,.F.);
#18200 = CYLINDRICAL_SURFACE('',#18201,2.);
#18201 = AXIS2_PLACEMENT_3D('',#18202,#18203,#18204);
#18202 = CARTESIAN_POINT('',(185.7375,-92.075,-4.6E-02));
#18203 = DIRECTION('',(-0.,-0.,-1.));
#18204 = DIRECTION('',(-0.,-1.,0.));
#18205 = ADVANCED_FACE('',(#18206),#18217,.F.);
#18206 = FACE_BOUND('',#18207,.T.);
#18207 = EDGE_LOOP('',(#18208,#18209,#18215,#18216));
#18208 = ORIENTED_EDGE('',*,*,#4595,.T.);
#18209 = ORIENTED_EDGE('',*,*,#18210,.T.);
#18210 = EDGE_CURVE('',#4596,#9741,#18211,.T.);
#18211 = LINE('',#18212,#18213);
#18212 = CARTESIAN_POINT('',(193.675,-96.285,-4.6E-02));
#18213 = VECTOR('',#18214,1.);
#18214 = DIRECTION('',(0.,0.,1.));
#18215 = ORIENTED_EDGE('',*,*,#9740,.F.);
#18216 = ORIENTED_EDGE('',*,*,#18210,.F.);
#18217 = CYLINDRICAL_SURFACE('',#18218,0.4);
#18218 = AXIS2_PLACEMENT_3D('',#18219,#18220,#18221);
#18219 = CARTESIAN_POINT('',(193.675,-95.885,-4.6E-02));
#18220 = DIRECTION('',(-0.,-0.,-1.));
#18221 = DIRECTION('',(-0.,-1.,0.));
#18222 = ADVANCED_FACE('',(#18223),#18234,.F.);
#18223 = FACE_BOUND('',#18224,.T.);
#18224 = EDGE_LOOP('',(#18225,#18226,#18232,#18233));
#18225 = ORIENTED_EDGE('',*,*,#4606,.T.);
#18226 = ORIENTED_EDGE('',*,*,#18227,.T.);
#18227 = EDGE_CURVE('',#4607,#9752,#18228,.T.);
#18228 = LINE('',#18229,#18230);
#18229 = CARTESIAN_POINT('',(190.8175,-92.925,-4.6E-02));
#18230 = VECTOR('',#18231,1.);
#18231 = DIRECTION('',(0.,0.,1.));
#18232 = ORIENTED_EDGE('',*,*,#9751,.F.);
#18233 = ORIENTED_EDGE('',*,*,#18227,.F.);
#18234 = CYLINDRICAL_SURFACE('',#18235,0.85);
#18235 = AXIS2_PLACEMENT_3D('',#18236,#18237,#18238);
#18236 = CARTESIAN_POINT('',(190.8175,-92.075,-4.6E-02));
#18237 = DIRECTION('',(-0.,-0.,-1.));
#18238 = DIRECTION('',(-0.,-1.,0.));
#18239 = ADVANCED_FACE('',(#18240),#18251,.F.);
#18240 = FACE_BOUND('',#18241,.T.);
#18241 = EDGE_LOOP('',(#18242,#18243,#18249,#18250));
#18242 = ORIENTED_EDGE('',*,*,#4617,.T.);
#18243 = ORIENTED_EDGE('',*,*,#18244,.T.);
#18244 = EDGE_CURVE('',#4618,#9763,#18245,.T.);
#18245 = LINE('',#18246,#18247);
#18246 = CARTESIAN_POINT('',(181.9275,-90.285,-4.6E-02));
#18247 = VECTOR('',#18248,1.);
#18248 = DIRECTION('',(0.,0.,1.));
#18249 = ORIENTED_EDGE('',*,*,#9762,.F.);
#18250 = ORIENTED_EDGE('',*,*,#18244,.F.);
#18251 = CYLINDRICAL_SURFACE('',#18252,0.75);
#18252 = AXIS2_PLACEMENT_3D('',#18253,#18254,#18255);
#18253 = CARTESIAN_POINT('',(181.9275,-89.535,-4.6E-02));
#18254 = DIRECTION('',(-0.,-0.,-1.));
#18255 = DIRECTION('',(-0.,-1.,0.));
#18256 = ADVANCED_FACE('',(#18257),#18268,.F.);
#18257 = FACE_BOUND('',#18258,.T.);
#18258 = EDGE_LOOP('',(#18259,#18260,#18266,#18267));
#18259 = ORIENTED_EDGE('',*,*,#4628,.T.);
#18260 = ORIENTED_EDGE('',*,*,#18261,.T.);
#18261 = EDGE_CURVE('',#4629,#9774,#18262,.T.);
#18262 = LINE('',#18263,#18264);
#18263 = CARTESIAN_POINT('',(193.675,-88.665,-4.6E-02));
#18264 = VECTOR('',#18265,1.);
#18265 = DIRECTION('',(0.,0.,1.));
#18266 = ORIENTED_EDGE('',*,*,#9773,.F.);
#18267 = ORIENTED_EDGE('',*,*,#18261,.F.);
#18268 = CYLINDRICAL_SURFACE('',#18269,0.4);
#18269 = AXIS2_PLACEMENT_3D('',#18270,#18271,#18272);
#18270 = CARTESIAN_POINT('',(193.675,-88.265,-4.6E-02));
#18271 = DIRECTION('',(-0.,-0.,-1.));
#18272 = DIRECTION('',(-0.,-1.,0.));
#18273 = ADVANCED_FACE('',(#18274),#18285,.F.);
#18274 = FACE_BOUND('',#18275,.T.);
#18275 = EDGE_LOOP('',(#18276,#18277,#18283,#18284));
#18276 = ORIENTED_EDGE('',*,*,#4639,.T.);
#18277 = ORIENTED_EDGE('',*,*,#18278,.T.);
#18278 = EDGE_CURVE('',#4640,#9785,#18279,.T.);
#18279 = LINE('',#18280,#18281);
#18280 = CARTESIAN_POINT('',(188.2775,-87.745,-4.6E-02));
#18281 = VECTOR('',#18282,1.);
#18282 = DIRECTION('',(0.,0.,1.));
#18283 = ORIENTED_EDGE('',*,*,#9784,.F.);
#18284 = ORIENTED_EDGE('',*,*,#18278,.F.);
#18285 = CYLINDRICAL_SURFACE('',#18286,0.75);
#18286 = AXIS2_PLACEMENT_3D('',#18287,#18288,#18289);
#18287 = CARTESIAN_POINT('',(188.2775,-86.995,-4.6E-02));
#18288 = DIRECTION('',(-0.,-0.,-1.));
#18289 = DIRECTION('',(-0.,-1.,0.));
#18290 = ADVANCED_FACE('',(#18291),#18307,.T.);
#18291 = FACE_BOUND('',#18292,.T.);
#18292 = EDGE_LOOP('',(#18293,#18299,#18300,#18306));
#18293 = ORIENTED_EDGE('',*,*,#18294,.T.);
#18294 = EDGE_CURVE('',#4651,#9796,#18295,.T.);
#18295 = LINE('',#18296,#18297);
#18296 = CARTESIAN_POINT('',(165.57832,-76.0827,0.));
#18297 = VECTOR('',#18298,1.);
#18298 = DIRECTION('',(0.,0.,1.));
#18299 = ORIENTED_EDGE('',*,*,#9795,.T.);
#18300 = ORIENTED_EDGE('',*,*,#18301,.F.);
#18301 = EDGE_CURVE('',#4653,#9798,#18302,.T.);
#18302 = LINE('',#18303,#18304);
#18303 = CARTESIAN_POINT('',(164.938017,-76.764938,0.));
#18304 = VECTOR('',#18305,1.);
#18305 = DIRECTION('',(0.,0.,1.));
#18306 = ORIENTED_EDGE('',*,*,#4650,.F.);
#18307 = PLANE('',#18308);
#18308 = AXIS2_PLACEMENT_3D('',#18309,#18310,#18311);
#18309 = CARTESIAN_POINT('',(165.57832,-76.0827,0.));
#18310 = DIRECTION('',(0.729161199504,-0.68434197967,0.));
#18311 = DIRECTION('',(-0.68434197967,-0.729161199504,0.));
#18312 = ADVANCED_FACE('',(#18313),#18324,.T.);
#18313 = FACE_BOUND('',#18314,.T.);
#18314 = EDGE_LOOP('',(#18315,#18321,#18322,#18323));
#18315 = ORIENTED_EDGE('',*,*,#18316,.T.);
#18316 = EDGE_CURVE('',#4661,#9806,#18317,.T.);
#18317 = LINE('',#18318,#18319);
#18318 = CARTESIAN_POINT('',(165.64079,-76.116359,0.));
#18319 = VECTOR('',#18320,1.);
#18320 = DIRECTION('',(0.,0.,1.));
#18321 = ORIENTED_EDGE('',*,*,#9805,.T.);
#18322 = ORIENTED_EDGE('',*,*,#18294,.F.);
#18323 = ORIENTED_EDGE('',*,*,#4660,.F.);
#18324 = PLANE('',#18325);
#18325 = AXIS2_PLACEMENT_3D('',#18326,#18327,#18328);
#18326 = CARTESIAN_POINT('',(165.64079,-76.116359,0.));
#18327 = DIRECTION('',(-0.474332587922,-0.880345725289,0.));
#18328 = DIRECTION('',(-0.880345725289,0.474332587922,0.));
#18329 = ADVANCED_FACE('',(#18330),#18341,.T.);
#18330 = FACE_BOUND('',#18331,.T.);
#18331 = EDGE_LOOP('',(#18332,#18333,#18334,#18340));
#18332 = ORIENTED_EDGE('',*,*,#18301,.T.);
#18333 = ORIENTED_EDGE('',*,*,#9981,.T.);
#18334 = ORIENTED_EDGE('',*,*,#18335,.F.);
#18335 = EDGE_CURVE('',#4829,#9974,#18336,.T.);
#18336 = LINE('',#18337,#18338);
#18337 = CARTESIAN_POINT('',(164.960953,-76.816205,0.));
#18338 = VECTOR('',#18339,1.);
#18339 = DIRECTION('',(0.,0.,1.));
#18340 = ORIENTED_EDGE('',*,*,#4836,.F.);
#18341 = PLANE('',#18342);
#18342 = AXIS2_PLACEMENT_3D('',#18343,#18344,#18345);
#18343 = CARTESIAN_POINT('',(164.938017,-76.764938,0.));
#18344 = DIRECTION('',(0.912813186674,0.408377382128,-0.));
#18345 = DIRECTION('',(0.408377382128,-0.912813186674,0.));
#18346 = ADVANCED_FACE('',(#18347),#18358,.T.);
#18347 = FACE_BOUND('',#18348,.T.);
#18348 = EDGE_LOOP('',(#18349,#18355,#18356,#18357));
#18349 = ORIENTED_EDGE('',*,*,#18350,.T.);
#18350 = EDGE_CURVE('',#4669,#9814,#18351,.T.);
#18351 = LINE('',#18352,#18353);
#18352 = CARTESIAN_POINT('',(165.893049,-76.184659,0.));
#18353 = VECTOR('',#18354,1.);
#18354 = DIRECTION('',(0.,0.,1.));
#18355 = ORIENTED_EDGE('',*,*,#9813,.T.);
#18356 = ORIENTED_EDGE('',*,*,#18316,.F.);
#18357 = ORIENTED_EDGE('',*,*,#4668,.F.);
#18358 = PLANE('',#18359);
#18359 = AXIS2_PLACEMENT_3D('',#18360,#18361,#18362);
#18360 = CARTESIAN_POINT('',(165.893049,-76.184659,0.));
#18361 = DIRECTION('',(-0.261343656749,-0.965245820026,0.));
#18362 = DIRECTION('',(-0.965245820026,0.261343656749,0.));
#18363 = ADVANCED_FACE('',(#18364),#18375,.T.);
#18364 = FACE_BOUND('',#18365,.T.);
#18365 = EDGE_LOOP('',(#18366,#18367,#18368,#18374));
#18366 = ORIENTED_EDGE('',*,*,#18335,.T.);
#18367 = ORIENTED_EDGE('',*,*,#9973,.T.);
#18368 = ORIENTED_EDGE('',*,*,#18369,.F.);
#18369 = EDGE_CURVE('',#4821,#9966,#18370,.T.);
#18370 = LINE('',#18371,#18372);
#18371 = CARTESIAN_POINT('',(164.987502,-76.981816,0.));
#18372 = VECTOR('',#18373,1.);
#18373 = DIRECTION('',(0.,0.,1.));
#18374 = ORIENTED_EDGE('',*,*,#4828,.F.);
#18375 = PLANE('',#18376);
#18376 = AXIS2_PLACEMENT_3D('',#18377,#18378,#18379);
#18377 = CARTESIAN_POINT('',(164.960953,-76.816205,0.));
#18378 = DIRECTION('',(0.98739292722,0.158288367468,-0.));
#18379 = DIRECTION('',(0.158288367468,-0.98739292722,0.));
#18380 = ADVANCED_FACE('',(#18381),#18392,.T.);
#18381 = FACE_BOUND('',#18382,.T.);
#18382 = EDGE_LOOP('',(#18383,#18389,#18390,#18391));
#18383 = ORIENTED_EDGE('',*,*,#18384,.T.);
#18384 = EDGE_CURVE('',#4677,#9822,#18385,.T.);
#18385 = LINE('',#18386,#18387);
#18386 = CARTESIAN_POINT('',(167.481954,-76.184659,0.));
#18387 = VECTOR('',#18388,1.);
#18388 = DIRECTION('',(0.,0.,1.));
#18389 = ORIENTED_EDGE('',*,*,#9821,.T.);
#18390 = ORIENTED_EDGE('',*,*,#18350,.F.);
#18391 = ORIENTED_EDGE('',*,*,#4676,.F.);
#18392 = PLANE('',#18393);
#18393 = AXIS2_PLACEMENT_3D('',#18394,#18395,#18396);
#18394 = CARTESIAN_POINT('',(167.481954,-76.184659,0.));
#18395 = DIRECTION('',(0.,-1.,0.));
#18396 = DIRECTION('',(-1.,0.,0.));
#18397 = ADVANCED_FACE('',(#18398),#18409,.T.);
#18398 = FACE_BOUND('',#18399,.T.);
#18399 = EDGE_LOOP('',(#18400,#18401,#18402,#18408));
#18400 = ORIENTED_EDGE('',*,*,#18369,.T.);
#18401 = ORIENTED_EDGE('',*,*,#9965,.T.);
#18402 = ORIENTED_EDGE('',*,*,#18403,.F.);
#18403 = EDGE_CURVE('',#4813,#9958,#18404,.T.);
#18404 = LINE('',#18405,#18406);
#18405 = CARTESIAN_POINT('',(164.987502,-78.3875,0.));
#18406 = VECTOR('',#18407,1.);
#18407 = DIRECTION('',(0.,0.,1.));
#18408 = ORIENTED_EDGE('',*,*,#4820,.F.);
#18409 = PLANE('',#18410);
#18410 = AXIS2_PLACEMENT_3D('',#18411,#18412,#18413);
#18411 = CARTESIAN_POINT('',(164.987502,-76.981816,0.));
#18412 = DIRECTION('',(1.,0.,-0.));
#18413 = DIRECTION('',(0.,-1.,0.));
#18414 = ADVANCED_FACE('',(#18415),#18426,.T.);
#18415 = FACE_BOUND('',#18416,.T.);
#18416 = EDGE_LOOP('',(#18417,#18423,#18424,#18425));
#18417 = ORIENTED_EDGE('',*,*,#18418,.T.);
#18418 = EDGE_CURVE('',#4685,#9830,#18419,.T.);
#18419 = LINE('',#18420,#18421);
#18420 = CARTESIAN_POINT('',(167.676011,-76.14801,0.));
#18421 = VECTOR('',#18422,1.);
#18422 = DIRECTION('',(0.,0.,1.));
#18423 = ORIENTED_EDGE('',*,*,#9829,.T.);
#18424 = ORIENTED_EDGE('',*,*,#18384,.F.);
#18425 = ORIENTED_EDGE('',*,*,#4684,.F.);
#18426 = PLANE('',#18427);
#18427 = AXIS2_PLACEMENT_3D('',#18428,#18429,#18430);
#18428 = CARTESIAN_POINT('',(167.676011,-76.14801,0.));
#18429 = DIRECTION('',(0.185576407469,-0.982629837218,0.));
#18430 = DIRECTION('',(-0.982629837218,-0.185576407469,0.));
#18431 = ADVANCED_FACE('',(#18432),#18443,.T.);
#18432 = FACE_BOUND('',#18433,.T.);
#18433 = EDGE_LOOP('',(#18434,#18435,#18436,#18442));
#18434 = ORIENTED_EDGE('',*,*,#18403,.T.);
#18435 = ORIENTED_EDGE('',*,*,#9957,.T.);
#18436 = ORIENTED_EDGE('',*,*,#18437,.F.);
#18437 = EDGE_CURVE('',#4805,#9950,#18438,.T.);
#18438 = LINE('',#18439,#18440);
#18439 = CARTESIAN_POINT('',(164.938017,-78.604378,0.));
#18440 = VECTOR('',#18441,1.);
#18441 = DIRECTION('',(0.,0.,1.));
#18442 = ORIENTED_EDGE('',*,*,#4812,.F.);
#18443 = PLANE('',#18444);
#18444 = AXIS2_PLACEMENT_3D('',#18445,#18446,#18447);
#18445 = CARTESIAN_POINT('',(164.987502,-78.3875,0.));
#18446 = DIRECTION('',(0.974943502008,-0.222452619431,0.));
#18447 = DIRECTION('',(-0.222452619431,-0.974943502008,0.));
#18448 = ADVANCED_FACE('',(#18449),#18460,.T.);
#18449 = FACE_BOUND('',#18450,.T.);
#18450 = EDGE_LOOP('',(#18451,#18457,#18458,#18459));
#18451 = ORIENTED_EDGE('',*,*,#18452,.T.);
#18452 = EDGE_CURVE('',#4693,#9838,#18453,.T.);
#18453 = LINE('',#18454,#18455);
#18454 = CARTESIAN_POINT('',(167.734212,-76.11636,0.));
#18455 = VECTOR('',#18456,1.);
#18456 = DIRECTION('',(0.,0.,1.));
#18457 = ORIENTED_EDGE('',*,*,#9837,.T.);
#18458 = ORIENTED_EDGE('',*,*,#18418,.F.);
#18459 = ORIENTED_EDGE('',*,*,#4692,.F.);
#18460 = PLANE('',#18461);
#18461 = AXIS2_PLACEMENT_3D('',#18462,#18463,#18464);
#18462 = CARTESIAN_POINT('',(167.734212,-76.11636,0.));
#18463 = DIRECTION('',(0.47773495646,-0.878504018987,0.));
#18464 = DIRECTION('',(-0.878504018987,-0.47773495646,0.));
#18465 = ADVANCED_FACE('',(#18466),#18477,.T.);
#18466 = FACE_BOUND('',#18467,.T.);
#18467 = EDGE_LOOP('',(#18468,#18469,#18470,#18476));
#18468 = ORIENTED_EDGE('',*,*,#18437,.T.);
#18469 = ORIENTED_EDGE('',*,*,#9949,.T.);
#18470 = ORIENTED_EDGE('',*,*,#18471,.F.);
#18471 = EDGE_CURVE('',#4797,#9942,#18472,.T.);
#18472 = LINE('',#18473,#18474);
#18473 = CARTESIAN_POINT('',(164.909464,-78.669339,0.));
#18474 = VECTOR('',#18475,1.);
#18475 = DIRECTION('',(0.,0.,1.));
#18476 = ORIENTED_EDGE('',*,*,#4804,.F.);
#18477 = PLANE('',#18478);
#18478 = AXIS2_PLACEMENT_3D('',#18479,#18480,#18481);
#18479 = CARTESIAN_POINT('',(164.938017,-78.604378,0.));
#18480 = DIRECTION('',(0.915469983318,-0.402386269203,0.));
#18481 = DIRECTION('',(-0.402386269203,-0.915469983318,0.));
#18482 = ADVANCED_FACE('',(#18483),#18494,.T.);
#18483 = FACE_BOUND('',#18484,.T.);
#18484 = EDGE_LOOP('',(#18485,#18491,#18492,#18493));
#18485 = ORIENTED_EDGE('',*,*,#18486,.T.);
#18486 = EDGE_CURVE('',#4701,#9846,#18487,.T.);
#18487 = LINE('',#18488,#18489);
#18488 = CARTESIAN_POINT('',(168.465524,-76.699984,0.));
#18489 = VECTOR('',#18490,1.);
#18490 = DIRECTION('',(0.,0.,1.));
#18491 = ORIENTED_EDGE('',*,*,#9845,.T.);
#18492 = ORIENTED_EDGE('',*,*,#18452,.F.);
#18493 = ORIENTED_EDGE('',*,*,#4700,.F.);
#18494 = PLANE('',#18495);
#18495 = AXIS2_PLACEMENT_3D('',#18496,#18497,#18498);
#18496 = CARTESIAN_POINT('',(168.465524,-76.699984,0.));
#18497 = DIRECTION('',(-0.623765549005,-0.781611501882,0.));
#18498 = DIRECTION('',(-0.781611501882,0.623765549005,0.));
#18499 = ADVANCED_FACE('',(#18500),#18511,.T.);
#18500 = FACE_BOUND('',#18501,.T.);
#18501 = EDGE_LOOP('',(#18502,#18503,#18504,#18510));
#18502 = ORIENTED_EDGE('',*,*,#18471,.T.);
#18503 = ORIENTED_EDGE('',*,*,#9941,.T.);
#18504 = ORIENTED_EDGE('',*,*,#18505,.F.);
#18505 = EDGE_CURVE('',#4789,#9934,#18506,.T.);
#18506 = LINE('',#18507,#18508);
#18507 = CARTESIAN_POINT('',(165.64079,-79.252955,0.));
#18508 = VECTOR('',#18509,1.);
#18509 = DIRECTION('',(0.,0.,1.));
#18510 = ORIENTED_EDGE('',*,*,#4796,.F.);
#18511 = PLANE('',#18512);
#18512 = AXIS2_PLACEMENT_3D('',#18513,#18514,#18515);
#18513 = CARTESIAN_POINT('',(164.909464,-78.669339,0.));
#18514 = DIRECTION('',(0.623753030467,0.781621492145,-0.));
#18515 = DIRECTION('',(0.781621492145,-0.623753030467,0.));
#18516 = ADVANCED_FACE('',(#18517),#18528,.T.);
#18517 = FACE_BOUND('',#18518,.T.);
#18518 = EDGE_LOOP('',(#18519,#18525,#18526,#18527));
#18519 = ORIENTED_EDGE('',*,*,#18520,.T.);
#18520 = EDGE_CURVE('',#4709,#9854,#18521,.T.);
#18521 = LINE('',#18522,#18523);
#18522 = CARTESIAN_POINT('',(168.436985,-76.764938,0.));
#18523 = VECTOR('',#18524,1.);
#18524 = DIRECTION('',(0.,0.,1.));
#18525 = ORIENTED_EDGE('',*,*,#9853,.T.);
#18526 = ORIENTED_EDGE('',*,*,#18486,.F.);
#18527 = ORIENTED_EDGE('',*,*,#4708,.F.);
#18528 = PLANE('',#18529);
#18529 = AXIS2_PLACEMENT_3D('',#18530,#18531,#18532);
#18530 = CARTESIAN_POINT('',(168.436985,-76.764938,0.));
#18531 = DIRECTION('',(-0.915526689869,0.402257231305,0.));
#18532 = DIRECTION('',(0.402257231305,0.915526689869,0.));
#18533 = ADVANCED_FACE('',(#18534),#18545,.T.);
#18534 = FACE_BOUND('',#18535,.T.);
#18535 = EDGE_LOOP('',(#18536,#18537,#18538,#18544));
#18536 = ORIENTED_EDGE('',*,*,#18505,.T.);
#18537 = ORIENTED_EDGE('',*,*,#9933,.T.);
#18538 = ORIENTED_EDGE('',*,*,#18539,.F.);
#18539 = EDGE_CURVE('',#4781,#9926,#18540,.T.);
#18540 = LINE('',#18541,#18542);
#18541 = CARTESIAN_POINT('',(165.69899,-79.221298,0.));
#18542 = VECTOR('',#18543,1.);
#18543 = DIRECTION('',(0.,0.,1.));
#18544 = ORIENTED_EDGE('',*,*,#4788,.F.);
#18545 = PLANE('',#18546);
#18546 = AXIS2_PLACEMENT_3D('',#18547,#18548,#18549);
#18547 = CARTESIAN_POINT('',(165.64079,-79.252955,0.));
#18548 = DIRECTION('',(-0.477822831046,0.878456226645,0.));
#18549 = DIRECTION('',(0.878456226645,0.477822831046,0.));
#18550 = ADVANCED_FACE('',(#18551),#18562,.T.);
#18551 = FACE_BOUND('',#18552,.T.);
#18552 = EDGE_LOOP('',(#18553,#18559,#18560,#18561));
#18553 = ORIENTED_EDGE('',*,*,#18554,.T.);
#18554 = EDGE_CURVE('',#4717,#9862,#18555,.T.);
#18555 = LINE('',#18556,#18557);
#18556 = CARTESIAN_POINT('',(168.3875,-76.981816,0.));
#18557 = VECTOR('',#18558,1.);
#18558 = DIRECTION('',(0.,0.,1.));
#18559 = ORIENTED_EDGE('',*,*,#9861,.T.);
#18560 = ORIENTED_EDGE('',*,*,#18520,.F.);
#18561 = ORIENTED_EDGE('',*,*,#4716,.F.);
#18562 = PLANE('',#18563);
#18563 = AXIS2_PLACEMENT_3D('',#18564,#18565,#18566);
#18564 = CARTESIAN_POINT('',(168.3875,-76.981816,0.));
#18565 = DIRECTION('',(-0.974943502008,0.222452619431,0.));
#18566 = DIRECTION('',(0.222452619431,0.974943502008,0.));
#18567 = ADVANCED_FACE('',(#18568),#18579,.T.);
#18568 = FACE_BOUND('',#18569,.T.);
#18569 = EDGE_LOOP('',(#18570,#18571,#18572,#18578));
#18570 = ORIENTED_EDGE('',*,*,#18539,.T.);
#18571 = ORIENTED_EDGE('',*,*,#9925,.T.);
#18572 = ORIENTED_EDGE('',*,*,#18573,.F.);
#18573 = EDGE_CURVE('',#4773,#9918,#18574,.T.);
#18574 = LINE('',#18575,#18576);
#18575 = CARTESIAN_POINT('',(165.893049,-79.184658,0.));
#18576 = VECTOR('',#18577,1.);
#18577 = DIRECTION('',(0.,0.,1.));
#18578 = ORIENTED_EDGE('',*,*,#4780,.F.);
#18579 = PLANE('',#18580);
#18580 = AXIS2_PLACEMENT_3D('',#18581,#18582,#18583);
#18581 = CARTESIAN_POINT('',(165.69899,-79.221298,0.));
#18582 = DIRECTION('',(-0.18553055753,0.982638495187,0.));
#18583 = DIRECTION('',(0.982638495187,0.18553055753,0.));
#18584 = ADVANCED_FACE('',(#18585),#18596,.T.);
#18585 = FACE_BOUND('',#18586,.T.);
#18586 = EDGE_LOOP('',(#18587,#18593,#18594,#18595));
#18587 = ORIENTED_EDGE('',*,*,#18588,.T.);
#18588 = EDGE_CURVE('',#4725,#9870,#18589,.T.);
#18589 = LINE('',#18590,#18591);
#18590 = CARTESIAN_POINT('',(168.3875,-78.3875,0.));
#18591 = VECTOR('',#18592,1.);
#18592 = DIRECTION('',(0.,0.,1.));
#18593 = ORIENTED_EDGE('',*,*,#9869,.T.);
#18594 = ORIENTED_EDGE('',*,*,#18554,.F.);
#18595 = ORIENTED_EDGE('',*,*,#4724,.F.);
#18596 = PLANE('',#18597);
#18597 = AXIS2_PLACEMENT_3D('',#18598,#18599,#18600);
#18598 = CARTESIAN_POINT('',(168.3875,-78.3875,0.));
#18599 = DIRECTION('',(-1.,0.,0.));
#18600 = DIRECTION('',(0.,1.,0.));
#18601 = ADVANCED_FACE('',(#18602),#18613,.T.);
#18602 = FACE_BOUND('',#18603,.T.);
#18603 = EDGE_LOOP('',(#18604,#18605,#18606,#18612));
#18604 = ORIENTED_EDGE('',*,*,#18573,.T.);
#18605 = ORIENTED_EDGE('',*,*,#9917,.T.);
#18606 = ORIENTED_EDGE('',*,*,#18607,.F.);
#18607 = EDGE_CURVE('',#4765,#9910,#18608,.T.);
#18608 = LINE('',#18609,#18610);
#18609 = CARTESIAN_POINT('',(167.481953,-79.184658,0.));
#18610 = VECTOR('',#18611,1.);
#18611 = DIRECTION('',(0.,0.,1.));
#18612 = ORIENTED_EDGE('',*,*,#4772,.F.);
#18613 = PLANE('',#18614);
#18614 = AXIS2_PLACEMENT_3D('',#18615,#18616,#18617);
#18615 = CARTESIAN_POINT('',(165.893049,-79.184658,0.));
#18616 = DIRECTION('',(0.,1.,0.));
#18617 = DIRECTION('',(1.,0.,0.));
#18618 = ADVANCED_FACE('',(#18619),#18630,.T.);
#18619 = FACE_BOUND('',#18620,.T.);
#18620 = EDGE_LOOP('',(#18621,#18627,#18628,#18629));
#18621 = ORIENTED_EDGE('',*,*,#18622,.T.);
#18622 = EDGE_CURVE('',#4733,#9878,#18623,.T.);
#18623 = LINE('',#18624,#18625);
#18624 = CARTESIAN_POINT('',(168.414048,-78.553111,0.));
#18625 = VECTOR('',#18626,1.);
#18626 = DIRECTION('',(0.,0.,1.));
#18627 = ORIENTED_EDGE('',*,*,#9877,.T.);
#18628 = ORIENTED_EDGE('',*,*,#18588,.F.);
#18629 = ORIENTED_EDGE('',*,*,#4732,.F.);
#18630 = PLANE('',#18631);
#18631 = AXIS2_PLACEMENT_3D('',#18632,#18633,#18634);
#18632 = CARTESIAN_POINT('',(168.414048,-78.553111,0.));
#18633 = DIRECTION('',(-0.987393859041,-0.158282554721,0.));
#18634 = DIRECTION('',(-0.158282554721,0.987393859041,0.));
#18635 = ADVANCED_FACE('',(#18636),#18647,.T.);
#18636 = FACE_BOUND('',#18637,.T.);
#18637 = EDGE_LOOP('',(#18638,#18639,#18640,#18646));
#18638 = ORIENTED_EDGE('',*,*,#18607,.T.);
#18639 = ORIENTED_EDGE('',*,*,#9909,.T.);
#18640 = ORIENTED_EDGE('',*,*,#18641,.F.);
#18641 = EDGE_CURVE('',#4757,#9902,#18642,.T.);
#18642 = LINE('',#18643,#18644);
#18643 = CARTESIAN_POINT('',(167.734212,-79.252957,0.));
#18644 = VECTOR('',#18645,1.);
#18645 = DIRECTION('',(0.,0.,1.));
#18646 = ORIENTED_EDGE('',*,*,#4764,.F.);
#18647 = PLANE('',#18648);
#18648 = AXIS2_PLACEMENT_3D('',#18649,#18650,#18651);
#18649 = CARTESIAN_POINT('',(167.481953,-79.184658,0.));
#18650 = DIRECTION('',(0.261340091681,0.965246785273,-0.));
#18651 = DIRECTION('',(0.965246785273,-0.261340091681,0.));
#18652 = ADVANCED_FACE('',(#18653),#18664,.T.);
#18653 = FACE_BOUND('',#18654,.T.);
#18654 = EDGE_LOOP('',(#18655,#18661,#18662,#18663));
#18655 = ORIENTED_EDGE('',*,*,#18656,.T.);
#18656 = EDGE_CURVE('',#4741,#9886,#18657,.T.);
#18657 = LINE('',#18658,#18659);
#18658 = CARTESIAN_POINT('',(168.436985,-78.604377,0.));
#18659 = VECTOR('',#18660,1.);
#18660 = DIRECTION('',(0.,0.,1.));
#18661 = ORIENTED_EDGE('',*,*,#9885,.T.);
#18662 = ORIENTED_EDGE('',*,*,#18622,.F.);
#18663 = ORIENTED_EDGE('',*,*,#4740,.F.);
#18664 = PLANE('',#18665);
#18665 = AXIS2_PLACEMENT_3D('',#18666,#18667,#18668);
#18666 = CARTESIAN_POINT('',(168.436985,-78.604377,0.));
#18667 = DIRECTION('',(-0.912803579704,-0.408398855141,0.));
#18668 = DIRECTION('',(-0.408398855141,0.912803579704,0.));
#18669 = ADVANCED_FACE('',(#18670),#18681,.T.);
#18670 = FACE_BOUND('',#18671,.T.);
#18671 = EDGE_LOOP('',(#18672,#18673,#18674,#18680));
#18672 = ORIENTED_EDGE('',*,*,#18641,.T.);
#18673 = ORIENTED_EDGE('',*,*,#9901,.T.);
#18674 = ORIENTED_EDGE('',*,*,#18675,.F.);
#18675 = EDGE_CURVE('',#4749,#9894,#18676,.T.);
#18676 = LINE('',#18677,#18678);
#18677 = CARTESIAN_POINT('',(167.796676,-79.286618,0.));
#18678 = VECTOR('',#18679,1.);
#18679 = DIRECTION('',(0.,0.,1.));
#18680 = ORIENTED_EDGE('',*,*,#4756,.F.);
#18681 = PLANE('',#18682);
#18682 = AXIS2_PLACEMENT_3D('',#18683,#18684,#18685);
#18683 = CARTESIAN_POINT('',(167.734212,-79.252957,0.));
#18684 = DIRECTION('',(0.474389741398,0.880314928453,-0.));
#18685 = DIRECTION('',(0.880314928453,-0.474389741398,0.));
#18686 = ADVANCED_FACE('',(#18687),#18693,.T.);
#18687 = FACE_BOUND('',#18688,.T.);
#18688 = EDGE_LOOP('',(#18689,#18690,#18691,#18692));
#18689 = ORIENTED_EDGE('',*,*,#18675,.T.);
#18690 = ORIENTED_EDGE('',*,*,#9893,.T.);
#18691 = ORIENTED_EDGE('',*,*,#18656,.F.);
#18692 = ORIENTED_EDGE('',*,*,#4748,.F.);
#18693 = PLANE('',#18694);
#18694 = AXIS2_PLACEMENT_3D('',#18695,#18696,#18697);
#18695 = CARTESIAN_POINT('',(167.796676,-79.286618,0.));
#18696 = DIRECTION('',(-0.729159501222,0.684343789171,0.));
#18697 = DIRECTION('',(0.684343789171,0.729159501222,0.));
#18698 = ADVANCED_FACE('',(#18699),#18710,.F.);
#18699 = FACE_BOUND('',#18700,.T.);
#18700 = EDGE_LOOP('',(#18701,#18702,#18708,#18709));
#18701 = ORIENTED_EDGE('',*,*,#4844,.T.);
#18702 = ORIENTED_EDGE('',*,*,#18703,.T.);
#18703 = EDGE_CURVE('',#4845,#9990,#18704,.T.);
#18704 = LINE('',#18705,#18706);
#18705 = CARTESIAN_POINT('',(174.625,-77.235,-4.6E-02));
#18706 = VECTOR('',#18707,1.);
#18707 = DIRECTION('',(0.,0.,1.));
#18708 = ORIENTED_EDGE('',*,*,#9989,.F.);
#18709 = ORIENTED_EDGE('',*,*,#18703,.F.);
#18710 = CYLINDRICAL_SURFACE('',#18711,0.4);
#18711 = AXIS2_PLACEMENT_3D('',#18712,#18713,#18714);
#18712 = CARTESIAN_POINT('',(174.625,-76.835,-4.6E-02));
#18713 = DIRECTION('',(-0.,-0.,-1.));
#18714 = DIRECTION('',(-0.,-1.,0.));
#18715 = ADVANCED_FACE('',(#18716),#18727,.F.);
#18716 = FACE_BOUND('',#18717,.T.);
#18717 = EDGE_LOOP('',(#18718,#18719,#18725,#18726));
#18718 = ORIENTED_EDGE('',*,*,#4855,.T.);
#18719 = ORIENTED_EDGE('',*,*,#18720,.T.);
#18720 = EDGE_CURVE('',#4856,#10001,#18721,.T.);
#18721 = LINE('',#18722,#18723);
#18722 = CARTESIAN_POINT('',(161.6075,-73.875,-4.6E-02));
#18723 = VECTOR('',#18724,1.);
#18724 = DIRECTION('',(0.,0.,1.));
#18725 = ORIENTED_EDGE('',*,*,#10000,.F.);
#18726 = ORIENTED_EDGE('',*,*,#18720,.F.);
#18727 = CYLINDRICAL_SURFACE('',#18728,0.85);
#18728 = AXIS2_PLACEMENT_3D('',#18729,#18730,#18731);
#18729 = CARTESIAN_POINT('',(161.6075,-73.025,-4.6E-02));
#18730 = DIRECTION('',(-0.,-0.,-1.));
#18731 = DIRECTION('',(-3.343730521224E-14,-1.,0.));
#18732 = ADVANCED_FACE('',(#18733),#18744,.F.);
#18733 = FACE_BOUND('',#18734,.T.);
#18734 = EDGE_LOOP('',(#18735,#18736,#18742,#18743));
#18735 = ORIENTED_EDGE('',*,*,#4866,.T.);
#18736 = ORIENTED_EDGE('',*,*,#18737,.T.);
#18737 = EDGE_CURVE('',#4867,#10012,#18738,.T.);
#18738 = LINE('',#18739,#18740);
#18739 = CARTESIAN_POINT('',(166.6875,-75.025,-4.6E-02));
#18740 = VECTOR('',#18741,1.);
#18741 = DIRECTION('',(0.,0.,1.));
#18742 = ORIENTED_EDGE('',*,*,#10011,.F.);
#18743 = ORIENTED_EDGE('',*,*,#18737,.F.);
#18744 = CYLINDRICAL_SURFACE('',#18745,2.);
#18745 = AXIS2_PLACEMENT_3D('',#18746,#18747,#18748);
#18746 = CARTESIAN_POINT('',(166.6875,-73.025,-4.6E-02));
#18747 = DIRECTION('',(-0.,-0.,-1.));
#18748 = DIRECTION('',(-0.,-1.,0.));
#18749 = ADVANCED_FACE('',(#18750),#18761,.F.);
#18750 = FACE_BOUND('',#18751,.T.);
#18751 = EDGE_LOOP('',(#18752,#18753,#18759,#18760));
#18752 = ORIENTED_EDGE('',*,*,#4877,.T.);
#18753 = ORIENTED_EDGE('',*,*,#18754,.T.);
#18754 = EDGE_CURVE('',#4878,#10023,#18755,.T.);
#18755 = LINE('',#18756,#18757);
#18756 = CARTESIAN_POINT('',(162.8775,-71.235,-4.6E-02));
#18757 = VECTOR('',#18758,1.);
#18758 = DIRECTION('',(0.,0.,1.));
#18759 = ORIENTED_EDGE('',*,*,#10022,.F.);
#18760 = ORIENTED_EDGE('',*,*,#18754,.F.);
#18761 = CYLINDRICAL_SURFACE('',#18762,0.75);
#18762 = AXIS2_PLACEMENT_3D('',#18763,#18764,#18765);
#18763 = CARTESIAN_POINT('',(162.8775,-70.485,-4.6E-02));
#18764 = DIRECTION('',(-0.,-0.,-1.));
#18765 = DIRECTION('',(-0.,-1.,0.));
#18766 = ADVANCED_FACE('',(#18767),#18783,.T.);
#18767 = FACE_BOUND('',#18768,.T.);
#18768 = EDGE_LOOP('',(#18769,#18775,#18776,#18782));
#18769 = ORIENTED_EDGE('',*,*,#18770,.T.);
#18770 = EDGE_CURVE('',#4889,#10034,#18771,.T.);
#18771 = LINE('',#18772,#18773);
#18772 = CARTESIAN_POINT('',(164.900995,-64.941012,0.));
#18773 = VECTOR('',#18774,1.);
#18774 = DIRECTION('',(0.,0.,1.));
#18775 = ORIENTED_EDGE('',*,*,#10033,.T.);
#18776 = ORIENTED_EDGE('',*,*,#18777,.F.);
#18777 = EDGE_CURVE('',#4891,#10036,#18778,.T.);
#18778 = LINE('',#18779,#18780);
#18779 = CARTESIAN_POINT('',(164.559212,-65.00386,0.));
#18780 = VECTOR('',#18781,1.);
#18781 = DIRECTION('',(0.,0.,1.));
#18782 = ORIENTED_EDGE('',*,*,#4888,.F.);
#18783 = PLANE('',#18784);
#18784 = AXIS2_PLACEMENT_3D('',#18785,#18786,#18787);
#18785 = CARTESIAN_POINT('',(164.900995,-64.941012,0.));
#18786 = DIRECTION('',(0.1808506348,-0.983510573351,0.));
#18787 = DIRECTION('',(-0.983510573351,-0.1808506348,0.));
#18788 = ADVANCED_FACE('',(#18789),#18800,.T.);
#18789 = FACE_BOUND('',#18790,.T.);
#18790 = EDGE_LOOP('',(#18791,#18797,#18798,#18799));
#18791 = ORIENTED_EDGE('',*,*,#18792,.T.);
#18792 = EDGE_CURVE('',#4899,#10044,#18793,.T.);
#18793 = LINE('',#18794,#18795);
#18794 = CARTESIAN_POINT('',(165.035604,-64.985707,0.));
#18795 = VECTOR('',#18796,1.);
#18796 = DIRECTION('',(0.,0.,1.));
#18797 = ORIENTED_EDGE('',*,*,#10043,.T.);
#18798 = ORIENTED_EDGE('',*,*,#18770,.F.);
#18799 = ORIENTED_EDGE('',*,*,#4898,.F.);
#18800 = PLANE('',#18801);
#18801 = AXIS2_PLACEMENT_3D('',#18802,#18803,#18804);
#18802 = CARTESIAN_POINT('',(165.035604,-64.985707,0.));
#18803 = DIRECTION('',(-0.315119221725,-0.949052093459,0.));
#18804 = DIRECTION('',(-0.949052093459,0.315119221725,0.));
#18805 = ADVANCED_FACE('',(#18806),#18817,.T.);
#18806 = FACE_BOUND('',#18807,.T.);
#18807 = EDGE_LOOP('',(#18808,#18809,#18810,#18816));
#18808 = ORIENTED_EDGE('',*,*,#18777,.T.);
#18809 = ORIENTED_EDGE('',*,*,#10235,.T.);
#18810 = ORIENTED_EDGE('',*,*,#18811,.F.);
#18811 = EDGE_CURVE('',#5083,#10228,#18812,.T.);
#18812 = LINE('',#18813,#18814);
#18813 = CARTESIAN_POINT('',(164.501018,-65.035526,0.));
#18814 = VECTOR('',#18815,1.);
#18815 = DIRECTION('',(0.,0.,1.));
#18816 = ORIENTED_EDGE('',*,*,#5090,.F.);
#18817 = PLANE('',#18818);
#18818 = AXIS2_PLACEMENT_3D('',#18819,#18820,#18821);
#18819 = CARTESIAN_POINT('',(164.559212,-65.00386,0.));
#18820 = DIRECTION('',(0.477965668733,-0.878378517219,0.));
#18821 = DIRECTION('',(-0.878378517219,-0.477965668733,0.));
#18822 = ADVANCED_FACE('',(#18823),#18834,.T.);
#18823 = FACE_BOUND('',#18824,.T.);
#18824 = EDGE_LOOP('',(#18825,#18831,#18832,#18833));
#18825 = ORIENTED_EDGE('',*,*,#18826,.T.);
#18826 = EDGE_CURVE('',#4907,#10052,#18827,.T.);
#18827 = LINE('',#18828,#18829);
#18828 = CARTESIAN_POINT('',(165.290613,-65.587512,0.));
#18829 = VECTOR('',#18830,1.);
#18830 = DIRECTION('',(0.,0.,1.));
#18831 = ORIENTED_EDGE('',*,*,#10051,.T.);
#18832 = ORIENTED_EDGE('',*,*,#18792,.F.);
#18833 = ORIENTED_EDGE('',*,*,#4906,.F.);
#18834 = PLANE('',#18835);
#18835 = AXIS2_PLACEMENT_3D('',#18836,#18837,#18838);
#18836 = CARTESIAN_POINT('',(165.290613,-65.587512,0.));
#18837 = DIRECTION('',(-0.92074793854,-0.390157959902,0.));
#18838 = DIRECTION('',(-0.390157959902,0.92074793854,0.));
#18839 = ADVANCED_FACE('',(#18840),#18851,.T.);
#18840 = FACE_BOUND('',#18841,.T.);
#18841 = EDGE_LOOP('',(#18842,#18843,#18844,#18850));
#18842 = ORIENTED_EDGE('',*,*,#18811,.T.);
#18843 = ORIENTED_EDGE('',*,*,#10227,.T.);
#18844 = ORIENTED_EDGE('',*,*,#18845,.F.);
#18845 = EDGE_CURVE('',#5075,#10220,#18846,.T.);
#18846 = LINE('',#18847,#18848);
#18847 = CARTESIAN_POINT('',(164.306954,-65.072159,0.));
#18848 = VECTOR('',#18849,1.);
#18849 = DIRECTION('',(0.,0.,1.));
#18850 = ORIENTED_EDGE('',*,*,#5082,.F.);
#18851 = PLANE('',#18852);
#18852 = AXIS2_PLACEMENT_3D('',#18853,#18854,#18855);
#18853 = CARTESIAN_POINT('',(164.501018,-65.035526,0.));
#18854 = DIRECTION('',(0.185491717211,-0.982645827776,0.));
#18855 = DIRECTION('',(-0.982645827776,-0.185491717211,0.));
#18856 = ADVANCED_FACE('',(#18857),#18868,.T.);
#18857 = FACE_BOUND('',#18858,.T.);
#18858 = EDGE_LOOP('',(#18859,#18865,#18866,#18867));
#18859 = ORIENTED_EDGE('',*,*,#18860,.T.);
#18860 = EDGE_CURVE('',#4915,#10060,#18861,.T.);
#18861 = LINE('',#18862,#18863);
#18862 = CARTESIAN_POINT('',(165.261985,-65.652438,0.));
#18863 = VECTOR('',#18864,1.);
#18864 = DIRECTION('',(0.,0.,1.));
#18865 = ORIENTED_EDGE('',*,*,#10059,.T.);
#18866 = ORIENTED_EDGE('',*,*,#18826,.F.);
#18867 = ORIENTED_EDGE('',*,*,#4914,.F.);
#18868 = PLANE('',#18869);
#18869 = AXIS2_PLACEMENT_3D('',#18870,#18871,#18872);
#18870 = CARTESIAN_POINT('',(165.261985,-65.652438,0.));
#18871 = DIRECTION('',(-0.915000136088,0.40345353011,0.));
#18872 = DIRECTION('',(0.40345353011,0.915000136088,0.));
#18873 = ADVANCED_FACE('',(#18874),#18885,.T.);
#18874 = FACE_BOUND('',#18875,.T.);
#18875 = EDGE_LOOP('',(#18876,#18877,#18878,#18884));
#18876 = ORIENTED_EDGE('',*,*,#18845,.T.);
#18877 = ORIENTED_EDGE('',*,*,#10219,.T.);
#18878 = ORIENTED_EDGE('',*,*,#18879,.F.);
#18879 = EDGE_CURVE('',#5067,#10212,#18880,.T.);
#18880 = LINE('',#18881,#18882);
#18881 = CARTESIAN_POINT('',(162.718048,-65.072158,0.));
#18882 = VECTOR('',#18883,1.);
#18883 = DIRECTION('',(0.,0.,1.));
#18884 = ORIENTED_EDGE('',*,*,#5074,.F.);
#18885 = PLANE('',#18886);
#18886 = AXIS2_PLACEMENT_3D('',#18887,#18888,#18889);
#18887 = CARTESIAN_POINT('',(164.306954,-65.072159,0.));
#18888 = DIRECTION('',(-6.29363850017E-07,-1.,0.));
#18889 = DIRECTION('',(-1.,6.29363850017E-07,0.));
#18890 = ADVANCED_FACE('',(#18891),#18902,.T.);
#18891 = FACE_BOUND('',#18892,.T.);
#18892 = EDGE_LOOP('',(#18893,#18899,#18900,#18901));
#18893 = ORIENTED_EDGE('',*,*,#18894,.T.);
#18894 = EDGE_CURVE('',#4923,#10068,#18895,.T.);
#18895 = LINE('',#18896,#18897);
#18896 = CARTESIAN_POINT('',(165.2125,-65.869315,0.));
#18897 = VECTOR('',#18898,1.);
#18898 = DIRECTION('',(0.,0.,1.));
#18899 = ORIENTED_EDGE('',*,*,#10067,.T.);
#18900 = ORIENTED_EDGE('',*,*,#18860,.F.);
#18901 = ORIENTED_EDGE('',*,*,#4922,.F.);
#18902 = PLANE('',#18903);
#18903 = AXIS2_PLACEMENT_3D('',#18904,#18905,#18906);
#18904 = CARTESIAN_POINT('',(165.2125,-65.869315,0.));
#18905 = DIRECTION('',(-0.974943279554,0.222453594382,0.));
#18906 = DIRECTION('',(0.222453594382,0.974943279554,0.));
#18907 = ADVANCED_FACE('',(#18908),#18919,.T.);
#18908 = FACE_BOUND('',#18909,.T.);
#18909 = EDGE_LOOP('',(#18910,#18911,#18912,#18918));
#18910 = ORIENTED_EDGE('',*,*,#18879,.T.);
#18911 = ORIENTED_EDGE('',*,*,#10211,.T.);
#18912 = ORIENTED_EDGE('',*,*,#18913,.F.);
#18913 = EDGE_CURVE('',#5059,#10204,#18914,.T.);
#18914 = LINE('',#18915,#18916);
#18915 = CARTESIAN_POINT('',(162.46579,-65.003859,0.));
#18916 = VECTOR('',#18917,1.);
#18917 = DIRECTION('',(0.,0.,1.));
#18918 = ORIENTED_EDGE('',*,*,#5066,.F.);
#18919 = PLANE('',#18920);
#18920 = AXIS2_PLACEMENT_3D('',#18921,#18922,#18923);
#18921 = CARTESIAN_POINT('',(162.718048,-65.072158,0.));
#18922 = DIRECTION('',(-0.261341056926,-0.965246523933,0.));
#18923 = DIRECTION('',(-0.965246523933,0.261341056926,0.));
#18924 = ADVANCED_FACE('',(#18925),#18936,.T.);
#18925 = FACE_BOUND('',#18926,.T.);
#18926 = EDGE_LOOP('',(#18927,#18933,#18934,#18935));
#18927 = ORIENTED_EDGE('',*,*,#18928,.T.);
#18928 = EDGE_CURVE('',#4931,#10076,#18929,.T.);
#18929 = LINE('',#18930,#18931);
#18930 = CARTESIAN_POINT('',(165.2125,-67.275,0.));
#18931 = VECTOR('',#18932,1.);
#18932 = DIRECTION('',(0.,0.,1.));
#18933 = ORIENTED_EDGE('',*,*,#10075,.T.);
#18934 = ORIENTED_EDGE('',*,*,#18894,.F.);
#18935 = ORIENTED_EDGE('',*,*,#4930,.F.);
#18936 = PLANE('',#18937);
#18937 = AXIS2_PLACEMENT_3D('',#18938,#18939,#18940);
#18938 = CARTESIAN_POINT('',(165.2125,-67.275,0.));
#18939 = DIRECTION('',(-1.,0.,0.));
#18940 = DIRECTION('',(0.,1.,0.));
#18941 = ADVANCED_FACE('',(#18942),#18953,.T.);
#18942 = FACE_BOUND('',#18943,.T.);
#18943 = EDGE_LOOP('',(#18944,#18945,#18946,#18952));
#18944 = ORIENTED_EDGE('',*,*,#18913,.T.);
#18945 = ORIENTED_EDGE('',*,*,#10203,.T.);
#18946 = ORIENTED_EDGE('',*,*,#18947,.F.);
#18947 = EDGE_CURVE('',#5051,#10196,#18948,.T.);
#18948 = LINE('',#18949,#18950);
#18949 = CARTESIAN_POINT('',(162.403283,-64.97029,0.));
#18950 = VECTOR('',#18951,1.);
#18951 = DIRECTION('',(0.,0.,1.));
#18952 = ORIENTED_EDGE('',*,*,#5058,.F.);
#18953 = PLANE('',#18954);
#18954 = AXIS2_PLACEMENT_3D('',#18955,#18956,#18957);
#18955 = CARTESIAN_POINT('',(162.46579,-65.003859,0.));
#18956 = DIRECTION('',(-0.473131297282,-0.880991927053,0.));
#18957 = DIRECTION('',(-0.880991927053,0.473131297282,0.));
#18958 = ADVANCED_FACE('',(#18959),#18970,.T.);
#18959 = FACE_BOUND('',#18960,.T.);
#18960 = EDGE_LOOP('',(#18961,#18967,#18968,#18969));
#18961 = ORIENTED_EDGE('',*,*,#18962,.T.);
#18962 = EDGE_CURVE('',#4939,#10084,#18963,.T.);
#18963 = LINE('',#18964,#18965);
#18964 = CARTESIAN_POINT('',(165.239048,-67.440612,0.));
#18965 = VECTOR('',#18966,1.);
#18966 = DIRECTION('',(0.,0.,1.));
#18967 = ORIENTED_EDGE('',*,*,#10083,.T.);
#18968 = ORIENTED_EDGE('',*,*,#18928,.F.);
#18969 = ORIENTED_EDGE('',*,*,#4938,.F.);
#18970 = PLANE('',#18971);
#18971 = AXIS2_PLACEMENT_3D('',#18972,#18973,#18974);
#18972 = CARTESIAN_POINT('',(165.239048,-67.440612,0.));
#18973 = DIRECTION('',(-0.987394008411,-0.158281622922,0.));
#18974 = DIRECTION('',(-0.158281622922,0.987394008411,0.));
#18975 = ADVANCED_FACE('',(#18976),#18987,.T.);
#18976 = FACE_BOUND('',#18977,.T.);
#18977 = EDGE_LOOP('',(#18978,#18979,#18980,#18986));
#18978 = ORIENTED_EDGE('',*,*,#18947,.T.);
#18979 = ORIENTED_EDGE('',*,*,#10195,.T.);
#18980 = ORIENTED_EDGE('',*,*,#18981,.F.);
#18981 = EDGE_CURVE('',#5043,#10188,#18982,.T.);
#18982 = LINE('',#18983,#18984);
#18983 = CARTESIAN_POINT('',(161.763017,-65.652438,0.));
#18984 = VECTOR('',#18985,1.);
#18985 = DIRECTION('',(0.,0.,1.));
#18986 = ORIENTED_EDGE('',*,*,#5050,.F.);
#18987 = PLANE('',#18988);
#18988 = AXIS2_PLACEMENT_3D('',#18989,#18990,#18991);
#18989 = CARTESIAN_POINT('',(162.403283,-64.97029,0.));
#18990 = DIRECTION('',(0.729135881121,-0.684368955215,0.));
#18991 = DIRECTION('',(-0.684368955215,-0.729135881121,0.));
#18992 = ADVANCED_FACE('',(#18993),#19004,.T.);
#18993 = FACE_BOUND('',#18994,.T.);
#18994 = EDGE_LOOP('',(#18995,#19001,#19002,#19003));
#18995 = ORIENTED_EDGE('',*,*,#18996,.T.);
#18996 = EDGE_CURVE('',#4947,#10092,#18997,.T.);
#18997 = LINE('',#18998,#18999);
#18998 = CARTESIAN_POINT('',(165.261985,-67.491878,0.));
#18999 = VECTOR('',#19000,1.);
#19000 = DIRECTION('',(0.,0.,1.));
#19001 = ORIENTED_EDGE('',*,*,#10091,.T.);
#19002 = ORIENTED_EDGE('',*,*,#18962,.F.);
#19003 = ORIENTED_EDGE('',*,*,#4946,.F.);
#19004 = PLANE('',#19005);
#19005 = AXIS2_PLACEMENT_3D('',#19006,#19007,#19008);
#19006 = CARTESIAN_POINT('',(165.261985,-67.491878,0.));
#19007 = DIRECTION('',(-0.912803579703,-0.408398855141,0.));
#19008 = DIRECTION('',(-0.408398855141,0.912803579703,0.));
#19009 = ADVANCED_FACE('',(#19010),#19021,.T.);
#19010 = FACE_BOUND('',#19011,.T.);
#19011 = EDGE_LOOP('',(#19012,#19013,#19014,#19020));
#19012 = ORIENTED_EDGE('',*,*,#18981,.T.);
#19013 = ORIENTED_EDGE('',*,*,#10187,.T.);
#19014 = ORIENTED_EDGE('',*,*,#19015,.F.);
#19015 = EDGE_CURVE('',#5035,#10180,#19016,.T.);
#19016 = LINE('',#19017,#19018);
#19017 = CARTESIAN_POINT('',(161.785959,-65.703702,0.));
#19018 = VECTOR('',#19019,1.);
#19019 = DIRECTION('',(0.,0.,1.));
#19020 = ORIENTED_EDGE('',*,*,#5042,.F.);
#19021 = PLANE('',#19022);
#19022 = AXIS2_PLACEMENT_3D('',#19023,#19024,#19025);
#19023 = CARTESIAN_POINT('',(161.763017,-65.652438,0.));
#19024 = DIRECTION('',(0.912764448307,0.408486305654,-0.));
#19025 = DIRECTION('',(0.408486305654,-0.912764448307,0.));
#19026 = ADVANCED_FACE('',(#19027),#19038,.T.);
#19027 = FACE_BOUND('',#19028,.T.);
#19028 = EDGE_LOOP('',(#19029,#19035,#19036,#19037));
#19029 = ORIENTED_EDGE('',*,*,#19030,.T.);
#19030 = EDGE_CURVE('',#4955,#10100,#19031,.T.);
#19031 = LINE('',#19032,#19033);
#19032 = CARTESIAN_POINT('',(164.621671,-68.174132,0.));
#19033 = VECTOR('',#19034,1.);
#19034 = DIRECTION('',(0.,0.,1.));
#19035 = ORIENTED_EDGE('',*,*,#10099,.T.);
#19036 = ORIENTED_EDGE('',*,*,#18996,.F.);
#19037 = ORIENTED_EDGE('',*,*,#4954,.F.);
#19038 = PLANE('',#19039);
#19039 = AXIS2_PLACEMENT_3D('',#19040,#19041,#19042);
#19040 = CARTESIAN_POINT('',(164.621671,-68.174132,0.));
#19041 = DIRECTION('',(-0.729163341535,0.684339697344,0.));
#19042 = DIRECTION('',(0.684339697344,0.729163341535,0.));
#19043 = ADVANCED_FACE('',(#19044),#19055,.T.);
#19044 = FACE_BOUND('',#19045,.T.);
#19045 = EDGE_LOOP('',(#19046,#19047,#19048,#19054));
#19046 = ORIENTED_EDGE('',*,*,#19015,.T.);
#19047 = ORIENTED_EDGE('',*,*,#10179,.T.);
#19048 = ORIENTED_EDGE('',*,*,#19049,.F.);
#19049 = EDGE_CURVE('',#5027,#10172,#19050,.T.);
#19050 = LINE('',#19051,#19052);
#19051 = CARTESIAN_POINT('',(161.812502,-65.869316,0.));
#19052 = VECTOR('',#19053,1.);
#19053 = DIRECTION('',(0.,0.,1.));
#19054 = ORIENTED_EDGE('',*,*,#5034,.F.);
#19055 = PLANE('',#19056);
#19056 = AXIS2_PLACEMENT_3D('',#19057,#19058,#19059);
#19057 = CARTESIAN_POINT('',(161.785959,-65.703702,0.));
#19058 = DIRECTION('',(0.987398965596,0.158250695858,-0.));
#19059 = DIRECTION('',(0.158250695858,-0.987398965596,0.));
#19060 = ADVANCED_FACE('',(#19061),#19072,.T.);
#19061 = FACE_BOUND('',#19062,.T.);
#19062 = EDGE_LOOP('',(#19063,#19069,#19070,#19071));
#19063 = ORIENTED_EDGE('',*,*,#19064,.T.);
#19064 = EDGE_CURVE('',#4963,#10108,#19065,.T.);
#19065 = LINE('',#19066,#19067);
#19066 = CARTESIAN_POINT('',(164.559212,-68.140457,0.));
#19067 = VECTOR('',#19068,1.);
#19068 = DIRECTION('',(0.,0.,1.));
#19069 = ORIENTED_EDGE('',*,*,#10107,.T.);
#19070 = ORIENTED_EDGE('',*,*,#19030,.F.);
#19071 = ORIENTED_EDGE('',*,*,#4962,.F.);
#19072 = PLANE('',#19073);
#19073 = AXIS2_PLACEMENT_3D('',#19074,#19075,#19076);
#19074 = CARTESIAN_POINT('',(164.559212,-68.140457,0.));
#19075 = DIRECTION('',(0.474572054592,0.880216657988,-0.));
#19076 = DIRECTION('',(0.880216657988,-0.474572054592,0.));
#19077 = ADVANCED_FACE('',(#19078),#19089,.T.);
#19078 = FACE_BOUND('',#19079,.T.);
#19079 = EDGE_LOOP('',(#19080,#19081,#19082,#19088));
#19080 = ORIENTED_EDGE('',*,*,#19049,.T.);
#19081 = ORIENTED_EDGE('',*,*,#10171,.T.);
#19082 = ORIENTED_EDGE('',*,*,#19083,.F.);
#19083 = EDGE_CURVE('',#5019,#10164,#19084,.T.);
#19084 = LINE('',#19085,#19086);
#19085 = CARTESIAN_POINT('',(161.812502,-67.275001,0.));
#19086 = VECTOR('',#19087,1.);
#19087 = DIRECTION('',(0.,0.,1.));
#19088 = ORIENTED_EDGE('',*,*,#5026,.F.);
#19089 = PLANE('',#19090);
#19090 = AXIS2_PLACEMENT_3D('',#19091,#19092,#19093);
#19091 = CARTESIAN_POINT('',(161.812502,-65.869316,0.));
#19092 = DIRECTION('',(1.,0.,-0.));
#19093 = DIRECTION('',(0.,-1.,0.));
#19094 = ADVANCED_FACE('',(#19095),#19106,.T.);
#19095 = FACE_BOUND('',#19096,.T.);
#19096 = EDGE_LOOP('',(#19097,#19103,#19104,#19105));
#19097 = ORIENTED_EDGE('',*,*,#19098,.T.);
#19098 = EDGE_CURVE('',#4971,#10116,#19099,.T.);
#19099 = LINE('',#19100,#19101);
#19100 = CARTESIAN_POINT('',(164.306953,-68.072158,0.));
#19101 = VECTOR('',#19102,1.);
#19102 = DIRECTION('',(0.,0.,1.));
#19103 = ORIENTED_EDGE('',*,*,#10115,.T.);
#19104 = ORIENTED_EDGE('',*,*,#19064,.F.);
#19105 = ORIENTED_EDGE('',*,*,#4970,.F.);
#19106 = PLANE('',#19107);
#19107 = AXIS2_PLACEMENT_3D('',#19108,#19109,#19110);
#19108 = CARTESIAN_POINT('',(164.306953,-68.072158,0.));
#19109 = DIRECTION('',(0.261340091681,0.965246785273,-0.));
#19110 = DIRECTION('',(0.965246785273,-0.261340091681,0.));
#19111 = ADVANCED_FACE('',(#19112),#19123,.T.);
#19112 = FACE_BOUND('',#19113,.T.);
#19113 = EDGE_LOOP('',(#19114,#19115,#19116,#19122));
#19114 = ORIENTED_EDGE('',*,*,#19083,.T.);
#19115 = ORIENTED_EDGE('',*,*,#10163,.T.);
#19116 = ORIENTED_EDGE('',*,*,#19117,.F.);
#19117 = EDGE_CURVE('',#5011,#10156,#19118,.T.);
#19118 = LINE('',#19119,#19120);
#19119 = CARTESIAN_POINT('',(161.763017,-67.491878,0.));
#19120 = VECTOR('',#19121,1.);
#19121 = DIRECTION('',(0.,0.,1.));
#19122 = ORIENTED_EDGE('',*,*,#5018,.F.);
#19123 = PLANE('',#19124);
#19124 = AXIS2_PLACEMENT_3D('',#19125,#19126,#19127);
#19125 = CARTESIAN_POINT('',(161.812502,-67.275001,0.));
#19126 = DIRECTION('',(0.974943279554,-0.222453594382,0.));
#19127 = DIRECTION('',(-0.222453594382,-0.974943279554,0.));
#19128 = ADVANCED_FACE('',(#19129),#19140,.T.);
#19129 = FACE_BOUND('',#19130,.T.);
#19130 = EDGE_LOOP('',(#19131,#19137,#19138,#19139));
#19131 = ORIENTED_EDGE('',*,*,#19132,.T.);
#19132 = EDGE_CURVE('',#4979,#10124,#19133,.T.);
#19133 = LINE('',#19134,#19135);
#19134 = CARTESIAN_POINT('',(162.718049,-68.072158,0.));
#19135 = VECTOR('',#19136,1.);
#19136 = DIRECTION('',(0.,0.,1.));
#19137 = ORIENTED_EDGE('',*,*,#10123,.T.);
#19138 = ORIENTED_EDGE('',*,*,#19098,.F.);
#19139 = ORIENTED_EDGE('',*,*,#4978,.F.);
#19140 = PLANE('',#19141);
#19141 = AXIS2_PLACEMENT_3D('',#19142,#19143,#19144);
#19142 = CARTESIAN_POINT('',(162.718049,-68.072158,0.));
#19143 = DIRECTION('',(0.,1.,0.));
#19144 = DIRECTION('',(1.,0.,0.));
#19145 = ADVANCED_FACE('',(#19146),#19157,.T.);
#19146 = FACE_BOUND('',#19147,.T.);
#19147 = EDGE_LOOP('',(#19148,#19149,#19150,#19156));
#19148 = ORIENTED_EDGE('',*,*,#19117,.T.);
#19149 = ORIENTED_EDGE('',*,*,#10155,.T.);
#19150 = ORIENTED_EDGE('',*,*,#19151,.F.);
#19151 = EDGE_CURVE('',#5003,#10148,#19152,.T.);
#19152 = LINE('',#19153,#19154);
#19153 = CARTESIAN_POINT('',(161.734476,-67.556842,0.));
#19154 = VECTOR('',#19155,1.);
#19155 = DIRECTION('',(0.,0.,1.));
#19156 = ORIENTED_EDGE('',*,*,#5010,.F.);
#19157 = PLANE('',#19158);
#19158 = AXIS2_PLACEMENT_3D('',#19159,#19160,#19161);
#19159 = CARTESIAN_POINT('',(161.763017,-67.491878,0.));
#19160 = DIRECTION('',(0.915539113198,-0.402228954956,0.));
#19161 = DIRECTION('',(-0.402228954956,-0.915539113198,0.));
#19162 = ADVANCED_FACE('',(#19163),#19174,.T.);
#19163 = FACE_BOUND('',#19164,.T.);
#19164 = EDGE_LOOP('',(#19165,#19171,#19172,#19173));
#19165 = ORIENTED_EDGE('',*,*,#19166,.T.);
#19166 = EDGE_CURVE('',#4987,#10132,#19167,.T.);
#19167 = LINE('',#19168,#19169);
#19168 = CARTESIAN_POINT('',(162.523998,-68.108818,0.));
#19169 = VECTOR('',#19170,1.);
#19170 = DIRECTION('',(0.,0.,1.));
#19171 = ORIENTED_EDGE('',*,*,#10131,.T.);
#19172 = ORIENTED_EDGE('',*,*,#19132,.F.);
#19173 = ORIENTED_EDGE('',*,*,#4986,.F.);
#19174 = PLANE('',#19175);
#19175 = AXIS2_PLACEMENT_3D('',#19176,#19177,#19178);
#19176 = CARTESIAN_POINT('',(162.523998,-68.108818,0.));
#19177 = DIRECTION('',(-0.185635730015,0.982618631892,0.));
#19178 = DIRECTION('',(0.982618631892,0.185635730015,0.));
#19179 = ADVANCED_FACE('',(#19180),#19191,.T.);
#19180 = FACE_BOUND('',#19181,.T.);
#19181 = EDGE_LOOP('',(#19182,#19183,#19184,#19190));
#19182 = ORIENTED_EDGE('',*,*,#19151,.T.);
#19183 = ORIENTED_EDGE('',*,*,#10147,.T.);
#19184 = ORIENTED_EDGE('',*,*,#19185,.F.);
#19185 = EDGE_CURVE('',#4995,#10140,#19186,.T.);
#19186 = LINE('',#19187,#19188);
#19187 = CARTESIAN_POINT('',(162.465791,-68.140457,0.));
#19188 = VECTOR('',#19189,1.);
#19189 = DIRECTION('',(0.,0.,1.));
#19190 = ORIENTED_EDGE('',*,*,#5002,.F.);
#19191 = PLANE('',#19192);
#19192 = AXIS2_PLACEMENT_3D('',#19193,#19194,#19195);
#19193 = CARTESIAN_POINT('',(161.734476,-67.556842,0.));
#19194 = DIRECTION('',(0.623758109308,0.781617439079,-0.));
#19195 = DIRECTION('',(0.781617439079,-0.623758109308,0.));
#19196 = ADVANCED_FACE('',(#19197),#19203,.T.);
#19197 = FACE_BOUND('',#19198,.T.);
#19198 = EDGE_LOOP('',(#19199,#19200,#19201,#19202));
#19199 = ORIENTED_EDGE('',*,*,#19185,.T.);
#19200 = ORIENTED_EDGE('',*,*,#10139,.T.);
#19201 = ORIENTED_EDGE('',*,*,#19166,.F.);
#19202 = ORIENTED_EDGE('',*,*,#4994,.F.);
#19203 = PLANE('',#19204);
#19204 = AXIS2_PLACEMENT_3D('',#19205,#19206,#19207);
#19205 = CARTESIAN_POINT('',(162.465791,-68.140457,0.));
#19206 = DIRECTION('',(-0.477568795591,0.878594357754,0.));
#19207 = DIRECTION('',(0.878594357754,0.477568795591,0.));
#19208 = ADVANCED_FACE('',(#19209),#19220,.F.);
#19209 = FACE_BOUND('',#19210,.T.);
#19210 = EDGE_LOOP('',(#19211,#19212,#19218,#19219));
#19211 = ORIENTED_EDGE('',*,*,#5098,.T.);
#19212 = ORIENTED_EDGE('',*,*,#19213,.T.);
#19213 = EDGE_CURVE('',#5099,#10244,#19214,.T.);
#19214 = LINE('',#19215,#19216);
#19215 = CARTESIAN_POINT('',(171.7675,-73.875,-4.6E-02));
#19216 = VECTOR('',#19217,1.);
#19217 = DIRECTION('',(0.,0.,1.));
#19218 = ORIENTED_EDGE('',*,*,#10243,.F.);
#19219 = ORIENTED_EDGE('',*,*,#19213,.F.);
#19220 = CYLINDRICAL_SURFACE('',#19221,0.85);
#19221 = AXIS2_PLACEMENT_3D('',#19222,#19223,#19224);
#19222 = CARTESIAN_POINT('',(171.7675,-73.025,-4.6E-02));
#19223 = DIRECTION('',(-0.,0.,-1.));
#19224 = DIRECTION('',(3.343730521224E-14,-1.,-0.));
#19225 = ADVANCED_FACE('',(#19226),#19237,.F.);
#19226 = FACE_BOUND('',#19227,.T.);
#19227 = EDGE_LOOP('',(#19228,#19229,#19235,#19236));
#19228 = ORIENTED_EDGE('',*,*,#5109,.T.);
#19229 = ORIENTED_EDGE('',*,*,#19230,.T.);
#19230 = EDGE_CURVE('',#5110,#10255,#19231,.T.);
#19231 = LINE('',#19232,#19233);
#19232 = CARTESIAN_POINT('',(169.2275,-68.695,-4.6E-02));
#19233 = VECTOR('',#19234,1.);
#19234 = DIRECTION('',(0.,0.,1.));
#19235 = ORIENTED_EDGE('',*,*,#10254,.F.);
#19236 = ORIENTED_EDGE('',*,*,#19230,.F.);
#19237 = CYLINDRICAL_SURFACE('',#19238,0.75);
#19238 = AXIS2_PLACEMENT_3D('',#19239,#19240,#19241);
#19239 = CARTESIAN_POINT('',(169.2275,-67.945,-4.6E-02));
#19240 = DIRECTION('',(-0.,-0.,-1.));
#19241 = DIRECTION('',(-0.,-1.,0.));
#19242 = ADVANCED_FACE('',(#19243),#19254,.F.);
#19243 = FACE_BOUND('',#19244,.T.);
#19244 = EDGE_LOOP('',(#19245,#19246,#19252,#19253));
#19245 = ORIENTED_EDGE('',*,*,#5120,.T.);
#19246 = ORIENTED_EDGE('',*,*,#19247,.T.);
#19247 = EDGE_CURVE('',#5121,#10266,#19248,.T.);
#19248 = LINE('',#19249,#19250);
#19249 = CARTESIAN_POINT('',(174.625,-69.615,-4.6E-02));
#19250 = VECTOR('',#19251,1.);
#19251 = DIRECTION('',(0.,0.,1.));
#19252 = ORIENTED_EDGE('',*,*,#10265,.F.);
#19253 = ORIENTED_EDGE('',*,*,#19247,.F.);
#19254 = CYLINDRICAL_SURFACE('',#19255,0.4);
#19255 = AXIS2_PLACEMENT_3D('',#19256,#19257,#19258);
#19256 = CARTESIAN_POINT('',(174.625,-69.215,-4.6E-02));
#19257 = DIRECTION('',(-0.,-0.,-1.));
#19258 = DIRECTION('',(-0.,-1.,0.));
#19259 = ADVANCED_FACE('',(#19260),#19271,.F.);
#19260 = FACE_BOUND('',#19261,.T.);
#19261 = EDGE_LOOP('',(#19262,#19263,#19269,#19270));
#19262 = ORIENTED_EDGE('',*,*,#5131,.T.);
#19263 = ORIENTED_EDGE('',*,*,#19264,.T.);
#19264 = EDGE_CURVE('',#5132,#10277,#19265,.T.);
#19265 = LINE('',#19266,#19267);
#19266 = CARTESIAN_POINT('',(183.642,-81.807,-4.6E-02));
#19267 = VECTOR('',#19268,1.);
#19268 = DIRECTION('',(0.,0.,1.));
#19269 = ORIENTED_EDGE('',*,*,#10276,.F.);
#19270 = ORIENTED_EDGE('',*,*,#19264,.F.);
#19271 = CYLINDRICAL_SURFACE('',#19272,0.4);
#19272 = AXIS2_PLACEMENT_3D('',#19273,#19274,#19275);
#19273 = CARTESIAN_POINT('',(183.642,-81.407,-4.6E-02));
#19274 = DIRECTION('',(-0.,-0.,-1.));
#19275 = DIRECTION('',(-0.,-1.,0.));
#19276 = ADVANCED_FACE('',(#19277),#19288,.F.);
#19277 = FACE_BOUND('',#19278,.T.);
#19278 = EDGE_LOOP('',(#19279,#19280,#19286,#19287));
#19279 = ORIENTED_EDGE('',*,*,#5142,.T.);
#19280 = ORIENTED_EDGE('',*,*,#19281,.T.);
#19281 = EDGE_CURVE('',#5143,#10288,#19282,.T.);
#19282 = LINE('',#19283,#19284);
#19283 = CARTESIAN_POINT('',(178.4875,-76.025,-4.6E-02));
#19284 = VECTOR('',#19285,1.);
#19285 = DIRECTION('',(0.,0.,1.));
#19286 = ORIENTED_EDGE('',*,*,#10287,.F.);
#19287 = ORIENTED_EDGE('',*,*,#19281,.F.);
#19288 = CYLINDRICAL_SURFACE('',#19289,0.5);
#19289 = AXIS2_PLACEMENT_3D('',#19290,#19291,#19292);
#19290 = CARTESIAN_POINT('',(178.4875,-75.525,-4.6E-02));
#19291 = DIRECTION('',(-0.,-0.,-1.));
#19292 = DIRECTION('',(-0.,-1.,0.));
#19293 = ADVANCED_FACE('',(#19294),#19310,.F.);
#19294 = FACE_BOUND('',#19295,.T.);
#19295 = EDGE_LOOP('',(#19296,#19297,#19303,#19304));
#19296 = ORIENTED_EDGE('',*,*,#5153,.T.);
#19297 = ORIENTED_EDGE('',*,*,#19298,.T.);
#19298 = EDGE_CURVE('',#5156,#10301,#19299,.T.);
#19299 = LINE('',#19300,#19301);
#19300 = CARTESIAN_POINT('',(186.6375,-79.375,-4.6E-02));
#19301 = VECTOR('',#19302,1.);
#19302 = DIRECTION('',(0.,0.,1.));
#19303 = ORIENTED_EDGE('',*,*,#10298,.F.);
#19304 = ORIENTED_EDGE('',*,*,#19305,.F.);
#19305 = EDGE_CURVE('',#5154,#10299,#19306,.T.);
#19306 = LINE('',#19307,#19308);
#19307 = CARTESIAN_POINT('',(186.6375,-77.875,-4.6E-02));
#19308 = VECTOR('',#19309,1.);
#19309 = DIRECTION('',(0.,0.,1.));
#19310 = CYLINDRICAL_SURFACE('',#19311,0.75);
#19311 = AXIS2_PLACEMENT_3D('',#19312,#19313,#19314);
#19312 = CARTESIAN_POINT('',(186.6375,-78.625,-4.6E-02));
#19313 = DIRECTION('',(-0.,-0.,-1.));
#19314 = DIRECTION('',(-0.,-1.,0.));
#19315 = ADVANCED_FACE('',(#19316),#19327,.T.);
#19316 = FACE_BOUND('',#19317,.T.);
#19317 = EDGE_LOOP('',(#19318,#19319,#19320,#19321));
#19318 = ORIENTED_EDGE('',*,*,#5181,.T.);
#19319 = ORIENTED_EDGE('',*,*,#19305,.T.);
#19320 = ORIENTED_EDGE('',*,*,#10326,.F.);
#19321 = ORIENTED_EDGE('',*,*,#19322,.F.);
#19322 = EDGE_CURVE('',#5173,#10318,#19323,.T.);
#19323 = LINE('',#19324,#19325);
#19324 = CARTESIAN_POINT('',(185.3375,-77.875,-4.6E-02));
#19325 = VECTOR('',#19326,1.);
#19326 = DIRECTION('',(0.,0.,1.));
#19327 = PLANE('',#19328);
#19328 = AXIS2_PLACEMENT_3D('',#19329,#19330,#19331);
#19329 = CARTESIAN_POINT('',(186.6375,-77.875,-4.6E-02));
#19330 = DIRECTION('',(0.,-1.,0.));
#19331 = DIRECTION('',(-1.,0.,0.));
#19332 = ADVANCED_FACE('',(#19333),#19344,.F.);
#19333 = FACE_BOUND('',#19334,.T.);
#19334 = EDGE_LOOP('',(#19335,#19336,#19337,#19338));
#19335 = ORIENTED_EDGE('',*,*,#5172,.T.);
#19336 = ORIENTED_EDGE('',*,*,#19322,.T.);
#19337 = ORIENTED_EDGE('',*,*,#10317,.F.);
#19338 = ORIENTED_EDGE('',*,*,#19339,.F.);
#19339 = EDGE_CURVE('',#5165,#10310,#19340,.T.);
#19340 = LINE('',#19341,#19342);
#19341 = CARTESIAN_POINT('',(185.3375,-79.375,-4.6E-02));
#19342 = VECTOR('',#19343,1.);
#19343 = DIRECTION('',(0.,0.,1.));
#19344 = CYLINDRICAL_SURFACE('',#19345,0.75);
#19345 = AXIS2_PLACEMENT_3D('',#19346,#19347,#19348);
#19346 = CARTESIAN_POINT('',(185.3375,-78.625,-4.6E-02));
#19347 = DIRECTION('',(-0.,0.,-1.));
#19348 = DIRECTION('',(0.,1.,0.));
#19349 = ADVANCED_FACE('',(#19350),#19356,.T.);
#19350 = FACE_BOUND('',#19351,.T.);
#19351 = EDGE_LOOP('',(#19352,#19353,#19354,#19355));
#19352 = ORIENTED_EDGE('',*,*,#5164,.T.);
#19353 = ORIENTED_EDGE('',*,*,#19339,.T.);
#19354 = ORIENTED_EDGE('',*,*,#10309,.F.);
#19355 = ORIENTED_EDGE('',*,*,#19298,.F.);
#19356 = PLANE('',#19357);
#19357 = AXIS2_PLACEMENT_3D('',#19358,#19359,#19360);
#19358 = CARTESIAN_POINT('',(185.3375,-79.375,-4.6E-02));
#19359 = DIRECTION('',(0.,1.,0.));
#19360 = DIRECTION('',(1.,0.,0.));
#19361 = ADVANCED_FACE('',(#19362),#19373,.F.);
#19362 = FACE_BOUND('',#19363,.T.);
#19363 = EDGE_LOOP('',(#19364,#19365,#19371,#19372));
#19364 = ORIENTED_EDGE('',*,*,#5189,.T.);
#19365 = ORIENTED_EDGE('',*,*,#19366,.T.);
#19366 = EDGE_CURVE('',#5190,#10335,#19367,.T.);
#19367 = LINE('',#19368,#19369);
#19368 = CARTESIAN_POINT('',(191.262,-81.807,-4.6E-02));
#19369 = VECTOR('',#19370,1.);
#19370 = DIRECTION('',(0.,0.,1.));
#19371 = ORIENTED_EDGE('',*,*,#10334,.F.);
#19372 = ORIENTED_EDGE('',*,*,#19366,.F.);
#19373 = CYLINDRICAL_SURFACE('',#19374,0.4);
#19374 = AXIS2_PLACEMENT_3D('',#19375,#19376,#19377);
#19375 = CARTESIAN_POINT('',(191.262,-81.407,-4.6E-02));
#19376 = DIRECTION('',(-0.,-0.,-1.));
#19377 = DIRECTION('',(-0.,-1.,0.));
#19378 = ADVANCED_FACE('',(#19379),#19390,.F.);
#19379 = FACE_BOUND('',#19380,.T.);
#19380 = EDGE_LOOP('',(#19381,#19382,#19388,#19389));
#19381 = ORIENTED_EDGE('',*,*,#5200,.T.);
#19382 = ORIENTED_EDGE('',*,*,#19383,.T.);
#19383 = EDGE_CURVE('',#5201,#10346,#19384,.T.);
#19384 = LINE('',#19385,#19386);
#19385 = CARTESIAN_POINT('',(192.9875,-76.025,-4.6E-02));
#19386 = VECTOR('',#19387,1.);
#19387 = DIRECTION('',(0.,0.,1.));
#19388 = ORIENTED_EDGE('',*,*,#10345,.F.);
#19389 = ORIENTED_EDGE('',*,*,#19383,.F.);
#19390 = CYLINDRICAL_SURFACE('',#19391,0.5);
#19391 = AXIS2_PLACEMENT_3D('',#19392,#19393,#19394);
#19392 = CARTESIAN_POINT('',(192.9875,-75.525,-4.6E-02));
#19393 = DIRECTION('',(-0.,-0.,-1.));
#19394 = DIRECTION('',(-0.,-1.,0.));
#19395 = ADVANCED_FACE('',(#19396),#19407,.F.);
#19396 = FACE_BOUND('',#19397,.T.);
#19397 = EDGE_LOOP('',(#19398,#19399,#19405,#19406));
#19398 = ORIENTED_EDGE('',*,*,#5211,.T.);
#19399 = ORIENTED_EDGE('',*,*,#19400,.T.);
#19400 = EDGE_CURVE('',#5212,#10357,#19401,.T.);
#19401 = LINE('',#19402,#19403);
#19402 = CARTESIAN_POINT('',(178.4875,-73.525,-4.6E-02));
#19403 = VECTOR('',#19404,1.);
#19404 = DIRECTION('',(0.,0.,1.));
#19405 = ORIENTED_EDGE('',*,*,#10356,.F.);
#19406 = ORIENTED_EDGE('',*,*,#19400,.F.);
#19407 = CYLINDRICAL_SURFACE('',#19408,0.5);
#19408 = AXIS2_PLACEMENT_3D('',#19409,#19410,#19411);
#19409 = CARTESIAN_POINT('',(178.4875,-73.025,-4.6E-02));
#19410 = DIRECTION('',(-0.,-0.,-1.));
#19411 = DIRECTION('',(-0.,-1.,0.));
#19412 = ADVANCED_FACE('',(#19413),#19424,.F.);
#19413 = FACE_BOUND('',#19414,.T.);
#19414 = EDGE_LOOP('',(#19415,#19416,#19422,#19423));
#19415 = ORIENTED_EDGE('',*,*,#5222,.T.);
#19416 = ORIENTED_EDGE('',*,*,#19417,.T.);
#19417 = EDGE_CURVE('',#5223,#10368,#19418,.T.);
#19418 = LINE('',#19419,#19420);
#19419 = CARTESIAN_POINT('',(178.4875,-71.025,-4.6E-02));
#19420 = VECTOR('',#19421,1.);
#19421 = DIRECTION('',(0.,0.,1.));
#19422 = ORIENTED_EDGE('',*,*,#10367,.F.);
#19423 = ORIENTED_EDGE('',*,*,#19417,.F.);
#19424 = CYLINDRICAL_SURFACE('',#19425,0.5);
#19425 = AXIS2_PLACEMENT_3D('',#19426,#19427,#19428);
#19426 = CARTESIAN_POINT('',(178.4875,-70.525,-4.6E-02));
#19427 = DIRECTION('',(-0.,-0.,-1.));
#19428 = DIRECTION('',(-0.,-1.,0.));
#19429 = ADVANCED_FACE('',(#19430),#19441,.F.);
#19430 = FACE_BOUND('',#19431,.T.);
#19431 = EDGE_LOOP('',(#19432,#19433,#19439,#19440));
#19432 = ORIENTED_EDGE('',*,*,#5233,.T.);
#19433 = ORIENTED_EDGE('',*,*,#19434,.T.);
#19434 = EDGE_CURVE('',#5234,#10379,#19435,.T.);
#19435 = LINE('',#19436,#19437);
#19436 = CARTESIAN_POINT('',(192.9875,-71.025,-4.6E-02));
#19437 = VECTOR('',#19438,1.);
#19438 = DIRECTION('',(0.,0.,1.));
#19439 = ORIENTED_EDGE('',*,*,#10378,.F.);
#19440 = ORIENTED_EDGE('',*,*,#19434,.F.);
#19441 = CYLINDRICAL_SURFACE('',#19442,0.5);
#19442 = AXIS2_PLACEMENT_3D('',#19443,#19444,#19445);
#19443 = CARTESIAN_POINT('',(192.9875,-70.525,-4.6E-02));
#19444 = DIRECTION('',(-0.,-0.,-1.));
#19445 = DIRECTION('',(-0.,-1.,0.));
#19446 = ADVANCED_FACE('',(#19447),#19463,.F.);
#19447 = FACE_BOUND('',#19448,.T.);
#19448 = EDGE_LOOP('',(#19449,#19450,#19456,#19457));
#19449 = ORIENTED_EDGE('',*,*,#5244,.T.);
#19450 = ORIENTED_EDGE('',*,*,#19451,.T.);
#19451 = EDGE_CURVE('',#5247,#10392,#19452,.T.);
#19452 = LINE('',#19453,#19454);
#19453 = CARTESIAN_POINT('',(186.6375,-68.175,-4.6E-02));
#19454 = VECTOR('',#19455,1.);
#19455 = DIRECTION('',(0.,0.,1.));
#19456 = ORIENTED_EDGE('',*,*,#10389,.F.);
#19457 = ORIENTED_EDGE('',*,*,#19458,.F.);
#19458 = EDGE_CURVE('',#5245,#10390,#19459,.T.);
#19459 = LINE('',#19460,#19461);
#19460 = CARTESIAN_POINT('',(186.6375,-66.675,-4.6E-02));
#19461 = VECTOR('',#19462,1.);
#19462 = DIRECTION('',(0.,0.,1.));
#19463 = CYLINDRICAL_SURFACE('',#19464,0.75);
#19464 = AXIS2_PLACEMENT_3D('',#19465,#19466,#19467);
#19465 = CARTESIAN_POINT('',(186.6375,-67.425,-4.6E-02));
#19466 = DIRECTION('',(-0.,-0.,-1.));
#19467 = DIRECTION('',(-0.,-1.,0.));
#19468 = ADVANCED_FACE('',(#19469),#19480,.T.);
#19469 = FACE_BOUND('',#19470,.T.);
#19470 = EDGE_LOOP('',(#19471,#19472,#19473,#19474));
#19471 = ORIENTED_EDGE('',*,*,#5272,.T.);
#19472 = ORIENTED_EDGE('',*,*,#19458,.T.);
#19473 = ORIENTED_EDGE('',*,*,#10417,.F.);
#19474 = ORIENTED_EDGE('',*,*,#19475,.F.);
#19475 = EDGE_CURVE('',#5264,#10409,#19476,.T.);
#19476 = LINE('',#19477,#19478);
#19477 = CARTESIAN_POINT('',(185.3375,-66.675,-4.6E-02));
#19478 = VECTOR('',#19479,1.);
#19479 = DIRECTION('',(0.,0.,1.));
#19480 = PLANE('',#19481);
#19481 = AXIS2_PLACEMENT_3D('',#19482,#19483,#19484);
#19482 = CARTESIAN_POINT('',(186.6375,-66.675,-4.6E-02));
#19483 = DIRECTION('',(0.,-1.,0.));
#19484 = DIRECTION('',(-1.,0.,0.));
#19485 = ADVANCED_FACE('',(#19486),#19497,.F.);
#19486 = FACE_BOUND('',#19487,.T.);
#19487 = EDGE_LOOP('',(#19488,#19489,#19490,#19491));
#19488 = ORIENTED_EDGE('',*,*,#5263,.T.);
#19489 = ORIENTED_EDGE('',*,*,#19475,.T.);
#19490 = ORIENTED_EDGE('',*,*,#10408,.F.);
#19491 = ORIENTED_EDGE('',*,*,#19492,.F.);
#19492 = EDGE_CURVE('',#5256,#10401,#19493,.T.);
#19493 = LINE('',#19494,#19495);
#19494 = CARTESIAN_POINT('',(185.3375,-68.175,-4.6E-02));
#19495 = VECTOR('',#19496,1.);
#19496 = DIRECTION('',(0.,0.,1.));
#19497 = CYLINDRICAL_SURFACE('',#19498,0.75);
#19498 = AXIS2_PLACEMENT_3D('',#19499,#19500,#19501);
#19499 = CARTESIAN_POINT('',(185.3375,-67.425,-4.6E-02));
#19500 = DIRECTION('',(-0.,0.,-1.));
#19501 = DIRECTION('',(0.,1.,0.));
#19502 = ADVANCED_FACE('',(#19503),#19509,.T.);
#19503 = FACE_BOUND('',#19504,.T.);
#19504 = EDGE_LOOP('',(#19505,#19506,#19507,#19508));
#19505 = ORIENTED_EDGE('',*,*,#5255,.T.);
#19506 = ORIENTED_EDGE('',*,*,#19492,.T.);
#19507 = ORIENTED_EDGE('',*,*,#10400,.F.);
#19508 = ORIENTED_EDGE('',*,*,#19451,.F.);
#19509 = PLANE('',#19510);
#19510 = AXIS2_PLACEMENT_3D('',#19511,#19512,#19513);
#19511 = CARTESIAN_POINT('',(185.3375,-68.175,-4.6E-02));
#19512 = DIRECTION('',(0.,1.,0.));
#19513 = DIRECTION('',(1.,0.,0.));
#19514 = ADVANCED_FACE('',(#19515),#19531,.T.);
#19515 = FACE_BOUND('',#19516,.T.);
#19516 = EDGE_LOOP('',(#19517,#19523,#19524,#19530));
#19517 = ORIENTED_EDGE('',*,*,#19518,.F.);
#19518 = EDGE_CURVE('',#153,#349,#19519,.T.);
#19519 = LINE('',#19520,#19521);
#19520 = CARTESIAN_POINT('',(127.697072,-133.379301,0.));
#19521 = VECTOR('',#19522,1.);
#19522 = DIRECTION('',(-0.691553093663,0.722325632001,0.));
#19523 = ORIENTED_EDGE('',*,*,#10443,.T.);
#19524 = ORIENTED_EDGE('',*,*,#19525,.T.);
#19525 = EDGE_CURVE('',#5298,#5494,#19526,.T.);
#19526 = LINE('',#19527,#19528);
#19527 = CARTESIAN_POINT('',(127.697072,-133.379301,1.51));
#19528 = VECTOR('',#19529,1.);
#19529 = DIRECTION('',(-0.691553093663,0.722325632001,0.));
#19530 = ORIENTED_EDGE('',*,*,#10858,.T.);
#19531 = PLANE('',#19532);
#19532 = AXIS2_PLACEMENT_3D('',#19533,#19534,#19535);
#19533 = CARTESIAN_POINT('',(127.697072,-133.379301,0.));
#19534 = DIRECTION('',(-0.722325632001,-0.691553093663,0.));
#19535 = DIRECTION('',(-0.691553093663,0.722325632001,0.));
#19536 = ADVANCED_FACE('',(#19537),#19553,.T.);
#19537 = FACE_BOUND('',#19538,.T.);
#19538 = EDGE_LOOP('',(#19539,#19545,#19546,#19552));
#19539 = ORIENTED_EDGE('',*,*,#19540,.F.);
#19540 = EDGE_CURVE('',#731,#927,#19541,.T.);
#19541 = LINE('',#19542,#19543);
#19542 = CARTESIAN_POINT('',(127.47832,-114.1827,0.));
#19543 = VECTOR('',#19544,1.);
#19544 = DIRECTION('',(-0.744883622813,0.667194415792,0.));
#19545 = ORIENTED_EDGE('',*,*,#11507,.T.);
#19546 = ORIENTED_EDGE('',*,*,#19547,.T.);
#19547 = EDGE_CURVE('',#5876,#6072,#19548,.T.);
#19548 = LINE('',#19549,#19550);
#19549 = CARTESIAN_POINT('',(127.47832,-114.1827,1.51));
#19550 = VECTOR('',#19551,1.);
#19551 = DIRECTION('',(-0.744883622813,0.667194415792,0.));
#19552 = ORIENTED_EDGE('',*,*,#11922,.T.);
#19553 = PLANE('',#19554);
#19554 = AXIS2_PLACEMENT_3D('',#19555,#19556,#19557);
#19555 = CARTESIAN_POINT('',(127.47832,-114.1827,0.));
#19556 = DIRECTION('',(-0.667194415792,-0.744883622813,0.));
#19557 = DIRECTION('',(-0.744883622813,0.667194415792,0.));
#19558 = ADVANCED_FACE('',(#19559),#19575,.T.);
#19559 = FACE_BOUND('',#19560,.T.);
#19560 = EDGE_LOOP('',(#19561,#19567,#19568,#19574));
#19561 = ORIENTED_EDGE('',*,*,#19562,.F.);
#19562 = EDGE_CURVE('',#442,#638,#19563,.T.);
#19563 = LINE('',#19564,#19565);
#19564 = CARTESIAN_POINT('',(146.52832,-133.2327,0.));
#19565 = VECTOR('',#19566,1.);
#19566 = DIRECTION('',(-0.739876895786,0.672742282811,0.));
#19567 = ORIENTED_EDGE('',*,*,#10975,.T.);
#19568 = ORIENTED_EDGE('',*,*,#19569,.T.);
#19569 = EDGE_CURVE('',#5587,#5783,#19570,.T.);
#19570 = LINE('',#19571,#19572);
#19571 = CARTESIAN_POINT('',(146.52832,-133.2327,1.51));
#19572 = VECTOR('',#19573,1.);
#19573 = DIRECTION('',(-0.739876895786,0.672742282811,0.));
#19574 = ORIENTED_EDGE('',*,*,#11390,.T.);
#19575 = PLANE('',#19576);
#19576 = AXIS2_PLACEMENT_3D('',#19577,#19578,#19579);
#19577 = CARTESIAN_POINT('',(146.52832,-133.2327,0.));
#19578 = DIRECTION('',(-0.672742282811,-0.739876895786,0.));
#19579 = DIRECTION('',(-0.739876895786,0.672742282811,0.));
#19580 = ADVANCED_FACE('',(#19581),#19597,.T.);
#19581 = FACE_BOUND('',#19582,.T.);
#19582 = EDGE_LOOP('',(#19583,#19589,#19590,#19596));
#19583 = ORIENTED_EDGE('',*,*,#19584,.F.);
#19584 = EDGE_CURVE('',#1557,#1000,#19585,.T.);
#19585 = LINE('',#19586,#19587);
#19586 = CARTESIAN_POINT('',(165.57832,-133.2327,0.));
#19587 = VECTOR('',#19588,1.);
#19588 = DIRECTION('',(-0.779098220619,0.626901876395,0.));
#19589 = ORIENTED_EDGE('',*,*,#12994,.F.);
#19590 = ORIENTED_EDGE('',*,*,#19591,.T.);
#19591 = EDGE_CURVE('',#6702,#6145,#19592,.T.);
#19592 = LINE('',#19593,#19594);
#19593 = CARTESIAN_POINT('',(165.57832,-133.2327,1.51));
#19594 = VECTOR('',#19595,1.);
#19595 = DIRECTION('',(-0.779098220619,0.626901876395,0.));
#19596 = ORIENTED_EDGE('',*,*,#12012,.T.);
#19597 = PLANE('',#19598);
#19598 = AXIS2_PLACEMENT_3D('',#19599,#19600,#19601);
#19599 = CARTESIAN_POINT('',(165.57832,-133.2327,0.));
#19600 = DIRECTION('',(-0.626901876395,-0.779098220619,0.));
#19601 = DIRECTION('',(-0.779098220619,0.626901876395,0.));
#19602 = ADVANCED_FACE('',(#19603),#19619,.T.);
#19603 = FACE_BOUND('',#19604,.T.);
#19604 = EDGE_LOOP('',(#19605,#19611,#19612,#19618));
#19605 = ORIENTED_EDGE('',*,*,#19606,.F.);
#19606 = EDGE_CURVE('',#1363,#1559,#19607,.T.);
#19607 = LINE('',#19608,#19609);
#19608 = CARTESIAN_POINT('',(165.57832,-133.2327,0.));
#19609 = VECTOR('',#19610,1.);
#19610 = DIRECTION('',(-0.779098220619,0.626901876395,0.));
#19611 = ORIENTED_EDGE('',*,*,#12586,.T.);
#19612 = ORIENTED_EDGE('',*,*,#19613,.T.);
#19613 = EDGE_CURVE('',#6508,#6704,#19614,.T.);
#19614 = LINE('',#19615,#19616);
#19615 = CARTESIAN_POINT('',(165.57832,-133.2327,1.51));
#19616 = VECTOR('',#19617,1.);
#19617 = DIRECTION('',(-0.779098220619,0.626901876395,0.));
#19618 = ORIENTED_EDGE('',*,*,#13001,.T.);
#19619 = PLANE('',#19620);
#19620 = AXIS2_PLACEMENT_3D('',#19621,#19622,#19623);
#19621 = CARTESIAN_POINT('',(165.57832,-133.2327,0.));
#19622 = DIRECTION('',(-0.626901876395,-0.779098220619,0.));
#19623 = DIRECTION('',(-0.779098220619,0.626901876395,0.));
#19624 = ADVANCED_FACE('',(#19625),#19641,.T.);
#19625 = FACE_BOUND('',#19626,.T.);
#19626 = EDGE_LOOP('',(#19627,#19633,#19634,#19640));
#19627 = ORIENTED_EDGE('',*,*,#19628,.F.);
#19628 = EDGE_CURVE('',#1710,#1672,#19629,.T.);
#19629 = LINE('',#19630,#19631);
#19630 = CARTESIAN_POINT('',(184.62832,-133.2327,0.));
#19631 = VECTOR('',#19632,1.);
#19632 = DIRECTION('',(-0.810908431692,0.585173064496,0.));
#19633 = ORIENTED_EDGE('',*,*,#13162,.T.);
#19634 = ORIENTED_EDGE('',*,*,#19635,.T.);
#19635 = EDGE_CURVE('',#6855,#6817,#19636,.T.);
#19636 = LINE('',#19637,#19638);
#19637 = CARTESIAN_POINT('',(184.62832,-133.2327,1.51));
#19638 = VECTOR('',#19639,1.);
#19639 = DIRECTION('',(-0.810908431692,0.585173064496,0.));
#19640 = ORIENTED_EDGE('',*,*,#13130,.T.);
#19641 = PLANE('',#19642);
#19642 = AXIS2_PLACEMENT_3D('',#19643,#19644,#19645);
#19643 = CARTESIAN_POINT('',(184.62832,-133.2327,0.));
#19644 = DIRECTION('',(-0.585173064496,-0.810908431692,0.));
#19645 = DIRECTION('',(-0.810908431692,0.585173064496,0.));
#19646 = ADVANCED_FACE('',(#19647),#19663,.T.);
#19647 = FACE_BOUND('',#19648,.T.);
#19648 = EDGE_LOOP('',(#19649,#19655,#19656,#19662));
#19649 = ORIENTED_EDGE('',*,*,#19650,.F.);
#19650 = EDGE_CURVE('',#1670,#1643,#19651,.T.);
#19651 = LINE('',#19652,#19653);
#19652 = CARTESIAN_POINT('',(184.62832,-133.2327,0.));
#19653 = VECTOR('',#19654,1.);
#19654 = DIRECTION('',(-0.810908431692,0.585173064496,0.));
#19655 = ORIENTED_EDGE('',*,*,#13123,.F.);
#19656 = ORIENTED_EDGE('',*,*,#19657,.T.);
#19657 = EDGE_CURVE('',#6815,#6788,#19658,.T.);
#19658 = LINE('',#19659,#19660);
#19659 = CARTESIAN_POINT('',(184.62832,-133.2327,1.51));
#19660 = VECTOR('',#19661,1.);
#19661 = DIRECTION('',(-0.810908431692,0.585173064496,0.));
#19662 = ORIENTED_EDGE('',*,*,#13108,.T.);
#19663 = PLANE('',#19664);
#19664 = AXIS2_PLACEMENT_3D('',#19665,#19666,#19667);
#19665 = CARTESIAN_POINT('',(184.62832,-133.2327,0.));
#19666 = DIRECTION('',(-0.585173064496,-0.810908431692,0.));
#19667 = DIRECTION('',(-0.810908431692,0.585173064496,0.));
#19668 = ADVANCED_FACE('',(#19669),#19685,.T.);
#19669 = FACE_BOUND('',#19670,.T.);
#19670 = EDGE_LOOP('',(#19671,#19677,#19678,#19684));
#19671 = ORIENTED_EDGE('',*,*,#19672,.F.);
#19672 = EDGE_CURVE('',#1641,#1285,#19673,.T.);
#19673 = LINE('',#19674,#19675);
#19674 = CARTESIAN_POINT('',(184.62832,-133.2327,0.));
#19675 = VECTOR('',#19676,1.);
#19676 = DIRECTION('',(-0.810908431692,0.585173064496,0.));
#19677 = ORIENTED_EDGE('',*,*,#13101,.F.);
#19678 = ORIENTED_EDGE('',*,*,#19679,.T.);
#19679 = EDGE_CURVE('',#6786,#6430,#19680,.T.);
#19680 = LINE('',#19681,#19682);
#19681 = CARTESIAN_POINT('',(184.62832,-133.2327,1.51));
#19682 = VECTOR('',#19683,1.);
#19683 = DIRECTION('',(-0.810908431692,0.585173064496,0.));
#19684 = ORIENTED_EDGE('',*,*,#12515,.T.);
#19685 = PLANE('',#19686);
#19686 = AXIS2_PLACEMENT_3D('',#19687,#19688,#19689);
#19687 = CARTESIAN_POINT('',(184.62832,-133.2327,0.));
#19688 = DIRECTION('',(-0.585173064496,-0.810908431692,0.));
#19689 = DIRECTION('',(-0.810908431692,0.585173064496,0.));
#19690 = ADVANCED_FACE('',(#19691),#19707,.T.);
#19691 = FACE_BOUND('',#19692,.T.);
#19692 = EDGE_LOOP('',(#19693,#19699,#19700,#19706));
#19693 = ORIENTED_EDGE('',*,*,#19694,.F.);
#19694 = EDGE_CURVE('',#1038,#1234,#19695,.T.);
#19695 = LINE('',#19696,#19697);
#19696 = CARTESIAN_POINT('',(146.52832,-114.1827,0.));
#19697 = VECTOR('',#19698,1.);
#19698 = DIRECTION('',(-0.788787792731,0.614665614818,0.));
#19699 = ORIENTED_EDGE('',*,*,#12044,.T.);
#19700 = ORIENTED_EDGE('',*,*,#19701,.T.);
#19701 = EDGE_CURVE('',#6183,#6379,#19702,.T.);
#19702 = LINE('',#19703,#19704);
#19703 = CARTESIAN_POINT('',(146.52832,-114.1827,1.51));
#19704 = VECTOR('',#19705,1.);
#19705 = DIRECTION('',(-0.788787792731,0.614665614818,0.));
#19706 = ORIENTED_EDGE('',*,*,#12459,.T.);
#19707 = PLANE('',#19708);
#19708 = AXIS2_PLACEMENT_3D('',#19709,#19710,#19711);
#19709 = CARTESIAN_POINT('',(146.52832,-114.1827,0.));
#19710 = DIRECTION('',(-0.614665614818,-0.788787792731,0.));
#19711 = DIRECTION('',(-0.788787792731,0.614665614818,0.));
#19712 = ADVANCED_FACE('',(#19713),#19729,.T.);
#19713 = FACE_BOUND('',#19714,.T.);
#19714 = EDGE_LOOP('',(#19715,#19721,#19722,#19728));
#19715 = ORIENTED_EDGE('',*,*,#19716,.F.);
#19716 = EDGE_CURVE('',#2153,#1336,#19717,.T.);
#19717 = LINE('',#19718,#19719);
#19718 = CARTESIAN_POINT('',(165.57832,-114.1827,0.));
#19719 = VECTOR('',#19720,1.);
#19720 = DIRECTION('',(-0.82323426734,0.567701806477,0.));
#19721 = ORIENTED_EDGE('',*,*,#14063,.F.);
#19722 = ORIENTED_EDGE('',*,*,#19723,.T.);
#19723 = EDGE_CURVE('',#7298,#6481,#19724,.T.);
#19724 = LINE('',#19725,#19726);
#19725 = CARTESIAN_POINT('',(165.57832,-114.1827,1.51));
#19726 = VECTOR('',#19727,1.);
#19727 = DIRECTION('',(-0.82323426734,0.567701806477,0.));
#19728 = ORIENTED_EDGE('',*,*,#12571,.T.);
#19729 = PLANE('',#19730);
#19730 = AXIS2_PLACEMENT_3D('',#19731,#19732,#19733);
#19731 = CARTESIAN_POINT('',(165.57832,-114.1827,0.));
#19732 = DIRECTION('',(-0.567701806477,-0.82323426734,0.));
#19733 = DIRECTION('',(-0.82323426734,0.567701806477,0.));
#19734 = ADVANCED_FACE('',(#19735),#19751,.T.);
#19735 = FACE_BOUND('',#19736,.T.);
#19736 = EDGE_LOOP('',(#19737,#19743,#19744,#19750));
#19737 = ORIENTED_EDGE('',*,*,#19738,.F.);
#19738 = EDGE_CURVE('',#1283,#2796,#19739,.T.);
#19739 = LINE('',#19740,#19741);
#19740 = CARTESIAN_POINT('',(184.62832,-133.2327,0.));
#19741 = VECTOR('',#19742,1.);
#19742 = DIRECTION('',(-0.810908431692,0.585173064496,0.));
#19743 = ORIENTED_EDGE('',*,*,#12508,.F.);
#19744 = ORIENTED_EDGE('',*,*,#19745,.T.);
#19745 = EDGE_CURVE('',#6428,#7941,#19746,.T.);
#19746 = LINE('',#19747,#19748);
#19747 = CARTESIAN_POINT('',(184.62832,-133.2327,1.51));
#19748 = VECTOR('',#19749,1.);
#19749 = DIRECTION('',(-0.810908431692,0.585173064496,0.));
#19750 = ORIENTED_EDGE('',*,*,#15212,.T.);
#19751 = PLANE('',#19752);
#19752 = AXIS2_PLACEMENT_3D('',#19753,#19754,#19755);
#19753 = CARTESIAN_POINT('',(184.62832,-133.2327,0.));
#19754 = DIRECTION('',(-0.585173064496,-0.810908431692,0.));
#19755 = DIRECTION('',(-0.810908431692,0.585173064496,0.));
#19756 = ADVANCED_FACE('',(#19757),#19773,.T.);
#19757 = FACE_BOUND('',#19758,.T.);
#19758 = EDGE_LOOP('',(#19759,#19765,#19766,#19772));
#19759 = ORIENTED_EDGE('',*,*,#19760,.F.);
#19760 = EDGE_CURVE('',#1959,#2155,#19761,.T.);
#19761 = LINE('',#19762,#19763);
#19762 = CARTESIAN_POINT('',(165.57832,-114.1827,0.));
#19763 = VECTOR('',#19764,1.);
#19764 = DIRECTION('',(-0.82323426734,0.567701806477,0.));
#19765 = ORIENTED_EDGE('',*,*,#13655,.T.);
#19766 = ORIENTED_EDGE('',*,*,#19767,.T.);
#19767 = EDGE_CURVE('',#7104,#7300,#19768,.T.);
#19768 = LINE('',#19769,#19770);
#19769 = CARTESIAN_POINT('',(165.57832,-114.1827,1.51));
#19770 = VECTOR('',#19771,1.);
#19771 = DIRECTION('',(-0.82323426734,0.567701806477,0.));
#19772 = ORIENTED_EDGE('',*,*,#14070,.T.);
#19773 = PLANE('',#19774);
#19774 = AXIS2_PLACEMENT_3D('',#19775,#19776,#19777);
#19775 = CARTESIAN_POINT('',(165.57832,-114.1827,0.));
#19776 = DIRECTION('',(-0.567701806477,-0.82323426734,0.));
#19777 = DIRECTION('',(-0.82323426734,0.567701806477,0.));
#19778 = ADVANCED_FACE('',(#19779),#19795,.T.);
#19779 = FACE_BOUND('',#19780,.T.);
#19780 = EDGE_LOOP('',(#19781,#19787,#19788,#19794));
#19781 = ORIENTED_EDGE('',*,*,#19782,.F.);
#19782 = EDGE_CURVE('',#2277,#2500,#19783,.T.);
#19783 = LINE('',#19784,#19785);
#19784 = CARTESIAN_POINT('',(187.125995,-114.153512,0.));
#19785 = VECTOR('',#19786,1.);
#19786 = DIRECTION('',(-0.853690111831,0.520781329313,0.));
#19787 = ORIENTED_EDGE('',*,*,#14209,.T.);
#19788 = ORIENTED_EDGE('',*,*,#19789,.T.);
#19789 = EDGE_CURVE('',#7422,#7645,#19790,.T.);
#19790 = LINE('',#19791,#19792);
#19791 = CARTESIAN_POINT('',(187.125995,-114.153512,1.51));
#19792 = VECTOR('',#19793,1.);
#19793 = DIRECTION('',(-0.853690111831,0.520781329313,0.));
#19794 = ORIENTED_EDGE('',*,*,#14675,.T.);
#19795 = PLANE('',#19796);
#19796 = AXIS2_PLACEMENT_3D('',#19797,#19798,#19799);
#19797 = CARTESIAN_POINT('',(187.125995,-114.153512,0.));
#19798 = DIRECTION('',(-0.520781329313,-0.853690111831,0.));
#19799 = DIRECTION('',(-0.853690111831,0.520781329313,0.));
#19800 = ADVANCED_FACE('',(#19801),#19817,.T.);
#19801 = FACE_BOUND('',#19802,.T.);
#19802 = EDGE_LOOP('',(#19803,#19809,#19810,#19816));
#19803 = ORIENTED_EDGE('',*,*,#19804,.F.);
#19804 = EDGE_CURVE('',#2509,#2250,#19805,.T.);
#19805 = LINE('',#19806,#19807);
#19806 = CARTESIAN_POINT('',(187.125995,-114.153512,0.));
#19807 = VECTOR('',#19808,1.);
#19808 = DIRECTION('',(-0.853690111831,0.520781329313,0.));
#19809 = ORIENTED_EDGE('',*,*,#14693,.F.);
#19810 = ORIENTED_EDGE('',*,*,#19811,.T.);
#19811 = EDGE_CURVE('',#7654,#7395,#19812,.T.);
#19812 = LINE('',#19813,#19814);
#19813 = CARTESIAN_POINT('',(187.125995,-114.153512,1.51));
#19814 = VECTOR('',#19815,1.);
#19815 = DIRECTION('',(-0.853690111831,0.520781329313,0.));
#19816 = ORIENTED_EDGE('',*,*,#14194,.T.);
#19817 = PLANE('',#19818);
#19818 = AXIS2_PLACEMENT_3D('',#19819,#19820,#19821);
#19819 = CARTESIAN_POINT('',(187.125995,-114.153512,0.));
#19820 = DIRECTION('',(-0.520781329313,-0.853690111831,0.));
#19821 = DIRECTION('',(-0.853690111831,0.520781329313,0.));
#19822 = ADVANCED_FACE('',(#19823),#19839,.T.);
#19823 = FACE_BOUND('',#19824,.T.);
#19824 = EDGE_LOOP('',(#19825,#19831,#19832,#19838));
#19825 = ORIENTED_EDGE('',*,*,#19826,.F.);
#19826 = EDGE_CURVE('',#2248,#3157,#19827,.T.);
#19827 = LINE('',#19828,#19829);
#19828 = CARTESIAN_POINT('',(187.125995,-114.153512,0.));
#19829 = VECTOR('',#19830,1.);
#19830 = DIRECTION('',(-0.853690111831,0.520781329313,0.));
#19831 = ORIENTED_EDGE('',*,*,#14187,.F.);
#19832 = ORIENTED_EDGE('',*,*,#19833,.T.);
#19833 = EDGE_CURVE('',#7393,#8302,#19834,.T.);
#19834 = LINE('',#19835,#19836);
#19835 = CARTESIAN_POINT('',(187.125995,-114.153512,1.51));
#19836 = VECTOR('',#19837,1.);
#19837 = DIRECTION('',(-0.853690111831,0.520781329313,0.));
#19838 = ORIENTED_EDGE('',*,*,#15764,.T.);
#19839 = PLANE('',#19840);
#19840 = AXIS2_PLACEMENT_3D('',#19841,#19842,#19843);
#19841 = CARTESIAN_POINT('',(187.125995,-114.153512,0.));
#19842 = DIRECTION('',(-0.520781329313,-0.853690111831,0.));
#19843 = DIRECTION('',(-0.853690111831,0.520781329313,0.));
#19844 = ADVANCED_FACE('',(#19845),#19861,.T.);
#19845 = FACE_BOUND('',#19846,.T.);
#19846 = EDGE_LOOP('',(#19847,#19853,#19854,#19860));
#19847 = ORIENTED_EDGE('',*,*,#19848,.F.);
#19848 = EDGE_CURVE('',#2571,#2767,#19849,.T.);
#19849 = LINE('',#19850,#19851);
#19850 = CARTESIAN_POINT('',(127.47832,-95.1327,0.));
#19851 = VECTOR('',#19852,1.);
#19852 = DIRECTION('',(-0.801434242187,0.598082900149,0.));
#19853 = ORIENTED_EDGE('',*,*,#14775,.T.);
#19854 = ORIENTED_EDGE('',*,*,#19855,.T.);
#19855 = EDGE_CURVE('',#7716,#7912,#19856,.T.);
#19856 = LINE('',#19857,#19858);
#19857 = CARTESIAN_POINT('',(127.47832,-95.1327,1.51));
#19858 = VECTOR('',#19859,1.);
#19859 = DIRECTION('',(-0.801434242187,0.598082900149,0.));
#19860 = ORIENTED_EDGE('',*,*,#15190,.T.);
#19861 = PLANE('',#19862);
#19862 = AXIS2_PLACEMENT_3D('',#19863,#19864,#19865);
#19863 = CARTESIAN_POINT('',(127.47832,-95.1327,0.));
#19864 = DIRECTION('',(-0.598082900149,-0.801434242187,0.));
#19865 = DIRECTION('',(-0.801434242187,0.598082900149,0.));
#19866 = ADVANCED_FACE('',(#19867),#19883,.T.);
#19867 = FACE_BOUND('',#19868,.T.);
#19868 = EDGE_LOOP('',(#19869,#19875,#19876,#19882));
#19869 = ORIENTED_EDGE('',*,*,#19870,.F.);
#19870 = EDGE_CURVE('',#2794,#2865,#19871,.T.);
#19871 = LINE('',#19872,#19873);
#19872 = CARTESIAN_POINT('',(184.62832,-133.2327,0.));
#19873 = VECTOR('',#19874,1.);
#19874 = DIRECTION('',(-0.810908431692,0.585173064496,0.));
#19875 = ORIENTED_EDGE('',*,*,#15205,.F.);
#19876 = ORIENTED_EDGE('',*,*,#19877,.T.);
#19877 = EDGE_CURVE('',#7939,#8010,#19878,.T.);
#19878 = LINE('',#19879,#19880);
#19879 = CARTESIAN_POINT('',(184.62832,-133.2327,1.51));
#19880 = VECTOR('',#19881,1.);
#19881 = DIRECTION('',(-0.810908431692,0.585173064496,0.));
#19882 = ORIENTED_EDGE('',*,*,#15273,.T.);
#19883 = PLANE('',#19884);
#19884 = AXIS2_PLACEMENT_3D('',#19885,#19886,#19887);
#19885 = CARTESIAN_POINT('',(184.62832,-133.2327,0.));
#19886 = DIRECTION('',(-0.585173064496,-0.810908431692,0.));
#19887 = DIRECTION('',(-0.810908431692,0.585173064496,0.));
#19888 = ADVANCED_FACE('',(#19889),#19905,.T.);
#19889 = FACE_BOUND('',#19890,.T.);
#19890 = EDGE_LOOP('',(#19891,#19897,#19898,#19904));
#19891 = ORIENTED_EDGE('',*,*,#19892,.F.);
#19892 = EDGE_CURVE('',#3126,#2905,#19893,.T.);
#19893 = LINE('',#19894,#19895);
#19894 = CARTESIAN_POINT('',(146.52832,-95.1327,0.));
#19895 = VECTOR('',#19896,1.);
#19896 = DIRECTION('',(-0.838733060428,0.544542792941,0.));
#19897 = ORIENTED_EDGE('',*,*,#15735,.F.);
#19898 = ORIENTED_EDGE('',*,*,#19899,.T.);
#19899 = EDGE_CURVE('',#8271,#8050,#19900,.T.);
#19900 = LINE('',#19901,#19902);
#19901 = CARTESIAN_POINT('',(146.52832,-95.1327,1.51));
#19902 = VECTOR('',#19903,1.);
#19903 = DIRECTION('',(-0.838733060428,0.544542792941,0.));
#19904 = ORIENTED_EDGE('',*,*,#15312,.T.);
#19905 = PLANE('',#19906);
#19906 = AXIS2_PLACEMENT_3D('',#19907,#19908,#19909);
#19907 = CARTESIAN_POINT('',(146.52832,-95.1327,0.));
#19908 = DIRECTION('',(-0.544542792941,-0.838733060428,0.));
#19909 = DIRECTION('',(-0.838733060428,0.544542792941,0.));
#19910 = ADVANCED_FACE('',(#19911),#19927,.T.);
#19911 = FACE_BOUND('',#19912,.T.);
#19912 = EDGE_LOOP('',(#19913,#19919,#19920,#19926));
#19913 = ORIENTED_EDGE('',*,*,#19914,.F.);
#19914 = EDGE_CURVE('',#3462,#3573,#19915,.T.);
#19915 = LINE('',#19916,#19917);
#19916 = CARTESIAN_POINT('',(168.075995,-95.103512,0.));
#19917 = VECTOR('',#19918,1.);
#19918 = DIRECTION('',(-0.870331972092,0.492465489506,0.));
#19919 = ORIENTED_EDGE('',*,*,#16294,.F.);
#19920 = ORIENTED_EDGE('',*,*,#19921,.T.);
#19921 = EDGE_CURVE('',#8607,#8718,#19922,.T.);
#19922 = LINE('',#19923,#19924);
#19923 = CARTESIAN_POINT('',(168.075995,-95.103512,1.51));
#19924 = VECTOR('',#19925,1.);
#19925 = DIRECTION('',(-0.870331972092,0.492465489506,0.));
#19926 = ORIENTED_EDGE('',*,*,#16401,.T.);
#19927 = PLANE('',#19928);
#19928 = AXIS2_PLACEMENT_3D('',#19929,#19930,#19931);
#19929 = CARTESIAN_POINT('',(168.075995,-95.103512,0.));
#19930 = DIRECTION('',(-0.492465489506,-0.870331972092,0.));
#19931 = DIRECTION('',(-0.870331972092,0.492465489506,0.));
#19932 = ADVANCED_FACE('',(#19933),#19949,.T.);
#19933 = FACE_BOUND('',#19934,.T.);
#19934 = EDGE_LOOP('',(#19935,#19941,#19942,#19948));
#19935 = ORIENTED_EDGE('',*,*,#19936,.F.);
#19936 = EDGE_CURVE('',#3257,#3515,#19937,.T.);
#19937 = LINE('',#19938,#19939);
#19938 = CARTESIAN_POINT('',(127.47832,-76.0827,0.));
#19939 = VECTOR('',#19940,1.);
#19940 = DIRECTION('',(-0.85869204567,0.512491922573,0.));
#19941 = ORIENTED_EDGE('',*,*,#15869,.T.);
#19942 = ORIENTED_EDGE('',*,*,#19943,.T.);
#19943 = EDGE_CURVE('',#8402,#8660,#19944,.T.);
#19944 = LINE('',#19945,#19946);
#19945 = CARTESIAN_POINT('',(127.47832,-76.0827,1.51));
#19946 = VECTOR('',#19947,1.);
#19947 = DIRECTION('',(-0.85869204567,0.512491922573,0.));
#19948 = ORIENTED_EDGE('',*,*,#16357,.T.);
#19949 = PLANE('',#19950);
#19950 = AXIS2_PLACEMENT_3D('',#19951,#19952,#19953);
#19951 = CARTESIAN_POINT('',(127.47832,-76.0827,0.));
#19952 = DIRECTION('',(-0.512491922573,-0.85869204567,0.));
#19953 = DIRECTION('',(-0.85869204567,0.512491922573,0.));
#19954 = ADVANCED_FACE('',(#19955),#19971,.T.);
#19955 = FACE_BOUND('',#19956,.T.);
#19956 = EDGE_LOOP('',(#19957,#19963,#19964,#19970));
#19957 = ORIENTED_EDGE('',*,*,#19958,.F.);
#19958 = EDGE_CURVE('',#3571,#3544,#19959,.T.);
#19959 = LINE('',#19960,#19961);
#19960 = CARTESIAN_POINT('',(168.075995,-95.103512,0.));
#19961 = VECTOR('',#19962,1.);
#19962 = DIRECTION('',(-0.870331972092,0.492465489506,0.));
#19963 = ORIENTED_EDGE('',*,*,#16394,.F.);
#19964 = ORIENTED_EDGE('',*,*,#19965,.T.);
#19965 = EDGE_CURVE('',#8716,#8689,#19966,.T.);
#19966 = LINE('',#19967,#19968);
#19967 = CARTESIAN_POINT('',(168.075995,-95.103512,1.51));
#19968 = VECTOR('',#19969,1.);
#19969 = DIRECTION('',(-0.870331972092,0.492465489506,0.));
#19970 = ORIENTED_EDGE('',*,*,#16379,.T.);
#19971 = PLANE('',#19972);
#19972 = AXIS2_PLACEMENT_3D('',#19973,#19974,#19975);
#19973 = CARTESIAN_POINT('',(168.075995,-95.103512,0.));
#19974 = DIRECTION('',(-0.492465489506,-0.870331972092,0.));
#19975 = DIRECTION('',(-0.870331972092,0.492465489506,0.));
#19976 = ADVANCED_FACE('',(#19977),#20013,.F.);
#19977 = FACE_BOUND('',#19978,.T.);
#19978 = EDGE_LOOP('',(#19979,#19990,#19998,#20007));
#19979 = ORIENTED_EDGE('',*,*,#19980,.T.);
#19980 = EDGE_CURVE('',#19981,#19983,#19985,.T.);
#19981 = VERTEX_POINT('',#19982);
#19982 = CARTESIAN_POINT('',(140.5078041287,-72.95663465726,0.));
#19983 = VERTEX_POINT('',#19984);
#19984 = CARTESIAN_POINT('',(140.0125,-73.525,0.));
#19985 = CIRCLE('',#19986,0.5);
#19986 = AXIS2_PLACEMENT_3D('',#19987,#19988,#19989);
#19987 = CARTESIAN_POINT('',(140.0125,-73.025,0.));
#19988 = DIRECTION('',(-0.,0.,-1.));
#19989 = DIRECTION('',(-0.,-1.,0.));
#19990 = ORIENTED_EDGE('',*,*,#19991,.T.);
#19991 = EDGE_CURVE('',#19983,#19992,#19994,.T.);
#19992 = VERTEX_POINT('',#19993);
#19993 = CARTESIAN_POINT('',(140.0125,-73.525,1.51));
#19994 = LINE('',#19995,#19996);
#19995 = CARTESIAN_POINT('',(140.0125,-73.525,-4.6E-02));
#19996 = VECTOR('',#19997,1.);
#19997 = DIRECTION('',(0.,0.,1.));
#19998 = ORIENTED_EDGE('',*,*,#19999,.F.);
#19999 = EDGE_CURVE('',#20000,#19992,#20002,.T.);
#20000 = VERTEX_POINT('',#20001);
#20001 = CARTESIAN_POINT('',(140.5078041287,-72.95663465726,1.51));
#20002 = CIRCLE('',#20003,0.5);
#20003 = AXIS2_PLACEMENT_3D('',#20004,#20005,#20006);
#20004 = CARTESIAN_POINT('',(140.0125,-73.025,1.51));
#20005 = DIRECTION('',(-0.,0.,-1.));
#20006 = DIRECTION('',(-0.,-1.,0.));
#20007 = ORIENTED_EDGE('',*,*,#20008,.T.);
#20008 = EDGE_CURVE('',#20000,#19981,#20009,.T.);
#20009 = LINE('',#20010,#20011);
#20010 = CARTESIAN_POINT('',(140.5078041287,-72.95663465726,-4.6E-02));
#20011 = VECTOR('',#20012,1.);
#20012 = DIRECTION('',(-0.,-0.,-1.));
#20013 = CYLINDRICAL_SURFACE('',#20014,0.5);
#20014 = AXIS2_PLACEMENT_3D('',#20015,#20016,#20017);
#20015 = CARTESIAN_POINT('',(140.0125,-73.025,-4.6E-02));
#20016 = DIRECTION('',(-0.,-0.,-1.));
#20017 = DIRECTION('',(-0.,-1.,0.));
#20018 = ADVANCED_FACE('',(#20019),#20046,.F.);
#20019 = FACE_BOUND('',#20020,.T.);
#20020 = EDGE_LOOP('',(#20021,#20031,#20038,#20039));
#20021 = ORIENTED_EDGE('',*,*,#20022,.T.);
#20022 = EDGE_CURVE('',#20023,#20025,#20027,.T.);
#20023 = VERTEX_POINT('',#20024);
#20024 = CARTESIAN_POINT('',(139.78347451473,-72.58053703517,1.51));
#20025 = VERTEX_POINT('',#20026);
#20026 = CARTESIAN_POINT('',(139.78347451473,-72.58053703517,0.));
#20027 = LINE('',#20028,#20029);
#20028 = CARTESIAN_POINT('',(139.78347451473,-72.58053703517,-4.6E-02));
#20029 = VECTOR('',#20030,1.);
#20030 = DIRECTION('',(-0.,-0.,-1.));
#20031 = ORIENTED_EDGE('',*,*,#20032,.T.);
#20032 = EDGE_CURVE('',#20025,#19981,#20033,.T.);
#20033 = CIRCLE('',#20034,0.5);
#20034 = AXIS2_PLACEMENT_3D('',#20035,#20036,#20037);
#20035 = CARTESIAN_POINT('',(140.0125,-73.025,0.));
#20036 = DIRECTION('',(-0.,0.,-1.));
#20037 = DIRECTION('',(-0.,-1.,0.));
#20038 = ORIENTED_EDGE('',*,*,#20008,.F.);
#20039 = ORIENTED_EDGE('',*,*,#20040,.F.);
#20040 = EDGE_CURVE('',#20023,#20000,#20041,.T.);
#20041 = CIRCLE('',#20042,0.5);
#20042 = AXIS2_PLACEMENT_3D('',#20043,#20044,#20045);
#20043 = CARTESIAN_POINT('',(140.0125,-73.025,1.51));
#20044 = DIRECTION('',(-0.,0.,-1.));
#20045 = DIRECTION('',(-0.,-1.,0.));
#20046 = CYLINDRICAL_SURFACE('',#20047,0.5);
#20047 = AXIS2_PLACEMENT_3D('',#20048,#20049,#20050);
#20048 = CARTESIAN_POINT('',(140.0125,-73.025,-4.6E-02));
#20049 = DIRECTION('',(-0.,-0.,-1.));
#20050 = DIRECTION('',(-0.,-1.,0.));
#20051 = ADVANCED_FACE('',(#20052),#20068,.T.);
#20052 = FACE_BOUND('',#20053,.T.);
#20053 = EDGE_LOOP('',(#20054,#20060,#20061,#20067));
#20054 = ORIENTED_EDGE('',*,*,#20055,.F.);
#20055 = EDGE_CURVE('',#3684,#19981,#20056,.T.);
#20056 = LINE('',#20057,#20058);
#20057 = CARTESIAN_POINT('',(146.52832,-76.0827,0.));
#20058 = VECTOR('',#20059,1.);
#20059 = DIRECTION('',(-0.887494373337,0.460818551378,0.));
#20060 = ORIENTED_EDGE('',*,*,#16540,.T.);
#20061 = ORIENTED_EDGE('',*,*,#20062,.T.);
#20062 = EDGE_CURVE('',#8829,#20000,#20063,.T.);
#20063 = LINE('',#20064,#20065);
#20064 = CARTESIAN_POINT('',(146.52832,-76.0827,1.51));
#20065 = VECTOR('',#20066,1.);
#20066 = DIRECTION('',(-0.887494373337,0.460818551378,0.));
#20067 = ORIENTED_EDGE('',*,*,#20008,.T.);
#20068 = PLANE('',#20069);
#20069 = AXIS2_PLACEMENT_3D('',#20070,#20071,#20072);
#20070 = CARTESIAN_POINT('',(146.52832,-76.0827,0.));
#20071 = DIRECTION('',(-0.460818551378,-0.887494373337,0.));
#20072 = DIRECTION('',(-0.887494373337,0.460818551378,0.));
#20073 = ADVANCED_FACE('',(#20074),#20092,.F.);
#20074 = FACE_BOUND('',#20075,.T.);
#20075 = EDGE_LOOP('',(#20076,#20077,#20084,#20085));
#20076 = ORIENTED_EDGE('',*,*,#19991,.F.);
#20077 = ORIENTED_EDGE('',*,*,#20078,.T.);
#20078 = EDGE_CURVE('',#19983,#20025,#20079,.T.);
#20079 = CIRCLE('',#20080,0.5);
#20080 = AXIS2_PLACEMENT_3D('',#20081,#20082,#20083);
#20081 = CARTESIAN_POINT('',(140.0125,-73.025,0.));
#20082 = DIRECTION('',(-0.,0.,-1.));
#20083 = DIRECTION('',(-0.,-1.,0.));
#20084 = ORIENTED_EDGE('',*,*,#20022,.F.);
#20085 = ORIENTED_EDGE('',*,*,#20086,.F.);
#20086 = EDGE_CURVE('',#19992,#20023,#20087,.T.);
#20087 = CIRCLE('',#20088,0.5);
#20088 = AXIS2_PLACEMENT_3D('',#20089,#20090,#20091);
#20089 = CARTESIAN_POINT('',(140.0125,-73.025,1.51));
#20090 = DIRECTION('',(-0.,0.,-1.));
#20091 = DIRECTION('',(-0.,-1.,0.));
#20092 = CYLINDRICAL_SURFACE('',#20093,0.5);
#20093 = AXIS2_PLACEMENT_3D('',#20094,#20095,#20096);
#20094 = CARTESIAN_POINT('',(140.0125,-73.025,-4.6E-02));
#20095 = DIRECTION('',(-0.,-0.,-1.));
#20096 = DIRECTION('',(-0.,-1.,0.));
#20097 = ADVANCED_FACE('',(#20098),#20123,.T.);
#20098 = FACE_BOUND('',#20099,.T.);
#20099 = EDGE_LOOP('',(#20100,#20108,#20109,#20117));
#20100 = ORIENTED_EDGE('',*,*,#20101,.F.);
#20101 = EDGE_CURVE('',#20025,#20102,#20104,.T.);
#20102 = VERTEX_POINT('',#20103);
#20103 = CARTESIAN_POINT('',(131.72609901816,-68.39686194292,0.));
#20104 = LINE('',#20105,#20106);
#20105 = CARTESIAN_POINT('',(146.52832,-76.0827,0.));
#20106 = VECTOR('',#20107,1.);
#20107 = DIRECTION('',(-0.887494373337,0.460818551378,0.));
#20108 = ORIENTED_EDGE('',*,*,#20022,.F.);
#20109 = ORIENTED_EDGE('',*,*,#20110,.T.);
#20110 = EDGE_CURVE('',#20023,#20111,#20113,.T.);
#20111 = VERTEX_POINT('',#20112);
#20112 = CARTESIAN_POINT('',(131.72609901816,-68.39686194292,1.51));
#20113 = LINE('',#20114,#20115);
#20114 = CARTESIAN_POINT('',(146.52832,-76.0827,1.51));
#20115 = VECTOR('',#20116,1.);
#20116 = DIRECTION('',(-0.887494373337,0.460818551378,0.));
#20117 = ORIENTED_EDGE('',*,*,#20118,.T.);
#20118 = EDGE_CURVE('',#20111,#20102,#20119,.T.);
#20119 = LINE('',#20120,#20121);
#20120 = CARTESIAN_POINT('',(131.72609901815,-68.39686194292,-4.6E-02));
#20121 = VECTOR('',#20122,1.);
#20122 = DIRECTION('',(-0.,-0.,-1.));
#20123 = PLANE('',#20124);
#20124 = AXIS2_PLACEMENT_3D('',#20125,#20126,#20127);
#20125 = CARTESIAN_POINT('',(146.52832,-76.0827,0.));
#20126 = DIRECTION('',(-0.460818551378,-0.887494373337,0.));
#20127 = DIRECTION('',(-0.887494373337,0.460818551378,0.));
#20128 = ADVANCED_FACE('',(#20129),#20156,.F.);
#20129 = FACE_BOUND('',#20130,.T.);
#20130 = EDGE_LOOP('',(#20131,#20140,#20148,#20155));
#20131 = ORIENTED_EDGE('',*,*,#20132,.T.);
#20132 = EDGE_CURVE('',#20102,#20133,#20135,.T.);
#20133 = VERTEX_POINT('',#20134);
#20134 = CARTESIAN_POINT('',(131.1275,-68.695,0.));
#20135 = CIRCLE('',#20136,0.75);
#20136 = AXIS2_PLACEMENT_3D('',#20137,#20138,#20139);
#20137 = CARTESIAN_POINT('',(131.1275,-67.945,0.));
#20138 = DIRECTION('',(-0.,0.,-1.));
#20139 = DIRECTION('',(-0.,-1.,0.));
#20140 = ORIENTED_EDGE('',*,*,#20141,.T.);
#20141 = EDGE_CURVE('',#20133,#20142,#20144,.T.);
#20142 = VERTEX_POINT('',#20143);
#20143 = CARTESIAN_POINT('',(131.1275,-68.695,1.51));
#20144 = LINE('',#20145,#20146);
#20145 = CARTESIAN_POINT('',(131.1275,-68.695,-4.6E-02));
#20146 = VECTOR('',#20147,1.);
#20147 = DIRECTION('',(0.,0.,1.));
#20148 = ORIENTED_EDGE('',*,*,#20149,.F.);
#20149 = EDGE_CURVE('',#20111,#20142,#20150,.T.);
#20150 = CIRCLE('',#20151,0.75);
#20151 = AXIS2_PLACEMENT_3D('',#20152,#20153,#20154);
#20152 = CARTESIAN_POINT('',(131.1275,-67.945,1.51));
#20153 = DIRECTION('',(-0.,0.,-1.));
#20154 = DIRECTION('',(-0.,-1.,0.));
#20155 = ORIENTED_EDGE('',*,*,#20118,.T.);
#20156 = CYLINDRICAL_SURFACE('',#20157,0.75);
#20157 = AXIS2_PLACEMENT_3D('',#20158,#20159,#20160);
#20158 = CARTESIAN_POINT('',(131.1275,-67.945,-4.6E-02));
#20159 = DIRECTION('',(-0.,-0.,-1.));
#20160 = DIRECTION('',(-0.,-1.,0.));
#20161 = ADVANCED_FACE('',(#20162),#20187,.T.);
#20162 = FACE_BOUND('',#20163,.T.);
#20163 = EDGE_LOOP('',(#20164,#20172,#20173,#20181));
#20164 = ORIENTED_EDGE('',*,*,#20165,.F.);
#20165 = EDGE_CURVE('',#20102,#20166,#20168,.T.);
#20166 = VERTEX_POINT('',#20167);
#20167 = CARTESIAN_POINT('',(130.41353100279,-67.71533008244,0.));
#20168 = LINE('',#20169,#20170);
#20169 = CARTESIAN_POINT('',(146.52832,-76.0827,0.));
#20170 = VECTOR('',#20171,1.);
#20171 = DIRECTION('',(-0.887494373337,0.460818551378,0.));
#20172 = ORIENTED_EDGE('',*,*,#20118,.F.);
#20173 = ORIENTED_EDGE('',*,*,#20174,.T.);
#20174 = EDGE_CURVE('',#20111,#20175,#20177,.T.);
#20175 = VERTEX_POINT('',#20176);
#20176 = CARTESIAN_POINT('',(130.41353100279,-67.71533008244,1.51));
#20177 = LINE('',#20178,#20179);
#20178 = CARTESIAN_POINT('',(146.52832,-76.0827,1.51));
#20179 = VECTOR('',#20180,1.);
#20180 = DIRECTION('',(-0.887494373337,0.460818551378,0.));
#20181 = ORIENTED_EDGE('',*,*,#20182,.T.);
#20182 = EDGE_CURVE('',#20175,#20166,#20183,.T.);
#20183 = LINE('',#20184,#20185);
#20184 = CARTESIAN_POINT('',(130.41353100279,-67.71533008244,-4.6E-02));
#20185 = VECTOR('',#20186,1.);
#20186 = DIRECTION('',(-0.,-0.,-1.));
#20187 = PLANE('',#20188);
#20188 = AXIS2_PLACEMENT_3D('',#20189,#20190,#20191);
#20189 = CARTESIAN_POINT('',(146.52832,-76.0827,0.));
#20190 = DIRECTION('',(-0.460818551378,-0.887494373337,0.));
#20191 = DIRECTION('',(-0.887494373337,0.460818551378,0.));
#20192 = ADVANCED_FACE('',(#20193),#20220,.F.);
#20193 = FACE_BOUND('',#20194,.T.);
#20194 = EDGE_LOOP('',(#20195,#20204,#20205,#20214));
#20195 = ORIENTED_EDGE('',*,*,#20196,.T.);
#20196 = EDGE_CURVE('',#20197,#20102,#20199,.T.);
#20197 = VERTEX_POINT('',#20198);
#20198 = CARTESIAN_POINT('',(131.87746753678,-67.95197809272,0.));
#20199 = CIRCLE('',#20200,0.75);
#20200 = AXIS2_PLACEMENT_3D('',#20201,#20202,#20203);
#20201 = CARTESIAN_POINT('',(131.1275,-67.945,0.));
#20202 = DIRECTION('',(-0.,0.,-1.));
#20203 = DIRECTION('',(-0.,-1.,0.));
#20204 = ORIENTED_EDGE('',*,*,#20118,.F.);
#20205 = ORIENTED_EDGE('',*,*,#20206,.F.);
#20206 = EDGE_CURVE('',#20207,#20111,#20209,.T.);
#20207 = VERTEX_POINT('',#20208);
#20208 = CARTESIAN_POINT('',(131.87746753678,-67.95197809272,1.51));
#20209 = CIRCLE('',#20210,0.75);
#20210 = AXIS2_PLACEMENT_3D('',#20211,#20212,#20213);
#20211 = CARTESIAN_POINT('',(131.1275,-67.945,1.51));
#20212 = DIRECTION('',(-0.,0.,-1.));
#20213 = DIRECTION('',(-0.,-1.,0.));
#20214 = ORIENTED_EDGE('',*,*,#20215,.T.);
#20215 = EDGE_CURVE('',#20207,#20197,#20216,.T.);
#20216 = LINE('',#20217,#20218);
#20217 = CARTESIAN_POINT('',(131.87746753677,-67.95197809272,-4.6E-02));
#20218 = VECTOR('',#20219,1.);
#20219 = DIRECTION('',(-0.,-0.,-1.));
#20220 = CYLINDRICAL_SURFACE('',#20221,0.75);
#20221 = AXIS2_PLACEMENT_3D('',#20222,#20223,#20224);
#20222 = CARTESIAN_POINT('',(131.1275,-67.945,-4.6E-02));
#20223 = DIRECTION('',(-0.,-0.,-1.));
#20224 = DIRECTION('',(-0.,-1.,0.));
#20225 = ADVANCED_FACE('',(#20226),#20244,.F.);
#20226 = FACE_BOUND('',#20227,.T.);
#20227 = EDGE_LOOP('',(#20228,#20229,#20236,#20237));
#20228 = ORIENTED_EDGE('',*,*,#20141,.F.);
#20229 = ORIENTED_EDGE('',*,*,#20230,.T.);
#20230 = EDGE_CURVE('',#20133,#20166,#20231,.T.);
#20231 = CIRCLE('',#20232,0.75);
#20232 = AXIS2_PLACEMENT_3D('',#20233,#20234,#20235);
#20233 = CARTESIAN_POINT('',(131.1275,-67.945,0.));
#20234 = DIRECTION('',(-0.,0.,-1.));
#20235 = DIRECTION('',(-0.,-1.,0.));
#20236 = ORIENTED_EDGE('',*,*,#20182,.F.);
#20237 = ORIENTED_EDGE('',*,*,#20238,.F.);
#20238 = EDGE_CURVE('',#20142,#20175,#20239,.T.);
#20239 = CIRCLE('',#20240,0.75);
#20240 = AXIS2_PLACEMENT_3D('',#20241,#20242,#20243);
#20241 = CARTESIAN_POINT('',(131.1275,-67.945,1.51));
#20242 = DIRECTION('',(-0.,0.,-1.));
#20243 = DIRECTION('',(-0.,-1.,0.));
#20244 = CYLINDRICAL_SURFACE('',#20245,0.75);
#20245 = AXIS2_PLACEMENT_3D('',#20246,#20247,#20248);
#20246 = CARTESIAN_POINT('',(131.1275,-67.945,-4.6E-02));
#20247 = DIRECTION('',(-0.,-0.,-1.));
#20248 = DIRECTION('',(-0.,-1.,0.));
#20249 = ADVANCED_FACE('',(#20250),#20277,.F.);
#20250 = FACE_BOUND('',#20251,.T.);
#20251 = EDGE_LOOP('',(#20252,#20253,#20262,#20270));
#20252 = ORIENTED_EDGE('',*,*,#20182,.T.);
#20253 = ORIENTED_EDGE('',*,*,#20254,.T.);
#20254 = EDGE_CURVE('',#20166,#20255,#20257,.T.);
#20255 = VERTEX_POINT('',#20256);
#20256 = CARTESIAN_POINT('',(130.68653326165,-67.33833012628,0.));
#20257 = CIRCLE('',#20258,0.75);
#20258 = AXIS2_PLACEMENT_3D('',#20259,#20260,#20261);
#20259 = CARTESIAN_POINT('',(131.1275,-67.945,0.));
#20260 = DIRECTION('',(-0.,0.,-1.));
#20261 = DIRECTION('',(-0.,-1.,0.));
#20262 = ORIENTED_EDGE('',*,*,#20263,.F.);
#20263 = EDGE_CURVE('',#20264,#20255,#20266,.T.);
#20264 = VERTEX_POINT('',#20265);
#20265 = CARTESIAN_POINT('',(130.68653326165,-67.33833012628,1.51));
#20266 = LINE('',#20267,#20268);
#20267 = CARTESIAN_POINT('',(130.68653326165,-67.33833012628,-4.6E-02));
#20268 = VECTOR('',#20269,1.);
#20269 = DIRECTION('',(-0.,-0.,-1.));
#20270 = ORIENTED_EDGE('',*,*,#20271,.F.);
#20271 = EDGE_CURVE('',#20175,#20264,#20272,.T.);
#20272 = CIRCLE('',#20273,0.75);
#20273 = AXIS2_PLACEMENT_3D('',#20274,#20275,#20276);
#20274 = CARTESIAN_POINT('',(131.1275,-67.945,1.51));
#20275 = DIRECTION('',(-0.,0.,-1.));
#20276 = DIRECTION('',(-0.,-1.,0.));
#20277 = CYLINDRICAL_SURFACE('',#20278,0.75);
#20278 = AXIS2_PLACEMENT_3D('',#20279,#20280,#20281);
#20279 = CARTESIAN_POINT('',(131.1275,-67.945,-4.6E-02));
#20280 = DIRECTION('',(-0.,-0.,-1.));
#20281 = DIRECTION('',(-0.,-1.,0.));
#20282 = ADVANCED_FACE('',(#20283),#20301,.F.);
#20283 = FACE_BOUND('',#20284,.T.);
#20284 = EDGE_LOOP('',(#20285,#20286,#20293,#20294));
#20285 = ORIENTED_EDGE('',*,*,#20263,.T.);
#20286 = ORIENTED_EDGE('',*,*,#20287,.T.);
#20287 = EDGE_CURVE('',#20255,#20197,#20288,.T.);
#20288 = CIRCLE('',#20289,0.75);
#20289 = AXIS2_PLACEMENT_3D('',#20290,#20291,#20292);
#20290 = CARTESIAN_POINT('',(131.1275,-67.945,0.));
#20291 = DIRECTION('',(-0.,0.,-1.));
#20292 = DIRECTION('',(-0.,-1.,0.));
#20293 = ORIENTED_EDGE('',*,*,#20215,.F.);
#20294 = ORIENTED_EDGE('',*,*,#20295,.F.);
#20295 = EDGE_CURVE('',#20264,#20207,#20296,.T.);
#20296 = CIRCLE('',#20297,0.75);
#20297 = AXIS2_PLACEMENT_3D('',#20298,#20299,#20300);
#20298 = CARTESIAN_POINT('',(131.1275,-67.945,1.51));
#20299 = DIRECTION('',(-0.,0.,-1.));
#20300 = DIRECTION('',(-0.,-1.,0.));
#20301 = CYLINDRICAL_SURFACE('',#20302,0.75);
#20302 = AXIS2_PLACEMENT_3D('',#20303,#20304,#20305);
#20303 = CARTESIAN_POINT('',(131.1275,-67.945,-4.6E-02));
#20304 = DIRECTION('',(-0.,-0.,-1.));
#20305 = DIRECTION('',(-0.,-1.,0.));
#20306 = ADVANCED_FACE('',(#20307),#20323,.T.);
#20307 = FACE_BOUND('',#20308,.T.);
#20308 = EDGE_LOOP('',(#20309,#20315,#20316,#20322));
#20309 = ORIENTED_EDGE('',*,*,#20310,.F.);
#20310 = EDGE_CURVE('',#3922,#20197,#20311,.T.);
#20311 = LINE('',#20312,#20313);
#20312 = CARTESIAN_POINT('',(184.62832,-95.1327,0.));
#20313 = VECTOR('',#20314,1.);
#20314 = DIRECTION('',(-0.888933113307,0.458037029142,0.));
#20315 = ORIENTED_EDGE('',*,*,#17016,.F.);
#20316 = ORIENTED_EDGE('',*,*,#20317,.T.);
#20317 = EDGE_CURVE('',#9067,#20207,#20318,.T.);
#20318 = LINE('',#20319,#20320);
#20319 = CARTESIAN_POINT('',(184.62832,-95.1327,1.51));
#20320 = VECTOR('',#20321,1.);
#20321 = DIRECTION('',(-0.888933113307,0.458037029142,0.));
#20322 = ORIENTED_EDGE('',*,*,#20215,.T.);
#20323 = PLANE('',#20324);
#20324 = AXIS2_PLACEMENT_3D('',#20325,#20326,#20327);
#20325 = CARTESIAN_POINT('',(184.62832,-95.1327,0.));
#20326 = DIRECTION('',(-0.458037029142,-0.888933113307,0.));
#20327 = DIRECTION('',(-0.888933113307,0.458037029142,0.));
#20328 = ADVANCED_FACE('',(#20329),#20345,.T.);
#20329 = FACE_BOUND('',#20330,.T.);
#20330 = EDGE_LOOP('',(#20331,#20337,#20338,#20344));
#20331 = ORIENTED_EDGE('',*,*,#20332,.F.);
#20332 = EDGE_CURVE('',#1334,#2825,#20333,.T.);
#20333 = LINE('',#20334,#20335);
#20334 = CARTESIAN_POINT('',(165.57832,-114.1827,0.));
#20335 = VECTOR('',#20336,1.);
#20336 = DIRECTION('',(-0.82323426734,0.567701806477,0.));
#20337 = ORIENTED_EDGE('',*,*,#12564,.F.);
#20338 = ORIENTED_EDGE('',*,*,#20339,.T.);
#20339 = EDGE_CURVE('',#6479,#7970,#20340,.T.);
#20340 = LINE('',#20341,#20342);
#20341 = CARTESIAN_POINT('',(165.57832,-114.1827,1.51));
#20342 = VECTOR('',#20343,1.);
#20343 = DIRECTION('',(-0.82323426734,0.567701806477,0.));
#20344 = ORIENTED_EDGE('',*,*,#15234,.T.);
#20345 = PLANE('',#20346);
#20346 = AXIS2_PLACEMENT_3D('',#20347,#20348,#20349);
#20347 = CARTESIAN_POINT('',(165.57832,-114.1827,0.));
#20348 = DIRECTION('',(-0.567701806477,-0.82323426734,0.));
#20349 = DIRECTION('',(-0.82323426734,0.567701806477,0.));
#20350 = ADVANCED_FACE('',(#20351),#20367,.T.);
#20351 = FACE_BOUND('',#20352,.T.);
#20352 = EDGE_LOOP('',(#20353,#20359,#20360,#20366));
#20353 = ORIENTED_EDGE('',*,*,#20354,.F.);
#20354 = EDGE_CURVE('',#2932,#3128,#20355,.T.);
#20355 = LINE('',#20356,#20357);
#20356 = CARTESIAN_POINT('',(146.52832,-95.1327,0.));
#20357 = VECTOR('',#20358,1.);
#20358 = DIRECTION('',(-0.838733060428,0.544542792941,0.));
#20359 = ORIENTED_EDGE('',*,*,#15327,.T.);
#20360 = ORIENTED_EDGE('',*,*,#20361,.T.);
#20361 = EDGE_CURVE('',#8077,#8273,#20362,.T.);
#20362 = LINE('',#20363,#20364);
#20363 = CARTESIAN_POINT('',(146.52832,-95.1327,1.51));
#20364 = VECTOR('',#20365,1.);
#20365 = DIRECTION('',(-0.838733060428,0.544542792941,0.));
#20366 = ORIENTED_EDGE('',*,*,#15742,.T.);
#20367 = PLANE('',#20368);
#20368 = AXIS2_PLACEMENT_3D('',#20369,#20370,#20371);
#20369 = CARTESIAN_POINT('',(146.52832,-95.1327,0.));
#20370 = DIRECTION('',(-0.544542792941,-0.838733060428,0.));
#20371 = DIRECTION('',(-0.838733060428,0.544542792941,0.));
#20372 = ADVANCED_FACE('',(#20373),#20389,.T.);
#20373 = FACE_BOUND('',#20374,.T.);
#20374 = EDGE_LOOP('',(#20375,#20381,#20382,#20388));
#20375 = ORIENTED_EDGE('',*,*,#20376,.F.);
#20376 = EDGE_CURVE('',#3217,#3657,#20377,.T.);
#20377 = LINE('',#20378,#20379);
#20378 = CARTESIAN_POINT('',(168.075995,-95.103512,0.));
#20379 = VECTOR('',#20380,1.);
#20380 = DIRECTION('',(-0.870331972092,0.492465489506,0.));
#20381 = ORIENTED_EDGE('',*,*,#15830,.F.);
#20382 = ORIENTED_EDGE('',*,*,#20383,.T.);
#20383 = EDGE_CURVE('',#8362,#8802,#20384,.T.);
#20384 = LINE('',#20385,#20386);
#20385 = CARTESIAN_POINT('',(168.075995,-95.103512,1.51));
#20386 = VECTOR('',#20387,1.);
#20387 = DIRECTION('',(-0.870331972092,0.492465489506,0.));
#20388 = ORIENTED_EDGE('',*,*,#16508,.T.);
#20389 = PLANE('',#20390);
#20390 = AXIS2_PLACEMENT_3D('',#20391,#20392,#20393);
#20391 = CARTESIAN_POINT('',(168.075995,-95.103512,0.));
#20392 = DIRECTION('',(-0.492465489506,-0.870331972092,0.));
#20393 = DIRECTION('',(-0.870331972092,0.492465489506,0.));
#20394 = ADVANCED_FACE('',(#20395),#20411,.T.);
#20395 = FACE_BOUND('',#20396,.T.);
#20396 = EDGE_LOOP('',(#20397,#20403,#20404,#20410));
#20397 = ORIENTED_EDGE('',*,*,#20398,.F.);
#20398 = EDGE_CURVE('',#4249,#3219,#20399,.T.);
#20399 = LINE('',#20400,#20401);
#20400 = CARTESIAN_POINT('',(168.075995,-95.103512,0.));
#20401 = VECTOR('',#20402,1.);
#20402 = DIRECTION('',(-0.870331972092,0.492465489506,0.));
#20403 = ORIENTED_EDGE('',*,*,#17616,.F.);
#20404 = ORIENTED_EDGE('',*,*,#20405,.T.);
#20405 = EDGE_CURVE('',#9394,#8364,#20406,.T.);
#20406 = LINE('',#20407,#20408);
#20407 = CARTESIAN_POINT('',(168.075995,-95.103512,1.51));
#20408 = VECTOR('',#20409,1.);
#20409 = DIRECTION('',(-0.870331972092,0.492465489506,0.));
#20410 = ORIENTED_EDGE('',*,*,#15837,.T.);
#20411 = PLANE('',#20412);
#20412 = AXIS2_PLACEMENT_3D('',#20413,#20414,#20415);
#20413 = CARTESIAN_POINT('',(168.075995,-95.103512,0.));
#20414 = DIRECTION('',(-0.492465489506,-0.870331972092,0.));
#20415 = DIRECTION('',(-0.870331972092,0.492465489506,0.));
#20416 = ADVANCED_FACE('',(#20417),#20433,.T.);
#20417 = FACE_BOUND('',#20418,.T.);
#20418 = EDGE_LOOP('',(#20419,#20425,#20426,#20432));
#20419 = ORIENTED_EDGE('',*,*,#20420,.F.);
#20420 = EDGE_CURVE('',#4039,#4280,#20421,.T.);
#20421 = LINE('',#20422,#20423);
#20422 = CARTESIAN_POINT('',(168.075995,-95.103512,0.));
#20423 = VECTOR('',#20424,1.);
#20424 = DIRECTION('',(-0.870331972092,0.492465489506,0.));
#20425 = ORIENTED_EDGE('',*,*,#17174,.T.);
#20426 = ORIENTED_EDGE('',*,*,#20427,.T.);
#20427 = EDGE_CURVE('',#9184,#9425,#20428,.T.);
#20428 = LINE('',#20429,#20430);
#20429 = CARTESIAN_POINT('',(168.075995,-95.103512,1.51));
#20430 = VECTOR('',#20431,1.);
#20431 = DIRECTION('',(-0.870331972092,0.492465489506,0.));
#20432 = ORIENTED_EDGE('',*,*,#17645,.T.);
#20433 = PLANE('',#20434);
#20434 = AXIS2_PLACEMENT_3D('',#20435,#20436,#20437);
#20435 = CARTESIAN_POINT('',(168.075995,-95.103512,0.));
#20436 = DIRECTION('',(-0.492465489506,-0.870331972092,0.));
#20437 = DIRECTION('',(-0.870331972092,0.492465489506,0.));
#20438 = ADVANCED_FACE('',(#20439),#20455,.T.);
#20439 = FACE_BOUND('',#20440,.T.);
#20440 = EDGE_LOOP('',(#20441,#20447,#20448,#20454));
#20441 = ORIENTED_EDGE('',*,*,#20442,.F.);
#20442 = EDGE_CURVE('',#4289,#4251,#20443,.T.);
#20443 = LINE('',#20444,#20445);
#20444 = CARTESIAN_POINT('',(168.075995,-95.103512,0.));
#20445 = VECTOR('',#20446,1.);
#20446 = DIRECTION('',(-0.870331972092,0.492465489506,0.));
#20447 = ORIENTED_EDGE('',*,*,#17663,.F.);
#20448 = ORIENTED_EDGE('',*,*,#20449,.T.);
#20449 = EDGE_CURVE('',#9434,#9396,#20450,.T.);
#20450 = LINE('',#20451,#20452);
#20451 = CARTESIAN_POINT('',(168.075995,-95.103512,1.51));
#20452 = VECTOR('',#20453,1.);
#20453 = DIRECTION('',(-0.870331972092,0.492465489506,0.));
#20454 = ORIENTED_EDGE('',*,*,#17623,.T.);
#20455 = PLANE('',#20456);
#20456 = AXIS2_PLACEMENT_3D('',#20457,#20458,#20459);
#20457 = CARTESIAN_POINT('',(168.075995,-95.103512,0.));
#20458 = DIRECTION('',(-0.492465489506,-0.870331972092,0.));
#20459 = DIRECTION('',(-0.870331972092,0.492465489506,0.));
#20460 = ADVANCED_FACE('',(#20461),#20477,.T.);
#20461 = FACE_BOUND('',#20462,.T.);
#20462 = EDGE_LOOP('',(#20463,#20469,#20470,#20476));
#20463 = ORIENTED_EDGE('',*,*,#20464,.F.);
#20464 = EDGE_CURVE('',#4391,#4353,#20465,.T.);
#20465 = LINE('',#20466,#20467);
#20466 = CARTESIAN_POINT('',(184.62832,-95.1327,0.));
#20467 = VECTOR('',#20468,1.);
#20468 = DIRECTION('',(-0.888933113307,0.458037029142,0.));
#20469 = ORIENTED_EDGE('',*,*,#17784,.T.);
#20470 = ORIENTED_EDGE('',*,*,#20471,.T.);
#20471 = EDGE_CURVE('',#9536,#9498,#20472,.T.);
#20472 = LINE('',#20473,#20474);
#20473 = CARTESIAN_POINT('',(184.62832,-95.1327,1.51));
#20474 = VECTOR('',#20475,1.);
#20475 = DIRECTION('',(-0.888933113307,0.458037029142,0.));
#20476 = ORIENTED_EDGE('',*,*,#17752,.T.);
#20477 = PLANE('',#20478);
#20478 = AXIS2_PLACEMENT_3D('',#20479,#20480,#20481);
#20479 = CARTESIAN_POINT('',(184.62832,-95.1327,0.));
#20480 = DIRECTION('',(-0.458037029142,-0.888933113307,0.));
#20481 = DIRECTION('',(-0.888933113307,0.458037029142,0.));
#20482 = ADVANCED_FACE('',(#20483),#20499,.T.);
#20483 = FACE_BOUND('',#20484,.T.);
#20484 = EDGE_LOOP('',(#20485,#20491,#20492,#20498));
#20485 = ORIENTED_EDGE('',*,*,#20486,.F.);
#20486 = EDGE_CURVE('',#3666,#3464,#20487,.T.);
#20487 = LINE('',#20488,#20489);
#20488 = CARTESIAN_POINT('',(168.075995,-95.103512,0.));
#20489 = VECTOR('',#20490,1.);
#20490 = DIRECTION('',(-0.870331972092,0.492465489506,0.));
#20491 = ORIENTED_EDGE('',*,*,#16526,.F.);
#20492 = ORIENTED_EDGE('',*,*,#20493,.T.);
#20493 = EDGE_CURVE('',#8811,#8609,#20494,.T.);
#20494 = LINE('',#20495,#20496);
#20495 = CARTESIAN_POINT('',(168.075995,-95.103512,1.51));
#20496 = VECTOR('',#20497,1.);
#20497 = DIRECTION('',(-0.870331972092,0.492465489506,0.));
#20498 = ORIENTED_EDGE('',*,*,#16301,.T.);
#20499 = PLANE('',#20500);
#20500 = AXIS2_PLACEMENT_3D('',#20501,#20502,#20503);
#20501 = CARTESIAN_POINT('',(168.075995,-95.103512,0.));
#20502 = DIRECTION('',(-0.492465489506,-0.870331972092,0.));
#20503 = DIRECTION('',(-0.870331972092,0.492465489506,0.));
#20504 = ADVANCED_FACE('',(#20505),#20521,.T.);
#20505 = FACE_BOUND('',#20506,.T.);
#20506 = EDGE_LOOP('',(#20507,#20513,#20514,#20520));
#20507 = ORIENTED_EDGE('',*,*,#20508,.F.);
#20508 = EDGE_CURVE('',#4351,#3924,#20509,.T.);
#20509 = LINE('',#20510,#20511);
#20510 = CARTESIAN_POINT('',(184.62832,-95.1327,0.));
#20511 = VECTOR('',#20512,1.);
#20512 = DIRECTION('',(-0.888933113307,0.458037029142,0.));
#20513 = ORIENTED_EDGE('',*,*,#17745,.F.);
#20514 = ORIENTED_EDGE('',*,*,#20515,.T.);
#20515 = EDGE_CURVE('',#9496,#9069,#20516,.T.);
#20516 = LINE('',#20517,#20518);
#20517 = CARTESIAN_POINT('',(184.62832,-95.1327,1.51));
#20518 = VECTOR('',#20519,1.);
#20519 = DIRECTION('',(-0.888933113307,0.458037029142,0.));
#20520 = ORIENTED_EDGE('',*,*,#17023,.T.);
#20521 = PLANE('',#20522);
#20522 = AXIS2_PLACEMENT_3D('',#20523,#20524,#20525);
#20523 = CARTESIAN_POINT('',(184.62832,-95.1327,0.));
#20524 = DIRECTION('',(-0.458037029142,-0.888933113307,0.));
#20525 = DIRECTION('',(-0.888933113307,0.458037029142,0.));
#20526 = ADVANCED_FACE('',(#20527),#20552,.T.);
#20527 = FACE_BOUND('',#20528,.T.);
#20528 = EDGE_LOOP('',(#20529,#20537,#20538,#20546));
#20529 = ORIENTED_EDGE('',*,*,#20530,.F.);
#20530 = EDGE_CURVE('',#347,#20531,#20533,.T.);
#20531 = VERTEX_POINT('',#20532);
#20532 = CARTESIAN_POINT('',(0.,-0.,0.));
#20533 = LINE('',#20534,#20535);
#20534 = CARTESIAN_POINT('',(127.697072,-133.379301,0.));
#20535 = VECTOR('',#20536,1.);
#20536 = DIRECTION('',(-0.691553093663,0.722325632001,0.));
#20537 = ORIENTED_EDGE('',*,*,#10851,.F.);
#20538 = ORIENTED_EDGE('',*,*,#20539,.T.);
#20539 = EDGE_CURVE('',#5492,#20540,#20542,.T.);
#20540 = VERTEX_POINT('',#20541);
#20541 = CARTESIAN_POINT('',(0.,0.,1.51));
#20542 = LINE('',#20543,#20544);
#20543 = CARTESIAN_POINT('',(127.697072,-133.379301,1.51));
#20544 = VECTOR('',#20545,1.);
#20545 = DIRECTION('',(-0.691553093663,0.722325632001,0.));
#20546 = ORIENTED_EDGE('',*,*,#20547,.F.);
#20547 = EDGE_CURVE('',#20531,#20540,#20548,.T.);
#20548 = LINE('',#20549,#20550);
#20549 = CARTESIAN_POINT('',(0.,-0.,0.));
#20550 = VECTOR('',#20551,1.);
#20551 = DIRECTION('',(0.,0.,1.));
#20552 = PLANE('',#20553);
#20553 = AXIS2_PLACEMENT_3D('',#20554,#20555,#20556);
#20554 = CARTESIAN_POINT('',(127.697072,-133.379301,0.));
#20555 = DIRECTION('',(-0.722325632001,-0.691553093663,0.));
#20556 = DIRECTION('',(-0.691553093663,0.722325632001,0.));
#20557 = ADVANCED_FACE('',(#20558),#20583,.T.);
#20558 = FACE_BOUND('',#20559,.T.);
#20559 = EDGE_LOOP('',(#20560,#20568,#20569,#20577));
#20560 = ORIENTED_EDGE('',*,*,#20561,.F.);
#20561 = EDGE_CURVE('',#636,#20562,#20564,.T.);
#20562 = VERTEX_POINT('',#20563);
#20563 = CARTESIAN_POINT('',(0.,-0.,0.));
#20564 = LINE('',#20565,#20566);
#20565 = CARTESIAN_POINT('',(146.52832,-133.2327,0.));
#20566 = VECTOR('',#20567,1.);
#20567 = DIRECTION('',(-0.739876895786,0.672742282811,0.));
#20568 = ORIENTED_EDGE('',*,*,#11383,.F.);
#20569 = ORIENTED_EDGE('',*,*,#20570,.T.);
#20570 = EDGE_CURVE('',#5781,#20571,#20573,.T.);
#20571 = VERTEX_POINT('',#20572);
#20572 = CARTESIAN_POINT('',(0.,0.,1.51));
#20573 = LINE('',#20574,#20575);
#20574 = CARTESIAN_POINT('',(146.52832,-133.2327,1.51));
#20575 = VECTOR('',#20576,1.);
#20576 = DIRECTION('',(-0.739876895786,0.672742282811,0.));
#20577 = ORIENTED_EDGE('',*,*,#20578,.F.);
#20578 = EDGE_CURVE('',#20562,#20571,#20579,.T.);
#20579 = LINE('',#20580,#20581);
#20580 = CARTESIAN_POINT('',(0.,-0.,0.));
#20581 = VECTOR('',#20582,1.);
#20582 = DIRECTION('',(0.,0.,1.));
#20583 = PLANE('',#20584);
#20584 = AXIS2_PLACEMENT_3D('',#20585,#20586,#20587);
#20585 = CARTESIAN_POINT('',(146.52832,-133.2327,0.));
#20586 = DIRECTION('',(-0.672742282811,-0.739876895786,0.));
#20587 = DIRECTION('',(-0.739876895786,0.672742282811,0.));
#20588 = ADVANCED_FACE('',(#20589),#20614,.T.);
#20589 = FACE_BOUND('',#20590,.T.);
#20590 = EDGE_LOOP('',(#20591,#20599,#20600,#20608));
#20591 = ORIENTED_EDGE('',*,*,#20592,.F.);
#20592 = EDGE_CURVE('',#925,#20593,#20595,.T.);
#20593 = VERTEX_POINT('',#20594);
#20594 = CARTESIAN_POINT('',(0.,-0.,0.));
#20595 = LINE('',#20596,#20597);
#20596 = CARTESIAN_POINT('',(127.47832,-114.1827,0.));
#20597 = VECTOR('',#20598,1.);
#20598 = DIRECTION('',(-0.744883622813,0.667194415792,0.));
#20599 = ORIENTED_EDGE('',*,*,#11915,.F.);
#20600 = ORIENTED_EDGE('',*,*,#20601,.T.);
#20601 = EDGE_CURVE('',#6070,#20602,#20604,.T.);
#20602 = VERTEX_POINT('',#20603);
#20603 = CARTESIAN_POINT('',(0.,0.,1.51));
#20604 = LINE('',#20605,#20606);
#20605 = CARTESIAN_POINT('',(127.47832,-114.1827,1.51));
#20606 = VECTOR('',#20607,1.);
#20607 = DIRECTION('',(-0.744883622813,0.667194415792,0.));
#20608 = ORIENTED_EDGE('',*,*,#20609,.F.);
#20609 = EDGE_CURVE('',#20593,#20602,#20610,.T.);
#20610 = LINE('',#20611,#20612);
#20611 = CARTESIAN_POINT('',(0.,-0.,0.));
#20612 = VECTOR('',#20613,1.);
#20613 = DIRECTION('',(0.,0.,1.));
#20614 = PLANE('',#20615);
#20615 = AXIS2_PLACEMENT_3D('',#20616,#20617,#20618);
#20616 = CARTESIAN_POINT('',(127.47832,-114.1827,0.));
#20617 = DIRECTION('',(-0.667194415792,-0.744883622813,0.));
#20618 = DIRECTION('',(-0.744883622813,0.667194415792,0.));
#20619 = ADVANCED_FACE('',(#20620),#20645,.T.);
#20620 = FACE_BOUND('',#20621,.T.);
#20621 = EDGE_LOOP('',(#20622,#20630,#20631,#20639));
#20622 = ORIENTED_EDGE('',*,*,#20623,.F.);
#20623 = EDGE_CURVE('',#998,#20624,#20626,.T.);
#20624 = VERTEX_POINT('',#20625);
#20625 = CARTESIAN_POINT('',(0.,-0.,0.));
#20626 = LINE('',#20627,#20628);
#20627 = CARTESIAN_POINT('',(165.57832,-133.2327,0.));
#20628 = VECTOR('',#20629,1.);
#20629 = DIRECTION('',(-0.779098220619,0.626901876395,0.));
#20630 = ORIENTED_EDGE('',*,*,#12005,.F.);
#20631 = ORIENTED_EDGE('',*,*,#20632,.T.);
#20632 = EDGE_CURVE('',#6143,#20633,#20635,.T.);
#20633 = VERTEX_POINT('',#20634);
#20634 = CARTESIAN_POINT('',(0.,0.,1.51));
#20635 = LINE('',#20636,#20637);
#20636 = CARTESIAN_POINT('',(165.57832,-133.2327,1.51));
#20637 = VECTOR('',#20638,1.);
#20638 = DIRECTION('',(-0.779098220619,0.626901876395,0.));
#20639 = ORIENTED_EDGE('',*,*,#20640,.F.);
#20640 = EDGE_CURVE('',#20624,#20633,#20641,.T.);
#20641 = LINE('',#20642,#20643);
#20642 = CARTESIAN_POINT('',(0.,-0.,0.));
#20643 = VECTOR('',#20644,1.);
#20644 = DIRECTION('',(0.,0.,1.));
#20645 = PLANE('',#20646);
#20646 = AXIS2_PLACEMENT_3D('',#20647,#20648,#20649);
#20647 = CARTESIAN_POINT('',(165.57832,-133.2327,0.));
#20648 = DIRECTION('',(-0.626901876395,-0.779098220619,0.));
#20649 = DIRECTION('',(-0.779098220619,0.626901876395,0.));
#20650 = ADVANCED_FACE('',(#20651),#20676,.T.);
#20651 = FACE_BOUND('',#20652,.T.);
#20652 = EDGE_LOOP('',(#20653,#20661,#20662,#20670));
#20653 = ORIENTED_EDGE('',*,*,#20654,.F.);
#20654 = EDGE_CURVE('',#1232,#20655,#20657,.T.);
#20655 = VERTEX_POINT('',#20656);
#20656 = CARTESIAN_POINT('',(0.,-0.,0.));
#20657 = LINE('',#20658,#20659);
#20658 = CARTESIAN_POINT('',(146.52832,-114.1827,0.));
#20659 = VECTOR('',#20660,1.);
#20660 = DIRECTION('',(-0.788787792731,0.614665614818,0.));
#20661 = ORIENTED_EDGE('',*,*,#12452,.F.);
#20662 = ORIENTED_EDGE('',*,*,#20663,.T.);
#20663 = EDGE_CURVE('',#6377,#20664,#20666,.T.);
#20664 = VERTEX_POINT('',#20665);
#20665 = CARTESIAN_POINT('',(0.,0.,1.51));
#20666 = LINE('',#20667,#20668);
#20667 = CARTESIAN_POINT('',(146.52832,-114.1827,1.51));
#20668 = VECTOR('',#20669,1.);
#20669 = DIRECTION('',(-0.788787792731,0.614665614818,0.));
#20670 = ORIENTED_EDGE('',*,*,#20671,.F.);
#20671 = EDGE_CURVE('',#20655,#20664,#20672,.T.);
#20672 = LINE('',#20673,#20674);
#20673 = CARTESIAN_POINT('',(0.,-0.,0.));
#20674 = VECTOR('',#20675,1.);
#20675 = DIRECTION('',(0.,0.,1.));
#20676 = PLANE('',#20677);
#20677 = AXIS2_PLACEMENT_3D('',#20678,#20679,#20680);
#20678 = CARTESIAN_POINT('',(146.52832,-114.1827,0.));
#20679 = DIRECTION('',(-0.614665614818,-0.788787792731,0.));
#20680 = DIRECTION('',(-0.788787792731,0.614665614818,0.));
#20681 = ADVANCED_FACE('',(#20682),#20707,.T.);
#20682 = FACE_BOUND('',#20683,.T.);
#20683 = EDGE_LOOP('',(#20684,#20692,#20693,#20701));
#20684 = ORIENTED_EDGE('',*,*,#20685,.F.);
#20685 = EDGE_CURVE('',#2765,#20686,#20688,.T.);
#20686 = VERTEX_POINT('',#20687);
#20687 = CARTESIAN_POINT('',(0.,-0.,0.));
#20688 = LINE('',#20689,#20690);
#20689 = CARTESIAN_POINT('',(127.47832,-95.1327,0.));
#20690 = VECTOR('',#20691,1.);
#20691 = DIRECTION('',(-0.801434242187,0.598082900149,0.));
#20692 = ORIENTED_EDGE('',*,*,#15183,.F.);
#20693 = ORIENTED_EDGE('',*,*,#20694,.T.);
#20694 = EDGE_CURVE('',#7910,#20695,#20697,.T.);
#20695 = VERTEX_POINT('',#20696);
#20696 = CARTESIAN_POINT('',(0.,0.,1.51));
#20697 = LINE('',#20698,#20699);
#20698 = CARTESIAN_POINT('',(127.47832,-95.1327,1.51));
#20699 = VECTOR('',#20700,1.);
#20700 = DIRECTION('',(-0.801434242187,0.598082900149,0.));
#20701 = ORIENTED_EDGE('',*,*,#20702,.F.);
#20702 = EDGE_CURVE('',#20686,#20695,#20703,.T.);
#20703 = LINE('',#20704,#20705);
#20704 = CARTESIAN_POINT('',(0.,-0.,0.));
#20705 = VECTOR('',#20706,1.);
#20706 = DIRECTION('',(0.,0.,1.));
#20707 = PLANE('',#20708);
#20708 = AXIS2_PLACEMENT_3D('',#20709,#20710,#20711);
#20709 = CARTESIAN_POINT('',(127.47832,-95.1327,0.));
#20710 = DIRECTION('',(-0.598082900149,-0.801434242187,0.));
#20711 = DIRECTION('',(-0.801434242187,0.598082900149,0.));
#20712 = ADVANCED_FACE('',(#20713),#20738,.T.);
#20713 = FACE_BOUND('',#20714,.T.);
#20714 = EDGE_LOOP('',(#20715,#20723,#20724,#20732));
#20715 = ORIENTED_EDGE('',*,*,#20716,.F.);
#20716 = EDGE_CURVE('',#2823,#20717,#20719,.T.);
#20717 = VERTEX_POINT('',#20718);
#20718 = CARTESIAN_POINT('',(0.,-0.,0.));
#20719 = LINE('',#20720,#20721);
#20720 = CARTESIAN_POINT('',(165.57832,-114.1827,0.));
#20721 = VECTOR('',#20722,1.);
#20722 = DIRECTION('',(-0.82323426734,0.567701806477,0.));
#20723 = ORIENTED_EDGE('',*,*,#15227,.F.);
#20724 = ORIENTED_EDGE('',*,*,#20725,.T.);
#20725 = EDGE_CURVE('',#7968,#20726,#20728,.T.);
#20726 = VERTEX_POINT('',#20727);
#20727 = CARTESIAN_POINT('',(0.,0.,1.51));
#20728 = LINE('',#20729,#20730);
#20729 = CARTESIAN_POINT('',(165.57832,-114.1827,1.51));
#20730 = VECTOR('',#20731,1.);
#20731 = DIRECTION('',(-0.82323426734,0.567701806477,0.));
#20732 = ORIENTED_EDGE('',*,*,#20733,.F.);
#20733 = EDGE_CURVE('',#20717,#20726,#20734,.T.);
#20734 = LINE('',#20735,#20736);
#20735 = CARTESIAN_POINT('',(0.,-0.,0.));
#20736 = VECTOR('',#20737,1.);
#20737 = DIRECTION('',(0.,0.,1.));
#20738 = PLANE('',#20739);
#20739 = AXIS2_PLACEMENT_3D('',#20740,#20741,#20742);
#20740 = CARTESIAN_POINT('',(165.57832,-114.1827,0.));
#20741 = DIRECTION('',(-0.567701806477,-0.82323426734,0.));
#20742 = DIRECTION('',(-0.82323426734,0.567701806477,0.));
#20743 = ADVANCED_FACE('',(#20744),#20769,.T.);
#20744 = FACE_BOUND('',#20745,.T.);
#20745 = EDGE_LOOP('',(#20746,#20754,#20755,#20763));
#20746 = ORIENTED_EDGE('',*,*,#20747,.F.);
#20747 = EDGE_CURVE('',#2863,#20748,#20750,.T.);
#20748 = VERTEX_POINT('',#20749);
#20749 = CARTESIAN_POINT('',(0.,-0.,0.));
#20750 = LINE('',#20751,#20752);
#20751 = CARTESIAN_POINT('',(184.62832,-133.2327,0.));
#20752 = VECTOR('',#20753,1.);
#20753 = DIRECTION('',(-0.810908431692,0.585173064496,0.));
#20754 = ORIENTED_EDGE('',*,*,#15266,.F.);
#20755 = ORIENTED_EDGE('',*,*,#20756,.T.);
#20756 = EDGE_CURVE('',#8008,#20757,#20759,.T.);
#20757 = VERTEX_POINT('',#20758);
#20758 = CARTESIAN_POINT('',(0.,0.,1.51));
#20759 = LINE('',#20760,#20761);
#20760 = CARTESIAN_POINT('',(184.62832,-133.2327,1.51));
#20761 = VECTOR('',#20762,1.);
#20762 = DIRECTION('',(-0.810908431692,0.585173064496,0.));
#20763 = ORIENTED_EDGE('',*,*,#20764,.F.);
#20764 = EDGE_CURVE('',#20748,#20757,#20765,.T.);
#20765 = LINE('',#20766,#20767);
#20766 = CARTESIAN_POINT('',(0.,-0.,0.));
#20767 = VECTOR('',#20768,1.);
#20768 = DIRECTION('',(0.,0.,1.));
#20769 = PLANE('',#20770);
#20770 = AXIS2_PLACEMENT_3D('',#20771,#20772,#20773);
#20771 = CARTESIAN_POINT('',(184.62832,-133.2327,0.));
#20772 = DIRECTION('',(-0.585173064496,-0.810908431692,0.));
#20773 = DIRECTION('',(-0.810908431692,0.585173064496,0.));
#20774 = ADVANCED_FACE('',(#20775),#20800,.T.);
#20775 = FACE_BOUND('',#20776,.T.);
#20776 = EDGE_LOOP('',(#20777,#20785,#20786,#20794));
#20777 = ORIENTED_EDGE('',*,*,#20778,.F.);
#20778 = EDGE_CURVE('',#2903,#20779,#20781,.T.);
#20779 = VERTEX_POINT('',#20780);
#20780 = CARTESIAN_POINT('',(0.,-0.,0.));
#20781 = LINE('',#20782,#20783);
#20782 = CARTESIAN_POINT('',(146.52832,-95.1327,0.));
#20783 = VECTOR('',#20784,1.);
#20784 = DIRECTION('',(-0.838733060428,0.544542792941,0.));
#20785 = ORIENTED_EDGE('',*,*,#15305,.F.);
#20786 = ORIENTED_EDGE('',*,*,#20787,.T.);
#20787 = EDGE_CURVE('',#8048,#20788,#20790,.T.);
#20788 = VERTEX_POINT('',#20789);
#20789 = CARTESIAN_POINT('',(0.,0.,1.51));
#20790 = LINE('',#20791,#20792);
#20791 = CARTESIAN_POINT('',(146.52832,-95.1327,1.51));
#20792 = VECTOR('',#20793,1.);
#20793 = DIRECTION('',(-0.838733060428,0.544542792941,0.));
#20794 = ORIENTED_EDGE('',*,*,#20795,.F.);
#20795 = EDGE_CURVE('',#20779,#20788,#20796,.T.);
#20796 = LINE('',#20797,#20798);
#20797 = CARTESIAN_POINT('',(0.,-0.,0.));
#20798 = VECTOR('',#20799,1.);
#20799 = DIRECTION('',(0.,0.,1.));
#20800 = PLANE('',#20801);
#20801 = AXIS2_PLACEMENT_3D('',#20802,#20803,#20804);
#20802 = CARTESIAN_POINT('',(146.52832,-95.1327,0.));
#20803 = DIRECTION('',(-0.544542792941,-0.838733060428,0.));
#20804 = DIRECTION('',(-0.838733060428,0.544542792941,0.));
#20805 = ADVANCED_FACE('',(#20806),#20831,.T.);
#20806 = FACE_BOUND('',#20807,.T.);
#20807 = EDGE_LOOP('',(#20808,#20816,#20817,#20825));
#20808 = ORIENTED_EDGE('',*,*,#20809,.F.);
#20809 = EDGE_CURVE('',#3155,#20810,#20812,.T.);
#20810 = VERTEX_POINT('',#20811);
#20811 = CARTESIAN_POINT('',(0.,-0.,0.));
#20812 = LINE('',#20813,#20814);
#20813 = CARTESIAN_POINT('',(187.125995,-114.153512,0.));
#20814 = VECTOR('',#20815,1.);
#20815 = DIRECTION('',(-0.853690111831,0.520781329313,0.));
#20816 = ORIENTED_EDGE('',*,*,#15757,.F.);
#20817 = ORIENTED_EDGE('',*,*,#20818,.T.);
#20818 = EDGE_CURVE('',#8300,#20819,#20821,.T.);
#20819 = VERTEX_POINT('',#20820);
#20820 = CARTESIAN_POINT('',(0.,0.,1.51));
#20821 = LINE('',#20822,#20823);
#20822 = CARTESIAN_POINT('',(187.125995,-114.153512,1.51));
#20823 = VECTOR('',#20824,1.);
#20824 = DIRECTION('',(-0.853690111831,0.520781329313,0.));
#20825 = ORIENTED_EDGE('',*,*,#20826,.F.);
#20826 = EDGE_CURVE('',#20810,#20819,#20827,.T.);
#20827 = LINE('',#20828,#20829);
#20828 = CARTESIAN_POINT('',(0.,-0.,0.));
#20829 = VECTOR('',#20830,1.);
#20830 = DIRECTION('',(0.,0.,1.));
#20831 = PLANE('',#20832);
#20832 = AXIS2_PLACEMENT_3D('',#20833,#20834,#20835);
#20833 = CARTESIAN_POINT('',(187.125995,-114.153512,0.));
#20834 = DIRECTION('',(-0.520781329313,-0.853690111831,0.));
#20835 = DIRECTION('',(-0.853690111831,0.520781329313,0.));
#20836 = ADVANCED_FACE('',(#20837),#20862,.T.);
#20837 = FACE_BOUND('',#20838,.T.);
#20838 = EDGE_LOOP('',(#20839,#20847,#20848,#20856));
#20839 = ORIENTED_EDGE('',*,*,#20840,.F.);
#20840 = EDGE_CURVE('',#3513,#20841,#20843,.T.);
#20841 = VERTEX_POINT('',#20842);
#20842 = CARTESIAN_POINT('',(0.,-0.,0.));
#20843 = LINE('',#20844,#20845);
#20844 = CARTESIAN_POINT('',(127.47832,-76.0827,0.));
#20845 = VECTOR('',#20846,1.);
#20846 = DIRECTION('',(-0.85869204567,0.512491922573,0.));
#20847 = ORIENTED_EDGE('',*,*,#16350,.F.);
#20848 = ORIENTED_EDGE('',*,*,#20849,.T.);
#20849 = EDGE_CURVE('',#8658,#20850,#20852,.T.);
#20850 = VERTEX_POINT('',#20851);
#20851 = CARTESIAN_POINT('',(0.,0.,1.51));
#20852 = LINE('',#20853,#20854);
#20853 = CARTESIAN_POINT('',(127.47832,-76.0827,1.51));
#20854 = VECTOR('',#20855,1.);
#20855 = DIRECTION('',(-0.85869204567,0.512491922573,0.));
#20856 = ORIENTED_EDGE('',*,*,#20857,.F.);
#20857 = EDGE_CURVE('',#20841,#20850,#20858,.T.);
#20858 = LINE('',#20859,#20860);
#20859 = CARTESIAN_POINT('',(0.,-0.,0.));
#20860 = VECTOR('',#20861,1.);
#20861 = DIRECTION('',(0.,0.,1.));
#20862 = PLANE('',#20863);
#20863 = AXIS2_PLACEMENT_3D('',#20864,#20865,#20866);
#20864 = CARTESIAN_POINT('',(127.47832,-76.0827,0.));
#20865 = DIRECTION('',(-0.512491922573,-0.85869204567,0.));
#20866 = DIRECTION('',(-0.85869204567,0.512491922573,0.));
#20867 = ADVANCED_FACE('',(#20868),#20893,.T.);
#20868 = FACE_BOUND('',#20869,.T.);
#20869 = EDGE_LOOP('',(#20870,#20878,#20879,#20887));
#20870 = ORIENTED_EDGE('',*,*,#20871,.F.);
#20871 = EDGE_CURVE('',#3542,#20872,#20874,.T.);
#20872 = VERTEX_POINT('',#20873);
#20873 = CARTESIAN_POINT('',(0.,-0.,0.));
#20874 = LINE('',#20875,#20876);
#20875 = CARTESIAN_POINT('',(168.075995,-95.103512,0.));
#20876 = VECTOR('',#20877,1.);
#20877 = DIRECTION('',(-0.870331972092,0.492465489506,0.));
#20878 = ORIENTED_EDGE('',*,*,#16372,.F.);
#20879 = ORIENTED_EDGE('',*,*,#20880,.T.);
#20880 = EDGE_CURVE('',#8687,#20881,#20883,.T.);
#20881 = VERTEX_POINT('',#20882);
#20882 = CARTESIAN_POINT('',(0.,0.,1.51));
#20883 = LINE('',#20884,#20885);
#20884 = CARTESIAN_POINT('',(168.075995,-95.103512,1.51));
#20885 = VECTOR('',#20886,1.);
#20886 = DIRECTION('',(-0.870331972092,0.492465489506,0.));
#20887 = ORIENTED_EDGE('',*,*,#20888,.F.);
#20888 = EDGE_CURVE('',#20872,#20881,#20889,.T.);
#20889 = LINE('',#20890,#20891);
#20890 = CARTESIAN_POINT('',(0.,-0.,0.));
#20891 = VECTOR('',#20892,1.);
#20892 = DIRECTION('',(0.,0.,1.));
#20893 = PLANE('',#20894);
#20894 = AXIS2_PLACEMENT_3D('',#20895,#20896,#20897);
#20895 = CARTESIAN_POINT('',(168.075995,-95.103512,0.));
#20896 = DIRECTION('',(-0.492465489506,-0.870331972092,0.));
#20897 = DIRECTION('',(-0.870331972092,0.492465489506,0.));
#20898 = ADVANCED_FACE('',(#20899),#20924,.T.);
#20899 = FACE_BOUND('',#20900,.T.);
#20900 = EDGE_LOOP('',(#20901,#20902,#20910,#20918));
#20901 = ORIENTED_EDGE('',*,*,#18294,.T.);
#20902 = ORIENTED_EDGE('',*,*,#20903,.T.);
#20903 = EDGE_CURVE('',#9796,#20904,#20906,.T.);
#20904 = VERTEX_POINT('',#20905);
#20905 = CARTESIAN_POINT('',(0.,0.,1.51));
#20906 = LINE('',#20907,#20908);
#20907 = CARTESIAN_POINT('',(165.57832,-76.0827,1.51));
#20908 = VECTOR('',#20909,1.);
#20909 = DIRECTION('',(-0.908663988464,0.417528150032,0.));
#20910 = ORIENTED_EDGE('',*,*,#20911,.F.);
#20911 = EDGE_CURVE('',#20912,#20904,#20914,.T.);
#20912 = VERTEX_POINT('',#20913);
#20913 = CARTESIAN_POINT('',(0.,-0.,0.));
#20914 = LINE('',#20915,#20916);
#20915 = CARTESIAN_POINT('',(0.,-0.,0.));
#20916 = VECTOR('',#20917,1.);
#20917 = DIRECTION('',(0.,0.,1.));
#20918 = ORIENTED_EDGE('',*,*,#20919,.F.);
#20919 = EDGE_CURVE('',#4651,#20912,#20920,.T.);
#20920 = LINE('',#20921,#20922);
#20921 = CARTESIAN_POINT('',(165.57832,-76.0827,0.));
#20922 = VECTOR('',#20923,1.);
#20923 = DIRECTION('',(-0.908663988464,0.417528150032,0.));
#20924 = PLANE('',#20925);
#20925 = AXIS2_PLACEMENT_3D('',#20926,#20927,#20928);
#20926 = CARTESIAN_POINT('',(165.57832,-76.0827,0.));
#20927 = DIRECTION('',(-0.417528150032,-0.908663988464,0.));
#20928 = DIRECTION('',(-0.908663988464,0.417528150032,0.));
#20929 = ADVANCED_FACE('',(#20930),#20955,.T.);
#20930 = FACE_BOUND('',#20931,.T.);
#20931 = EDGE_LOOP('',(#20932,#20933,#20941,#20949));
#20932 = ORIENTED_EDGE('',*,*,#18770,.T.);
#20933 = ORIENTED_EDGE('',*,*,#20934,.T.);
#20934 = EDGE_CURVE('',#10034,#20935,#20937,.T.);
#20935 = VERTEX_POINT('',#20936);
#20936 = CARTESIAN_POINT('',(0.,0.,1.51));
#20937 = LINE('',#20938,#20939);
#20938 = CARTESIAN_POINT('',(164.900995,-64.941012,1.51));
#20939 = VECTOR('',#20940,1.);
#20940 = DIRECTION('',(-0.930446844349,0.36642689563,0.));
#20941 = ORIENTED_EDGE('',*,*,#20942,.F.);
#20942 = EDGE_CURVE('',#20943,#20935,#20945,.T.);
#20943 = VERTEX_POINT('',#20944);
#20944 = CARTESIAN_POINT('',(0.,-0.,0.));
#20945 = LINE('',#20946,#20947);
#20946 = CARTESIAN_POINT('',(0.,-0.,0.));
#20947 = VECTOR('',#20948,1.);
#20948 = DIRECTION('',(0.,0.,1.));
#20949 = ORIENTED_EDGE('',*,*,#20950,.F.);
#20950 = EDGE_CURVE('',#4889,#20943,#20951,.T.);
#20951 = LINE('',#20952,#20953);
#20952 = CARTESIAN_POINT('',(164.900995,-64.941012,0.));
#20953 = VECTOR('',#20954,1.);
#20954 = DIRECTION('',(-0.930446844349,0.36642689563,0.));
#20955 = PLANE('',#20956);
#20956 = AXIS2_PLACEMENT_3D('',#20957,#20958,#20959);
#20957 = CARTESIAN_POINT('',(164.900995,-64.941012,0.));
#20958 = DIRECTION('',(-0.36642689563,-0.930446844349,0.));
#20959 = DIRECTION('',(-0.930446844349,0.36642689563,0.));
#20960 = ADVANCED_FACE('',(#20961),#20986,.T.);
#20961 = FACE_BOUND('',#20962,.T.);
#20962 = EDGE_LOOP('',(#20963,#20971,#20972,#20980));
#20963 = ORIENTED_EDGE('',*,*,#20964,.F.);
#20964 = EDGE_CURVE('',#20166,#20965,#20967,.T.);
#20965 = VERTEX_POINT('',#20966);
#20966 = CARTESIAN_POINT('',(0.,-0.,0.));
#20967 = LINE('',#20968,#20969);
#20968 = CARTESIAN_POINT('',(146.52832,-76.0827,0.));
#20969 = VECTOR('',#20970,1.);
#20970 = DIRECTION('',(-0.887494373337,0.460818551378,0.));
#20971 = ORIENTED_EDGE('',*,*,#20182,.F.);
#20972 = ORIENTED_EDGE('',*,*,#20973,.T.);
#20973 = EDGE_CURVE('',#20175,#20974,#20976,.T.);
#20974 = VERTEX_POINT('',#20975);
#20975 = CARTESIAN_POINT('',(0.,0.,1.51));
#20976 = LINE('',#20977,#20978);
#20977 = CARTESIAN_POINT('',(146.52832,-76.0827,1.51));
#20978 = VECTOR('',#20979,1.);
#20979 = DIRECTION('',(-0.887494373337,0.460818551378,0.));
#20980 = ORIENTED_EDGE('',*,*,#20981,.F.);
#20981 = EDGE_CURVE('',#20965,#20974,#20982,.T.);
#20982 = LINE('',#20983,#20984);
#20983 = CARTESIAN_POINT('',(0.,-0.,0.));
#20984 = VECTOR('',#20985,1.);
#20985 = DIRECTION('',(0.,0.,1.));
#20986 = PLANE('',#20987);
#20987 = AXIS2_PLACEMENT_3D('',#20988,#20989,#20990);
#20988 = CARTESIAN_POINT('',(146.52832,-76.0827,0.));
#20989 = DIRECTION('',(-0.460818551378,-0.887494373337,0.));
#20990 = DIRECTION('',(-0.887494373337,0.460818551378,0.));
#20991 = ADVANCED_FACE('',(#20992),#21017,.T.);
#20992 = FACE_BOUND('',#20993,.T.);
#20993 = EDGE_LOOP('',(#20994,#21002,#21003,#21011));
#20994 = ORIENTED_EDGE('',*,*,#20995,.F.);
#20995 = EDGE_CURVE('',#20255,#20996,#20998,.T.);
#20996 = VERTEX_POINT('',#20997);
#20997 = CARTESIAN_POINT('',(0.,-0.,0.));
#20998 = LINE('',#20999,#21000);
#20999 = CARTESIAN_POINT('',(184.62832,-95.1327,0.));
#21000 = VECTOR('',#21001,1.);
#21001 = DIRECTION('',(-0.888933113307,0.458037029142,0.));
#21002 = ORIENTED_EDGE('',*,*,#20263,.F.);
#21003 = ORIENTED_EDGE('',*,*,#21004,.T.);
#21004 = EDGE_CURVE('',#20264,#21005,#21007,.T.);
#21005 = VERTEX_POINT('',#21006);
#21006 = CARTESIAN_POINT('',(0.,0.,1.51));
#21007 = LINE('',#21008,#21009);
#21008 = CARTESIAN_POINT('',(184.62832,-95.1327,1.51));
#21009 = VECTOR('',#21010,1.);
#21010 = DIRECTION('',(-0.888933113307,0.458037029142,0.));
#21011 = ORIENTED_EDGE('',*,*,#21012,.F.);
#21012 = EDGE_CURVE('',#20996,#21005,#21013,.T.);
#21013 = LINE('',#21014,#21015);
#21014 = CARTESIAN_POINT('',(0.,-0.,0.));
#21015 = VECTOR('',#21016,1.);
#21016 = DIRECTION('',(0.,0.,1.));
#21017 = PLANE('',#21018);
#21018 = AXIS2_PLACEMENT_3D('',#21019,#21020,#21021);
#21019 = CARTESIAN_POINT('',(184.62832,-95.1327,0.));
#21020 = DIRECTION('',(-0.458037029142,-0.888933113307,0.));
#21021 = DIRECTION('',(-0.888933113307,0.458037029142,0.));
#21022 = ( GEOMETRIC_REPRESENTATION_CONTEXT(3) 
GLOBAL_UNCERTAINTY_ASSIGNED_CONTEXT((#21026)) 
GLOBAL_UNIT_ASSIGNED_CONTEXT((#21023,#21024,#21025)) 
REPRESENTATION_CONTEXT('Context #1',
  '3D Context with UNIT and UNCERTAINTY') );
#21023 = ( LENGTH_UNIT() NAMED_UNIT(*) SI_UNIT(.MILLI.,.METRE.) );
#21024 = ( NAMED_UNIT(*) PLANE_ANGLE_UNIT() SI_UNIT($,.RADIAN.) );
#21025 = ( NAMED_UNIT(*) SI_UNIT($,.STERADIAN.) SOLID_ANGLE_UNIT() );
#21026 = UNCERTAINTY_MEASURE_WITH_UNIT(LENGTH_MEASURE(1.E-07),#21023,
  'distance_accuracy_value','confusion accuracy');
#21027 = CONTEXT_DEPENDENT_SHAPE_REPRESENTATION(#21028,#21030);
#21028 = ( REPRESENTATION_RELATIONSHIP('','',#32,#10) 
REPRESENTATION_RELATIONSHIP_WITH_TRANSFORMATION(#21029) 
SHAPE_REPRESENTATION_RELATIONSHIP() );
#21029 = ITEM_DEFINED_TRANSFORMATION('','',#11,#15);
#21030 = PRODUCT_DEFINITION_SHAPE('Placement','Placement of an item',
  #21031);
#21031 = NEXT_ASSEMBLY_USAGE_OCCURRENCE('1','=>[0:1:1:2]','',#5,#27,$);
#21032 = PRODUCT_RELATED_PRODUCT_CATEGORY('part',$,(#29));
#21033 = MECHANICAL_DESIGN_GEOMETRIC_PRESENTATION_REPRESENTATION('',(
    #21034),#21022);
#21034 = STYLED_ITEM('color',(#21035),#33);
#21035 = PRESENTATION_STYLE_ASSIGNMENT((#21036));
#21036 = SURFACE_STYLE_USAGE(.BOTH.,#21037);
#21037 = SURFACE_SIDE_STYLE('',(#21038));
#21038 = SURFACE_STYLE_FILL_AREA(#21039);
#21039 = FILL_AREA_STYLE('',(#21040));
#21040 = FILL_AREA_STYLE_COLOUR('',#21041);
#21041 = COLOUR_RGB('',0.313304153717,0.484529207832,0.410020903123);
ENDSEC;
END-ISO-10303-21;
