ISO-10303-21;
HEADER;
/*Generated by software containing ST-Developer
 * from STEP Tools, Inc. (www.steptools.com) 
 */
/*OPTION: using custom renumber hook */
/*description */
/*implementation_level */
FILE_DESCRIPTION(('STEP AP242 Edition 2','STEP AP242 Edition 2''CAx-IF Rec.Pracs.---Representation and Presentation of Product Manufa
cturing Information (PMI)---4.0---2014-10-13','STEP AP242 Edition 2''CAx-IF Rec.Pracs.---Representation and Presentation of Product Manufa
cturing Information (PMI)---4.0---2014-10-13''CAx-IF Rec.Pracs.---3D Tessellated Geometry---0.4---2014-09-14','STEP AP242 Edition 2''CAx-IF Rec.Pracs.---Representation and Presentation of Product Manufa
cturing Information (PMI)---4.0---2014-10-13''CAx-IF Rec.Pracs.---3D Tessellated Geometry---0.4---2014-09-14''2;1','STEP AP242 Edition 2''CAx-IF Rec.Pracs.---Representation and Presentation of Product Manufa
cturing Information (PMI)---4.0---2014-10-13''CAx-IF Rec.Pracs.---3D Tessellated Geometry---0.4---2014-09-14''2;1''CAx-IF Rec.Pracs.---User Defined Attributes---1.5---2016-08-15'),'2;1');
/*name */
/*time_stamp */
/*author */
/*organization */
/*preprocessor_version */
/*originating_system */
/*authorisation */
FILE_NAME('/vol/tmp/translate-5407030993735078536/keeb plate (PETG).step','2026-02-28T17:53:02',(''),(''),'ST-DEVELOPER v20','ONSHAPE BY PTC INC, 1.211','  ');
FILE_SCHEMA(('AP242_MANAGED_MODEL_BASED_3D_ENGINEERING_MIM_LF { 1 0 10303 442 3 1 4 }'));
ENDSEC;
DATA;
#10=SHAPE_REPRESENTATION_RELATIONSHIP('','',#4543,#11);
#11=ADVANCED_BREP_SHAPE_REPRESENTATION('',(#4541),#7509);
#12=CYLINDRICAL_SURFACE('',#4703,0.0005);
#13=CYLINDRICAL_SURFACE('',#4705,0.0005);
#14=CYLINDRICAL_SURFACE('',#4707,0.0005);
#15=CYLINDRICAL_SURFACE('',#4709,0.0005);
#16=CYLINDRICAL_SURFACE('',#4710,0.0005);
#17=CYLINDRICAL_SURFACE('',#4712,0.0005);
#18=CYLINDRICAL_SURFACE('',#4714,0.0005);
#19=CYLINDRICAL_SURFACE('',#4716,0.0005);
#20=CYLINDRICAL_SURFACE('',#4717,0.0005);
#21=CYLINDRICAL_SURFACE('',#4719,0.0005);
#22=CYLINDRICAL_SURFACE('',#4721,0.0005);
#23=CYLINDRICAL_SURFACE('',#4723,0.0005);
#24=CYLINDRICAL_SURFACE('',#4724,0.0005);
#25=CYLINDRICAL_SURFACE('',#4726,0.0005);
#26=CYLINDRICAL_SURFACE('',#4728,0.0005);
#27=CYLINDRICAL_SURFACE('',#4730,0.0005);
#28=CYLINDRICAL_SURFACE('',#4731,0.0005);
#29=CYLINDRICAL_SURFACE('',#4733,0.0005);
#30=CYLINDRICAL_SURFACE('',#4735,0.0005);
#31=CYLINDRICAL_SURFACE('',#4737,0.0005);
#32=CYLINDRICAL_SURFACE('',#4738,0.0005);
#33=CYLINDRICAL_SURFACE('',#4740,0.0005);
#34=CYLINDRICAL_SURFACE('',#4742,0.0005);
#35=CYLINDRICAL_SURFACE('',#4744,0.0005);
#36=CYLINDRICAL_SURFACE('',#4745,0.0005);
#37=CYLINDRICAL_SURFACE('',#4747,0.0005);
#38=CYLINDRICAL_SURFACE('',#4749,0.0005);
#39=CYLINDRICAL_SURFACE('',#4751,0.0005);
#40=CYLINDRICAL_SURFACE('',#4752,0.0005);
#41=CYLINDRICAL_SURFACE('',#4754,0.0005);
#42=CYLINDRICAL_SURFACE('',#4756,0.0005);
#43=CYLINDRICAL_SURFACE('',#4758,0.0005);
#44=CYLINDRICAL_SURFACE('',#4759,0.0005);
#45=CYLINDRICAL_SURFACE('',#4761,0.0005);
#46=CYLINDRICAL_SURFACE('',#4763,0.0005);
#47=CYLINDRICAL_SURFACE('',#4765,0.0005);
#48=CYLINDRICAL_SURFACE('',#4766,0.0005);
#49=CYLINDRICAL_SURFACE('',#4768,0.0005);
#50=CYLINDRICAL_SURFACE('',#4770,0.0005);
#51=CYLINDRICAL_SURFACE('',#4772,0.0005);
#52=CYLINDRICAL_SURFACE('',#4773,0.0005);
#53=CYLINDRICAL_SURFACE('',#4775,0.0005);
#54=CYLINDRICAL_SURFACE('',#4777,0.0005);
#55=CYLINDRICAL_SURFACE('',#4779,0.0005);
#56=CYLINDRICAL_SURFACE('',#4780,0.0005);
#57=CYLINDRICAL_SURFACE('',#4782,0.0005);
#58=CYLINDRICAL_SURFACE('',#4784,0.0005);
#59=CYLINDRICAL_SURFACE('',#4786,0.0005);
#60=CYLINDRICAL_SURFACE('',#4787,0.0005);
#61=CYLINDRICAL_SURFACE('',#4789,0.0005);
#62=CYLINDRICAL_SURFACE('',#4791,0.0005);
#63=CYLINDRICAL_SURFACE('',#4793,0.0005);
#64=CYLINDRICAL_SURFACE('',#4794,0.0005);
#65=CYLINDRICAL_SURFACE('',#4796,0.0005);
#66=CYLINDRICAL_SURFACE('',#4798,0.0005);
#67=CYLINDRICAL_SURFACE('',#4800,0.0005);
#68=CYLINDRICAL_SURFACE('',#4801,0.0005);
#69=CYLINDRICAL_SURFACE('',#4803,0.0005);
#70=CYLINDRICAL_SURFACE('',#4805,0.000499999999999994);
#71=CYLINDRICAL_SURFACE('',#4807,0.0005);
#72=CYLINDRICAL_SURFACE('',#4824,0.0005);
#73=CYLINDRICAL_SURFACE('',#4826,0.0005);
#74=CYLINDRICAL_SURFACE('',#4828,0.0005);
#75=CYLINDRICAL_SURFACE('',#4830,0.0005);
#76=CYLINDRICAL_SURFACE('',#4860,0.002);
#77=CYLINDRICAL_SURFACE('',#4861,0.002);
#78=CYLINDRICAL_SURFACE('',#4862,0.002);
#79=CYLINDRICAL_SURFACE('',#4863,0.002);
#80=CYLINDRICAL_SURFACE('',#4877,0.002);
#81=CYLINDRICAL_SURFACE('',#4878,0.002);
#82=CYLINDRICAL_SURFACE('',#4879,0.002);
#83=CYLINDRICAL_SURFACE('',#4880,0.002);
#84=CYLINDRICAL_SURFACE('',#4894,0.002);
#85=CYLINDRICAL_SURFACE('',#4895,0.002);
#86=CYLINDRICAL_SURFACE('',#4896,0.002);
#87=CYLINDRICAL_SURFACE('',#4897,0.002);
#88=CYLINDRICAL_SURFACE('',#4911,0.002);
#89=CYLINDRICAL_SURFACE('',#4912,0.002);
#90=CYLINDRICAL_SURFACE('',#4913,0.002);
#91=CYLINDRICAL_SURFACE('',#4914,0.002);
#92=CYLINDRICAL_SURFACE('',#4915,0.002);
#93=CYLINDRICAL_SURFACE('',#4916,0.002);
#94=CYLINDRICAL_SURFACE('',#4917,0.002);
#95=CYLINDRICAL_SURFACE('',#4918,0.002);
#96=CIRCLE('',#4546,0.0005);
#97=CIRCLE('',#4547,0.0005);
#98=CIRCLE('',#4548,0.0005);
#99=CIRCLE('',#4549,0.0005);
#100=CIRCLE('',#4550,0.0005);
#101=CIRCLE('',#4551,0.0005);
#102=CIRCLE('',#4552,0.000499999999999994);
#103=CIRCLE('',#4553,0.0005);
#104=CIRCLE('',#4554,0.0005);
#105=CIRCLE('',#4555,0.0005);
#106=CIRCLE('',#4556,0.0005);
#107=CIRCLE('',#4557,0.0005);
#108=CIRCLE('',#4558,0.0005);
#109=CIRCLE('',#4559,0.0005);
#110=CIRCLE('',#4560,0.0005);
#111=CIRCLE('',#4561,0.0005);
#112=CIRCLE('',#4562,0.0005);
#113=CIRCLE('',#4563,0.0005);
#114=CIRCLE('',#4564,0.0005);
#115=CIRCLE('',#4565,0.0005);
#116=CIRCLE('',#4566,0.0005);
#117=CIRCLE('',#4567,0.0005);
#118=CIRCLE('',#4568,0.0005);
#119=CIRCLE('',#4569,0.0005);
#120=CIRCLE('',#4570,0.0005);
#121=CIRCLE('',#4571,0.0005);
#122=CIRCLE('',#4572,0.0005);
#123=CIRCLE('',#4573,0.0005);
#124=CIRCLE('',#4574,0.0005);
#125=CIRCLE('',#4575,0.0005);
#126=CIRCLE('',#4576,0.0005);
#127=CIRCLE('',#4577,0.0005);
#128=CIRCLE('',#4578,0.0005);
#129=CIRCLE('',#4579,0.0005);
#130=CIRCLE('',#4580,0.0005);
#131=CIRCLE('',#4581,0.0005);
#132=CIRCLE('',#4582,0.0005);
#133=CIRCLE('',#4583,0.0005);
#134=CIRCLE('',#4584,0.0005);
#135=CIRCLE('',#4585,0.0005);
#136=CIRCLE('',#4586,0.0005);
#137=CIRCLE('',#4587,0.0005);
#138=CIRCLE('',#4588,0.0005);
#139=CIRCLE('',#4589,0.0005);
#140=CIRCLE('',#4590,0.0005);
#141=CIRCLE('',#4591,0.0005);
#142=CIRCLE('',#4592,0.0005);
#143=CIRCLE('',#4593,0.0005);
#144=CIRCLE('',#4594,0.0005);
#145=CIRCLE('',#4595,0.0005);
#146=CIRCLE('',#4596,0.0005);
#147=CIRCLE('',#4597,0.0005);
#148=CIRCLE('',#4598,0.0005);
#149=CIRCLE('',#4599,0.0005);
#150=CIRCLE('',#4600,0.0005);
#151=CIRCLE('',#4601,0.0005);
#152=CIRCLE('',#4602,0.0005);
#153=CIRCLE('',#4603,0.0005);
#154=CIRCLE('',#4604,0.0005);
#155=CIRCLE('',#4605,0.0005);
#156=CIRCLE('',#4606,0.0005);
#157=CIRCLE('',#4607,0.0005);
#158=CIRCLE('',#4608,0.0005);
#159=CIRCLE('',#4609,0.0005);
#160=CIRCLE('',#4610,0.002);
#161=CIRCLE('',#4611,0.002);
#162=CIRCLE('',#4612,0.002);
#163=CIRCLE('',#4613,0.002);
#164=CIRCLE('',#4614,0.002);
#165=CIRCLE('',#4615,0.002);
#166=CIRCLE('',#4616,0.002);
#167=CIRCLE('',#4617,0.002);
#168=CIRCLE('',#4618,0.002);
#169=CIRCLE('',#4619,0.002);
#170=CIRCLE('',#4620,0.002);
#171=CIRCLE('',#4621,0.002);
#172=CIRCLE('',#4622,0.002);
#173=CIRCLE('',#4623,0.002);
#174=CIRCLE('',#4624,0.002);
#175=CIRCLE('',#4625,0.002);
#176=CIRCLE('',#4626,0.002);
#177=CIRCLE('',#4627,0.002);
#178=CIRCLE('',#4628,0.002);
#179=CIRCLE('',#4629,0.002);
#180=CIRCLE('',#4631,0.0005);
#181=CIRCLE('',#4632,0.0005);
#182=CIRCLE('',#4633,0.0005);
#183=CIRCLE('',#4634,0.0005);
#184=CIRCLE('',#4635,0.0005);
#185=CIRCLE('',#4636,0.0005);
#186=CIRCLE('',#4637,0.0005);
#187=CIRCLE('',#4638,0.0005);
#188=CIRCLE('',#4639,0.0005);
#189=CIRCLE('',#4640,0.0005);
#190=CIRCLE('',#4641,0.0005);
#191=CIRCLE('',#4642,0.0005);
#192=CIRCLE('',#4643,0.0005);
#193=CIRCLE('',#4644,0.0005);
#194=CIRCLE('',#4645,0.0005);
#195=CIRCLE('',#4646,0.0005);
#196=CIRCLE('',#4647,0.0005);
#197=CIRCLE('',#4648,0.0005);
#198=CIRCLE('',#4649,0.0005);
#199=CIRCLE('',#4650,0.0005);
#200=CIRCLE('',#4651,0.0005);
#201=CIRCLE('',#4652,0.0005);
#202=CIRCLE('',#4653,0.0005);
#203=CIRCLE('',#4654,0.0005);
#204=CIRCLE('',#4655,0.0005);
#205=CIRCLE('',#4656,0.0005);
#206=CIRCLE('',#4657,0.0005);
#207=CIRCLE('',#4658,0.0005);
#208=CIRCLE('',#4659,0.0005);
#209=CIRCLE('',#4660,0.0005);
#210=CIRCLE('',#4661,0.0005);
#211=CIRCLE('',#4662,0.0005);
#212=CIRCLE('',#4663,0.0005);
#213=CIRCLE('',#4664,0.0005);
#214=CIRCLE('',#4665,0.0005);
#215=CIRCLE('',#4666,0.0005);
#216=CIRCLE('',#4667,0.0005);
#217=CIRCLE('',#4668,0.0005);
#218=CIRCLE('',#4669,0.0005);
#219=CIRCLE('',#4670,0.0005);
#220=CIRCLE('',#4671,0.0005);
#221=CIRCLE('',#4672,0.0005);
#222=CIRCLE('',#4673,0.0005);
#223=CIRCLE('',#4674,0.0005);
#224=CIRCLE('',#4675,0.0005);
#225=CIRCLE('',#4676,0.0005);
#226=CIRCLE('',#4677,0.0005);
#227=CIRCLE('',#4678,0.0005);
#228=CIRCLE('',#4679,0.0005);
#229=CIRCLE('',#4680,0.0005);
#230=CIRCLE('',#4681,0.0005);
#231=CIRCLE('',#4682,0.0005);
#232=CIRCLE('',#4683,0.0005);
#233=CIRCLE('',#4684,0.0005);
#234=CIRCLE('',#4685,0.0005);
#235=CIRCLE('',#4686,0.0005);
#236=CIRCLE('',#4687,0.0005);
#237=CIRCLE('',#4688,0.0005);
#238=CIRCLE('',#4689,0.000499999999999994);
#239=CIRCLE('',#4690,0.0005);
#240=CIRCLE('',#4691,0.0005);
#241=CIRCLE('',#4692,0.0005);
#242=CIRCLE('',#4693,0.0005);
#243=CIRCLE('',#4694,0.0005);
#244=CIRCLE('',#4695,0.002);
#245=CIRCLE('',#4696,0.002);
#246=CIRCLE('',#4697,0.002);
#247=CIRCLE('',#4698,0.002);
#248=CIRCLE('',#4856,0.002);
#249=CIRCLE('',#4857,0.002);
#250=CIRCLE('',#4858,0.002);
#251=CIRCLE('',#4859,0.002);
#252=CIRCLE('',#4873,0.002);
#253=CIRCLE('',#4874,0.002);
#254=CIRCLE('',#4875,0.002);
#255=CIRCLE('',#4876,0.002);
#256=CIRCLE('',#4890,0.002);
#257=CIRCLE('',#4891,0.002);
#258=CIRCLE('',#4892,0.002);
#259=CIRCLE('',#4893,0.002);
#260=CIRCLE('',#4907,0.002);
#261=CIRCLE('',#4908,0.002);
#262=CIRCLE('',#4909,0.002);
#263=CIRCLE('',#4910,0.002);
#264=ORIENTED_EDGE('',*,*,#1568,.F.);
#265=ORIENTED_EDGE('',*,*,#1569,.F.);
#266=ORIENTED_EDGE('',*,*,#1570,.T.);
#267=ORIENTED_EDGE('',*,*,#1571,.F.);
#268=ORIENTED_EDGE('',*,*,#1572,.T.);
#269=ORIENTED_EDGE('',*,*,#1573,.F.);
#270=ORIENTED_EDGE('',*,*,#1574,.F.);
#271=ORIENTED_EDGE('',*,*,#1575,.F.);
#272=ORIENTED_EDGE('',*,*,#1576,.F.);
#273=ORIENTED_EDGE('',*,*,#1577,.T.);
#274=ORIENTED_EDGE('',*,*,#1578,.F.);
#275=ORIENTED_EDGE('',*,*,#1579,.T.);
#276=ORIENTED_EDGE('',*,*,#1580,.F.);
#277=ORIENTED_EDGE('',*,*,#1581,.F.);
#278=ORIENTED_EDGE('',*,*,#1582,.F.);
#279=ORIENTED_EDGE('',*,*,#1583,.F.);
#280=ORIENTED_EDGE('',*,*,#1584,.F.);
#281=ORIENTED_EDGE('',*,*,#1585,.T.);
#282=ORIENTED_EDGE('',*,*,#1586,.F.);
#283=ORIENTED_EDGE('',*,*,#1587,.T.);
#284=ORIENTED_EDGE('',*,*,#1588,.F.);
#285=ORIENTED_EDGE('',*,*,#1589,.F.);
#286=ORIENTED_EDGE('',*,*,#1590,.F.);
#287=ORIENTED_EDGE('',*,*,#1591,.F.);
#288=ORIENTED_EDGE('',*,*,#1592,.F.);
#289=ORIENTED_EDGE('',*,*,#1593,.T.);
#290=ORIENTED_EDGE('',*,*,#1594,.F.);
#291=ORIENTED_EDGE('',*,*,#1595,.T.);
#292=ORIENTED_EDGE('',*,*,#1596,.F.);
#293=ORIENTED_EDGE('',*,*,#1597,.F.);
#294=ORIENTED_EDGE('',*,*,#1598,.F.);
#295=ORIENTED_EDGE('',*,*,#1599,.F.);
#296=ORIENTED_EDGE('',*,*,#1600,.F.);
#297=ORIENTED_EDGE('',*,*,#1601,.T.);
#298=ORIENTED_EDGE('',*,*,#1602,.F.);
#299=ORIENTED_EDGE('',*,*,#1603,.T.);
#300=ORIENTED_EDGE('',*,*,#1604,.F.);
#301=ORIENTED_EDGE('',*,*,#1605,.F.);
#302=ORIENTED_EDGE('',*,*,#1606,.F.);
#303=ORIENTED_EDGE('',*,*,#1607,.F.);
#304=ORIENTED_EDGE('',*,*,#1608,.F.);
#305=ORIENTED_EDGE('',*,*,#1609,.T.);
#306=ORIENTED_EDGE('',*,*,#1610,.F.);
#307=ORIENTED_EDGE('',*,*,#1611,.T.);
#308=ORIENTED_EDGE('',*,*,#1612,.F.);
#309=ORIENTED_EDGE('',*,*,#1613,.F.);
#310=ORIENTED_EDGE('',*,*,#1614,.F.);
#311=ORIENTED_EDGE('',*,*,#1615,.F.);
#312=ORIENTED_EDGE('',*,*,#1616,.F.);
#313=ORIENTED_EDGE('',*,*,#1617,.T.);
#314=ORIENTED_EDGE('',*,*,#1618,.F.);
#315=ORIENTED_EDGE('',*,*,#1619,.T.);
#316=ORIENTED_EDGE('',*,*,#1620,.F.);
#317=ORIENTED_EDGE('',*,*,#1621,.F.);
#318=ORIENTED_EDGE('',*,*,#1622,.F.);
#319=ORIENTED_EDGE('',*,*,#1623,.F.);
#320=ORIENTED_EDGE('',*,*,#1624,.F.);
#321=ORIENTED_EDGE('',*,*,#1625,.T.);
#322=ORIENTED_EDGE('',*,*,#1626,.F.);
#323=ORIENTED_EDGE('',*,*,#1627,.T.);
#324=ORIENTED_EDGE('',*,*,#1628,.F.);
#325=ORIENTED_EDGE('',*,*,#1629,.F.);
#326=ORIENTED_EDGE('',*,*,#1630,.F.);
#327=ORIENTED_EDGE('',*,*,#1631,.F.);
#328=ORIENTED_EDGE('',*,*,#1632,.F.);
#329=ORIENTED_EDGE('',*,*,#1633,.T.);
#330=ORIENTED_EDGE('',*,*,#1634,.F.);
#331=ORIENTED_EDGE('',*,*,#1635,.T.);
#332=ORIENTED_EDGE('',*,*,#1636,.F.);
#333=ORIENTED_EDGE('',*,*,#1637,.F.);
#334=ORIENTED_EDGE('',*,*,#1638,.F.);
#335=ORIENTED_EDGE('',*,*,#1639,.F.);
#336=ORIENTED_EDGE('',*,*,#1640,.F.);
#337=ORIENTED_EDGE('',*,*,#1641,.T.);
#338=ORIENTED_EDGE('',*,*,#1642,.F.);
#339=ORIENTED_EDGE('',*,*,#1643,.T.);
#340=ORIENTED_EDGE('',*,*,#1644,.F.);
#341=ORIENTED_EDGE('',*,*,#1645,.F.);
#342=ORIENTED_EDGE('',*,*,#1646,.F.);
#343=ORIENTED_EDGE('',*,*,#1647,.F.);
#344=ORIENTED_EDGE('',*,*,#1648,.F.);
#345=ORIENTED_EDGE('',*,*,#1649,.T.);
#346=ORIENTED_EDGE('',*,*,#1650,.F.);
#347=ORIENTED_EDGE('',*,*,#1651,.T.);
#348=ORIENTED_EDGE('',*,*,#1652,.F.);
#349=ORIENTED_EDGE('',*,*,#1653,.F.);
#350=ORIENTED_EDGE('',*,*,#1654,.F.);
#351=ORIENTED_EDGE('',*,*,#1655,.F.);
#352=ORIENTED_EDGE('',*,*,#1656,.F.);
#353=ORIENTED_EDGE('',*,*,#1657,.T.);
#354=ORIENTED_EDGE('',*,*,#1658,.F.);
#355=ORIENTED_EDGE('',*,*,#1659,.T.);
#356=ORIENTED_EDGE('',*,*,#1660,.F.);
#357=ORIENTED_EDGE('',*,*,#1661,.F.);
#358=ORIENTED_EDGE('',*,*,#1662,.F.);
#359=ORIENTED_EDGE('',*,*,#1663,.F.);
#360=ORIENTED_EDGE('',*,*,#1664,.F.);
#361=ORIENTED_EDGE('',*,*,#1665,.T.);
#362=ORIENTED_EDGE('',*,*,#1666,.F.);
#363=ORIENTED_EDGE('',*,*,#1667,.T.);
#364=ORIENTED_EDGE('',*,*,#1668,.F.);
#365=ORIENTED_EDGE('',*,*,#1669,.F.);
#366=ORIENTED_EDGE('',*,*,#1670,.F.);
#367=ORIENTED_EDGE('',*,*,#1671,.F.);
#368=ORIENTED_EDGE('',*,*,#1672,.F.);
#369=ORIENTED_EDGE('',*,*,#1673,.T.);
#370=ORIENTED_EDGE('',*,*,#1674,.F.);
#371=ORIENTED_EDGE('',*,*,#1675,.T.);
#372=ORIENTED_EDGE('',*,*,#1676,.F.);
#373=ORIENTED_EDGE('',*,*,#1677,.F.);
#374=ORIENTED_EDGE('',*,*,#1678,.F.);
#375=ORIENTED_EDGE('',*,*,#1679,.F.);
#376=ORIENTED_EDGE('',*,*,#1680,.F.);
#377=ORIENTED_EDGE('',*,*,#1681,.T.);
#378=ORIENTED_EDGE('',*,*,#1682,.F.);
#379=ORIENTED_EDGE('',*,*,#1683,.T.);
#380=ORIENTED_EDGE('',*,*,#1684,.F.);
#381=ORIENTED_EDGE('',*,*,#1685,.F.);
#382=ORIENTED_EDGE('',*,*,#1686,.F.);
#383=ORIENTED_EDGE('',*,*,#1687,.F.);
#384=ORIENTED_EDGE('',*,*,#1688,.F.);
#385=ORIENTED_EDGE('',*,*,#1689,.T.);
#386=ORIENTED_EDGE('',*,*,#1690,.F.);
#387=ORIENTED_EDGE('',*,*,#1691,.T.);
#388=ORIENTED_EDGE('',*,*,#1692,.F.);
#389=ORIENTED_EDGE('',*,*,#1693,.F.);
#390=ORIENTED_EDGE('',*,*,#1694,.F.);
#391=ORIENTED_EDGE('',*,*,#1695,.F.);
#392=ORIENTED_EDGE('',*,*,#1696,.F.);
#393=ORIENTED_EDGE('',*,*,#1697,.T.);
#394=ORIENTED_EDGE('',*,*,#1698,.T.);
#395=ORIENTED_EDGE('',*,*,#1699,.F.);
#396=ORIENTED_EDGE('',*,*,#1700,.F.);
#397=ORIENTED_EDGE('',*,*,#1701,.T.);
#398=ORIENTED_EDGE('',*,*,#1702,.T.);
#399=ORIENTED_EDGE('',*,*,#1703,.F.);
#400=ORIENTED_EDGE('',*,*,#1704,.F.);
#401=ORIENTED_EDGE('',*,*,#1705,.T.);
#402=ORIENTED_EDGE('',*,*,#1706,.T.);
#403=ORIENTED_EDGE('',*,*,#1707,.F.);
#404=ORIENTED_EDGE('',*,*,#1708,.F.);
#405=ORIENTED_EDGE('',*,*,#1709,.T.);
#406=ORIENTED_EDGE('',*,*,#1710,.T.);
#407=ORIENTED_EDGE('',*,*,#1711,.T.);
#408=ORIENTED_EDGE('',*,*,#1712,.F.);
#409=ORIENTED_EDGE('',*,*,#1713,.T.);
#410=ORIENTED_EDGE('',*,*,#1714,.F.);
#411=ORIENTED_EDGE('',*,*,#1715,.F.);
#412=ORIENTED_EDGE('',*,*,#1716,.T.);
#413=ORIENTED_EDGE('',*,*,#1717,.T.);
#414=ORIENTED_EDGE('',*,*,#1718,.T.);
#415=ORIENTED_EDGE('',*,*,#1719,.T.);
#416=ORIENTED_EDGE('',*,*,#1720,.T.);
#417=ORIENTED_EDGE('',*,*,#1721,.F.);
#418=ORIENTED_EDGE('',*,*,#1722,.T.);
#419=ORIENTED_EDGE('',*,*,#1723,.F.);
#420=ORIENTED_EDGE('',*,*,#1724,.T.);
#421=ORIENTED_EDGE('',*,*,#1725,.T.);
#422=ORIENTED_EDGE('',*,*,#1726,.F.);
#423=ORIENTED_EDGE('',*,*,#1727,.T.);
#424=ORIENTED_EDGE('',*,*,#1728,.T.);
#425=ORIENTED_EDGE('',*,*,#1729,.F.);
#426=ORIENTED_EDGE('',*,*,#1730,.T.);
#427=ORIENTED_EDGE('',*,*,#1731,.F.);
#428=ORIENTED_EDGE('',*,*,#1732,.F.);
#429=ORIENTED_EDGE('',*,*,#1733,.T.);
#430=ORIENTED_EDGE('',*,*,#1734,.F.);
#431=ORIENTED_EDGE('',*,*,#1735,.T.);
#432=ORIENTED_EDGE('',*,*,#1736,.F.);
#433=ORIENTED_EDGE('',*,*,#1737,.T.);
#434=ORIENTED_EDGE('',*,*,#1738,.F.);
#435=ORIENTED_EDGE('',*,*,#1739,.F.);
#436=ORIENTED_EDGE('',*,*,#1740,.T.);
#437=ORIENTED_EDGE('',*,*,#1741,.T.);
#438=ORIENTED_EDGE('',*,*,#1742,.F.);
#439=ORIENTED_EDGE('',*,*,#1743,.T.);
#440=ORIENTED_EDGE('',*,*,#1744,.F.);
#441=ORIENTED_EDGE('',*,*,#1745,.T.);
#442=ORIENTED_EDGE('',*,*,#1746,.F.);
#443=ORIENTED_EDGE('',*,*,#1747,.F.);
#444=ORIENTED_EDGE('',*,*,#1748,.T.);
#445=ORIENTED_EDGE('',*,*,#1749,.F.);
#446=ORIENTED_EDGE('',*,*,#1750,.T.);
#447=ORIENTED_EDGE('',*,*,#1751,.F.);
#448=ORIENTED_EDGE('',*,*,#1752,.F.);
#449=ORIENTED_EDGE('',*,*,#1753,.F.);
#450=ORIENTED_EDGE('',*,*,#1754,.T.);
#451=ORIENTED_EDGE('',*,*,#1755,.F.);
#452=ORIENTED_EDGE('',*,*,#1756,.T.);
#453=ORIENTED_EDGE('',*,*,#1757,.F.);
#454=ORIENTED_EDGE('',*,*,#1758,.T.);
#455=ORIENTED_EDGE('',*,*,#1759,.T.);
#456=ORIENTED_EDGE('',*,*,#1760,.F.);
#457=ORIENTED_EDGE('',*,*,#1761,.T.);
#458=ORIENTED_EDGE('',*,*,#1762,.F.);
#459=ORIENTED_EDGE('',*,*,#1763,.T.);
#460=ORIENTED_EDGE('',*,*,#1764,.F.);
#461=ORIENTED_EDGE('',*,*,#1765,.T.);
#462=ORIENTED_EDGE('',*,*,#1766,.T.);
#463=ORIENTED_EDGE('',*,*,#1767,.F.);
#464=ORIENTED_EDGE('',*,*,#1768,.F.);
#465=ORIENTED_EDGE('',*,*,#1769,.T.);
#466=ORIENTED_EDGE('',*,*,#1770,.T.);
#467=ORIENTED_EDGE('',*,*,#1771,.F.);
#468=ORIENTED_EDGE('',*,*,#1772,.F.);
#469=ORIENTED_EDGE('',*,*,#1773,.T.);
#470=ORIENTED_EDGE('',*,*,#1774,.T.);
#471=ORIENTED_EDGE('',*,*,#1775,.F.);
#472=ORIENTED_EDGE('',*,*,#1776,.F.);
#473=ORIENTED_EDGE('',*,*,#1777,.T.);
#474=ORIENTED_EDGE('',*,*,#1778,.T.);
#475=ORIENTED_EDGE('',*,*,#1779,.F.);
#476=ORIENTED_EDGE('',*,*,#1780,.F.);
#477=ORIENTED_EDGE('',*,*,#1781,.T.);
#478=ORIENTED_EDGE('',*,*,#1782,.T.);
#479=ORIENTED_EDGE('',*,*,#1783,.F.);
#480=ORIENTED_EDGE('',*,*,#1784,.F.);
#481=ORIENTED_EDGE('',*,*,#1785,.T.);
#482=ORIENTED_EDGE('',*,*,#1786,.T.);
#483=ORIENTED_EDGE('',*,*,#1787,.F.);
#484=ORIENTED_EDGE('',*,*,#1788,.F.);
#485=ORIENTED_EDGE('',*,*,#1789,.T.);
#486=ORIENTED_EDGE('',*,*,#1790,.T.);
#487=ORIENTED_EDGE('',*,*,#1791,.F.);
#488=ORIENTED_EDGE('',*,*,#1792,.T.);
#489=ORIENTED_EDGE('',*,*,#1793,.T.);
#490=ORIENTED_EDGE('',*,*,#1794,.T.);
#491=ORIENTED_EDGE('',*,*,#1795,.T.);
#492=ORIENTED_EDGE('',*,*,#1796,.T.);
#493=ORIENTED_EDGE('',*,*,#1797,.F.);
#494=ORIENTED_EDGE('',*,*,#1798,.T.);
#495=ORIENTED_EDGE('',*,*,#1799,.F.);
#496=ORIENTED_EDGE('',*,*,#1800,.T.);
#497=ORIENTED_EDGE('',*,*,#1801,.T.);
#498=ORIENTED_EDGE('',*,*,#1802,.T.);
#499=ORIENTED_EDGE('',*,*,#1803,.T.);
#500=ORIENTED_EDGE('',*,*,#1804,.T.);
#501=ORIENTED_EDGE('',*,*,#1805,.F.);
#502=ORIENTED_EDGE('',*,*,#1806,.T.);
#503=ORIENTED_EDGE('',*,*,#1807,.F.);
#504=ORIENTED_EDGE('',*,*,#1808,.T.);
#505=ORIENTED_EDGE('',*,*,#1809,.T.);
#506=ORIENTED_EDGE('',*,*,#1810,.T.);
#507=ORIENTED_EDGE('',*,*,#1811,.T.);
#508=ORIENTED_EDGE('',*,*,#1812,.T.);
#509=ORIENTED_EDGE('',*,*,#1813,.F.);
#510=ORIENTED_EDGE('',*,*,#1814,.T.);
#511=ORIENTED_EDGE('',*,*,#1815,.F.);
#512=ORIENTED_EDGE('',*,*,#1816,.T.);
#513=ORIENTED_EDGE('',*,*,#1817,.T.);
#514=ORIENTED_EDGE('',*,*,#1818,.T.);
#515=ORIENTED_EDGE('',*,*,#1819,.T.);
#516=ORIENTED_EDGE('',*,*,#1820,.T.);
#517=ORIENTED_EDGE('',*,*,#1821,.F.);
#518=ORIENTED_EDGE('',*,*,#1822,.T.);
#519=ORIENTED_EDGE('',*,*,#1823,.F.);
#520=ORIENTED_EDGE('',*,*,#1824,.T.);
#521=ORIENTED_EDGE('',*,*,#1825,.T.);
#522=ORIENTED_EDGE('',*,*,#1826,.T.);
#523=ORIENTED_EDGE('',*,*,#1827,.T.);
#524=ORIENTED_EDGE('',*,*,#1828,.T.);
#525=ORIENTED_EDGE('',*,*,#1829,.F.);
#526=ORIENTED_EDGE('',*,*,#1830,.T.);
#527=ORIENTED_EDGE('',*,*,#1831,.F.);
#528=ORIENTED_EDGE('',*,*,#1832,.T.);
#529=ORIENTED_EDGE('',*,*,#1833,.T.);
#530=ORIENTED_EDGE('',*,*,#1834,.T.);
#531=ORIENTED_EDGE('',*,*,#1835,.T.);
#532=ORIENTED_EDGE('',*,*,#1836,.T.);
#533=ORIENTED_EDGE('',*,*,#1837,.F.);
#534=ORIENTED_EDGE('',*,*,#1838,.T.);
#535=ORIENTED_EDGE('',*,*,#1839,.F.);
#536=ORIENTED_EDGE('',*,*,#1840,.T.);
#537=ORIENTED_EDGE('',*,*,#1841,.T.);
#538=ORIENTED_EDGE('',*,*,#1842,.T.);
#539=ORIENTED_EDGE('',*,*,#1843,.T.);
#540=ORIENTED_EDGE('',*,*,#1844,.T.);
#541=ORIENTED_EDGE('',*,*,#1845,.F.);
#542=ORIENTED_EDGE('',*,*,#1846,.T.);
#543=ORIENTED_EDGE('',*,*,#1847,.F.);
#544=ORIENTED_EDGE('',*,*,#1848,.T.);
#545=ORIENTED_EDGE('',*,*,#1849,.T.);
#546=ORIENTED_EDGE('',*,*,#1850,.T.);
#547=ORIENTED_EDGE('',*,*,#1851,.T.);
#548=ORIENTED_EDGE('',*,*,#1852,.T.);
#549=ORIENTED_EDGE('',*,*,#1853,.F.);
#550=ORIENTED_EDGE('',*,*,#1854,.T.);
#551=ORIENTED_EDGE('',*,*,#1855,.F.);
#552=ORIENTED_EDGE('',*,*,#1856,.T.);
#553=ORIENTED_EDGE('',*,*,#1857,.T.);
#554=ORIENTED_EDGE('',*,*,#1858,.T.);
#555=ORIENTED_EDGE('',*,*,#1859,.T.);
#556=ORIENTED_EDGE('',*,*,#1860,.T.);
#557=ORIENTED_EDGE('',*,*,#1861,.F.);
#558=ORIENTED_EDGE('',*,*,#1862,.T.);
#559=ORIENTED_EDGE('',*,*,#1863,.F.);
#560=ORIENTED_EDGE('',*,*,#1864,.T.);
#561=ORIENTED_EDGE('',*,*,#1865,.T.);
#562=ORIENTED_EDGE('',*,*,#1866,.T.);
#563=ORIENTED_EDGE('',*,*,#1867,.T.);
#564=ORIENTED_EDGE('',*,*,#1868,.T.);
#565=ORIENTED_EDGE('',*,*,#1869,.F.);
#566=ORIENTED_EDGE('',*,*,#1870,.T.);
#567=ORIENTED_EDGE('',*,*,#1871,.F.);
#568=ORIENTED_EDGE('',*,*,#1872,.T.);
#569=ORIENTED_EDGE('',*,*,#1873,.T.);
#570=ORIENTED_EDGE('',*,*,#1874,.T.);
#571=ORIENTED_EDGE('',*,*,#1875,.T.);
#572=ORIENTED_EDGE('',*,*,#1876,.T.);
#573=ORIENTED_EDGE('',*,*,#1877,.F.);
#574=ORIENTED_EDGE('',*,*,#1878,.T.);
#575=ORIENTED_EDGE('',*,*,#1879,.F.);
#576=ORIENTED_EDGE('',*,*,#1880,.T.);
#577=ORIENTED_EDGE('',*,*,#1881,.T.);
#578=ORIENTED_EDGE('',*,*,#1882,.T.);
#579=ORIENTED_EDGE('',*,*,#1883,.T.);
#580=ORIENTED_EDGE('',*,*,#1884,.T.);
#581=ORIENTED_EDGE('',*,*,#1885,.F.);
#582=ORIENTED_EDGE('',*,*,#1886,.T.);
#583=ORIENTED_EDGE('',*,*,#1887,.F.);
#584=ORIENTED_EDGE('',*,*,#1888,.T.);
#585=ORIENTED_EDGE('',*,*,#1889,.T.);
#586=ORIENTED_EDGE('',*,*,#1890,.T.);
#587=ORIENTED_EDGE('',*,*,#1891,.T.);
#588=ORIENTED_EDGE('',*,*,#1892,.T.);
#589=ORIENTED_EDGE('',*,*,#1893,.F.);
#590=ORIENTED_EDGE('',*,*,#1894,.T.);
#591=ORIENTED_EDGE('',*,*,#1895,.F.);
#592=ORIENTED_EDGE('',*,*,#1896,.T.);
#593=ORIENTED_EDGE('',*,*,#1897,.T.);
#594=ORIENTED_EDGE('',*,*,#1898,.T.);
#595=ORIENTED_EDGE('',*,*,#1899,.T.);
#596=ORIENTED_EDGE('',*,*,#1900,.T.);
#597=ORIENTED_EDGE('',*,*,#1901,.F.);
#598=ORIENTED_EDGE('',*,*,#1902,.T.);
#599=ORIENTED_EDGE('',*,*,#1903,.F.);
#600=ORIENTED_EDGE('',*,*,#1904,.T.);
#601=ORIENTED_EDGE('',*,*,#1905,.T.);
#602=ORIENTED_EDGE('',*,*,#1906,.T.);
#603=ORIENTED_EDGE('',*,*,#1907,.T.);
#604=ORIENTED_EDGE('',*,*,#1908,.T.);
#605=ORIENTED_EDGE('',*,*,#1909,.F.);
#606=ORIENTED_EDGE('',*,*,#1910,.T.);
#607=ORIENTED_EDGE('',*,*,#1911,.F.);
#608=ORIENTED_EDGE('',*,*,#1912,.T.);
#609=ORIENTED_EDGE('',*,*,#1913,.T.);
#610=ORIENTED_EDGE('',*,*,#1914,.T.);
#611=ORIENTED_EDGE('',*,*,#1915,.T.);
#612=ORIENTED_EDGE('',*,*,#1916,.T.);
#613=ORIENTED_EDGE('',*,*,#1917,.F.);
#614=ORIENTED_EDGE('',*,*,#1918,.T.);
#615=ORIENTED_EDGE('',*,*,#1919,.F.);
#616=ORIENTED_EDGE('',*,*,#1920,.F.);
#617=ORIENTED_EDGE('',*,*,#1921,.T.);
#618=ORIENTED_EDGE('',*,*,#1922,.T.);
#619=ORIENTED_EDGE('',*,*,#1923,.F.);
#620=ORIENTED_EDGE('',*,*,#1924,.F.);
#621=ORIENTED_EDGE('',*,*,#1925,.T.);
#622=ORIENTED_EDGE('',*,*,#1926,.T.);
#623=ORIENTED_EDGE('',*,*,#1927,.F.);
#624=ORIENTED_EDGE('',*,*,#1928,.F.);
#625=ORIENTED_EDGE('',*,*,#1929,.T.);
#626=ORIENTED_EDGE('',*,*,#1930,.T.);
#627=ORIENTED_EDGE('',*,*,#1931,.T.);
#628=ORIENTED_EDGE('',*,*,#1932,.T.);
#629=ORIENTED_EDGE('',*,*,#1933,.T.);
#630=ORIENTED_EDGE('',*,*,#1934,.T.);
#631=ORIENTED_EDGE('',*,*,#1935,.T.);
#632=ORIENTED_EDGE('',*,*,#1936,.T.);
#633=ORIENTED_EDGE('',*,*,#1937,.T.);
#634=ORIENTED_EDGE('',*,*,#1938,.F.);
#635=ORIENTED_EDGE('',*,*,#1939,.F.);
#636=ORIENTED_EDGE('',*,*,#1940,.F.);
#637=ORIENTED_EDGE('',*,*,#1941,.T.);
#638=ORIENTED_EDGE('',*,*,#1942,.F.);
#639=ORIENTED_EDGE('',*,*,#1943,.F.);
#640=ORIENTED_EDGE('',*,*,#1944,.F.);
#641=ORIENTED_EDGE('',*,*,#1945,.T.);
#642=ORIENTED_EDGE('',*,*,#1946,.T.);
#643=ORIENTED_EDGE('',*,*,#1947,.F.);
#644=ORIENTED_EDGE('',*,*,#1948,.F.);
#645=ORIENTED_EDGE('',*,*,#1949,.T.);
#646=ORIENTED_EDGE('',*,*,#1950,.T.);
#647=ORIENTED_EDGE('',*,*,#1951,.F.);
#648=ORIENTED_EDGE('',*,*,#1938,.T.);
#649=ORIENTED_EDGE('',*,*,#1952,.T.);
#650=ORIENTED_EDGE('',*,*,#1724,.F.);
#651=ORIENTED_EDGE('',*,*,#1953,.F.);
#652=ORIENTED_EDGE('',*,*,#1734,.T.);
#653=ORIENTED_EDGE('',*,*,#1954,.T.);
#654=ORIENTED_EDGE('',*,*,#1932,.F.);
#655=ORIENTED_EDGE('',*,*,#1955,.T.);
#656=ORIENTED_EDGE('',*,*,#1942,.T.);
#657=ORIENTED_EDGE('',*,*,#1956,.T.);
#658=ORIENTED_EDGE('',*,*,#1716,.F.);
#659=ORIENTED_EDGE('',*,*,#1957,.F.);
#660=ORIENTED_EDGE('',*,*,#1726,.T.);
#661=ORIENTED_EDGE('',*,*,#1958,.T.);
#662=ORIENTED_EDGE('',*,*,#1936,.F.);
#663=ORIENTED_EDGE('',*,*,#1959,.T.);
#664=ORIENTED_EDGE('',*,*,#1792,.F.);
#665=ORIENTED_EDGE('',*,*,#1960,.F.);
#666=ORIENTED_EDGE('',*,*,#1688,.T.);
#667=ORIENTED_EDGE('',*,*,#1961,.T.);
#668=ORIENTED_EDGE('',*,*,#1799,.T.);
#669=ORIENTED_EDGE('',*,*,#1962,.F.);
#670=ORIENTED_EDGE('',*,*,#1689,.F.);
#671=ORIENTED_EDGE('',*,*,#1960,.T.);
#672=ORIENTED_EDGE('',*,*,#1798,.F.);
#673=ORIENTED_EDGE('',*,*,#1963,.F.);
#674=ORIENTED_EDGE('',*,*,#1690,.T.);
#675=ORIENTED_EDGE('',*,*,#1962,.T.);
#676=ORIENTED_EDGE('',*,*,#1797,.T.);
#677=ORIENTED_EDGE('',*,*,#1964,.F.);
#678=ORIENTED_EDGE('',*,*,#1691,.F.);
#679=ORIENTED_EDGE('',*,*,#1963,.T.);
#680=ORIENTED_EDGE('',*,*,#1796,.F.);
#681=ORIENTED_EDGE('',*,*,#1965,.F.);
#682=ORIENTED_EDGE('',*,*,#1692,.T.);
#683=ORIENTED_EDGE('',*,*,#1964,.T.);
#684=ORIENTED_EDGE('',*,*,#1795,.F.);
#685=ORIENTED_EDGE('',*,*,#1966,.F.);
#686=ORIENTED_EDGE('',*,*,#1693,.T.);
#687=ORIENTED_EDGE('',*,*,#1965,.T.);
#688=ORIENTED_EDGE('',*,*,#1794,.F.);
#689=ORIENTED_EDGE('',*,*,#1967,.F.);
#690=ORIENTED_EDGE('',*,*,#1694,.T.);
#691=ORIENTED_EDGE('',*,*,#1966,.T.);
#692=ORIENTED_EDGE('',*,*,#1800,.F.);
#693=ORIENTED_EDGE('',*,*,#1968,.F.);
#694=ORIENTED_EDGE('',*,*,#1680,.T.);
#695=ORIENTED_EDGE('',*,*,#1969,.T.);
#696=ORIENTED_EDGE('',*,*,#1807,.T.);
#697=ORIENTED_EDGE('',*,*,#1970,.F.);
#698=ORIENTED_EDGE('',*,*,#1681,.F.);
#699=ORIENTED_EDGE('',*,*,#1968,.T.);
#700=ORIENTED_EDGE('',*,*,#1806,.F.);
#701=ORIENTED_EDGE('',*,*,#1971,.F.);
#702=ORIENTED_EDGE('',*,*,#1682,.T.);
#703=ORIENTED_EDGE('',*,*,#1970,.T.);
#704=ORIENTED_EDGE('',*,*,#1805,.T.);
#705=ORIENTED_EDGE('',*,*,#1972,.F.);
#706=ORIENTED_EDGE('',*,*,#1683,.F.);
#707=ORIENTED_EDGE('',*,*,#1971,.T.);
#708=ORIENTED_EDGE('',*,*,#1804,.F.);
#709=ORIENTED_EDGE('',*,*,#1973,.F.);
#710=ORIENTED_EDGE('',*,*,#1684,.T.);
#711=ORIENTED_EDGE('',*,*,#1972,.T.);
#712=ORIENTED_EDGE('',*,*,#1803,.F.);
#713=ORIENTED_EDGE('',*,*,#1974,.F.);
#714=ORIENTED_EDGE('',*,*,#1685,.T.);
#715=ORIENTED_EDGE('',*,*,#1973,.T.);
#716=ORIENTED_EDGE('',*,*,#1802,.F.);
#717=ORIENTED_EDGE('',*,*,#1975,.F.);
#718=ORIENTED_EDGE('',*,*,#1686,.T.);
#719=ORIENTED_EDGE('',*,*,#1974,.T.);
#720=ORIENTED_EDGE('',*,*,#1808,.F.);
#721=ORIENTED_EDGE('',*,*,#1976,.F.);
#722=ORIENTED_EDGE('',*,*,#1672,.T.);
#723=ORIENTED_EDGE('',*,*,#1977,.T.);
#724=ORIENTED_EDGE('',*,*,#1815,.T.);
#725=ORIENTED_EDGE('',*,*,#1978,.F.);
#726=ORIENTED_EDGE('',*,*,#1673,.F.);
#727=ORIENTED_EDGE('',*,*,#1976,.T.);
#728=ORIENTED_EDGE('',*,*,#1814,.F.);
#729=ORIENTED_EDGE('',*,*,#1979,.F.);
#730=ORIENTED_EDGE('',*,*,#1674,.T.);
#731=ORIENTED_EDGE('',*,*,#1978,.T.);
#732=ORIENTED_EDGE('',*,*,#1813,.T.);
#733=ORIENTED_EDGE('',*,*,#1980,.F.);
#734=ORIENTED_EDGE('',*,*,#1675,.F.);
#735=ORIENTED_EDGE('',*,*,#1979,.T.);
#736=ORIENTED_EDGE('',*,*,#1812,.F.);
#737=ORIENTED_EDGE('',*,*,#1981,.F.);
#738=ORIENTED_EDGE('',*,*,#1676,.T.);
#739=ORIENTED_EDGE('',*,*,#1980,.T.);
#740=ORIENTED_EDGE('',*,*,#1811,.F.);
#741=ORIENTED_EDGE('',*,*,#1982,.F.);
#742=ORIENTED_EDGE('',*,*,#1677,.T.);
#743=ORIENTED_EDGE('',*,*,#1981,.T.);
#744=ORIENTED_EDGE('',*,*,#1810,.F.);
#745=ORIENTED_EDGE('',*,*,#1983,.F.);
#746=ORIENTED_EDGE('',*,*,#1678,.T.);
#747=ORIENTED_EDGE('',*,*,#1982,.T.);
#748=ORIENTED_EDGE('',*,*,#1816,.F.);
#749=ORIENTED_EDGE('',*,*,#1984,.F.);
#750=ORIENTED_EDGE('',*,*,#1664,.T.);
#751=ORIENTED_EDGE('',*,*,#1985,.T.);
#752=ORIENTED_EDGE('',*,*,#1823,.T.);
#753=ORIENTED_EDGE('',*,*,#1986,.F.);
#754=ORIENTED_EDGE('',*,*,#1665,.F.);
#755=ORIENTED_EDGE('',*,*,#1984,.T.);
#756=ORIENTED_EDGE('',*,*,#1822,.F.);
#757=ORIENTED_EDGE('',*,*,#1987,.F.);
#758=ORIENTED_EDGE('',*,*,#1666,.T.);
#759=ORIENTED_EDGE('',*,*,#1986,.T.);
#760=ORIENTED_EDGE('',*,*,#1821,.T.);
#761=ORIENTED_EDGE('',*,*,#1988,.F.);
#762=ORIENTED_EDGE('',*,*,#1667,.F.);
#763=ORIENTED_EDGE('',*,*,#1987,.T.);
#764=ORIENTED_EDGE('',*,*,#1820,.F.);
#765=ORIENTED_EDGE('',*,*,#1989,.F.);
#766=ORIENTED_EDGE('',*,*,#1668,.T.);
#767=ORIENTED_EDGE('',*,*,#1988,.T.);
#768=ORIENTED_EDGE('',*,*,#1819,.F.);
#769=ORIENTED_EDGE('',*,*,#1990,.F.);
#770=ORIENTED_EDGE('',*,*,#1669,.T.);
#771=ORIENTED_EDGE('',*,*,#1989,.T.);
#772=ORIENTED_EDGE('',*,*,#1818,.F.);
#773=ORIENTED_EDGE('',*,*,#1991,.F.);
#774=ORIENTED_EDGE('',*,*,#1670,.T.);
#775=ORIENTED_EDGE('',*,*,#1990,.T.);
#776=ORIENTED_EDGE('',*,*,#1824,.F.);
#777=ORIENTED_EDGE('',*,*,#1992,.F.);
#778=ORIENTED_EDGE('',*,*,#1656,.T.);
#779=ORIENTED_EDGE('',*,*,#1993,.T.);
#780=ORIENTED_EDGE('',*,*,#1831,.T.);
#781=ORIENTED_EDGE('',*,*,#1994,.F.);
#782=ORIENTED_EDGE('',*,*,#1657,.F.);
#783=ORIENTED_EDGE('',*,*,#1992,.T.);
#784=ORIENTED_EDGE('',*,*,#1830,.F.);
#785=ORIENTED_EDGE('',*,*,#1995,.F.);
#786=ORIENTED_EDGE('',*,*,#1658,.T.);
#787=ORIENTED_EDGE('',*,*,#1994,.T.);
#788=ORIENTED_EDGE('',*,*,#1829,.T.);
#789=ORIENTED_EDGE('',*,*,#1996,.F.);
#790=ORIENTED_EDGE('',*,*,#1659,.F.);
#791=ORIENTED_EDGE('',*,*,#1995,.T.);
#792=ORIENTED_EDGE('',*,*,#1828,.F.);
#793=ORIENTED_EDGE('',*,*,#1997,.F.);
#794=ORIENTED_EDGE('',*,*,#1660,.T.);
#795=ORIENTED_EDGE('',*,*,#1996,.T.);
#796=ORIENTED_EDGE('',*,*,#1827,.F.);
#797=ORIENTED_EDGE('',*,*,#1998,.F.);
#798=ORIENTED_EDGE('',*,*,#1661,.T.);
#799=ORIENTED_EDGE('',*,*,#1997,.T.);
#800=ORIENTED_EDGE('',*,*,#1826,.F.);
#801=ORIENTED_EDGE('',*,*,#1999,.F.);
#802=ORIENTED_EDGE('',*,*,#1662,.T.);
#803=ORIENTED_EDGE('',*,*,#1998,.T.);
#804=ORIENTED_EDGE('',*,*,#1832,.F.);
#805=ORIENTED_EDGE('',*,*,#2000,.F.);
#806=ORIENTED_EDGE('',*,*,#1648,.T.);
#807=ORIENTED_EDGE('',*,*,#2001,.T.);
#808=ORIENTED_EDGE('',*,*,#1839,.T.);
#809=ORIENTED_EDGE('',*,*,#2002,.F.);
#810=ORIENTED_EDGE('',*,*,#1649,.F.);
#811=ORIENTED_EDGE('',*,*,#2000,.T.);
#812=ORIENTED_EDGE('',*,*,#1838,.F.);
#813=ORIENTED_EDGE('',*,*,#2003,.F.);
#814=ORIENTED_EDGE('',*,*,#1650,.T.);
#815=ORIENTED_EDGE('',*,*,#2002,.T.);
#816=ORIENTED_EDGE('',*,*,#1837,.T.);
#817=ORIENTED_EDGE('',*,*,#2004,.F.);
#818=ORIENTED_EDGE('',*,*,#1651,.F.);
#819=ORIENTED_EDGE('',*,*,#2003,.T.);
#820=ORIENTED_EDGE('',*,*,#1836,.F.);
#821=ORIENTED_EDGE('',*,*,#2005,.F.);
#822=ORIENTED_EDGE('',*,*,#1652,.T.);
#823=ORIENTED_EDGE('',*,*,#2004,.T.);
#824=ORIENTED_EDGE('',*,*,#1835,.F.);
#825=ORIENTED_EDGE('',*,*,#2006,.F.);
#826=ORIENTED_EDGE('',*,*,#1653,.T.);
#827=ORIENTED_EDGE('',*,*,#2005,.T.);
#828=ORIENTED_EDGE('',*,*,#1834,.F.);
#829=ORIENTED_EDGE('',*,*,#2007,.F.);
#830=ORIENTED_EDGE('',*,*,#1654,.T.);
#831=ORIENTED_EDGE('',*,*,#2006,.T.);
#832=ORIENTED_EDGE('',*,*,#1840,.F.);
#833=ORIENTED_EDGE('',*,*,#2008,.F.);
#834=ORIENTED_EDGE('',*,*,#1640,.T.);
#835=ORIENTED_EDGE('',*,*,#2009,.T.);
#836=ORIENTED_EDGE('',*,*,#1847,.T.);
#837=ORIENTED_EDGE('',*,*,#2010,.F.);
#838=ORIENTED_EDGE('',*,*,#1641,.F.);
#839=ORIENTED_EDGE('',*,*,#2008,.T.);
#840=ORIENTED_EDGE('',*,*,#1846,.F.);
#841=ORIENTED_EDGE('',*,*,#2011,.F.);
#842=ORIENTED_EDGE('',*,*,#1642,.T.);
#843=ORIENTED_EDGE('',*,*,#2010,.T.);
#844=ORIENTED_EDGE('',*,*,#1845,.T.);
#845=ORIENTED_EDGE('',*,*,#2012,.F.);
#846=ORIENTED_EDGE('',*,*,#1643,.F.);
#847=ORIENTED_EDGE('',*,*,#2011,.T.);
#848=ORIENTED_EDGE('',*,*,#1844,.F.);
#849=ORIENTED_EDGE('',*,*,#2013,.F.);
#850=ORIENTED_EDGE('',*,*,#1644,.T.);
#851=ORIENTED_EDGE('',*,*,#2012,.T.);
#852=ORIENTED_EDGE('',*,*,#1843,.F.);
#853=ORIENTED_EDGE('',*,*,#2014,.F.);
#854=ORIENTED_EDGE('',*,*,#1645,.T.);
#855=ORIENTED_EDGE('',*,*,#2013,.T.);
#856=ORIENTED_EDGE('',*,*,#1842,.F.);
#857=ORIENTED_EDGE('',*,*,#2015,.F.);
#858=ORIENTED_EDGE('',*,*,#1646,.T.);
#859=ORIENTED_EDGE('',*,*,#2014,.T.);
#860=ORIENTED_EDGE('',*,*,#1848,.F.);
#861=ORIENTED_EDGE('',*,*,#2016,.F.);
#862=ORIENTED_EDGE('',*,*,#1632,.T.);
#863=ORIENTED_EDGE('',*,*,#2017,.T.);
#864=ORIENTED_EDGE('',*,*,#1855,.T.);
#865=ORIENTED_EDGE('',*,*,#2018,.F.);
#866=ORIENTED_EDGE('',*,*,#1633,.F.);
#867=ORIENTED_EDGE('',*,*,#2016,.T.);
#868=ORIENTED_EDGE('',*,*,#1854,.F.);
#869=ORIENTED_EDGE('',*,*,#2019,.F.);
#870=ORIENTED_EDGE('',*,*,#1634,.T.);
#871=ORIENTED_EDGE('',*,*,#2018,.T.);
#872=ORIENTED_EDGE('',*,*,#1853,.T.);
#873=ORIENTED_EDGE('',*,*,#2020,.F.);
#874=ORIENTED_EDGE('',*,*,#1635,.F.);
#875=ORIENTED_EDGE('',*,*,#2019,.T.);
#876=ORIENTED_EDGE('',*,*,#1852,.F.);
#877=ORIENTED_EDGE('',*,*,#2021,.F.);
#878=ORIENTED_EDGE('',*,*,#1636,.T.);
#879=ORIENTED_EDGE('',*,*,#2020,.T.);
#880=ORIENTED_EDGE('',*,*,#1851,.F.);
#881=ORIENTED_EDGE('',*,*,#2022,.F.);
#882=ORIENTED_EDGE('',*,*,#1637,.T.);
#883=ORIENTED_EDGE('',*,*,#2021,.T.);
#884=ORIENTED_EDGE('',*,*,#1850,.F.);
#885=ORIENTED_EDGE('',*,*,#2023,.F.);
#886=ORIENTED_EDGE('',*,*,#1638,.T.);
#887=ORIENTED_EDGE('',*,*,#2022,.T.);
#888=ORIENTED_EDGE('',*,*,#1856,.F.);
#889=ORIENTED_EDGE('',*,*,#2024,.F.);
#890=ORIENTED_EDGE('',*,*,#1624,.T.);
#891=ORIENTED_EDGE('',*,*,#2025,.T.);
#892=ORIENTED_EDGE('',*,*,#1863,.T.);
#893=ORIENTED_EDGE('',*,*,#2026,.F.);
#894=ORIENTED_EDGE('',*,*,#1625,.F.);
#895=ORIENTED_EDGE('',*,*,#2024,.T.);
#896=ORIENTED_EDGE('',*,*,#1862,.F.);
#897=ORIENTED_EDGE('',*,*,#2027,.F.);
#898=ORIENTED_EDGE('',*,*,#1626,.T.);
#899=ORIENTED_EDGE('',*,*,#2026,.T.);
#900=ORIENTED_EDGE('',*,*,#1861,.T.);
#901=ORIENTED_EDGE('',*,*,#2028,.F.);
#902=ORIENTED_EDGE('',*,*,#1627,.F.);
#903=ORIENTED_EDGE('',*,*,#2027,.T.);
#904=ORIENTED_EDGE('',*,*,#1860,.F.);
#905=ORIENTED_EDGE('',*,*,#2029,.F.);
#906=ORIENTED_EDGE('',*,*,#1628,.T.);
#907=ORIENTED_EDGE('',*,*,#2028,.T.);
#908=ORIENTED_EDGE('',*,*,#1859,.F.);
#909=ORIENTED_EDGE('',*,*,#2030,.F.);
#910=ORIENTED_EDGE('',*,*,#1629,.T.);
#911=ORIENTED_EDGE('',*,*,#2029,.T.);
#912=ORIENTED_EDGE('',*,*,#1858,.F.);
#913=ORIENTED_EDGE('',*,*,#2031,.F.);
#914=ORIENTED_EDGE('',*,*,#1630,.T.);
#915=ORIENTED_EDGE('',*,*,#2030,.T.);
#916=ORIENTED_EDGE('',*,*,#1864,.F.);
#917=ORIENTED_EDGE('',*,*,#2032,.F.);
#918=ORIENTED_EDGE('',*,*,#1616,.T.);
#919=ORIENTED_EDGE('',*,*,#2033,.T.);
#920=ORIENTED_EDGE('',*,*,#1871,.T.);
#921=ORIENTED_EDGE('',*,*,#2034,.F.);
#922=ORIENTED_EDGE('',*,*,#1617,.F.);
#923=ORIENTED_EDGE('',*,*,#2032,.T.);
#924=ORIENTED_EDGE('',*,*,#1870,.F.);
#925=ORIENTED_EDGE('',*,*,#2035,.F.);
#926=ORIENTED_EDGE('',*,*,#1618,.T.);
#927=ORIENTED_EDGE('',*,*,#2034,.T.);
#928=ORIENTED_EDGE('',*,*,#1869,.T.);
#929=ORIENTED_EDGE('',*,*,#2036,.F.);
#930=ORIENTED_EDGE('',*,*,#1619,.F.);
#931=ORIENTED_EDGE('',*,*,#2035,.T.);
#932=ORIENTED_EDGE('',*,*,#1868,.F.);
#933=ORIENTED_EDGE('',*,*,#2037,.F.);
#934=ORIENTED_EDGE('',*,*,#1620,.T.);
#935=ORIENTED_EDGE('',*,*,#2036,.T.);
#936=ORIENTED_EDGE('',*,*,#1867,.F.);
#937=ORIENTED_EDGE('',*,*,#2038,.F.);
#938=ORIENTED_EDGE('',*,*,#1621,.T.);
#939=ORIENTED_EDGE('',*,*,#2037,.T.);
#940=ORIENTED_EDGE('',*,*,#1866,.F.);
#941=ORIENTED_EDGE('',*,*,#2039,.F.);
#942=ORIENTED_EDGE('',*,*,#1622,.T.);
#943=ORIENTED_EDGE('',*,*,#2038,.T.);
#944=ORIENTED_EDGE('',*,*,#1872,.F.);
#945=ORIENTED_EDGE('',*,*,#2040,.F.);
#946=ORIENTED_EDGE('',*,*,#1608,.T.);
#947=ORIENTED_EDGE('',*,*,#2041,.T.);
#948=ORIENTED_EDGE('',*,*,#1879,.T.);
#949=ORIENTED_EDGE('',*,*,#2042,.F.);
#950=ORIENTED_EDGE('',*,*,#1609,.F.);
#951=ORIENTED_EDGE('',*,*,#2040,.T.);
#952=ORIENTED_EDGE('',*,*,#1878,.F.);
#953=ORIENTED_EDGE('',*,*,#2043,.F.);
#954=ORIENTED_EDGE('',*,*,#1610,.T.);
#955=ORIENTED_EDGE('',*,*,#2042,.T.);
#956=ORIENTED_EDGE('',*,*,#1877,.T.);
#957=ORIENTED_EDGE('',*,*,#2044,.F.);
#958=ORIENTED_EDGE('',*,*,#1611,.F.);
#959=ORIENTED_EDGE('',*,*,#2043,.T.);
#960=ORIENTED_EDGE('',*,*,#1876,.F.);
#961=ORIENTED_EDGE('',*,*,#2045,.F.);
#962=ORIENTED_EDGE('',*,*,#1612,.T.);
#963=ORIENTED_EDGE('',*,*,#2044,.T.);
#964=ORIENTED_EDGE('',*,*,#1875,.F.);
#965=ORIENTED_EDGE('',*,*,#2046,.F.);
#966=ORIENTED_EDGE('',*,*,#1613,.T.);
#967=ORIENTED_EDGE('',*,*,#2045,.T.);
#968=ORIENTED_EDGE('',*,*,#1874,.F.);
#969=ORIENTED_EDGE('',*,*,#2047,.F.);
#970=ORIENTED_EDGE('',*,*,#1614,.T.);
#971=ORIENTED_EDGE('',*,*,#2046,.T.);
#972=ORIENTED_EDGE('',*,*,#1880,.F.);
#973=ORIENTED_EDGE('',*,*,#2048,.F.);
#974=ORIENTED_EDGE('',*,*,#1600,.T.);
#975=ORIENTED_EDGE('',*,*,#2049,.T.);
#976=ORIENTED_EDGE('',*,*,#1887,.T.);
#977=ORIENTED_EDGE('',*,*,#2050,.F.);
#978=ORIENTED_EDGE('',*,*,#1601,.F.);
#979=ORIENTED_EDGE('',*,*,#2048,.T.);
#980=ORIENTED_EDGE('',*,*,#1886,.F.);
#981=ORIENTED_EDGE('',*,*,#2051,.F.);
#982=ORIENTED_EDGE('',*,*,#1602,.T.);
#983=ORIENTED_EDGE('',*,*,#2050,.T.);
#984=ORIENTED_EDGE('',*,*,#1885,.T.);
#985=ORIENTED_EDGE('',*,*,#2052,.F.);
#986=ORIENTED_EDGE('',*,*,#1603,.F.);
#987=ORIENTED_EDGE('',*,*,#2051,.T.);
#988=ORIENTED_EDGE('',*,*,#1884,.F.);
#989=ORIENTED_EDGE('',*,*,#2053,.F.);
#990=ORIENTED_EDGE('',*,*,#1604,.T.);
#991=ORIENTED_EDGE('',*,*,#2052,.T.);
#992=ORIENTED_EDGE('',*,*,#1883,.F.);
#993=ORIENTED_EDGE('',*,*,#2054,.F.);
#994=ORIENTED_EDGE('',*,*,#1605,.T.);
#995=ORIENTED_EDGE('',*,*,#2053,.T.);
#996=ORIENTED_EDGE('',*,*,#1882,.F.);
#997=ORIENTED_EDGE('',*,*,#2055,.F.);
#998=ORIENTED_EDGE('',*,*,#1606,.T.);
#999=ORIENTED_EDGE('',*,*,#2054,.T.);
#1000=ORIENTED_EDGE('',*,*,#1888,.F.);
#1001=ORIENTED_EDGE('',*,*,#2056,.F.);
#1002=ORIENTED_EDGE('',*,*,#1592,.T.);
#1003=ORIENTED_EDGE('',*,*,#2057,.T.);
#1004=ORIENTED_EDGE('',*,*,#1895,.T.);
#1005=ORIENTED_EDGE('',*,*,#2058,.F.);
#1006=ORIENTED_EDGE('',*,*,#1593,.F.);
#1007=ORIENTED_EDGE('',*,*,#2056,.T.);
#1008=ORIENTED_EDGE('',*,*,#1894,.F.);
#1009=ORIENTED_EDGE('',*,*,#2059,.F.);
#1010=ORIENTED_EDGE('',*,*,#1594,.T.);
#1011=ORIENTED_EDGE('',*,*,#2058,.T.);
#1012=ORIENTED_EDGE('',*,*,#1893,.T.);
#1013=ORIENTED_EDGE('',*,*,#2060,.F.);
#1014=ORIENTED_EDGE('',*,*,#1595,.F.);
#1015=ORIENTED_EDGE('',*,*,#2059,.T.);
#1016=ORIENTED_EDGE('',*,*,#1892,.F.);
#1017=ORIENTED_EDGE('',*,*,#2061,.F.);
#1018=ORIENTED_EDGE('',*,*,#1596,.T.);
#1019=ORIENTED_EDGE('',*,*,#2060,.T.);
#1020=ORIENTED_EDGE('',*,*,#1891,.F.);
#1021=ORIENTED_EDGE('',*,*,#2062,.F.);
#1022=ORIENTED_EDGE('',*,*,#1597,.T.);
#1023=ORIENTED_EDGE('',*,*,#2061,.T.);
#1024=ORIENTED_EDGE('',*,*,#1890,.F.);
#1025=ORIENTED_EDGE('',*,*,#2063,.F.);
#1026=ORIENTED_EDGE('',*,*,#1598,.T.);
#1027=ORIENTED_EDGE('',*,*,#2062,.T.);
#1028=ORIENTED_EDGE('',*,*,#1896,.F.);
#1029=ORIENTED_EDGE('',*,*,#2064,.F.);
#1030=ORIENTED_EDGE('',*,*,#1584,.T.);
#1031=ORIENTED_EDGE('',*,*,#2065,.T.);
#1032=ORIENTED_EDGE('',*,*,#1903,.T.);
#1033=ORIENTED_EDGE('',*,*,#2066,.F.);
#1034=ORIENTED_EDGE('',*,*,#1585,.F.);
#1035=ORIENTED_EDGE('',*,*,#2064,.T.);
#1036=ORIENTED_EDGE('',*,*,#1902,.F.);
#1037=ORIENTED_EDGE('',*,*,#2067,.F.);
#1038=ORIENTED_EDGE('',*,*,#1586,.T.);
#1039=ORIENTED_EDGE('',*,*,#2066,.T.);
#1040=ORIENTED_EDGE('',*,*,#1901,.T.);
#1041=ORIENTED_EDGE('',*,*,#2068,.F.);
#1042=ORIENTED_EDGE('',*,*,#1587,.F.);
#1043=ORIENTED_EDGE('',*,*,#2067,.T.);
#1044=ORIENTED_EDGE('',*,*,#1900,.F.);
#1045=ORIENTED_EDGE('',*,*,#2069,.F.);
#1046=ORIENTED_EDGE('',*,*,#1588,.T.);
#1047=ORIENTED_EDGE('',*,*,#2068,.T.);
#1048=ORIENTED_EDGE('',*,*,#1899,.F.);
#1049=ORIENTED_EDGE('',*,*,#2070,.F.);
#1050=ORIENTED_EDGE('',*,*,#1589,.T.);
#1051=ORIENTED_EDGE('',*,*,#2069,.T.);
#1052=ORIENTED_EDGE('',*,*,#1898,.F.);
#1053=ORIENTED_EDGE('',*,*,#2071,.F.);
#1054=ORIENTED_EDGE('',*,*,#1590,.T.);
#1055=ORIENTED_EDGE('',*,*,#2070,.T.);
#1056=ORIENTED_EDGE('',*,*,#1904,.F.);
#1057=ORIENTED_EDGE('',*,*,#2072,.F.);
#1058=ORIENTED_EDGE('',*,*,#1576,.T.);
#1059=ORIENTED_EDGE('',*,*,#2073,.T.);
#1060=ORIENTED_EDGE('',*,*,#1911,.T.);
#1061=ORIENTED_EDGE('',*,*,#2074,.F.);
#1062=ORIENTED_EDGE('',*,*,#1577,.F.);
#1063=ORIENTED_EDGE('',*,*,#2072,.T.);
#1064=ORIENTED_EDGE('',*,*,#1910,.F.);
#1065=ORIENTED_EDGE('',*,*,#2075,.F.);
#1066=ORIENTED_EDGE('',*,*,#1578,.T.);
#1067=ORIENTED_EDGE('',*,*,#2074,.T.);
#1068=ORIENTED_EDGE('',*,*,#1909,.T.);
#1069=ORIENTED_EDGE('',*,*,#2076,.F.);
#1070=ORIENTED_EDGE('',*,*,#1579,.F.);
#1071=ORIENTED_EDGE('',*,*,#2075,.T.);
#1072=ORIENTED_EDGE('',*,*,#1908,.F.);
#1073=ORIENTED_EDGE('',*,*,#2077,.F.);
#1074=ORIENTED_EDGE('',*,*,#1580,.T.);
#1075=ORIENTED_EDGE('',*,*,#2076,.T.);
#1076=ORIENTED_EDGE('',*,*,#1907,.F.);
#1077=ORIENTED_EDGE('',*,*,#2078,.F.);
#1078=ORIENTED_EDGE('',*,*,#1581,.T.);
#1079=ORIENTED_EDGE('',*,*,#2077,.T.);
#1080=ORIENTED_EDGE('',*,*,#1906,.F.);
#1081=ORIENTED_EDGE('',*,*,#2079,.F.);
#1082=ORIENTED_EDGE('',*,*,#1582,.T.);
#1083=ORIENTED_EDGE('',*,*,#2078,.T.);
#1084=ORIENTED_EDGE('',*,*,#1793,.F.);
#1085=ORIENTED_EDGE('',*,*,#1961,.F.);
#1086=ORIENTED_EDGE('',*,*,#1695,.T.);
#1087=ORIENTED_EDGE('',*,*,#1967,.T.);
#1088=ORIENTED_EDGE('',*,*,#1801,.F.);
#1089=ORIENTED_EDGE('',*,*,#1969,.F.);
#1090=ORIENTED_EDGE('',*,*,#1687,.T.);
#1091=ORIENTED_EDGE('',*,*,#1975,.T.);
#1092=ORIENTED_EDGE('',*,*,#1809,.F.);
#1093=ORIENTED_EDGE('',*,*,#1977,.F.);
#1094=ORIENTED_EDGE('',*,*,#1679,.T.);
#1095=ORIENTED_EDGE('',*,*,#1983,.T.);
#1096=ORIENTED_EDGE('',*,*,#1817,.F.);
#1097=ORIENTED_EDGE('',*,*,#1985,.F.);
#1098=ORIENTED_EDGE('',*,*,#1671,.T.);
#1099=ORIENTED_EDGE('',*,*,#1991,.T.);
#1100=ORIENTED_EDGE('',*,*,#1825,.F.);
#1101=ORIENTED_EDGE('',*,*,#1993,.F.);
#1102=ORIENTED_EDGE('',*,*,#1663,.T.);
#1103=ORIENTED_EDGE('',*,*,#1999,.T.);
#1104=ORIENTED_EDGE('',*,*,#1833,.F.);
#1105=ORIENTED_EDGE('',*,*,#2001,.F.);
#1106=ORIENTED_EDGE('',*,*,#1655,.T.);
#1107=ORIENTED_EDGE('',*,*,#2007,.T.);
#1108=ORIENTED_EDGE('',*,*,#1841,.F.);
#1109=ORIENTED_EDGE('',*,*,#2009,.F.);
#1110=ORIENTED_EDGE('',*,*,#1647,.T.);
#1111=ORIENTED_EDGE('',*,*,#2015,.T.);
#1112=ORIENTED_EDGE('',*,*,#1849,.F.);
#1113=ORIENTED_EDGE('',*,*,#2017,.F.);
#1114=ORIENTED_EDGE('',*,*,#1639,.T.);
#1115=ORIENTED_EDGE('',*,*,#2023,.T.);
#1116=ORIENTED_EDGE('',*,*,#1857,.F.);
#1117=ORIENTED_EDGE('',*,*,#2025,.F.);
#1118=ORIENTED_EDGE('',*,*,#1631,.T.);
#1119=ORIENTED_EDGE('',*,*,#2031,.T.);
#1120=ORIENTED_EDGE('',*,*,#1865,.F.);
#1121=ORIENTED_EDGE('',*,*,#2033,.F.);
#1122=ORIENTED_EDGE('',*,*,#1623,.T.);
#1123=ORIENTED_EDGE('',*,*,#2039,.T.);
#1124=ORIENTED_EDGE('',*,*,#1873,.F.);
#1125=ORIENTED_EDGE('',*,*,#2041,.F.);
#1126=ORIENTED_EDGE('',*,*,#1615,.T.);
#1127=ORIENTED_EDGE('',*,*,#2047,.T.);
#1128=ORIENTED_EDGE('',*,*,#1881,.F.);
#1129=ORIENTED_EDGE('',*,*,#2049,.F.);
#1130=ORIENTED_EDGE('',*,*,#1607,.T.);
#1131=ORIENTED_EDGE('',*,*,#2055,.T.);
#1132=ORIENTED_EDGE('',*,*,#1889,.F.);
#1133=ORIENTED_EDGE('',*,*,#2057,.F.);
#1134=ORIENTED_EDGE('',*,*,#1599,.T.);
#1135=ORIENTED_EDGE('',*,*,#2063,.T.);
#1136=ORIENTED_EDGE('',*,*,#1897,.F.);
#1137=ORIENTED_EDGE('',*,*,#2065,.F.);
#1138=ORIENTED_EDGE('',*,*,#1591,.T.);
#1139=ORIENTED_EDGE('',*,*,#2071,.T.);
#1140=ORIENTED_EDGE('',*,*,#1905,.F.);
#1141=ORIENTED_EDGE('',*,*,#2073,.F.);
#1142=ORIENTED_EDGE('',*,*,#1583,.T.);
#1143=ORIENTED_EDGE('',*,*,#2079,.T.);
#1144=ORIENTED_EDGE('',*,*,#2080,.T.);
#1145=ORIENTED_EDGE('',*,*,#1568,.T.);
#1146=ORIENTED_EDGE('',*,*,#2081,.F.);
#1147=ORIENTED_EDGE('',*,*,#1913,.F.);
#1148=ORIENTED_EDGE('',*,*,#2081,.T.);
#1149=ORIENTED_EDGE('',*,*,#1575,.T.);
#1150=ORIENTED_EDGE('',*,*,#2082,.F.);
#1151=ORIENTED_EDGE('',*,*,#1914,.F.);
#1152=ORIENTED_EDGE('',*,*,#2082,.T.);
#1153=ORIENTED_EDGE('',*,*,#1574,.T.);
#1154=ORIENTED_EDGE('',*,*,#2083,.F.);
#1155=ORIENTED_EDGE('',*,*,#1915,.F.);
#1156=ORIENTED_EDGE('',*,*,#2083,.T.);
#1157=ORIENTED_EDGE('',*,*,#1573,.T.);
#1158=ORIENTED_EDGE('',*,*,#2084,.F.);
#1159=ORIENTED_EDGE('',*,*,#1916,.F.);
#1160=ORIENTED_EDGE('',*,*,#1917,.T.);
#1161=ORIENTED_EDGE('',*,*,#2084,.T.);
#1162=ORIENTED_EDGE('',*,*,#1572,.F.);
#1163=ORIENTED_EDGE('',*,*,#2085,.F.);
#1164=ORIENTED_EDGE('',*,*,#2085,.T.);
#1165=ORIENTED_EDGE('',*,*,#1571,.T.);
#1166=ORIENTED_EDGE('',*,*,#2086,.F.);
#1167=ORIENTED_EDGE('',*,*,#1918,.F.);
#1168=ORIENTED_EDGE('',*,*,#1919,.T.);
#1169=ORIENTED_EDGE('',*,*,#2086,.T.);
#1170=ORIENTED_EDGE('',*,*,#1570,.F.);
#1171=ORIENTED_EDGE('',*,*,#2087,.F.);
#1172=ORIENTED_EDGE('',*,*,#2087,.T.);
#1173=ORIENTED_EDGE('',*,*,#1569,.T.);
#1174=ORIENTED_EDGE('',*,*,#2080,.F.);
#1175=ORIENTED_EDGE('',*,*,#1912,.F.);
#1176=ORIENTED_EDGE('',*,*,#1920,.T.);
#1177=ORIENTED_EDGE('',*,*,#2088,.T.);
#1178=ORIENTED_EDGE('',*,*,#1697,.F.);
#1179=ORIENTED_EDGE('',*,*,#2089,.F.);
#1180=ORIENTED_EDGE('',*,*,#2089,.T.);
#1181=ORIENTED_EDGE('',*,*,#1696,.T.);
#1182=ORIENTED_EDGE('',*,*,#2090,.F.);
#1183=ORIENTED_EDGE('',*,*,#1921,.F.);
#1184=ORIENTED_EDGE('',*,*,#2090,.T.);
#1185=ORIENTED_EDGE('',*,*,#1699,.T.);
#1186=ORIENTED_EDGE('',*,*,#2091,.F.);
#1187=ORIENTED_EDGE('',*,*,#1922,.F.);
#1188=ORIENTED_EDGE('',*,*,#1923,.T.);
#1189=ORIENTED_EDGE('',*,*,#2091,.T.);
#1190=ORIENTED_EDGE('',*,*,#1698,.F.);
#1191=ORIENTED_EDGE('',*,*,#2088,.F.);
#1192=ORIENTED_EDGE('',*,*,#1788,.T.);
#1193=ORIENTED_EDGE('',*,*,#2092,.T.);
#1194=ORIENTED_EDGE('',*,*,#1701,.F.);
#1195=ORIENTED_EDGE('',*,*,#2093,.F.);
#1196=ORIENTED_EDGE('',*,*,#2093,.T.);
#1197=ORIENTED_EDGE('',*,*,#1700,.T.);
#1198=ORIENTED_EDGE('',*,*,#2094,.F.);
#1199=ORIENTED_EDGE('',*,*,#1789,.F.);
#1200=ORIENTED_EDGE('',*,*,#2094,.T.);
#1201=ORIENTED_EDGE('',*,*,#1703,.T.);
#1202=ORIENTED_EDGE('',*,*,#2095,.F.);
#1203=ORIENTED_EDGE('',*,*,#1790,.F.);
#1204=ORIENTED_EDGE('',*,*,#1791,.T.);
#1205=ORIENTED_EDGE('',*,*,#2095,.T.);
#1206=ORIENTED_EDGE('',*,*,#1702,.F.);
#1207=ORIENTED_EDGE('',*,*,#2092,.F.);
#1208=ORIENTED_EDGE('',*,*,#1924,.T.);
#1209=ORIENTED_EDGE('',*,*,#2096,.T.);
#1210=ORIENTED_EDGE('',*,*,#1705,.F.);
#1211=ORIENTED_EDGE('',*,*,#2097,.F.);
#1212=ORIENTED_EDGE('',*,*,#2097,.T.);
#1213=ORIENTED_EDGE('',*,*,#1704,.T.);
#1214=ORIENTED_EDGE('',*,*,#2098,.F.);
#1215=ORIENTED_EDGE('',*,*,#1925,.F.);
#1216=ORIENTED_EDGE('',*,*,#2098,.T.);
#1217=ORIENTED_EDGE('',*,*,#1707,.T.);
#1218=ORIENTED_EDGE('',*,*,#2099,.F.);
#1219=ORIENTED_EDGE('',*,*,#1926,.F.);
#1220=ORIENTED_EDGE('',*,*,#1927,.T.);
#1221=ORIENTED_EDGE('',*,*,#2099,.T.);
#1222=ORIENTED_EDGE('',*,*,#1706,.F.);
#1223=ORIENTED_EDGE('',*,*,#2096,.F.);
#1224=ORIENTED_EDGE('',*,*,#1710,.F.);
#1225=ORIENTED_EDGE('',*,*,#2100,.T.);
#1226=ORIENTED_EDGE('',*,*,#1928,.T.);
#1227=ORIENTED_EDGE('',*,*,#2101,.T.);
#1228=ORIENTED_EDGE('',*,*,#1718,.F.);
#1229=ORIENTED_EDGE('',*,*,#2102,.T.);
#1230=ORIENTED_EDGE('',*,*,#1940,.T.);
#1231=ORIENTED_EDGE('',*,*,#2103,.T.);
#1232=ORIENTED_EDGE('',*,*,#1930,.F.);
#1233=ORIENTED_EDGE('',*,*,#2104,.T.);
#1234=ORIENTED_EDGE('',*,*,#1708,.T.);
#1235=ORIENTED_EDGE('',*,*,#2105,.F.);
#1236=ORIENTED_EDGE('',*,*,#1934,.F.);
#1237=ORIENTED_EDGE('',*,*,#2106,.T.);
#1238=ORIENTED_EDGE('',*,*,#1732,.T.);
#1239=ORIENTED_EDGE('',*,*,#2107,.F.);
#1240=ORIENTED_EDGE('',*,*,#2108,.T.);
#1241=ORIENTED_EDGE('',*,*,#1943,.T.);
#1242=ORIENTED_EDGE('',*,*,#2109,.F.);
#1243=ORIENTED_EDGE('',*,*,#2110,.T.);
#1244=ORIENTED_EDGE('',*,*,#2111,.F.);
#1245=ORIENTED_EDGE('',*,*,#2109,.T.);
#1246=ORIENTED_EDGE('',*,*,#1957,.T.);
#1247=ORIENTED_EDGE('',*,*,#1715,.T.);
#1248=ORIENTED_EDGE('',*,*,#2112,.F.);
#1249=ORIENTED_EDGE('',*,*,#1713,.F.);
#1250=ORIENTED_EDGE('',*,*,#2113,.F.);
#1251=ORIENTED_EDGE('',*,*,#2114,.T.);
#1252=ORIENTED_EDGE('',*,*,#2115,.F.);
#1253=ORIENTED_EDGE('',*,*,#1740,.F.);
#1254=ORIENTED_EDGE('',*,*,#2116,.F.);
#1255=ORIENTED_EDGE('',*,*,#2117,.T.);
#1256=ORIENTED_EDGE('',*,*,#2118,.T.);
#1257=ORIENTED_EDGE('',*,*,#2119,.T.);
#1258=ORIENTED_EDGE('',*,*,#2116,.T.);
#1259=ORIENTED_EDGE('',*,*,#1745,.F.);
#1260=ORIENTED_EDGE('',*,*,#2120,.F.);
#1261=ORIENTED_EDGE('',*,*,#2121,.T.);
#1262=ORIENTED_EDGE('',*,*,#2122,.F.);
#1263=ORIENTED_EDGE('',*,*,#1743,.F.);
#1264=ORIENTED_EDGE('',*,*,#2123,.F.);
#1265=ORIENTED_EDGE('',*,*,#1741,.F.);
#1266=ORIENTED_EDGE('',*,*,#2118,.F.);
#1267=ORIENTED_EDGE('',*,*,#2124,.T.);
#1268=ORIENTED_EDGE('',*,*,#2125,.F.);
#1269=ORIENTED_EDGE('',*,*,#1711,.F.);
#1270=ORIENTED_EDGE('',*,*,#2101,.F.);
#1271=ORIENTED_EDGE('',*,*,#2108,.F.);
#1272=ORIENTED_EDGE('',*,*,#2126,.T.);
#1273=ORIENTED_EDGE('',*,*,#2127,.F.);
#1274=ORIENTED_EDGE('',*,*,#2117,.F.);
#1275=ORIENTED_EDGE('',*,*,#2119,.F.);
#1276=ORIENTED_EDGE('',*,*,#2128,.F.);
#1277=ORIENTED_EDGE('',*,*,#2121,.F.);
#1278=ORIENTED_EDGE('',*,*,#2129,.F.);
#1279=ORIENTED_EDGE('',*,*,#2124,.F.);
#1280=ORIENTED_EDGE('',*,*,#2114,.F.);
#1281=ORIENTED_EDGE('',*,*,#2130,.F.);
#1282=ORIENTED_EDGE('',*,*,#2126,.F.);
#1283=ORIENTED_EDGE('',*,*,#2110,.F.);
#1284=ORIENTED_EDGE('',*,*,#2111,.T.);
#1285=ORIENTED_EDGE('',*,*,#2131,.F.);
#1286=ORIENTED_EDGE('',*,*,#2131,.T.);
#1287=ORIENTED_EDGE('',*,*,#2112,.T.);
#1288=ORIENTED_EDGE('',*,*,#1714,.T.);
#1289=ORIENTED_EDGE('',*,*,#2115,.T.);
#1290=ORIENTED_EDGE('',*,*,#2130,.T.);
#1291=ORIENTED_EDGE('',*,*,#2113,.T.);
#1292=ORIENTED_EDGE('',*,*,#1712,.T.);
#1293=ORIENTED_EDGE('',*,*,#2127,.T.);
#1294=ORIENTED_EDGE('',*,*,#2129,.T.);
#1295=ORIENTED_EDGE('',*,*,#2123,.T.);
#1296=ORIENTED_EDGE('',*,*,#1742,.T.);
#1297=ORIENTED_EDGE('',*,*,#2125,.T.);
#1298=ORIENTED_EDGE('',*,*,#2128,.T.);
#1299=ORIENTED_EDGE('',*,*,#2120,.T.);
#1300=ORIENTED_EDGE('',*,*,#1744,.T.);
#1301=ORIENTED_EDGE('',*,*,#2122,.T.);
#1302=ORIENTED_EDGE('',*,*,#2132,.T.);
#1303=ORIENTED_EDGE('',*,*,#1935,.F.);
#1304=ORIENTED_EDGE('',*,*,#2133,.F.);
#1305=ORIENTED_EDGE('',*,*,#2134,.F.);
#1306=ORIENTED_EDGE('',*,*,#2135,.T.);
#1307=ORIENTED_EDGE('',*,*,#2136,.T.);
#1308=ORIENTED_EDGE('',*,*,#1727,.F.);
#1309=ORIENTED_EDGE('',*,*,#1959,.F.);
#1310=ORIENTED_EDGE('',*,*,#2132,.F.);
#1311=ORIENTED_EDGE('',*,*,#1729,.T.);
#1312=ORIENTED_EDGE('',*,*,#2137,.T.);
#1313=ORIENTED_EDGE('',*,*,#2138,.F.);
#1314=ORIENTED_EDGE('',*,*,#2139,.T.);
#1315=ORIENTED_EDGE('',*,*,#1746,.T.);
#1316=ORIENTED_EDGE('',*,*,#2140,.F.);
#1317=ORIENTED_EDGE('',*,*,#2141,.F.);
#1318=ORIENTED_EDGE('',*,*,#2142,.T.);
#1319=ORIENTED_EDGE('',*,*,#2143,.F.);
#1320=ORIENTED_EDGE('',*,*,#2144,.T.);
#1321=ORIENTED_EDGE('',*,*,#1747,.T.);
#1322=ORIENTED_EDGE('',*,*,#2142,.F.);
#1323=ORIENTED_EDGE('',*,*,#2145,.F.);
#1324=ORIENTED_EDGE('',*,*,#2146,.T.);
#1325=ORIENTED_EDGE('',*,*,#1749,.T.);
#1326=ORIENTED_EDGE('',*,*,#2147,.T.);
#1327=ORIENTED_EDGE('',*,*,#1751,.T.);
#1328=ORIENTED_EDGE('',*,*,#2148,.T.);
#1329=ORIENTED_EDGE('',*,*,#2149,.F.);
#1330=ORIENTED_EDGE('',*,*,#2140,.T.);
#1331=ORIENTED_EDGE('',*,*,#1731,.T.);
#1332=ORIENTED_EDGE('',*,*,#2150,.T.);
#1333=ORIENTED_EDGE('',*,*,#2151,.F.);
#1334=ORIENTED_EDGE('',*,*,#2133,.T.);
#1335=ORIENTED_EDGE('',*,*,#2107,.T.);
#1336=ORIENTED_EDGE('',*,*,#2141,.T.);
#1337=ORIENTED_EDGE('',*,*,#2149,.T.);
#1338=ORIENTED_EDGE('',*,*,#2152,.T.);
#1339=ORIENTED_EDGE('',*,*,#2145,.T.);
#1340=ORIENTED_EDGE('',*,*,#2153,.T.);
#1341=ORIENTED_EDGE('',*,*,#2143,.T.);
#1342=ORIENTED_EDGE('',*,*,#2138,.T.);
#1343=ORIENTED_EDGE('',*,*,#2154,.T.);
#1344=ORIENTED_EDGE('',*,*,#2135,.F.);
#1345=ORIENTED_EDGE('',*,*,#2134,.T.);
#1346=ORIENTED_EDGE('',*,*,#2151,.T.);
#1347=ORIENTED_EDGE('',*,*,#2155,.T.);
#1348=ORIENTED_EDGE('',*,*,#2154,.F.);
#1349=ORIENTED_EDGE('',*,*,#2137,.F.);
#1350=ORIENTED_EDGE('',*,*,#1728,.F.);
#1351=ORIENTED_EDGE('',*,*,#2136,.F.);
#1352=ORIENTED_EDGE('',*,*,#2155,.F.);
#1353=ORIENTED_EDGE('',*,*,#2150,.F.);
#1354=ORIENTED_EDGE('',*,*,#1730,.F.);
#1355=ORIENTED_EDGE('',*,*,#2139,.F.);
#1356=ORIENTED_EDGE('',*,*,#2152,.F.);
#1357=ORIENTED_EDGE('',*,*,#2148,.F.);
#1358=ORIENTED_EDGE('',*,*,#1750,.F.);
#1359=ORIENTED_EDGE('',*,*,#2146,.F.);
#1360=ORIENTED_EDGE('',*,*,#2153,.F.);
#1361=ORIENTED_EDGE('',*,*,#2147,.F.);
#1362=ORIENTED_EDGE('',*,*,#1748,.F.);
#1363=ORIENTED_EDGE('',*,*,#2144,.F.);
#1364=ORIENTED_EDGE('',*,*,#2156,.T.);
#1365=ORIENTED_EDGE('',*,*,#1939,.T.);
#1366=ORIENTED_EDGE('',*,*,#2157,.F.);
#1367=ORIENTED_EDGE('',*,*,#2158,.F.);
#1368=ORIENTED_EDGE('',*,*,#2159,.T.);
#1369=ORIENTED_EDGE('',*,*,#2160,.T.);
#1370=ORIENTED_EDGE('',*,*,#1719,.F.);
#1371=ORIENTED_EDGE('',*,*,#2103,.F.);
#1372=ORIENTED_EDGE('',*,*,#2156,.F.);
#1373=ORIENTED_EDGE('',*,*,#1721,.T.);
#1374=ORIENTED_EDGE('',*,*,#2161,.T.);
#1375=ORIENTED_EDGE('',*,*,#2162,.F.);
#1376=ORIENTED_EDGE('',*,*,#2163,.T.);
#1377=ORIENTED_EDGE('',*,*,#1752,.T.);
#1378=ORIENTED_EDGE('',*,*,#2164,.F.);
#1379=ORIENTED_EDGE('',*,*,#2165,.F.);
#1380=ORIENTED_EDGE('',*,*,#2166,.T.);
#1381=ORIENTED_EDGE('',*,*,#2167,.F.);
#1382=ORIENTED_EDGE('',*,*,#2168,.T.);
#1383=ORIENTED_EDGE('',*,*,#1753,.T.);
#1384=ORIENTED_EDGE('',*,*,#2166,.F.);
#1385=ORIENTED_EDGE('',*,*,#2169,.F.);
#1386=ORIENTED_EDGE('',*,*,#2170,.T.);
#1387=ORIENTED_EDGE('',*,*,#1755,.T.);
#1388=ORIENTED_EDGE('',*,*,#2171,.T.);
#1389=ORIENTED_EDGE('',*,*,#1757,.T.);
#1390=ORIENTED_EDGE('',*,*,#2172,.T.);
#1391=ORIENTED_EDGE('',*,*,#2173,.F.);
#1392=ORIENTED_EDGE('',*,*,#2164,.T.);
#1393=ORIENTED_EDGE('',*,*,#1723,.T.);
#1394=ORIENTED_EDGE('',*,*,#2174,.T.);
#1395=ORIENTED_EDGE('',*,*,#2175,.F.);
#1396=ORIENTED_EDGE('',*,*,#2157,.T.);
#1397=ORIENTED_EDGE('',*,*,#1953,.T.);
#1398=ORIENTED_EDGE('',*,*,#2165,.T.);
#1399=ORIENTED_EDGE('',*,*,#2173,.T.);
#1400=ORIENTED_EDGE('',*,*,#2176,.T.);
#1401=ORIENTED_EDGE('',*,*,#2169,.T.);
#1402=ORIENTED_EDGE('',*,*,#2177,.T.);
#1403=ORIENTED_EDGE('',*,*,#2167,.T.);
#1404=ORIENTED_EDGE('',*,*,#2162,.T.);
#1405=ORIENTED_EDGE('',*,*,#2178,.T.);
#1406=ORIENTED_EDGE('',*,*,#2159,.F.);
#1407=ORIENTED_EDGE('',*,*,#2158,.T.);
#1408=ORIENTED_EDGE('',*,*,#2175,.T.);
#1409=ORIENTED_EDGE('',*,*,#2179,.T.);
#1410=ORIENTED_EDGE('',*,*,#2178,.F.);
#1411=ORIENTED_EDGE('',*,*,#2161,.F.);
#1412=ORIENTED_EDGE('',*,*,#1720,.F.);
#1413=ORIENTED_EDGE('',*,*,#2160,.F.);
#1414=ORIENTED_EDGE('',*,*,#2179,.F.);
#1415=ORIENTED_EDGE('',*,*,#2174,.F.);
#1416=ORIENTED_EDGE('',*,*,#1722,.F.);
#1417=ORIENTED_EDGE('',*,*,#2163,.F.);
#1418=ORIENTED_EDGE('',*,*,#2176,.F.);
#1419=ORIENTED_EDGE('',*,*,#2172,.F.);
#1420=ORIENTED_EDGE('',*,*,#1756,.F.);
#1421=ORIENTED_EDGE('',*,*,#2170,.F.);
#1422=ORIENTED_EDGE('',*,*,#2177,.F.);
#1423=ORIENTED_EDGE('',*,*,#2171,.F.);
#1424=ORIENTED_EDGE('',*,*,#1754,.F.);
#1425=ORIENTED_EDGE('',*,*,#2168,.F.);
#1426=ORIENTED_EDGE('',*,*,#2180,.T.);
#1427=ORIENTED_EDGE('',*,*,#1931,.F.);
#1428=ORIENTED_EDGE('',*,*,#2181,.F.);
#1429=ORIENTED_EDGE('',*,*,#2182,.T.);
#1430=ORIENTED_EDGE('',*,*,#2183,.F.);
#1431=ORIENTED_EDGE('',*,*,#2181,.T.);
#1432=ORIENTED_EDGE('',*,*,#2105,.T.);
#1433=ORIENTED_EDGE('',*,*,#1739,.T.);
#1434=ORIENTED_EDGE('',*,*,#2184,.F.);
#1435=ORIENTED_EDGE('',*,*,#1737,.F.);
#1436=ORIENTED_EDGE('',*,*,#2185,.F.);
#1437=ORIENTED_EDGE('',*,*,#2186,.T.);
#1438=ORIENTED_EDGE('',*,*,#2187,.F.);
#1439=ORIENTED_EDGE('',*,*,#1758,.F.);
#1440=ORIENTED_EDGE('',*,*,#2188,.F.);
#1441=ORIENTED_EDGE('',*,*,#2189,.T.);
#1442=ORIENTED_EDGE('',*,*,#2190,.T.);
#1443=ORIENTED_EDGE('',*,*,#2191,.T.);
#1444=ORIENTED_EDGE('',*,*,#2188,.T.);
#1445=ORIENTED_EDGE('',*,*,#1763,.F.);
#1446=ORIENTED_EDGE('',*,*,#2192,.F.);
#1447=ORIENTED_EDGE('',*,*,#2193,.T.);
#1448=ORIENTED_EDGE('',*,*,#2194,.F.);
#1449=ORIENTED_EDGE('',*,*,#1761,.F.);
#1450=ORIENTED_EDGE('',*,*,#2195,.F.);
#1451=ORIENTED_EDGE('',*,*,#1759,.F.);
#1452=ORIENTED_EDGE('',*,*,#2190,.F.);
#1453=ORIENTED_EDGE('',*,*,#2196,.T.);
#1454=ORIENTED_EDGE('',*,*,#2197,.F.);
#1455=ORIENTED_EDGE('',*,*,#1735,.F.);
#1456=ORIENTED_EDGE('',*,*,#1955,.F.);
#1457=ORIENTED_EDGE('',*,*,#2180,.F.);
#1458=ORIENTED_EDGE('',*,*,#2198,.T.);
#1459=ORIENTED_EDGE('',*,*,#2199,.F.);
#1460=ORIENTED_EDGE('',*,*,#2189,.F.);
#1461=ORIENTED_EDGE('',*,*,#2191,.F.);
#1462=ORIENTED_EDGE('',*,*,#2200,.F.);
#1463=ORIENTED_EDGE('',*,*,#2193,.F.);
#1464=ORIENTED_EDGE('',*,*,#2201,.F.);
#1465=ORIENTED_EDGE('',*,*,#2196,.F.);
#1466=ORIENTED_EDGE('',*,*,#2186,.F.);
#1467=ORIENTED_EDGE('',*,*,#2202,.F.);
#1468=ORIENTED_EDGE('',*,*,#2198,.F.);
#1469=ORIENTED_EDGE('',*,*,#2182,.F.);
#1470=ORIENTED_EDGE('',*,*,#2183,.T.);
#1471=ORIENTED_EDGE('',*,*,#2203,.F.);
#1472=ORIENTED_EDGE('',*,*,#2203,.T.);
#1473=ORIENTED_EDGE('',*,*,#2184,.T.);
#1474=ORIENTED_EDGE('',*,*,#1738,.T.);
#1475=ORIENTED_EDGE('',*,*,#2187,.T.);
#1476=ORIENTED_EDGE('',*,*,#2202,.T.);
#1477=ORIENTED_EDGE('',*,*,#2185,.T.);
#1478=ORIENTED_EDGE('',*,*,#1736,.T.);
#1479=ORIENTED_EDGE('',*,*,#2199,.T.);
#1480=ORIENTED_EDGE('',*,*,#2201,.T.);
#1481=ORIENTED_EDGE('',*,*,#2195,.T.);
#1482=ORIENTED_EDGE('',*,*,#1760,.T.);
#1483=ORIENTED_EDGE('',*,*,#2197,.T.);
#1484=ORIENTED_EDGE('',*,*,#2200,.T.);
#1485=ORIENTED_EDGE('',*,*,#2192,.T.);
#1486=ORIENTED_EDGE('',*,*,#1762,.T.);
#1487=ORIENTED_EDGE('',*,*,#2194,.T.);
#1488=ORIENTED_EDGE('',*,*,#1709,.F.);
#1489=ORIENTED_EDGE('',*,*,#2104,.F.);
#1490=ORIENTED_EDGE('',*,*,#1929,.F.);
#1491=ORIENTED_EDGE('',*,*,#2100,.F.);
#1492=ORIENTED_EDGE('',*,*,#1717,.F.);
#1493=ORIENTED_EDGE('',*,*,#1956,.F.);
#1494=ORIENTED_EDGE('',*,*,#1941,.F.);
#1495=ORIENTED_EDGE('',*,*,#2102,.F.);
#1496=ORIENTED_EDGE('',*,*,#1725,.F.);
#1497=ORIENTED_EDGE('',*,*,#1952,.F.);
#1498=ORIENTED_EDGE('',*,*,#1937,.F.);
#1499=ORIENTED_EDGE('',*,*,#1958,.F.);
#1500=ORIENTED_EDGE('',*,*,#1733,.F.);
#1501=ORIENTED_EDGE('',*,*,#2106,.F.);
#1502=ORIENTED_EDGE('',*,*,#1933,.F.);
#1503=ORIENTED_EDGE('',*,*,#1954,.F.);
#1504=ORIENTED_EDGE('',*,*,#1784,.T.);
#1505=ORIENTED_EDGE('',*,*,#2204,.T.);
#1506=ORIENTED_EDGE('',*,*,#1765,.F.);
#1507=ORIENTED_EDGE('',*,*,#2205,.F.);
#1508=ORIENTED_EDGE('',*,*,#2205,.T.);
#1509=ORIENTED_EDGE('',*,*,#1764,.T.);
#1510=ORIENTED_EDGE('',*,*,#2206,.F.);
#1511=ORIENTED_EDGE('',*,*,#1785,.F.);
#1512=ORIENTED_EDGE('',*,*,#2206,.T.);
#1513=ORIENTED_EDGE('',*,*,#1767,.T.);
#1514=ORIENTED_EDGE('',*,*,#2207,.F.);
#1515=ORIENTED_EDGE('',*,*,#1786,.F.);
#1516=ORIENTED_EDGE('',*,*,#1787,.T.);
#1517=ORIENTED_EDGE('',*,*,#2207,.T.);
#1518=ORIENTED_EDGE('',*,*,#1766,.F.);
#1519=ORIENTED_EDGE('',*,*,#2204,.F.);
#1520=ORIENTED_EDGE('',*,*,#1944,.T.);
#1521=ORIENTED_EDGE('',*,*,#2208,.T.);
#1522=ORIENTED_EDGE('',*,*,#1769,.F.);
#1523=ORIENTED_EDGE('',*,*,#2209,.F.);
#1524=ORIENTED_EDGE('',*,*,#2209,.T.);
#1525=ORIENTED_EDGE('',*,*,#1768,.T.);
#1526=ORIENTED_EDGE('',*,*,#2210,.F.);
#1527=ORIENTED_EDGE('',*,*,#1945,.F.);
#1528=ORIENTED_EDGE('',*,*,#2210,.T.);
#1529=ORIENTED_EDGE('',*,*,#1771,.T.);
#1530=ORIENTED_EDGE('',*,*,#2211,.F.);
#1531=ORIENTED_EDGE('',*,*,#1946,.F.);
#1532=ORIENTED_EDGE('',*,*,#1947,.T.);
#1533=ORIENTED_EDGE('',*,*,#2211,.T.);
#1534=ORIENTED_EDGE('',*,*,#1770,.F.);
#1535=ORIENTED_EDGE('',*,*,#2208,.F.);
#1536=ORIENTED_EDGE('',*,*,#1780,.T.);
#1537=ORIENTED_EDGE('',*,*,#2212,.T.);
#1538=ORIENTED_EDGE('',*,*,#1773,.F.);
#1539=ORIENTED_EDGE('',*,*,#2213,.F.);
#1540=ORIENTED_EDGE('',*,*,#2213,.T.);
#1541=ORIENTED_EDGE('',*,*,#1772,.T.);
#1542=ORIENTED_EDGE('',*,*,#2214,.F.);
#1543=ORIENTED_EDGE('',*,*,#1781,.F.);
#1544=ORIENTED_EDGE('',*,*,#2214,.T.);
#1545=ORIENTED_EDGE('',*,*,#1775,.T.);
#1546=ORIENTED_EDGE('',*,*,#2215,.F.);
#1547=ORIENTED_EDGE('',*,*,#1782,.F.);
#1548=ORIENTED_EDGE('',*,*,#1783,.T.);
#1549=ORIENTED_EDGE('',*,*,#2215,.T.);
#1550=ORIENTED_EDGE('',*,*,#1774,.F.);
#1551=ORIENTED_EDGE('',*,*,#2212,.F.);
#1552=ORIENTED_EDGE('',*,*,#1948,.T.);
#1553=ORIENTED_EDGE('',*,*,#2216,.T.);
#1554=ORIENTED_EDGE('',*,*,#1777,.F.);
#1555=ORIENTED_EDGE('',*,*,#2217,.F.);
#1556=ORIENTED_EDGE('',*,*,#2217,.T.);
#1557=ORIENTED_EDGE('',*,*,#1776,.T.);
#1558=ORIENTED_EDGE('',*,*,#2218,.F.);
#1559=ORIENTED_EDGE('',*,*,#1949,.F.);
#1560=ORIENTED_EDGE('',*,*,#2218,.T.);
#1561=ORIENTED_EDGE('',*,*,#1779,.T.);
#1562=ORIENTED_EDGE('',*,*,#2219,.F.);
#1563=ORIENTED_EDGE('',*,*,#1950,.F.);
#1564=ORIENTED_EDGE('',*,*,#1951,.T.);
#1565=ORIENTED_EDGE('',*,*,#2219,.T.);
#1566=ORIENTED_EDGE('',*,*,#1778,.F.);
#1567=ORIENTED_EDGE('',*,*,#2216,.F.);
#1568=EDGE_CURVE('',#2220,#2221,#2652,.T.);
#1569=EDGE_CURVE('',#2222,#2220,#96,.T.);
#1570=EDGE_CURVE('',#2222,#2223,#2653,.T.);
#1571=EDGE_CURVE('',#2224,#2223,#97,.T.);
#1572=EDGE_CURVE('',#2224,#2225,#2654,.T.);
#1573=EDGE_CURVE('',#2226,#2225,#98,.T.);
#1574=EDGE_CURVE('',#2227,#2226,#2655,.T.);
#1575=EDGE_CURVE('',#2221,#2227,#99,.T.);
#1576=EDGE_CURVE('',#2228,#2229,#100,.T.);
#1577=EDGE_CURVE('',#2228,#2230,#2656,.T.);
#1578=EDGE_CURVE('',#2231,#2230,#101,.T.);
#1579=EDGE_CURVE('',#2231,#2232,#2657,.T.);
#1580=EDGE_CURVE('',#2233,#2232,#102,.T.);
#1581=EDGE_CURVE('',#2234,#2233,#2658,.T.);
#1582=EDGE_CURVE('',#2235,#2234,#103,.T.);
#1583=EDGE_CURVE('',#2229,#2235,#2659,.T.);
#1584=EDGE_CURVE('',#2236,#2237,#104,.T.);
#1585=EDGE_CURVE('',#2236,#2238,#2660,.T.);
#1586=EDGE_CURVE('',#2239,#2238,#105,.T.);
#1587=EDGE_CURVE('',#2239,#2240,#2661,.T.);
#1588=EDGE_CURVE('',#2241,#2240,#106,.T.);
#1589=EDGE_CURVE('',#2242,#2241,#2662,.T.);
#1590=EDGE_CURVE('',#2243,#2242,#107,.T.);
#1591=EDGE_CURVE('',#2237,#2243,#2663,.T.);
#1592=EDGE_CURVE('',#2244,#2245,#108,.T.);
#1593=EDGE_CURVE('',#2244,#2246,#2664,.T.);
#1594=EDGE_CURVE('',#2247,#2246,#109,.T.);
#1595=EDGE_CURVE('',#2247,#2248,#2665,.T.);
#1596=EDGE_CURVE('',#2249,#2248,#110,.T.);
#1597=EDGE_CURVE('',#2250,#2249,#2666,.T.);
#1598=EDGE_CURVE('',#2251,#2250,#111,.T.);
#1599=EDGE_CURVE('',#2245,#2251,#2667,.T.);
#1600=EDGE_CURVE('',#2252,#2253,#112,.T.);
#1601=EDGE_CURVE('',#2252,#2254,#2668,.T.);
#1602=EDGE_CURVE('',#2255,#2254,#113,.T.);
#1603=EDGE_CURVE('',#2255,#2256,#2669,.T.);
#1604=EDGE_CURVE('',#2257,#2256,#114,.T.);
#1605=EDGE_CURVE('',#2258,#2257,#2670,.T.);
#1606=EDGE_CURVE('',#2259,#2258,#115,.T.);
#1607=EDGE_CURVE('',#2253,#2259,#2671,.T.);
#1608=EDGE_CURVE('',#2260,#2261,#116,.T.);
#1609=EDGE_CURVE('',#2260,#2262,#2672,.T.);
#1610=EDGE_CURVE('',#2263,#2262,#117,.T.);
#1611=EDGE_CURVE('',#2263,#2264,#2673,.T.);
#1612=EDGE_CURVE('',#2265,#2264,#118,.T.);
#1613=EDGE_CURVE('',#2266,#2265,#2674,.T.);
#1614=EDGE_CURVE('',#2267,#2266,#119,.T.);
#1615=EDGE_CURVE('',#2261,#2267,#2675,.T.);
#1616=EDGE_CURVE('',#2268,#2269,#120,.T.);
#1617=EDGE_CURVE('',#2268,#2270,#2676,.T.);
#1618=EDGE_CURVE('',#2271,#2270,#121,.T.);
#1619=EDGE_CURVE('',#2271,#2272,#2677,.T.);
#1620=EDGE_CURVE('',#2273,#2272,#122,.T.);
#1621=EDGE_CURVE('',#2274,#2273,#2678,.T.);
#1622=EDGE_CURVE('',#2275,#2274,#123,.T.);
#1623=EDGE_CURVE('',#2269,#2275,#2679,.T.);
#1624=EDGE_CURVE('',#2276,#2277,#124,.T.);
#1625=EDGE_CURVE('',#2276,#2278,#2680,.T.);
#1626=EDGE_CURVE('',#2279,#2278,#125,.T.);
#1627=EDGE_CURVE('',#2279,#2280,#2681,.T.);
#1628=EDGE_CURVE('',#2281,#2280,#126,.T.);
#1629=EDGE_CURVE('',#2282,#2281,#2682,.T.);
#1630=EDGE_CURVE('',#2283,#2282,#127,.T.);
#1631=EDGE_CURVE('',#2277,#2283,#2683,.T.);
#1632=EDGE_CURVE('',#2284,#2285,#128,.T.);
#1633=EDGE_CURVE('',#2284,#2286,#2684,.T.);
#1634=EDGE_CURVE('',#2287,#2286,#129,.T.);
#1635=EDGE_CURVE('',#2287,#2288,#2685,.T.);
#1636=EDGE_CURVE('',#2289,#2288,#130,.T.);
#1637=EDGE_CURVE('',#2290,#2289,#2686,.T.);
#1638=EDGE_CURVE('',#2291,#2290,#131,.T.);
#1639=EDGE_CURVE('',#2285,#2291,#2687,.T.);
#1640=EDGE_CURVE('',#2292,#2293,#132,.T.);
#1641=EDGE_CURVE('',#2292,#2294,#2688,.T.);
#1642=EDGE_CURVE('',#2295,#2294,#133,.T.);
#1643=EDGE_CURVE('',#2295,#2296,#2689,.T.);
#1644=EDGE_CURVE('',#2297,#2296,#134,.T.);
#1645=EDGE_CURVE('',#2298,#2297,#2690,.T.);
#1646=EDGE_CURVE('',#2299,#2298,#135,.T.);
#1647=EDGE_CURVE('',#2293,#2299,#2691,.T.);
#1648=EDGE_CURVE('',#2300,#2301,#136,.T.);
#1649=EDGE_CURVE('',#2300,#2302,#2692,.T.);
#1650=EDGE_CURVE('',#2303,#2302,#137,.T.);
#1651=EDGE_CURVE('',#2303,#2304,#2693,.T.);
#1652=EDGE_CURVE('',#2305,#2304,#138,.T.);
#1653=EDGE_CURVE('',#2306,#2305,#2694,.T.);
#1654=EDGE_CURVE('',#2307,#2306,#139,.T.);
#1655=EDGE_CURVE('',#2301,#2307,#2695,.T.);
#1656=EDGE_CURVE('',#2308,#2309,#140,.T.);
#1657=EDGE_CURVE('',#2308,#2310,#2696,.T.);
#1658=EDGE_CURVE('',#2311,#2310,#141,.T.);
#1659=EDGE_CURVE('',#2311,#2312,#2697,.T.);
#1660=EDGE_CURVE('',#2313,#2312,#142,.T.);
#1661=EDGE_CURVE('',#2314,#2313,#2698,.T.);
#1662=EDGE_CURVE('',#2315,#2314,#143,.T.);
#1663=EDGE_CURVE('',#2309,#2315,#2699,.T.);
#1664=EDGE_CURVE('',#2316,#2317,#144,.T.);
#1665=EDGE_CURVE('',#2316,#2318,#2700,.T.);
#1666=EDGE_CURVE('',#2319,#2318,#145,.T.);
#1667=EDGE_CURVE('',#2319,#2320,#2701,.T.);
#1668=EDGE_CURVE('',#2321,#2320,#146,.T.);
#1669=EDGE_CURVE('',#2322,#2321,#2702,.T.);
#1670=EDGE_CURVE('',#2323,#2322,#147,.T.);
#1671=EDGE_CURVE('',#2317,#2323,#2703,.T.);
#1672=EDGE_CURVE('',#2324,#2325,#148,.T.);
#1673=EDGE_CURVE('',#2324,#2326,#2704,.T.);
#1674=EDGE_CURVE('',#2327,#2326,#149,.T.);
#1675=EDGE_CURVE('',#2327,#2328,#2705,.T.);
#1676=EDGE_CURVE('',#2329,#2328,#150,.T.);
#1677=EDGE_CURVE('',#2330,#2329,#2706,.T.);
#1678=EDGE_CURVE('',#2331,#2330,#151,.T.);
#1679=EDGE_CURVE('',#2325,#2331,#2707,.T.);
#1680=EDGE_CURVE('',#2332,#2333,#152,.T.);
#1681=EDGE_CURVE('',#2332,#2334,#2708,.T.);
#1682=EDGE_CURVE('',#2335,#2334,#153,.T.);
#1683=EDGE_CURVE('',#2335,#2336,#2709,.T.);
#1684=EDGE_CURVE('',#2337,#2336,#154,.T.);
#1685=EDGE_CURVE('',#2338,#2337,#2710,.T.);
#1686=EDGE_CURVE('',#2339,#2338,#155,.T.);
#1687=EDGE_CURVE('',#2333,#2339,#2711,.T.);
#1688=EDGE_CURVE('',#2340,#2341,#156,.T.);
#1689=EDGE_CURVE('',#2340,#2342,#2712,.T.);
#1690=EDGE_CURVE('',#2343,#2342,#157,.T.);
#1691=EDGE_CURVE('',#2343,#2344,#2713,.T.);
#1692=EDGE_CURVE('',#2345,#2344,#158,.T.);
#1693=EDGE_CURVE('',#2346,#2345,#2714,.T.);
#1694=EDGE_CURVE('',#2347,#2346,#159,.T.);
#1695=EDGE_CURVE('',#2341,#2347,#2715,.T.);
#1696=EDGE_CURVE('',#2348,#2349,#2716,.T.);
#1697=EDGE_CURVE('',#2348,#2350,#2717,.T.);
#1698=EDGE_CURVE('',#2350,#2351,#2718,.T.);
#1699=EDGE_CURVE('',#2349,#2351,#2719,.T.);
#1700=EDGE_CURVE('',#2352,#2353,#2720,.T.);
#1701=EDGE_CURVE('',#2352,#2354,#2721,.T.);
#1702=EDGE_CURVE('',#2354,#2355,#2722,.T.);
#1703=EDGE_CURVE('',#2353,#2355,#2723,.T.);
#1704=EDGE_CURVE('',#2356,#2357,#2724,.T.);
#1705=EDGE_CURVE('',#2356,#2358,#2725,.T.);
#1706=EDGE_CURVE('',#2358,#2359,#2726,.T.);
#1707=EDGE_CURVE('',#2357,#2359,#2727,.T.);
#1708=EDGE_CURVE('',#2360,#2361,#2728,.T.);
#1709=EDGE_CURVE('',#2360,#2362,#160,.T.);
#1710=EDGE_CURVE('',#2362,#2363,#2729,.T.);
#1711=EDGE_CURVE('',#2363,#2364,#2730,.T.);
#1712=EDGE_CURVE('',#2365,#2364,#161,.T.);
#1713=EDGE_CURVE('',#2365,#2366,#2731,.T.);
#1714=EDGE_CURVE('',#2367,#2366,#162,.T.);
#1715=EDGE_CURVE('',#2368,#2367,#2732,.T.);
#1716=EDGE_CURVE('',#2368,#2369,#2733,.T.);
#1717=EDGE_CURVE('',#2369,#2370,#163,.T.);
#1718=EDGE_CURVE('',#2370,#2371,#2734,.T.);
#1719=EDGE_CURVE('',#2371,#2372,#2735,.T.);
#1720=EDGE_CURVE('',#2372,#2373,#164,.T.);
#1721=EDGE_CURVE('',#2374,#2373,#2736,.T.);
#1722=EDGE_CURVE('',#2374,#2375,#165,.T.);
#1723=EDGE_CURVE('',#2376,#2375,#2737,.T.);
#1724=EDGE_CURVE('',#2376,#2377,#2738,.T.);
#1725=EDGE_CURVE('',#2377,#2378,#166,.T.);
#1726=EDGE_CURVE('',#2379,#2378,#2739,.T.);
#1727=EDGE_CURVE('',#2379,#2380,#2740,.T.);
#1728=EDGE_CURVE('',#2380,#2381,#167,.T.);
#1729=EDGE_CURVE('',#2382,#2381,#2741,.T.);
#1730=EDGE_CURVE('',#2382,#2383,#168,.T.);
#1731=EDGE_CURVE('',#2384,#2383,#2742,.T.);
#1732=EDGE_CURVE('',#2385,#2384,#2743,.T.);
#1733=EDGE_CURVE('',#2385,#2386,#169,.T.);
#1734=EDGE_CURVE('',#2387,#2386,#2744,.T.);
#1735=EDGE_CURVE('',#2387,#2388,#2745,.T.);
#1736=EDGE_CURVE('',#2389,#2388,#170,.T.);
#1737=EDGE_CURVE('',#2389,#2390,#2746,.T.);
#1738=EDGE_CURVE('',#2391,#2390,#171,.T.);
#1739=EDGE_CURVE('',#2361,#2391,#2747,.T.);
#1740=EDGE_CURVE('',#2392,#2393,#2748,.T.);
#1741=EDGE_CURVE('',#2393,#2394,#2749,.T.);
#1742=EDGE_CURVE('',#2395,#2394,#172,.F.);
#1743=EDGE_CURVE('',#2395,#2396,#2750,.T.);
#1744=EDGE_CURVE('',#2397,#2396,#173,.F.);
#1745=EDGE_CURVE('',#2397,#2392,#2751,.T.);
#1746=EDGE_CURVE('',#2398,#2399,#2752,.T.);
#1747=EDGE_CURVE('',#2400,#2398,#2753,.T.);
#1748=EDGE_CURVE('',#2400,#2401,#174,.F.);
#1749=EDGE_CURVE('',#2402,#2401,#2754,.T.);
#1750=EDGE_CURVE('',#2402,#2403,#175,.F.);
#1751=EDGE_CURVE('',#2399,#2403,#2755,.T.);
#1752=EDGE_CURVE('',#2404,#2405,#2756,.T.);
#1753=EDGE_CURVE('',#2406,#2404,#2757,.T.);
#1754=EDGE_CURVE('',#2406,#2407,#176,.F.);
#1755=EDGE_CURVE('',#2408,#2407,#2758,.T.);
#1756=EDGE_CURVE('',#2408,#2409,#177,.F.);
#1757=EDGE_CURVE('',#2405,#2409,#2759,.T.);
#1758=EDGE_CURVE('',#2410,#2411,#2760,.T.);
#1759=EDGE_CURVE('',#2411,#2412,#2761,.T.);
#1760=EDGE_CURVE('',#2413,#2412,#178,.F.);
#1761=EDGE_CURVE('',#2413,#2414,#2762,.T.);
#1762=EDGE_CURVE('',#2415,#2414,#179,.F.);
#1763=EDGE_CURVE('',#2415,#2410,#2763,.T.);
#1764=EDGE_CURVE('',#2416,#2417,#2764,.T.);
#1765=EDGE_CURVE('',#2416,#2418,#2765,.T.);
#1766=EDGE_CURVE('',#2418,#2419,#2766,.T.);
#1767=EDGE_CURVE('',#2417,#2419,#2767,.T.);
#1768=EDGE_CURVE('',#2420,#2421,#2768,.T.);
#1769=EDGE_CURVE('',#2420,#2422,#2769,.T.);
#1770=EDGE_CURVE('',#2422,#2423,#2770,.T.);
#1771=EDGE_CURVE('',#2421,#2423,#2771,.T.);
#1772=EDGE_CURVE('',#2424,#2425,#2772,.T.);
#1773=EDGE_CURVE('',#2424,#2426,#2773,.T.);
#1774=EDGE_CURVE('',#2426,#2427,#2774,.T.);
#1775=EDGE_CURVE('',#2425,#2427,#2775,.T.);
#1776=EDGE_CURVE('',#2428,#2429,#2776,.T.);
#1777=EDGE_CURVE('',#2428,#2430,#2777,.T.);
#1778=EDGE_CURVE('',#2430,#2431,#2778,.T.);
#1779=EDGE_CURVE('',#2429,#2431,#2779,.T.);
#1780=EDGE_CURVE('',#2432,#2433,#2780,.T.);
#1781=EDGE_CURVE('',#2432,#2434,#2781,.T.);
#1782=EDGE_CURVE('',#2434,#2435,#2782,.T.);
#1783=EDGE_CURVE('',#2433,#2435,#2783,.T.);
#1784=EDGE_CURVE('',#2436,#2437,#2784,.T.);
#1785=EDGE_CURVE('',#2436,#2438,#2785,.T.);
#1786=EDGE_CURVE('',#2438,#2439,#2786,.T.);
#1787=EDGE_CURVE('',#2437,#2439,#2787,.T.);
#1788=EDGE_CURVE('',#2440,#2441,#2788,.T.);
#1789=EDGE_CURVE('',#2440,#2442,#2789,.T.);
#1790=EDGE_CURVE('',#2442,#2443,#2790,.T.);
#1791=EDGE_CURVE('',#2441,#2443,#2791,.T.);
#1792=EDGE_CURVE('',#2444,#2445,#180,.T.);
#1793=EDGE_CURVE('',#2445,#2446,#2792,.T.);
#1794=EDGE_CURVE('',#2446,#2447,#181,.T.);
#1795=EDGE_CURVE('',#2447,#2448,#2793,.T.);
#1796=EDGE_CURVE('',#2448,#2449,#182,.T.);
#1797=EDGE_CURVE('',#2450,#2449,#2794,.T.);
#1798=EDGE_CURVE('',#2450,#2451,#183,.T.);
#1799=EDGE_CURVE('',#2444,#2451,#2795,.T.);
#1800=EDGE_CURVE('',#2452,#2453,#184,.T.);
#1801=EDGE_CURVE('',#2453,#2454,#2796,.T.);
#1802=EDGE_CURVE('',#2454,#2455,#185,.T.);
#1803=EDGE_CURVE('',#2455,#2456,#2797,.T.);
#1804=EDGE_CURVE('',#2456,#2457,#186,.T.);
#1805=EDGE_CURVE('',#2458,#2457,#2798,.T.);
#1806=EDGE_CURVE('',#2458,#2459,#187,.T.);
#1807=EDGE_CURVE('',#2452,#2459,#2799,.T.);
#1808=EDGE_CURVE('',#2460,#2461,#188,.T.);
#1809=EDGE_CURVE('',#2461,#2462,#2800,.T.);
#1810=EDGE_CURVE('',#2462,#2463,#189,.T.);
#1811=EDGE_CURVE('',#2463,#2464,#2801,.T.);
#1812=EDGE_CURVE('',#2464,#2465,#190,.T.);
#1813=EDGE_CURVE('',#2466,#2465,#2802,.T.);
#1814=EDGE_CURVE('',#2466,#2467,#191,.T.);
#1815=EDGE_CURVE('',#2460,#2467,#2803,.T.);
#1816=EDGE_CURVE('',#2468,#2469,#192,.T.);
#1817=EDGE_CURVE('',#2469,#2470,#2804,.T.);
#1818=EDGE_CURVE('',#2470,#2471,#193,.T.);
#1819=EDGE_CURVE('',#2471,#2472,#2805,.T.);
#1820=EDGE_CURVE('',#2472,#2473,#194,.T.);
#1821=EDGE_CURVE('',#2474,#2473,#2806,.T.);
#1822=EDGE_CURVE('',#2474,#2475,#195,.T.);
#1823=EDGE_CURVE('',#2468,#2475,#2807,.T.);
#1824=EDGE_CURVE('',#2476,#2477,#196,.T.);
#1825=EDGE_CURVE('',#2477,#2478,#2808,.T.);
#1826=EDGE_CURVE('',#2478,#2479,#197,.T.);
#1827=EDGE_CURVE('',#2479,#2480,#2809,.T.);
#1828=EDGE_CURVE('',#2480,#2481,#198,.T.);
#1829=EDGE_CURVE('',#2482,#2481,#2810,.T.);
#1830=EDGE_CURVE('',#2482,#2483,#199,.T.);
#1831=EDGE_CURVE('',#2476,#2483,#2811,.T.);
#1832=EDGE_CURVE('',#2484,#2485,#200,.T.);
#1833=EDGE_CURVE('',#2485,#2486,#2812,.T.);
#1834=EDGE_CURVE('',#2486,#2487,#201,.T.);
#1835=EDGE_CURVE('',#2487,#2488,#2813,.T.);
#1836=EDGE_CURVE('',#2488,#2489,#202,.T.);
#1837=EDGE_CURVE('',#2490,#2489,#2814,.T.);
#1838=EDGE_CURVE('',#2490,#2491,#203,.T.);
#1839=EDGE_CURVE('',#2484,#2491,#2815,.T.);
#1840=EDGE_CURVE('',#2492,#2493,#204,.T.);
#1841=EDGE_CURVE('',#2493,#2494,#2816,.T.);
#1842=EDGE_CURVE('',#2494,#2495,#205,.T.);
#1843=EDGE_CURVE('',#2495,#2496,#2817,.T.);
#1844=EDGE_CURVE('',#2496,#2497,#206,.T.);
#1845=EDGE_CURVE('',#2498,#2497,#2818,.T.);
#1846=EDGE_CURVE('',#2498,#2499,#207,.T.);
#1847=EDGE_CURVE('',#2492,#2499,#2819,.T.);
#1848=EDGE_CURVE('',#2500,#2501,#208,.T.);
#1849=EDGE_CURVE('',#2501,#2502,#2820,.T.);
#1850=EDGE_CURVE('',#2502,#2503,#209,.T.);
#1851=EDGE_CURVE('',#2503,#2504,#2821,.T.);
#1852=EDGE_CURVE('',#2504,#2505,#210,.T.);
#1853=EDGE_CURVE('',#2506,#2505,#2822,.T.);
#1854=EDGE_CURVE('',#2506,#2507,#211,.T.);
#1855=EDGE_CURVE('',#2500,#2507,#2823,.T.);
#1856=EDGE_CURVE('',#2508,#2509,#212,.T.);
#1857=EDGE_CURVE('',#2509,#2510,#2824,.T.);
#1858=EDGE_CURVE('',#2510,#2511,#213,.T.);
#1859=EDGE_CURVE('',#2511,#2512,#2825,.T.);
#1860=EDGE_CURVE('',#2512,#2513,#214,.T.);
#1861=EDGE_CURVE('',#2514,#2513,#2826,.T.);
#1862=EDGE_CURVE('',#2514,#2515,#215,.T.);
#1863=EDGE_CURVE('',#2508,#2515,#2827,.T.);
#1864=EDGE_CURVE('',#2516,#2517,#216,.T.);
#1865=EDGE_CURVE('',#2517,#2518,#2828,.T.);
#1866=EDGE_CURVE('',#2518,#2519,#217,.T.);
#1867=EDGE_CURVE('',#2519,#2520,#2829,.T.);
#1868=EDGE_CURVE('',#2520,#2521,#218,.T.);
#1869=EDGE_CURVE('',#2522,#2521,#2830,.T.);
#1870=EDGE_CURVE('',#2522,#2523,#219,.T.);
#1871=EDGE_CURVE('',#2516,#2523,#2831,.T.);
#1872=EDGE_CURVE('',#2524,#2525,#220,.T.);
#1873=EDGE_CURVE('',#2525,#2526,#2832,.T.);
#1874=EDGE_CURVE('',#2526,#2527,#221,.T.);
#1875=EDGE_CURVE('',#2527,#2528,#2833,.T.);
#1876=EDGE_CURVE('',#2528,#2529,#222,.T.);
#1877=EDGE_CURVE('',#2530,#2529,#2834,.T.);
#1878=EDGE_CURVE('',#2530,#2531,#223,.T.);
#1879=EDGE_CURVE('',#2524,#2531,#2835,.T.);
#1880=EDGE_CURVE('',#2532,#2533,#224,.T.);
#1881=EDGE_CURVE('',#2533,#2534,#2836,.T.);
#1882=EDGE_CURVE('',#2534,#2535,#225,.T.);
#1883=EDGE_CURVE('',#2535,#2536,#2837,.T.);
#1884=EDGE_CURVE('',#2536,#2537,#226,.T.);
#1885=EDGE_CURVE('',#2538,#2537,#2838,.T.);
#1886=EDGE_CURVE('',#2538,#2539,#227,.T.);
#1887=EDGE_CURVE('',#2532,#2539,#2839,.T.);
#1888=EDGE_CURVE('',#2540,#2541,#228,.T.);
#1889=EDGE_CURVE('',#2541,#2542,#2840,.T.);
#1890=EDGE_CURVE('',#2542,#2543,#229,.T.);
#1891=EDGE_CURVE('',#2543,#2544,#2841,.T.);
#1892=EDGE_CURVE('',#2544,#2545,#230,.T.);
#1893=EDGE_CURVE('',#2546,#2545,#2842,.T.);
#1894=EDGE_CURVE('',#2546,#2547,#231,.T.);
#1895=EDGE_CURVE('',#2540,#2547,#2843,.T.);
#1896=EDGE_CURVE('',#2548,#2549,#232,.T.);
#1897=EDGE_CURVE('',#2549,#2550,#2844,.T.);
#1898=EDGE_CURVE('',#2550,#2551,#233,.T.);
#1899=EDGE_CURVE('',#2551,#2552,#2845,.T.);
#1900=EDGE_CURVE('',#2552,#2553,#234,.T.);
#1901=EDGE_CURVE('',#2554,#2553,#2846,.T.);
#1902=EDGE_CURVE('',#2554,#2555,#235,.T.);
#1903=EDGE_CURVE('',#2548,#2555,#2847,.T.);
#1904=EDGE_CURVE('',#2556,#2557,#236,.T.);
#1905=EDGE_CURVE('',#2557,#2558,#2848,.T.);
#1906=EDGE_CURVE('',#2558,#2559,#237,.T.);
#1907=EDGE_CURVE('',#2559,#2560,#2849,.T.);
#1908=EDGE_CURVE('',#2560,#2561,#238,.T.);
#1909=EDGE_CURVE('',#2562,#2561,#2850,.T.);
#1910=EDGE_CURVE('',#2562,#2563,#239,.T.);
#1911=EDGE_CURVE('',#2556,#2563,#2851,.T.);
#1912=EDGE_CURVE('',#2564,#2565,#240,.T.);
#1913=EDGE_CURVE('',#2565,#2566,#2852,.T.);
#1914=EDGE_CURVE('',#2566,#2567,#241,.T.);
#1915=EDGE_CURVE('',#2567,#2568,#2853,.T.);
#1916=EDGE_CURVE('',#2568,#2569,#242,.T.);
#1917=EDGE_CURVE('',#2570,#2569,#2854,.T.);
#1918=EDGE_CURVE('',#2570,#2571,#243,.T.);
#1919=EDGE_CURVE('',#2564,#2571,#2855,.T.);
#1920=EDGE_CURVE('',#2572,#2573,#2856,.T.);
#1921=EDGE_CURVE('',#2572,#2574,#2857,.T.);
#1922=EDGE_CURVE('',#2574,#2575,#2858,.T.);
#1923=EDGE_CURVE('',#2573,#2575,#2859,.T.);
#1924=EDGE_CURVE('',#2576,#2577,#2860,.T.);
#1925=EDGE_CURVE('',#2576,#2578,#2861,.T.);
#1926=EDGE_CURVE('',#2578,#2579,#2862,.T.);
#1927=EDGE_CURVE('',#2577,#2579,#2863,.T.);
#1928=EDGE_CURVE('',#2580,#2581,#2864,.T.);
#1929=EDGE_CURVE('',#2580,#2582,#244,.F.);
#1930=EDGE_CURVE('',#2582,#2583,#2865,.T.);
#1931=EDGE_CURVE('',#2583,#2584,#2866,.T.);
#1932=EDGE_CURVE('',#2584,#2585,#2867,.T.);
#1933=EDGE_CURVE('',#2585,#2586,#245,.F.);
#1934=EDGE_CURVE('',#2586,#2587,#2868,.T.);
#1935=EDGE_CURVE('',#2587,#2588,#2869,.T.);
#1936=EDGE_CURVE('',#2588,#2589,#2870,.T.);
#1937=EDGE_CURVE('',#2589,#2590,#246,.F.);
#1938=EDGE_CURVE('',#2591,#2590,#2871,.T.);
#1939=EDGE_CURVE('',#2592,#2591,#2872,.T.);
#1940=EDGE_CURVE('',#2593,#2592,#2873,.T.);
#1941=EDGE_CURVE('',#2593,#2594,#247,.F.);
#1942=EDGE_CURVE('',#2595,#2594,#2874,.T.);
#1943=EDGE_CURVE('',#2581,#2595,#2875,.T.);
#1944=EDGE_CURVE('',#2596,#2597,#2876,.T.);
#1945=EDGE_CURVE('',#2596,#2598,#2877,.T.);
#1946=EDGE_CURVE('',#2598,#2599,#2878,.T.);
#1947=EDGE_CURVE('',#2597,#2599,#2879,.T.);
#1948=EDGE_CURVE('',#2600,#2601,#2880,.T.);
#1949=EDGE_CURVE('',#2600,#2602,#2881,.T.);
#1950=EDGE_CURVE('',#2602,#2603,#2882,.T.);
#1951=EDGE_CURVE('',#2601,#2603,#2883,.T.);
#1952=EDGE_CURVE('',#2590,#2377,#2884,.F.);
#1953=EDGE_CURVE('',#2591,#2376,#2885,.T.);
#1954=EDGE_CURVE('',#2386,#2585,#2886,.T.);
#1955=EDGE_CURVE('',#2584,#2387,#2887,.T.);
#1956=EDGE_CURVE('',#2594,#2369,#2888,.F.);
#1957=EDGE_CURVE('',#2595,#2368,#2889,.T.);
#1958=EDGE_CURVE('',#2378,#2589,#2890,.T.);
#1959=EDGE_CURVE('',#2588,#2379,#2891,.T.);
#1960=EDGE_CURVE('',#2340,#2444,#2892,.T.);
#1961=EDGE_CURVE('',#2341,#2445,#2893,.T.);
#1962=EDGE_CURVE('',#2342,#2451,#2894,.T.);
#1963=EDGE_CURVE('',#2343,#2450,#2895,.T.);
#1964=EDGE_CURVE('',#2344,#2449,#2896,.T.);
#1965=EDGE_CURVE('',#2345,#2448,#2897,.T.);
#1966=EDGE_CURVE('',#2346,#2447,#2898,.T.);
#1967=EDGE_CURVE('',#2347,#2446,#2899,.T.);
#1968=EDGE_CURVE('',#2332,#2452,#2900,.T.);
#1969=EDGE_CURVE('',#2333,#2453,#2901,.T.);
#1970=EDGE_CURVE('',#2334,#2459,#2902,.T.);
#1971=EDGE_CURVE('',#2335,#2458,#2903,.T.);
#1972=EDGE_CURVE('',#2336,#2457,#2904,.T.);
#1973=EDGE_CURVE('',#2337,#2456,#2905,.T.);
#1974=EDGE_CURVE('',#2338,#2455,#2906,.T.);
#1975=EDGE_CURVE('',#2339,#2454,#2907,.T.);
#1976=EDGE_CURVE('',#2324,#2460,#2908,.T.);
#1977=EDGE_CURVE('',#2325,#2461,#2909,.T.);
#1978=EDGE_CURVE('',#2326,#2467,#2910,.T.);
#1979=EDGE_CURVE('',#2327,#2466,#2911,.T.);
#1980=EDGE_CURVE('',#2328,#2465,#2912,.T.);
#1981=EDGE_CURVE('',#2329,#2464,#2913,.T.);
#1982=EDGE_CURVE('',#2330,#2463,#2914,.T.);
#1983=EDGE_CURVE('',#2331,#2462,#2915,.T.);
#1984=EDGE_CURVE('',#2316,#2468,#2916,.T.);
#1985=EDGE_CURVE('',#2317,#2469,#2917,.T.);
#1986=EDGE_CURVE('',#2318,#2475,#2918,.T.);
#1987=EDGE_CURVE('',#2319,#2474,#2919,.T.);
#1988=EDGE_CURVE('',#2320,#2473,#2920,.T.);
#1989=EDGE_CURVE('',#2321,#2472,#2921,.T.);
#1990=EDGE_CURVE('',#2322,#2471,#2922,.T.);
#1991=EDGE_CURVE('',#2323,#2470,#2923,.T.);
#1992=EDGE_CURVE('',#2308,#2476,#2924,.T.);
#1993=EDGE_CURVE('',#2309,#2477,#2925,.T.);
#1994=EDGE_CURVE('',#2310,#2483,#2926,.T.);
#1995=EDGE_CURVE('',#2311,#2482,#2927,.T.);
#1996=EDGE_CURVE('',#2312,#2481,#2928,.T.);
#1997=EDGE_CURVE('',#2313,#2480,#2929,.T.);
#1998=EDGE_CURVE('',#2314,#2479,#2930,.T.);
#1999=EDGE_CURVE('',#2315,#2478,#2931,.T.);
#2000=EDGE_CURVE('',#2300,#2484,#2932,.T.);
#2001=EDGE_CURVE('',#2301,#2485,#2933,.T.);
#2002=EDGE_CURVE('',#2302,#2491,#2934,.T.);
#2003=EDGE_CURVE('',#2303,#2490,#2935,.T.);
#2004=EDGE_CURVE('',#2304,#2489,#2936,.T.);
#2005=EDGE_CURVE('',#2305,#2488,#2937,.T.);
#2006=EDGE_CURVE('',#2306,#2487,#2938,.T.);
#2007=EDGE_CURVE('',#2307,#2486,#2939,.T.);
#2008=EDGE_CURVE('',#2292,#2492,#2940,.T.);
#2009=EDGE_CURVE('',#2293,#2493,#2941,.T.);
#2010=EDGE_CURVE('',#2294,#2499,#2942,.T.);
#2011=EDGE_CURVE('',#2295,#2498,#2943,.T.);
#2012=EDGE_CURVE('',#2296,#2497,#2944,.T.);
#2013=EDGE_CURVE('',#2297,#2496,#2945,.T.);
#2014=EDGE_CURVE('',#2298,#2495,#2946,.T.);
#2015=EDGE_CURVE('',#2299,#2494,#2947,.T.);
#2016=EDGE_CURVE('',#2284,#2500,#2948,.T.);
#2017=EDGE_CURVE('',#2285,#2501,#2949,.T.);
#2018=EDGE_CURVE('',#2286,#2507,#2950,.T.);
#2019=EDGE_CURVE('',#2287,#2506,#2951,.T.);
#2020=EDGE_CURVE('',#2288,#2505,#2952,.T.);
#2021=EDGE_CURVE('',#2289,#2504,#2953,.T.);
#2022=EDGE_CURVE('',#2290,#2503,#2954,.T.);
#2023=EDGE_CURVE('',#2291,#2502,#2955,.T.);
#2024=EDGE_CURVE('',#2276,#2508,#2956,.T.);
#2025=EDGE_CURVE('',#2277,#2509,#2957,.T.);
#2026=EDGE_CURVE('',#2278,#2515,#2958,.T.);
#2027=EDGE_CURVE('',#2279,#2514,#2959,.T.);
#2028=EDGE_CURVE('',#2280,#2513,#2960,.T.);
#2029=EDGE_CURVE('',#2281,#2512,#2961,.T.);
#2030=EDGE_CURVE('',#2282,#2511,#2962,.T.);
#2031=EDGE_CURVE('',#2283,#2510,#2963,.T.);
#2032=EDGE_CURVE('',#2268,#2516,#2964,.T.);
#2033=EDGE_CURVE('',#2269,#2517,#2965,.T.);
#2034=EDGE_CURVE('',#2270,#2523,#2966,.T.);
#2035=EDGE_CURVE('',#2271,#2522,#2967,.T.);
#2036=EDGE_CURVE('',#2272,#2521,#2968,.T.);
#2037=EDGE_CURVE('',#2273,#2520,#2969,.T.);
#2038=EDGE_CURVE('',#2274,#2519,#2970,.T.);
#2039=EDGE_CURVE('',#2275,#2518,#2971,.T.);
#2040=EDGE_CURVE('',#2260,#2524,#2972,.T.);
#2041=EDGE_CURVE('',#2261,#2525,#2973,.T.);
#2042=EDGE_CURVE('',#2262,#2531,#2974,.T.);
#2043=EDGE_CURVE('',#2263,#2530,#2975,.T.);
#2044=EDGE_CURVE('',#2264,#2529,#2976,.T.);
#2045=EDGE_CURVE('',#2265,#2528,#2977,.T.);
#2046=EDGE_CURVE('',#2266,#2527,#2978,.T.);
#2047=EDGE_CURVE('',#2267,#2526,#2979,.T.);
#2048=EDGE_CURVE('',#2252,#2532,#2980,.T.);
#2049=EDGE_CURVE('',#2253,#2533,#2981,.T.);
#2050=EDGE_CURVE('',#2254,#2539,#2982,.T.);
#2051=EDGE_CURVE('',#2255,#2538,#2983,.T.);
#2052=EDGE_CURVE('',#2256,#2537,#2984,.T.);
#2053=EDGE_CURVE('',#2257,#2536,#2985,.T.);
#2054=EDGE_CURVE('',#2258,#2535,#2986,.T.);
#2055=EDGE_CURVE('',#2259,#2534,#2987,.T.);
#2056=EDGE_CURVE('',#2244,#2540,#2988,.T.);
#2057=EDGE_CURVE('',#2245,#2541,#2989,.T.);
#2058=EDGE_CURVE('',#2246,#2547,#2990,.T.);
#2059=EDGE_CURVE('',#2247,#2546,#2991,.T.);
#2060=EDGE_CURVE('',#2248,#2545,#2992,.T.);
#2061=EDGE_CURVE('',#2249,#2544,#2993,.T.);
#2062=EDGE_CURVE('',#2250,#2543,#2994,.T.);
#2063=EDGE_CURVE('',#2251,#2542,#2995,.T.);
#2064=EDGE_CURVE('',#2236,#2548,#2996,.T.);
#2065=EDGE_CURVE('',#2237,#2549,#2997,.T.);
#2066=EDGE_CURVE('',#2238,#2555,#2998,.T.);
#2067=EDGE_CURVE('',#2239,#2554,#2999,.T.);
#2068=EDGE_CURVE('',#2240,#2553,#3000,.T.);
#2069=EDGE_CURVE('',#2241,#2552,#3001,.T.);
#2070=EDGE_CURVE('',#2242,#2551,#3002,.T.);
#2071=EDGE_CURVE('',#2243,#2550,#3003,.T.);
#2072=EDGE_CURVE('',#2228,#2556,#3004,.T.);
#2073=EDGE_CURVE('',#2229,#2557,#3005,.T.);
#2074=EDGE_CURVE('',#2230,#2563,#3006,.T.);
#2075=EDGE_CURVE('',#2231,#2562,#3007,.T.);
#2076=EDGE_CURVE('',#2232,#2561,#3008,.T.);
#2077=EDGE_CURVE('',#2233,#2560,#3009,.T.);
#2078=EDGE_CURVE('',#2234,#2559,#3010,.T.);
#2079=EDGE_CURVE('',#2235,#2558,#3011,.T.);
#2080=EDGE_CURVE('',#2565,#2220,#3012,.T.);
#2081=EDGE_CURVE('',#2566,#2221,#3013,.T.);
#2082=EDGE_CURVE('',#2567,#2227,#3014,.T.);
#2083=EDGE_CURVE('',#2568,#2226,#3015,.T.);
#2084=EDGE_CURVE('',#2569,#2225,#3016,.T.);
#2085=EDGE_CURVE('',#2570,#2224,#3017,.T.);
#2086=EDGE_CURVE('',#2571,#2223,#3018,.T.);
#2087=EDGE_CURVE('',#2564,#2222,#3019,.T.);
#2088=EDGE_CURVE('',#2573,#2350,#3020,.T.);
#2089=EDGE_CURVE('',#2572,#2348,#3021,.T.);
#2090=EDGE_CURVE('',#2574,#2349,#3022,.T.);
#2091=EDGE_CURVE('',#2575,#2351,#3023,.T.);
#2092=EDGE_CURVE('',#2441,#2354,#3024,.T.);
#2093=EDGE_CURVE('',#2440,#2352,#3025,.T.);
#2094=EDGE_CURVE('',#2442,#2353,#3026,.T.);
#2095=EDGE_CURVE('',#2443,#2355,#3027,.T.);
#2096=EDGE_CURVE('',#2577,#2358,#3028,.T.);
#2097=EDGE_CURVE('',#2576,#2356,#3029,.T.);
#2098=EDGE_CURVE('',#2578,#2357,#3030,.T.);
#2099=EDGE_CURVE('',#2579,#2359,#3031,.T.);
#2100=EDGE_CURVE('',#2362,#2580,#3032,.T.);
#2101=EDGE_CURVE('',#2581,#2363,#3033,.T.);
#2102=EDGE_CURVE('',#2370,#2593,#3034,.T.);
#2103=EDGE_CURVE('',#2592,#2371,#3035,.T.);
#2104=EDGE_CURVE('',#2582,#2360,#3036,.F.);
#2105=EDGE_CURVE('',#2583,#2361,#3037,.T.);
#2106=EDGE_CURVE('',#2586,#2385,#3038,.F.);
#2107=EDGE_CURVE('',#2587,#2384,#3039,.T.);
#2108=EDGE_CURVE('',#2604,#2581,#3040,.T.);
#2109=EDGE_CURVE('',#2605,#2595,#3041,.T.);
#2110=EDGE_CURVE('',#2605,#2604,#3042,.T.);
#2111=EDGE_CURVE('',#2605,#2606,#3043,.T.);
#2112=EDGE_CURVE('',#2606,#2367,#3044,.T.);
#2113=EDGE_CURVE('',#2607,#2365,#3045,.T.);
#2114=EDGE_CURVE('',#2607,#2608,#3046,.T.);
#2115=EDGE_CURVE('',#2366,#2608,#3047,.F.);
#2116=EDGE_CURVE('',#2609,#2392,#3048,.T.);
#2117=EDGE_CURVE('',#2609,#2610,#3049,.T.);
#2118=EDGE_CURVE('',#2610,#2393,#3050,.T.);
#2119=EDGE_CURVE('',#2611,#2609,#3051,.T.);
#2120=EDGE_CURVE('',#2611,#2397,#3052,.T.);
#2121=EDGE_CURVE('',#2612,#2613,#3053,.T.);
#2122=EDGE_CURVE('',#2396,#2613,#3054,.F.);
#2123=EDGE_CURVE('',#2612,#2395,#3055,.T.);
#2124=EDGE_CURVE('',#2610,#2614,#3056,.T.);
#2125=EDGE_CURVE('',#2394,#2614,#3057,.F.);
#2126=EDGE_CURVE('',#2604,#2615,#3058,.T.);
#2127=EDGE_CURVE('',#2364,#2615,#3059,.F.);
#2128=EDGE_CURVE('',#2613,#2611,#248,.T.);
#2129=EDGE_CURVE('',#2614,#2612,#249,.T.);
#2130=EDGE_CURVE('',#2615,#2607,#250,.F.);
#2131=EDGE_CURVE('',#2608,#2606,#251,.F.);
#2132=EDGE_CURVE('',#2616,#2588,#3060,.T.);
#2133=EDGE_CURVE('',#2617,#2587,#3061,.T.);
#2134=EDGE_CURVE('',#2616,#2617,#3062,.T.);
#2135=EDGE_CURVE('',#2616,#2618,#3063,.T.);
#2136=EDGE_CURVE('',#2618,#2380,#3064,.T.);
#2137=EDGE_CURVE('',#2381,#2619,#3065,.F.);
#2138=EDGE_CURVE('',#2620,#2619,#3066,.T.);
#2139=EDGE_CURVE('',#2620,#2382,#3067,.T.);
#2140=EDGE_CURVE('',#2621,#2399,#3068,.T.);
#2141=EDGE_CURVE('',#2622,#2621,#3069,.T.);
#2142=EDGE_CURVE('',#2622,#2398,#3070,.T.);
#2143=EDGE_CURVE('',#2623,#2622,#3071,.T.);
#2144=EDGE_CURVE('',#2623,#2400,#3072,.T.);
#2145=EDGE_CURVE('',#2624,#2625,#3073,.T.);
#2146=EDGE_CURVE('',#2624,#2402,#3074,.T.);
#2147=EDGE_CURVE('',#2401,#2625,#3075,.F.);
#2148=EDGE_CURVE('',#2403,#2626,#3076,.F.);
#2149=EDGE_CURVE('',#2621,#2626,#3077,.T.);
#2150=EDGE_CURVE('',#2383,#2627,#3078,.F.);
#2151=EDGE_CURVE('',#2617,#2627,#3079,.T.);
#2152=EDGE_CURVE('',#2626,#2624,#252,.T.);
#2153=EDGE_CURVE('',#2625,#2623,#253,.T.);
#2154=EDGE_CURVE('',#2619,#2618,#254,.F.);
#2155=EDGE_CURVE('',#2627,#2620,#255,.F.);
#2156=EDGE_CURVE('',#2628,#2592,#3080,.T.);
#2157=EDGE_CURVE('',#2629,#2591,#3081,.T.);
#2158=EDGE_CURVE('',#2628,#2629,#3082,.T.);
#2159=EDGE_CURVE('',#2628,#2630,#3083,.T.);
#2160=EDGE_CURVE('',#2630,#2372,#3084,.T.);
#2161=EDGE_CURVE('',#2373,#2631,#3085,.F.);
#2162=EDGE_CURVE('',#2632,#2631,#3086,.T.);
#2163=EDGE_CURVE('',#2632,#2374,#3087,.T.);
#2164=EDGE_CURVE('',#2633,#2405,#3088,.T.);
#2165=EDGE_CURVE('',#2634,#2633,#3089,.T.);
#2166=EDGE_CURVE('',#2634,#2404,#3090,.T.);
#2167=EDGE_CURVE('',#2635,#2634,#3091,.T.);
#2168=EDGE_CURVE('',#2635,#2406,#3092,.T.);
#2169=EDGE_CURVE('',#2636,#2637,#3093,.T.);
#2170=EDGE_CURVE('',#2636,#2408,#3094,.T.);
#2171=EDGE_CURVE('',#2407,#2637,#3095,.F.);
#2172=EDGE_CURVE('',#2409,#2638,#3096,.F.);
#2173=EDGE_CURVE('',#2633,#2638,#3097,.T.);
#2174=EDGE_CURVE('',#2375,#2639,#3098,.F.);
#2175=EDGE_CURVE('',#2629,#2639,#3099,.T.);
#2176=EDGE_CURVE('',#2638,#2636,#256,.T.);
#2177=EDGE_CURVE('',#2637,#2635,#257,.T.);
#2178=EDGE_CURVE('',#2631,#2630,#258,.F.);
#2179=EDGE_CURVE('',#2639,#2632,#259,.F.);
#2180=EDGE_CURVE('',#2640,#2584,#3100,.T.);
#2181=EDGE_CURVE('',#2641,#2583,#3101,.T.);
#2182=EDGE_CURVE('',#2641,#2640,#3102,.T.);
#2183=EDGE_CURVE('',#2641,#2642,#3103,.T.);
#2184=EDGE_CURVE('',#2642,#2391,#3104,.T.);
#2185=EDGE_CURVE('',#2643,#2389,#3105,.T.);
#2186=EDGE_CURVE('',#2643,#2644,#3106,.T.);
#2187=EDGE_CURVE('',#2390,#2644,#3107,.F.);
#2188=EDGE_CURVE('',#2645,#2410,#3108,.T.);
#2189=EDGE_CURVE('',#2645,#2646,#3109,.T.);
#2190=EDGE_CURVE('',#2646,#2411,#3110,.T.);
#2191=EDGE_CURVE('',#2647,#2645,#3111,.T.);
#2192=EDGE_CURVE('',#2647,#2415,#3112,.T.);
#2193=EDGE_CURVE('',#2648,#2649,#3113,.T.);
#2194=EDGE_CURVE('',#2414,#2649,#3114,.F.);
#2195=EDGE_CURVE('',#2648,#2413,#3115,.T.);
#2196=EDGE_CURVE('',#2646,#2650,#3116,.T.);
#2197=EDGE_CURVE('',#2412,#2650,#3117,.F.);
#2198=EDGE_CURVE('',#2640,#2651,#3118,.T.);
#2199=EDGE_CURVE('',#2388,#2651,#3119,.F.);
#2200=EDGE_CURVE('',#2649,#2647,#260,.T.);
#2201=EDGE_CURVE('',#2650,#2648,#261,.T.);
#2202=EDGE_CURVE('',#2651,#2643,#262,.F.);
#2203=EDGE_CURVE('',#2644,#2642,#263,.F.);
#2204=EDGE_CURVE('',#2437,#2418,#3120,.T.);
#2205=EDGE_CURVE('',#2436,#2416,#3121,.T.);
#2206=EDGE_CURVE('',#2438,#2417,#3122,.T.);
#2207=EDGE_CURVE('',#2439,#2419,#3123,.T.);
#2208=EDGE_CURVE('',#2597,#2422,#3124,.T.);
#2209=EDGE_CURVE('',#2596,#2420,#3125,.T.);
#2210=EDGE_CURVE('',#2598,#2421,#3126,.T.);
#2211=EDGE_CURVE('',#2599,#2423,#3127,.T.);
#2212=EDGE_CURVE('',#2433,#2426,#3128,.T.);
#2213=EDGE_CURVE('',#2432,#2424,#3129,.T.);
#2214=EDGE_CURVE('',#2434,#2425,#3130,.T.);
#2215=EDGE_CURVE('',#2435,#2427,#3131,.T.);
#2216=EDGE_CURVE('',#2601,#2430,#3132,.T.);
#2217=EDGE_CURVE('',#2600,#2428,#3133,.T.);
#2218=EDGE_CURVE('',#2602,#2429,#3134,.T.);
#2219=EDGE_CURVE('',#2603,#2431,#3135,.T.);
#2220=VERTEX_POINT('',#6204);
#2221=VERTEX_POINT('',#6205);
#2222=VERTEX_POINT('',#6207);
#2223=VERTEX_POINT('',#6209);
#2224=VERTEX_POINT('',#6211);
#2225=VERTEX_POINT('',#6213);
#2226=VERTEX_POINT('',#6215);
#2227=VERTEX_POINT('',#6217);
#2228=VERTEX_POINT('',#6220);
#2229=VERTEX_POINT('',#6221);
#2230=VERTEX_POINT('',#6223);
#2231=VERTEX_POINT('',#6225);
#2232=VERTEX_POINT('',#6227);
#2233=VERTEX_POINT('',#6229);
#2234=VERTEX_POINT('',#6231);
#2235=VERTEX_POINT('',#6233);
#2236=VERTEX_POINT('',#6236);
#2237=VERTEX_POINT('',#6237);
#2238=VERTEX_POINT('',#6239);
#2239=VERTEX_POINT('',#6241);
#2240=VERTEX_POINT('',#6243);
#2241=VERTEX_POINT('',#6245);
#2242=VERTEX_POINT('',#6247);
#2243=VERTEX_POINT('',#6249);
#2244=VERTEX_POINT('',#6252);
#2245=VERTEX_POINT('',#6253);
#2246=VERTEX_POINT('',#6255);
#2247=VERTEX_POINT('',#6257);
#2248=VERTEX_POINT('',#6259);
#2249=VERTEX_POINT('',#6261);
#2250=VERTEX_POINT('',#6263);
#2251=VERTEX_POINT('',#6265);
#2252=VERTEX_POINT('',#6268);
#2253=VERTEX_POINT('',#6269);
#2254=VERTEX_POINT('',#6271);
#2255=VERTEX_POINT('',#6273);
#2256=VERTEX_POINT('',#6275);
#2257=VERTEX_POINT('',#6277);
#2258=VERTEX_POINT('',#6279);
#2259=VERTEX_POINT('',#6281);
#2260=VERTEX_POINT('',#6284);
#2261=VERTEX_POINT('',#6285);
#2262=VERTEX_POINT('',#6287);
#2263=VERTEX_POINT('',#6289);
#2264=VERTEX_POINT('',#6291);
#2265=VERTEX_POINT('',#6293);
#2266=VERTEX_POINT('',#6295);
#2267=VERTEX_POINT('',#6297);
#2268=VERTEX_POINT('',#6300);
#2269=VERTEX_POINT('',#6301);
#2270=VERTEX_POINT('',#6303);
#2271=VERTEX_POINT('',#6305);
#2272=VERTEX_POINT('',#6307);
#2273=VERTEX_POINT('',#6309);
#2274=VERTEX_POINT('',#6311);
#2275=VERTEX_POINT('',#6313);
#2276=VERTEX_POINT('',#6316);
#2277=VERTEX_POINT('',#6317);
#2278=VERTEX_POINT('',#6319);
#2279=VERTEX_POINT('',#6321);
#2280=VERTEX_POINT('',#6323);
#2281=VERTEX_POINT('',#6325);
#2282=VERTEX_POINT('',#6327);
#2283=VERTEX_POINT('',#6329);
#2284=VERTEX_POINT('',#6332);
#2285=VERTEX_POINT('',#6333);
#2286=VERTEX_POINT('',#6335);
#2287=VERTEX_POINT('',#6337);
#2288=VERTEX_POINT('',#6339);
#2289=VERTEX_POINT('',#6341);
#2290=VERTEX_POINT('',#6343);
#2291=VERTEX_POINT('',#6345);
#2292=VERTEX_POINT('',#6348);
#2293=VERTEX_POINT('',#6349);
#2294=VERTEX_POINT('',#6351);
#2295=VERTEX_POINT('',#6353);
#2296=VERTEX_POINT('',#6355);
#2297=VERTEX_POINT('',#6357);
#2298=VERTEX_POINT('',#6359);
#2299=VERTEX_POINT('',#6361);
#2300=VERTEX_POINT('',#6364);
#2301=VERTEX_POINT('',#6365);
#2302=VERTEX_POINT('',#6367);
#2303=VERTEX_POINT('',#6369);
#2304=VERTEX_POINT('',#6371);
#2305=VERTEX_POINT('',#6373);
#2306=VERTEX_POINT('',#6375);
#2307=VERTEX_POINT('',#6377);
#2308=VERTEX_POINT('',#6380);
#2309=VERTEX_POINT('',#6381);
#2310=VERTEX_POINT('',#6383);
#2311=VERTEX_POINT('',#6385);
#2312=VERTEX_POINT('',#6387);
#2313=VERTEX_POINT('',#6389);
#2314=VERTEX_POINT('',#6391);
#2315=VERTEX_POINT('',#6393);
#2316=VERTEX_POINT('',#6396);
#2317=VERTEX_POINT('',#6397);
#2318=VERTEX_POINT('',#6399);
#2319=VERTEX_POINT('',#6401);
#2320=VERTEX_POINT('',#6403);
#2321=VERTEX_POINT('',#6405);
#2322=VERTEX_POINT('',#6407);
#2323=VERTEX_POINT('',#6409);
#2324=VERTEX_POINT('',#6412);
#2325=VERTEX_POINT('',#6413);
#2326=VERTEX_POINT('',#6415);
#2327=VERTEX_POINT('',#6417);
#2328=VERTEX_POINT('',#6419);
#2329=VERTEX_POINT('',#6421);
#2330=VERTEX_POINT('',#6423);
#2331=VERTEX_POINT('',#6425);
#2332=VERTEX_POINT('',#6428);
#2333=VERTEX_POINT('',#6429);
#2334=VERTEX_POINT('',#6431);
#2335=VERTEX_POINT('',#6433);
#2336=VERTEX_POINT('',#6435);
#2337=VERTEX_POINT('',#6437);
#2338=VERTEX_POINT('',#6439);
#2339=VERTEX_POINT('',#6441);
#2340=VERTEX_POINT('',#6444);
#2341=VERTEX_POINT('',#6445);
#2342=VERTEX_POINT('',#6447);
#2343=VERTEX_POINT('',#6449);
#2344=VERTEX_POINT('',#6451);
#2345=VERTEX_POINT('',#6453);
#2346=VERTEX_POINT('',#6455);
#2347=VERTEX_POINT('',#6457);
#2348=VERTEX_POINT('',#6460);
#2349=VERTEX_POINT('',#6461);
#2350=VERTEX_POINT('',#6463);
#2351=VERTEX_POINT('',#6465);
#2352=VERTEX_POINT('',#6468);
#2353=VERTEX_POINT('',#6469);
#2354=VERTEX_POINT('',#6471);
#2355=VERTEX_POINT('',#6473);
#2356=VERTEX_POINT('',#6476);
#2357=VERTEX_POINT('',#6477);
#2358=VERTEX_POINT('',#6479);
#2359=VERTEX_POINT('',#6481);
#2360=VERTEX_POINT('',#6484);
#2361=VERTEX_POINT('',#6485);
#2362=VERTEX_POINT('',#6487);
#2363=VERTEX_POINT('',#6489);
#2364=VERTEX_POINT('',#6491);
#2365=VERTEX_POINT('',#6493);
#2366=VERTEX_POINT('',#6495);
#2367=VERTEX_POINT('',#6497);
#2368=VERTEX_POINT('',#6499);
#2369=VERTEX_POINT('',#6501);
#2370=VERTEX_POINT('',#6503);
#2371=VERTEX_POINT('',#6505);
#2372=VERTEX_POINT('',#6507);
#2373=VERTEX_POINT('',#6509);
#2374=VERTEX_POINT('',#6511);
#2375=VERTEX_POINT('',#6513);
#2376=VERTEX_POINT('',#6515);
#2377=VERTEX_POINT('',#6517);
#2378=VERTEX_POINT('',#6519);
#2379=VERTEX_POINT('',#6521);
#2380=VERTEX_POINT('',#6523);
#2381=VERTEX_POINT('',#6525);
#2382=VERTEX_POINT('',#6527);
#2383=VERTEX_POINT('',#6529);
#2384=VERTEX_POINT('',#6531);
#2385=VERTEX_POINT('',#6533);
#2386=VERTEX_POINT('',#6535);
#2387=VERTEX_POINT('',#6537);
#2388=VERTEX_POINT('',#6539);
#2389=VERTEX_POINT('',#6541);
#2390=VERTEX_POINT('',#6543);
#2391=VERTEX_POINT('',#6545);
#2392=VERTEX_POINT('',#6548);
#2393=VERTEX_POINT('',#6549);
#2394=VERTEX_POINT('',#6551);
#2395=VERTEX_POINT('',#6553);
#2396=VERTEX_POINT('',#6555);
#2397=VERTEX_POINT('',#6557);
#2398=VERTEX_POINT('',#6560);
#2399=VERTEX_POINT('',#6561);
#2400=VERTEX_POINT('',#6563);
#2401=VERTEX_POINT('',#6565);
#2402=VERTEX_POINT('',#6567);
#2403=VERTEX_POINT('',#6569);
#2404=VERTEX_POINT('',#6572);
#2405=VERTEX_POINT('',#6573);
#2406=VERTEX_POINT('',#6575);
#2407=VERTEX_POINT('',#6577);
#2408=VERTEX_POINT('',#6579);
#2409=VERTEX_POINT('',#6581);
#2410=VERTEX_POINT('',#6584);
#2411=VERTEX_POINT('',#6585);
#2412=VERTEX_POINT('',#6587);
#2413=VERTEX_POINT('',#6589);
#2414=VERTEX_POINT('',#6591);
#2415=VERTEX_POINT('',#6593);
#2416=VERTEX_POINT('',#6596);
#2417=VERTEX_POINT('',#6597);
#2418=VERTEX_POINT('',#6599);
#2419=VERTEX_POINT('',#6601);
#2420=VERTEX_POINT('',#6604);
#2421=VERTEX_POINT('',#6605);
#2422=VERTEX_POINT('',#6607);
#2423=VERTEX_POINT('',#6609);
#2424=VERTEX_POINT('',#6612);
#2425=VERTEX_POINT('',#6613);
#2426=VERTEX_POINT('',#6615);
#2427=VERTEX_POINT('',#6617);
#2428=VERTEX_POINT('',#6620);
#2429=VERTEX_POINT('',#6621);
#2430=VERTEX_POINT('',#6623);
#2431=VERTEX_POINT('',#6625);
#2432=VERTEX_POINT('',#6629);
#2433=VERTEX_POINT('',#6630);
#2434=VERTEX_POINT('',#6632);
#2435=VERTEX_POINT('',#6634);
#2436=VERTEX_POINT('',#6637);
#2437=VERTEX_POINT('',#6638);
#2438=VERTEX_POINT('',#6640);
#2439=VERTEX_POINT('',#6642);
#2440=VERTEX_POINT('',#6645);
#2441=VERTEX_POINT('',#6646);
#2442=VERTEX_POINT('',#6648);
#2443=VERTEX_POINT('',#6650);
#2444=VERTEX_POINT('',#6653);
#2445=VERTEX_POINT('',#6654);
#2446=VERTEX_POINT('',#6656);
#2447=VERTEX_POINT('',#6658);
#2448=VERTEX_POINT('',#6660);
#2449=VERTEX_POINT('',#6662);
#2450=VERTEX_POINT('',#6664);
#2451=VERTEX_POINT('',#6666);
#2452=VERTEX_POINT('',#6669);
#2453=VERTEX_POINT('',#6670);
#2454=VERTEX_POINT('',#6672);
#2455=VERTEX_POINT('',#6674);
#2456=VERTEX_POINT('',#6676);
#2457=VERTEX_POINT('',#6678);
#2458=VERTEX_POINT('',#6680);
#2459=VERTEX_POINT('',#6682);
#2460=VERTEX_POINT('',#6685);
#2461=VERTEX_POINT('',#6686);
#2462=VERTEX_POINT('',#6688);
#2463=VERTEX_POINT('',#6690);
#2464=VERTEX_POINT('',#6692);
#2465=VERTEX_POINT('',#6694);
#2466=VERTEX_POINT('',#6696);
#2467=VERTEX_POINT('',#6698);
#2468=VERTEX_POINT('',#6701);
#2469=VERTEX_POINT('',#6702);
#2470=VERTEX_POINT('',#6704);
#2471=VERTEX_POINT('',#6706);
#2472=VERTEX_POINT('',#6708);
#2473=VERTEX_POINT('',#6710);
#2474=VERTEX_POINT('',#6712);
#2475=VERTEX_POINT('',#6714);
#2476=VERTEX_POINT('',#6717);
#2477=VERTEX_POINT('',#6718);
#2478=VERTEX_POINT('',#6720);
#2479=VERTEX_POINT('',#6722);
#2480=VERTEX_POINT('',#6724);
#2481=VERTEX_POINT('',#6726);
#2482=VERTEX_POINT('',#6728);
#2483=VERTEX_POINT('',#6730);
#2484=VERTEX_POINT('',#6733);
#2485=VERTEX_POINT('',#6734);
#2486=VERTEX_POINT('',#6736);
#2487=VERTEX_POINT('',#6738);
#2488=VERTEX_POINT('',#6740);
#2489=VERTEX_POINT('',#6742);
#2490=VERTEX_POINT('',#6744);
#2491=VERTEX_POINT('',#6746);
#2492=VERTEX_POINT('',#6749);
#2493=VERTEX_POINT('',#6750);
#2494=VERTEX_POINT('',#6752);
#2495=VERTEX_POINT('',#6754);
#2496=VERTEX_POINT('',#6756);
#2497=VERTEX_POINT('',#6758);
#2498=VERTEX_POINT('',#6760);
#2499=VERTEX_POINT('',#6762);
#2500=VERTEX_POINT('',#6765);
#2501=VERTEX_POINT('',#6766);
#2502=VERTEX_POINT('',#6768);
#2503=VERTEX_POINT('',#6770);
#2504=VERTEX_POINT('',#6772);
#2505=VERTEX_POINT('',#6774);
#2506=VERTEX_POINT('',#6776);
#2507=VERTEX_POINT('',#6778);
#2508=VERTEX_POINT('',#6781);
#2509=VERTEX_POINT('',#6782);
#2510=VERTEX_POINT('',#6784);
#2511=VERTEX_POINT('',#6786);
#2512=VERTEX_POINT('',#6788);
#2513=VERTEX_POINT('',#6790);
#2514=VERTEX_POINT('',#6792);
#2515=VERTEX_POINT('',#6794);
#2516=VERTEX_POINT('',#6797);
#2517=VERTEX_POINT('',#6798);
#2518=VERTEX_POINT('',#6800);
#2519=VERTEX_POINT('',#6802);
#2520=VERTEX_POINT('',#6804);
#2521=VERTEX_POINT('',#6806);
#2522=VERTEX_POINT('',#6808);
#2523=VERTEX_POINT('',#6810);
#2524=VERTEX_POINT('',#6813);
#2525=VERTEX_POINT('',#6814);
#2526=VERTEX_POINT('',#6816);
#2527=VERTEX_POINT('',#6818);
#2528=VERTEX_POINT('',#6820);
#2529=VERTEX_POINT('',#6822);
#2530=VERTEX_POINT('',#6824);
#2531=VERTEX_POINT('',#6826);
#2532=VERTEX_POINT('',#6829);
#2533=VERTEX_POINT('',#6830);
#2534=VERTEX_POINT('',#6832);
#2535=VERTEX_POINT('',#6834);
#2536=VERTEX_POINT('',#6836);
#2537=VERTEX_POINT('',#6838);
#2538=VERTEX_POINT('',#6840);
#2539=VERTEX_POINT('',#6842);
#2540=VERTEX_POINT('',#6845);
#2541=VERTEX_POINT('',#6846);
#2542=VERTEX_POINT('',#6848);
#2543=VERTEX_POINT('',#6850);
#2544=VERTEX_POINT('',#6852);
#2545=VERTEX_POINT('',#6854);
#2546=VERTEX_POINT('',#6856);
#2547=VERTEX_POINT('',#6858);
#2548=VERTEX_POINT('',#6861);
#2549=VERTEX_POINT('',#6862);
#2550=VERTEX_POINT('',#6864);
#2551=VERTEX_POINT('',#6866);
#2552=VERTEX_POINT('',#6868);
#2553=VERTEX_POINT('',#6870);
#2554=VERTEX_POINT('',#6872);
#2555=VERTEX_POINT('',#6874);
#2556=VERTEX_POINT('',#6877);
#2557=VERTEX_POINT('',#6878);
#2558=VERTEX_POINT('',#6880);
#2559=VERTEX_POINT('',#6882);
#2560=VERTEX_POINT('',#6884);
#2561=VERTEX_POINT('',#6886);
#2562=VERTEX_POINT('',#6888);
#2563=VERTEX_POINT('',#6890);
#2564=VERTEX_POINT('',#6893);
#2565=VERTEX_POINT('',#6894);
#2566=VERTEX_POINT('',#6896);
#2567=VERTEX_POINT('',#6898);
#2568=VERTEX_POINT('',#6900);
#2569=VERTEX_POINT('',#6902);
#2570=VERTEX_POINT('',#6904);
#2571=VERTEX_POINT('',#6906);
#2572=VERTEX_POINT('',#6909);
#2573=VERTEX_POINT('',#6910);
#2574=VERTEX_POINT('',#6912);
#2575=VERTEX_POINT('',#6914);
#2576=VERTEX_POINT('',#6917);
#2577=VERTEX_POINT('',#6918);
#2578=VERTEX_POINT('',#6920);
#2579=VERTEX_POINT('',#6922);
#2580=VERTEX_POINT('',#6925);
#2581=VERTEX_POINT('',#6926);
#2582=VERTEX_POINT('',#6928);
#2583=VERTEX_POINT('',#6930);
#2584=VERTEX_POINT('',#6932);
#2585=VERTEX_POINT('',#6934);
#2586=VERTEX_POINT('',#6936);
#2587=VERTEX_POINT('',#6938);
#2588=VERTEX_POINT('',#6940);
#2589=VERTEX_POINT('',#6942);
#2590=VERTEX_POINT('',#6944);
#2591=VERTEX_POINT('',#6946);
#2592=VERTEX_POINT('',#6948);
#2593=VERTEX_POINT('',#6950);
#2594=VERTEX_POINT('',#6952);
#2595=VERTEX_POINT('',#6954);
#2596=VERTEX_POINT('',#6957);
#2597=VERTEX_POINT('',#6958);
#2598=VERTEX_POINT('',#6960);
#2599=VERTEX_POINT('',#6962);
#2600=VERTEX_POINT('',#6965);
#2601=VERTEX_POINT('',#6966);
#2602=VERTEX_POINT('',#6968);
#2603=VERTEX_POINT('',#6970);
#2604=VERTEX_POINT('',#7278);
#2605=VERTEX_POINT('',#7280);
#2606=VERTEX_POINT('',#7284);
#2607=VERTEX_POINT('',#7288);
#2608=VERTEX_POINT('',#7290);
#2609=VERTEX_POINT('',#7294);
#2610=VERTEX_POINT('',#7296);
#2611=VERTEX_POINT('',#7300);
#2612=VERTEX_POINT('',#7304);
#2613=VERTEX_POINT('',#7305);
#2614=VERTEX_POINT('',#7310);
#2615=VERTEX_POINT('',#7314);
#2616=VERTEX_POINT('',#7327);
#2617=VERTEX_POINT('',#7329);
#2618=VERTEX_POINT('',#7333);
#2619=VERTEX_POINT('',#7337);
#2620=VERTEX_POINT('',#7339);
#2621=VERTEX_POINT('',#7343);
#2622=VERTEX_POINT('',#7345);
#2623=VERTEX_POINT('',#7349);
#2624=VERTEX_POINT('',#7353);
#2625=VERTEX_POINT('',#7354);
#2626=VERTEX_POINT('',#7359);
#2627=VERTEX_POINT('',#7363);
#2628=VERTEX_POINT('',#7376);
#2629=VERTEX_POINT('',#7378);
#2630=VERTEX_POINT('',#7382);
#2631=VERTEX_POINT('',#7386);
#2632=VERTEX_POINT('',#7388);
#2633=VERTEX_POINT('',#7392);
#2634=VERTEX_POINT('',#7394);
#2635=VERTEX_POINT('',#7398);
#2636=VERTEX_POINT('',#7402);
#2637=VERTEX_POINT('',#7403);
#2638=VERTEX_POINT('',#7408);
#2639=VERTEX_POINT('',#7412);
#2640=VERTEX_POINT('',#7425);
#2641=VERTEX_POINT('',#7427);
#2642=VERTEX_POINT('',#7431);
#2643=VERTEX_POINT('',#7435);
#2644=VERTEX_POINT('',#7437);
#2645=VERTEX_POINT('',#7441);
#2646=VERTEX_POINT('',#7443);
#2647=VERTEX_POINT('',#7447);
#2648=VERTEX_POINT('',#7451);
#2649=VERTEX_POINT('',#7452);
#2650=VERTEX_POINT('',#7457);
#2651=VERTEX_POINT('',#7461);
#2652=LINE('',#6203,#3136);
#2653=LINE('',#6208,#3137);
#2654=LINE('',#6212,#3138);
#2655=LINE('',#6216,#3139);
#2656=LINE('',#6222,#3140);
#2657=LINE('',#6226,#3141);
#2658=LINE('',#6230,#3142);
#2659=LINE('',#6234,#3143);
#2660=LINE('',#6238,#3144);
#2661=LINE('',#6242,#3145);
#2662=LINE('',#6246,#3146);
#2663=LINE('',#6250,#3147);
#2664=LINE('',#6254,#3148);
#2665=LINE('',#6258,#3149);
#2666=LINE('',#6262,#3150);
#2667=LINE('',#6266,#3151);
#2668=LINE('',#6270,#3152);
#2669=LINE('',#6274,#3153);
#2670=LINE('',#6278,#3154);
#2671=LINE('',#6282,#3155);
#2672=LINE('',#6286,#3156);
#2673=LINE('',#6290,#3157);
#2674=LINE('',#6294,#3158);
#2675=LINE('',#6298,#3159);
#2676=LINE('',#6302,#3160);
#2677=LINE('',#6306,#3161);
#2678=LINE('',#6310,#3162);
#2679=LINE('',#6314,#3163);
#2680=LINE('',#6318,#3164);
#2681=LINE('',#6322,#3165);
#2682=LINE('',#6326,#3166);
#2683=LINE('',#6330,#3167);
#2684=LINE('',#6334,#3168);
#2685=LINE('',#6338,#3169);
#2686=LINE('',#6342,#3170);
#2687=LINE('',#6346,#3171);
#2688=LINE('',#6350,#3172);
#2689=LINE('',#6354,#3173);
#2690=LINE('',#6358,#3174);
#2691=LINE('',#6362,#3175);
#2692=LINE('',#6366,#3176);
#2693=LINE('',#6370,#3177);
#2694=LINE('',#6374,#3178);
#2695=LINE('',#6378,#3179);
#2696=LINE('',#6382,#3180);
#2697=LINE('',#6386,#3181);
#2698=LINE('',#6390,#3182);
#2699=LINE('',#6394,#3183);
#2700=LINE('',#6398,#3184);
#2701=LINE('',#6402,#3185);
#2702=LINE('',#6406,#3186);
#2703=LINE('',#6410,#3187);
#2704=LINE('',#6414,#3188);
#2705=LINE('',#6418,#3189);
#2706=LINE('',#6422,#3190);
#2707=LINE('',#6426,#3191);
#2708=LINE('',#6430,#3192);
#2709=LINE('',#6434,#3193);
#2710=LINE('',#6438,#3194);
#2711=LINE('',#6442,#3195);
#2712=LINE('',#6446,#3196);
#2713=LINE('',#6450,#3197);
#2714=LINE('',#6454,#3198);
#2715=LINE('',#6458,#3199);
#2716=LINE('',#6459,#3200);
#2717=LINE('',#6462,#3201);
#2718=LINE('',#6464,#3202);
#2719=LINE('',#6466,#3203);
#2720=LINE('',#6467,#3204);
#2721=LINE('',#6470,#3205);
#2722=LINE('',#6472,#3206);
#2723=LINE('',#6474,#3207);
#2724=LINE('',#6475,#3208);
#2725=LINE('',#6478,#3209);
#2726=LINE('',#6480,#3210);
#2727=LINE('',#6482,#3211);
#2728=LINE('',#6483,#3212);
#2729=LINE('',#6488,#3213);
#2730=LINE('',#6490,#3214);
#2731=LINE('',#6494,#3215);
#2732=LINE('',#6498,#3216);
#2733=LINE('',#6500,#3217);
#2734=LINE('',#6504,#3218);
#2735=LINE('',#6506,#3219);
#2736=LINE('',#6510,#3220);
#2737=LINE('',#6514,#3221);
#2738=LINE('',#6516,#3222);
#2739=LINE('',#6520,#3223);
#2740=LINE('',#6522,#3224);
#2741=LINE('',#6526,#3225);
#2742=LINE('',#6530,#3226);
#2743=LINE('',#6532,#3227);
#2744=LINE('',#6536,#3228);
#2745=LINE('',#6538,#3229);
#2746=LINE('',#6542,#3230);
#2747=LINE('',#6546,#3231);
#2748=LINE('',#6547,#3232);
#2749=LINE('',#6550,#3233);
#2750=LINE('',#6554,#3234);
#2751=LINE('',#6558,#3235);
#2752=LINE('',#6559,#3236);
#2753=LINE('',#6562,#3237);
#2754=LINE('',#6566,#3238);
#2755=LINE('',#6570,#3239);
#2756=LINE('',#6571,#3240);
#2757=LINE('',#6574,#3241);
#2758=LINE('',#6578,#3242);
#2759=LINE('',#6582,#3243);
#2760=LINE('',#6583,#3244);
#2761=LINE('',#6586,#3245);
#2762=LINE('',#6590,#3246);
#2763=LINE('',#6594,#3247);
#2764=LINE('',#6595,#3248);
#2765=LINE('',#6598,#3249);
#2766=LINE('',#6600,#3250);
#2767=LINE('',#6602,#3251);
#2768=LINE('',#6603,#3252);
#2769=LINE('',#6606,#3253);
#2770=LINE('',#6608,#3254);
#2771=LINE('',#6610,#3255);
#2772=LINE('',#6611,#3256);
#2773=LINE('',#6614,#3257);
#2774=LINE('',#6616,#3258);
#2775=LINE('',#6618,#3259);
#2776=LINE('',#6619,#3260);
#2777=LINE('',#6622,#3261);
#2778=LINE('',#6624,#3262);
#2779=LINE('',#6626,#3263);
#2780=LINE('',#6628,#3264);
#2781=LINE('',#6631,#3265);
#2782=LINE('',#6633,#3266);
#2783=LINE('',#6635,#3267);
#2784=LINE('',#6636,#3268);
#2785=LINE('',#6639,#3269);
#2786=LINE('',#6641,#3270);
#2787=LINE('',#6643,#3271);
#2788=LINE('',#6644,#3272);
#2789=LINE('',#6647,#3273);
#2790=LINE('',#6649,#3274);
#2791=LINE('',#6651,#3275);
#2792=LINE('',#6655,#3276);
#2793=LINE('',#6659,#3277);
#2794=LINE('',#6663,#3278);
#2795=LINE('',#6667,#3279);
#2796=LINE('',#6671,#3280);
#2797=LINE('',#6675,#3281);
#2798=LINE('',#6679,#3282);
#2799=LINE('',#6683,#3283);
#2800=LINE('',#6687,#3284);
#2801=LINE('',#6691,#3285);
#2802=LINE('',#6695,#3286);
#2803=LINE('',#6699,#3287);
#2804=LINE('',#6703,#3288);
#2805=LINE('',#6707,#3289);
#2806=LINE('',#6711,#3290);
#2807=LINE('',#6715,#3291);
#2808=LINE('',#6719,#3292);
#2809=LINE('',#6723,#3293);
#2810=LINE('',#6727,#3294);
#2811=LINE('',#6731,#3295);
#2812=LINE('',#6735,#3296);
#2813=LINE('',#6739,#3297);
#2814=LINE('',#6743,#3298);
#2815=LINE('',#6747,#3299);
#2816=LINE('',#6751,#3300);
#2817=LINE('',#6755,#3301);
#2818=LINE('',#6759,#3302);
#2819=LINE('',#6763,#3303);
#2820=LINE('',#6767,#3304);
#2821=LINE('',#6771,#3305);
#2822=LINE('',#6775,#3306);
#2823=LINE('',#6779,#3307);
#2824=LINE('',#6783,#3308);
#2825=LINE('',#6787,#3309);
#2826=LINE('',#6791,#3310);
#2827=LINE('',#6795,#3311);
#2828=LINE('',#6799,#3312);
#2829=LINE('',#6803,#3313);
#2830=LINE('',#6807,#3314);
#2831=LINE('',#6811,#3315);
#2832=LINE('',#6815,#3316);
#2833=LINE('',#6819,#3317);
#2834=LINE('',#6823,#3318);
#2835=LINE('',#6827,#3319);
#2836=LINE('',#6831,#3320);
#2837=LINE('',#6835,#3321);
#2838=LINE('',#6839,#3322);
#2839=LINE('',#6843,#3323);
#2840=LINE('',#6847,#3324);
#2841=LINE('',#6851,#3325);
#2842=LINE('',#6855,#3326);
#2843=LINE('',#6859,#3327);
#2844=LINE('',#6863,#3328);
#2845=LINE('',#6867,#3329);
#2846=LINE('',#6871,#3330);
#2847=LINE('',#6875,#3331);
#2848=LINE('',#6879,#3332);
#2849=LINE('',#6883,#3333);
#2850=LINE('',#6887,#3334);
#2851=LINE('',#6891,#3335);
#2852=LINE('',#6895,#3336);
#2853=LINE('',#6899,#3337);
#2854=LINE('',#6903,#3338);
#2855=LINE('',#6907,#3339);
#2856=LINE('',#6908,#3340);
#2857=LINE('',#6911,#3341);
#2858=LINE('',#6913,#3342);
#2859=LINE('',#6915,#3343);
#2860=LINE('',#6916,#3344);
#2861=LINE('',#6919,#3345);
#2862=LINE('',#6921,#3346);
#2863=LINE('',#6923,#3347);
#2864=LINE('',#6924,#3348);
#2865=LINE('',#6929,#3349);
#2866=LINE('',#6931,#3350);
#2867=LINE('',#6933,#3351);
#2868=LINE('',#6937,#3352);
#2869=LINE('',#6939,#3353);
#2870=LINE('',#6941,#3354);
#2871=LINE('',#6945,#3355);
#2872=LINE('',#6947,#3356);
#2873=LINE('',#6949,#3357);
#2874=LINE('',#6953,#3358);
#2875=LINE('',#6955,#3359);
#2876=LINE('',#6956,#3360);
#2877=LINE('',#6959,#3361);
#2878=LINE('',#6961,#3362);
#2879=LINE('',#6963,#3363);
#2880=LINE('',#6964,#3364);
#2881=LINE('',#6967,#3365);
#2882=LINE('',#6969,#3366);
#2883=LINE('',#6971,#3367);
#2884=LINE('',#6973,#3368);
#2885=LINE('',#6974,#3369);
#2886=LINE('',#6976,#3370);
#2887=LINE('',#6977,#3371);
#2888=LINE('',#6979,#3372);
#2889=LINE('',#6980,#3373);
#2890=LINE('',#6982,#3374);
#2891=LINE('',#6983,#3375);
#2892=LINE('',#6985,#3376);
#2893=LINE('',#6986,#3377);
#2894=LINE('',#6988,#3378);
#2895=LINE('',#6990,#3379);
#2896=LINE('',#6992,#3380);
#2897=LINE('',#6994,#3381);
#2898=LINE('',#6996,#3382);
#2899=LINE('',#6998,#3383);
#2900=LINE('',#7000,#3384);
#2901=LINE('',#7001,#3385);
#2902=LINE('',#7003,#3386);
#2903=LINE('',#7005,#3387);
#2904=LINE('',#7007,#3388);
#2905=LINE('',#7009,#3389);
#2906=LINE('',#7011,#3390);
#2907=LINE('',#7013,#3391);
#2908=LINE('',#7015,#3392);
#2909=LINE('',#7016,#3393);
#2910=LINE('',#7018,#3394);
#2911=LINE('',#7020,#3395);
#2912=LINE('',#7022,#3396);
#2913=LINE('',#7024,#3397);
#2914=LINE('',#7026,#3398);
#2915=LINE('',#7028,#3399);
#2916=LINE('',#7030,#3400);
#2917=LINE('',#7031,#3401);
#2918=LINE('',#7033,#3402);
#2919=LINE('',#7035,#3403);
#2920=LINE('',#7037,#3404);
#2921=LINE('',#7039,#3405);
#2922=LINE('',#7041,#3406);
#2923=LINE('',#7043,#3407);
#2924=LINE('',#7045,#3408);
#2925=LINE('',#7046,#3409);
#2926=LINE('',#7048,#3410);
#2927=LINE('',#7050,#3411);
#2928=LINE('',#7052,#3412);
#2929=LINE('',#7054,#3413);
#2930=LINE('',#7056,#3414);
#2931=LINE('',#7058,#3415);
#2932=LINE('',#7060,#3416);
#2933=LINE('',#7061,#3417);
#2934=LINE('',#7063,#3418);
#2935=LINE('',#7065,#3419);
#2936=LINE('',#7067,#3420);
#2937=LINE('',#7069,#3421);
#2938=LINE('',#7071,#3422);
#2939=LINE('',#7073,#3423);
#2940=LINE('',#7075,#3424);
#2941=LINE('',#7076,#3425);
#2942=LINE('',#7078,#3426);
#2943=LINE('',#7080,#3427);
#2944=LINE('',#7082,#3428);
#2945=LINE('',#7084,#3429);
#2946=LINE('',#7086,#3430);
#2947=LINE('',#7088,#3431);
#2948=LINE('',#7090,#3432);
#2949=LINE('',#7091,#3433);
#2950=LINE('',#7093,#3434);
#2951=LINE('',#7095,#3435);
#2952=LINE('',#7097,#3436);
#2953=LINE('',#7099,#3437);
#2954=LINE('',#7101,#3438);
#2955=LINE('',#7103,#3439);
#2956=LINE('',#7105,#3440);
#2957=LINE('',#7106,#3441);
#2958=LINE('',#7108,#3442);
#2959=LINE('',#7110,#3443);
#2960=LINE('',#7112,#3444);
#2961=LINE('',#7114,#3445);
#2962=LINE('',#7116,#3446);
#2963=LINE('',#7118,#3447);
#2964=LINE('',#7120,#3448);
#2965=LINE('',#7121,#3449);
#2966=LINE('',#7123,#3450);
#2967=LINE('',#7125,#3451);
#2968=LINE('',#7127,#3452);
#2969=LINE('',#7129,#3453);
#2970=LINE('',#7131,#3454);
#2971=LINE('',#7133,#3455);
#2972=LINE('',#7135,#3456);
#2973=LINE('',#7136,#3457);
#2974=LINE('',#7138,#3458);
#2975=LINE('',#7140,#3459);
#2976=LINE('',#7142,#3460);
#2977=LINE('',#7144,#3461);
#2978=LINE('',#7146,#3462);
#2979=LINE('',#7148,#3463);
#2980=LINE('',#7150,#3464);
#2981=LINE('',#7151,#3465);
#2982=LINE('',#7153,#3466);
#2983=LINE('',#7155,#3467);
#2984=LINE('',#7157,#3468);
#2985=LINE('',#7159,#3469);
#2986=LINE('',#7161,#3470);
#2987=LINE('',#7163,#3471);
#2988=LINE('',#7165,#3472);
#2989=LINE('',#7166,#3473);
#2990=LINE('',#7168,#3474);
#2991=LINE('',#7170,#3475);
#2992=LINE('',#7172,#3476);
#2993=LINE('',#7174,#3477);
#2994=LINE('',#7176,#3478);
#2995=LINE('',#7178,#3479);
#2996=LINE('',#7180,#3480);
#2997=LINE('',#7181,#3481);
#2998=LINE('',#7183,#3482);
#2999=LINE('',#7185,#3483);
#3000=LINE('',#7187,#3484);
#3001=LINE('',#7189,#3485);
#3002=LINE('',#7191,#3486);
#3003=LINE('',#7193,#3487);
#3004=LINE('',#7195,#3488);
#3005=LINE('',#7196,#3489);
#3006=LINE('',#7198,#3490);
#3007=LINE('',#7200,#3491);
#3008=LINE('',#7202,#3492);
#3009=LINE('',#7204,#3493);
#3010=LINE('',#7206,#3494);
#3011=LINE('',#7208,#3495);
#3012=LINE('',#7225,#3496);
#3013=LINE('',#7226,#3497);
#3014=LINE('',#7228,#3498);
#3015=LINE('',#7230,#3499);
#3016=LINE('',#7232,#3500);
#3017=LINE('',#7234,#3501);
#3018=LINE('',#7236,#3502);
#3019=LINE('',#7238,#3503);
#3020=LINE('',#7241,#3504);
#3021=LINE('',#7242,#3505);
#3022=LINE('',#7244,#3506);
#3023=LINE('',#7246,#3507);
#3024=LINE('',#7249,#3508);
#3025=LINE('',#7250,#3509);
#3026=LINE('',#7252,#3510);
#3027=LINE('',#7254,#3511);
#3028=LINE('',#7257,#3512);
#3029=LINE('',#7258,#3513);
#3030=LINE('',#7260,#3514);
#3031=LINE('',#7262,#3515);
#3032=LINE('',#7265,#3516);
#3033=LINE('',#7266,#3517);
#3034=LINE('',#7268,#3518);
#3035=LINE('',#7269,#3519);
#3036=LINE('',#7271,#3520);
#3037=LINE('',#7272,#3521);
#3038=LINE('',#7274,#3522);
#3039=LINE('',#7275,#3523);
#3040=LINE('',#7277,#3524);
#3041=LINE('',#7279,#3525);
#3042=LINE('',#7281,#3526);
#3043=LINE('',#7283,#3527);
#3044=LINE('',#7285,#3528);
#3045=LINE('',#7287,#3529);
#3046=LINE('',#7289,#3530);
#3047=LINE('',#7291,#3531);
#3048=LINE('',#7293,#3532);
#3049=LINE('',#7295,#3533);
#3050=LINE('',#7297,#3534);
#3051=LINE('',#7299,#3535);
#3052=LINE('',#7301,#3536);
#3053=LINE('',#7303,#3537);
#3054=LINE('',#7306,#3538);
#3055=LINE('',#7307,#3539);
#3056=LINE('',#7309,#3540);
#3057=LINE('',#7311,#3541);
#3058=LINE('',#7313,#3542);
#3059=LINE('',#7315,#3543);
#3060=LINE('',#7326,#3544);
#3061=LINE('',#7328,#3545);
#3062=LINE('',#7330,#3546);
#3063=LINE('',#7332,#3547);
#3064=LINE('',#7334,#3548);
#3065=LINE('',#7336,#3549);
#3066=LINE('',#7338,#3550);
#3067=LINE('',#7340,#3551);
#3068=LINE('',#7342,#3552);
#3069=LINE('',#7344,#3553);
#3070=LINE('',#7346,#3554);
#3071=LINE('',#7348,#3555);
#3072=LINE('',#7350,#3556);
#3073=LINE('',#7352,#3557);
#3074=LINE('',#7355,#3558);
#3075=LINE('',#7356,#3559);
#3076=LINE('',#7358,#3560);
#3077=LINE('',#7360,#3561);
#3078=LINE('',#7362,#3562);
#3079=LINE('',#7364,#3563);
#3080=LINE('',#7375,#3564);
#3081=LINE('',#7377,#3565);
#3082=LINE('',#7379,#3566);
#3083=LINE('',#7381,#3567);
#3084=LINE('',#7383,#3568);
#3085=LINE('',#7385,#3569);
#3086=LINE('',#7387,#3570);
#3087=LINE('',#7389,#3571);
#3088=LINE('',#7391,#3572);
#3089=LINE('',#7393,#3573);
#3090=LINE('',#7395,#3574);
#3091=LINE('',#7397,#3575);
#3092=LINE('',#7399,#3576);
#3093=LINE('',#7401,#3577);
#3094=LINE('',#7404,#3578);
#3095=LINE('',#7405,#3579);
#3096=LINE('',#7407,#3580);
#3097=LINE('',#7409,#3581);
#3098=LINE('',#7411,#3582);
#3099=LINE('',#7413,#3583);
#3100=LINE('',#7424,#3584);
#3101=LINE('',#7426,#3585);
#3102=LINE('',#7428,#3586);
#3103=LINE('',#7430,#3587);
#3104=LINE('',#7432,#3588);
#3105=LINE('',#7434,#3589);
#3106=LINE('',#7436,#3590);
#3107=LINE('',#7438,#3591);
#3108=LINE('',#7440,#3592);
#3109=LINE('',#7442,#3593);
#3110=LINE('',#7444,#3594);
#3111=LINE('',#7446,#3595);
#3112=LINE('',#7448,#3596);
#3113=LINE('',#7450,#3597);
#3114=LINE('',#7453,#3598);
#3115=LINE('',#7454,#3599);
#3116=LINE('',#7456,#3600);
#3117=LINE('',#7458,#3601);
#3118=LINE('',#7460,#3602);
#3119=LINE('',#7462,#3603);
#3120=LINE('',#7477,#3604);
#3121=LINE('',#7478,#3605);
#3122=LINE('',#7480,#3606);
#3123=LINE('',#7482,#3607);
#3124=LINE('',#7485,#3608);
#3125=LINE('',#7486,#3609);
#3126=LINE('',#7488,#3610);
#3127=LINE('',#7490,#3611);
#3128=LINE('',#7493,#3612);
#3129=LINE('',#7494,#3613);
#3130=LINE('',#7496,#3614);
#3131=LINE('',#7498,#3615);
#3132=LINE('',#7501,#3616);
#3133=LINE('',#7502,#3617);
#3134=LINE('',#7504,#3618);
#3135=LINE('',#7506,#3619);
#3136=VECTOR('',#4939,1.);
#3137=VECTOR('',#4942,1.);
#3138=VECTOR('',#4945,1.);
#3139=VECTOR('',#4948,1.);
#3140=VECTOR('',#4953,1.);
#3141=VECTOR('',#4956,1.);
#3142=VECTOR('',#4959,1.);
#3143=VECTOR('',#4962,1.);
#3144=VECTOR('',#4965,1.);
#3145=VECTOR('',#4968,1.);
#3146=VECTOR('',#4971,1.);
#3147=VECTOR('',#4974,1.);
#3148=VECTOR('',#4977,1.);
#3149=VECTOR('',#4980,1.);
#3150=VECTOR('',#4983,1.);
#3151=VECTOR('',#4986,1.);
#3152=VECTOR('',#4989,1.);
#3153=VECTOR('',#4992,1.);
#3154=VECTOR('',#4995,1.);
#3155=VECTOR('',#4998,1.);
#3156=VECTOR('',#5001,1.);
#3157=VECTOR('',#5004,1.);
#3158=VECTOR('',#5007,1.);
#3159=VECTOR('',#5010,1.);
#3160=VECTOR('',#5013,1.);
#3161=VECTOR('',#5016,1.);
#3162=VECTOR('',#5019,1.);
#3163=VECTOR('',#5022,1.);
#3164=VECTOR('',#5025,1.);
#3165=VECTOR('',#5028,1.);
#3166=VECTOR('',#5031,1.);
#3167=VECTOR('',#5034,1.);
#3168=VECTOR('',#5037,1.);
#3169=VECTOR('',#5040,1.);
#3170=VECTOR('',#5043,1.);
#3171=VECTOR('',#5046,1.);
#3172=VECTOR('',#5049,1.);
#3173=VECTOR('',#5052,1.);
#3174=VECTOR('',#5055,1.);
#3175=VECTOR('',#5058,1.);
#3176=VECTOR('',#5061,1.);
#3177=VECTOR('',#5064,1.);
#3178=VECTOR('',#5067,1.);
#3179=VECTOR('',#5070,1.);
#3180=VECTOR('',#5073,1.);
#3181=VECTOR('',#5076,1.);
#3182=VECTOR('',#5079,1.);
#3183=VECTOR('',#5082,1.);
#3184=VECTOR('',#5085,1.);
#3185=VECTOR('',#5088,1.);
#3186=VECTOR('',#5091,1.);
#3187=VECTOR('',#5094,1.);
#3188=VECTOR('',#5097,1.);
#3189=VECTOR('',#5100,1.);
#3190=VECTOR('',#5103,1.);
#3191=VECTOR('',#5106,1.);
#3192=VECTOR('',#5109,1.);
#3193=VECTOR('',#5112,1.);
#3194=VECTOR('',#5115,1.);
#3195=VECTOR('',#5118,1.);
#3196=VECTOR('',#5121,1.);
#3197=VECTOR('',#5124,1.);
#3198=VECTOR('',#5127,1.);
#3199=VECTOR('',#5130,1.);
#3200=VECTOR('',#5131,1.);
#3201=VECTOR('',#5132,1.);
#3202=VECTOR('',#5133,1.);
#3203=VECTOR('',#5134,1.);
#3204=VECTOR('',#5135,1.);
#3205=VECTOR('',#5136,1.);
#3206=VECTOR('',#5137,1.);
#3207=VECTOR('',#5138,1.);
#3208=VECTOR('',#5139,1.);
#3209=VECTOR('',#5140,1.);
#3210=VECTOR('',#5141,1.);
#3211=VECTOR('',#5142,1.);
#3212=VECTOR('',#5143,1.);
#3213=VECTOR('',#5146,1.);
#3214=VECTOR('',#5147,1.);
#3215=VECTOR('',#5150,1.);
#3216=VECTOR('',#5153,1.);
#3217=VECTOR('',#5154,1.);
#3218=VECTOR('',#5157,1.);
#3219=VECTOR('',#5158,1.);
#3220=VECTOR('',#5161,1.);
#3221=VECTOR('',#5164,1.);
#3222=VECTOR('',#5165,1.);
#3223=VECTOR('',#5168,1.);
#3224=VECTOR('',#5169,1.);
#3225=VECTOR('',#5172,1.);
#3226=VECTOR('',#5175,1.);
#3227=VECTOR('',#5176,1.);
#3228=VECTOR('',#5179,1.);
#3229=VECTOR('',#5180,1.);
#3230=VECTOR('',#5183,1.);
#3231=VECTOR('',#5186,1.);
#3232=VECTOR('',#5187,1.);
#3233=VECTOR('',#5188,1.);
#3234=VECTOR('',#5191,1.);
#3235=VECTOR('',#5194,1.);
#3236=VECTOR('',#5195,1.);
#3237=VECTOR('',#5196,1.);
#3238=VECTOR('',#5199,1.);
#3239=VECTOR('',#5202,1.);
#3240=VECTOR('',#5203,1.);
#3241=VECTOR('',#5204,1.);
#3242=VECTOR('',#5207,1.);
#3243=VECTOR('',#5210,1.);
#3244=VECTOR('',#5211,1.);
#3245=VECTOR('',#5212,1.);
#3246=VECTOR('',#5215,1.);
#3247=VECTOR('',#5218,1.);
#3248=VECTOR('',#5219,1.);
#3249=VECTOR('',#5220,1.);
#3250=VECTOR('',#5221,1.);
#3251=VECTOR('',#5222,1.);
#3252=VECTOR('',#5223,1.);
#3253=VECTOR('',#5224,1.);
#3254=VECTOR('',#5225,1.);
#3255=VECTOR('',#5226,1.);
#3256=VECTOR('',#5227,1.);
#3257=VECTOR('',#5228,1.);
#3258=VECTOR('',#5229,1.);
#3259=VECTOR('',#5230,1.);
#3260=VECTOR('',#5231,1.);
#3261=VECTOR('',#5232,1.);
#3262=VECTOR('',#5233,1.);
#3263=VECTOR('',#5234,1.);
#3264=VECTOR('',#5237,1.);
#3265=VECTOR('',#5238,1.);
#3266=VECTOR('',#5239,1.);
#3267=VECTOR('',#5240,1.);
#3268=VECTOR('',#5241,1.);
#3269=VECTOR('',#5242,1.);
#3270=VECTOR('',#5243,1.);
#3271=VECTOR('',#5244,1.);
#3272=VECTOR('',#5245,1.);
#3273=VECTOR('',#5246,1.);
#3274=VECTOR('',#5247,1.);
#3275=VECTOR('',#5248,1.);
#3276=VECTOR('',#5251,1.);
#3277=VECTOR('',#5254,1.);
#3278=VECTOR('',#5257,1.);
#3279=VECTOR('',#5260,1.);
#3280=VECTOR('',#5263,1.);
#3281=VECTOR('',#5266,1.);
#3282=VECTOR('',#5269,1.);
#3283=VECTOR('',#5272,1.);
#3284=VECTOR('',#5275,1.);
#3285=VECTOR('',#5278,1.);
#3286=VECTOR('',#5281,1.);
#3287=VECTOR('',#5284,1.);
#3288=VECTOR('',#5287,1.);
#3289=VECTOR('',#5290,1.);
#3290=VECTOR('',#5293,1.);
#3291=VECTOR('',#5296,1.);
#3292=VECTOR('',#5299,1.);
#3293=VECTOR('',#5302,1.);
#3294=VECTOR('',#5305,1.);
#3295=VECTOR('',#5308,1.);
#3296=VECTOR('',#5311,1.);
#3297=VECTOR('',#5314,1.);
#3298=VECTOR('',#5317,1.);
#3299=VECTOR('',#5320,1.);
#3300=VECTOR('',#5323,1.);
#3301=VECTOR('',#5326,1.);
#3302=VECTOR('',#5329,1.);
#3303=VECTOR('',#5332,1.);
#3304=VECTOR('',#5335,1.);
#3305=VECTOR('',#5338,1.);
#3306=VECTOR('',#5341,1.);
#3307=VECTOR('',#5344,1.);
#3308=VECTOR('',#5347,1.);
#3309=VECTOR('',#5350,1.);
#3310=VECTOR('',#5353,1.);
#3311=VECTOR('',#5356,1.);
#3312=VECTOR('',#5359,1.);
#3313=VECTOR('',#5362,1.);
#3314=VECTOR('',#5365,1.);
#3315=VECTOR('',#5368,1.);
#3316=VECTOR('',#5371,1.);
#3317=VECTOR('',#5374,1.);
#3318=VECTOR('',#5377,1.);
#3319=VECTOR('',#5380,1.);
#3320=VECTOR('',#5383,1.);
#3321=VECTOR('',#5386,1.);
#3322=VECTOR('',#5389,1.);
#3323=VECTOR('',#5392,1.);
#3324=VECTOR('',#5395,1.);
#3325=VECTOR('',#5398,1.);
#3326=VECTOR('',#5401,1.);
#3327=VECTOR('',#5404,1.);
#3328=VECTOR('',#5407,1.);
#3329=VECTOR('',#5410,1.);
#3330=VECTOR('',#5413,1.);
#3331=VECTOR('',#5416,1.);
#3332=VECTOR('',#5419,1.);
#3333=VECTOR('',#5422,1.);
#3334=VECTOR('',#5425,1.);
#3335=VECTOR('',#5428,1.);
#3336=VECTOR('',#5431,1.);
#3337=VECTOR('',#5434,1.);
#3338=VECTOR('',#5437,1.);
#3339=VECTOR('',#5440,1.);
#3340=VECTOR('',#5441,1.);
#3341=VECTOR('',#5442,1.);
#3342=VECTOR('',#5443,1.);
#3343=VECTOR('',#5444,1.);
#3344=VECTOR('',#5445,1.);
#3345=VECTOR('',#5446,1.);
#3346=VECTOR('',#5447,1.);
#3347=VECTOR('',#5448,1.);
#3348=VECTOR('',#5449,1.);
#3349=VECTOR('',#5452,1.);
#3350=VECTOR('',#5453,1.);
#3351=VECTOR('',#5454,1.);
#3352=VECTOR('',#5457,1.);
#3353=VECTOR('',#5458,1.);
#3354=VECTOR('',#5459,1.);
#3355=VECTOR('',#5462,1.);
#3356=VECTOR('',#5463,1.);
#3357=VECTOR('',#5464,1.);
#3358=VECTOR('',#5467,1.);
#3359=VECTOR('',#5468,1.);
#3360=VECTOR('',#5469,1.);
#3361=VECTOR('',#5470,1.);
#3362=VECTOR('',#5471,1.);
#3363=VECTOR('',#5472,1.);
#3364=VECTOR('',#5473,1.);
#3365=VECTOR('',#5474,1.);
#3366=VECTOR('',#5475,1.);
#3367=VECTOR('',#5476,1.);
#3368=VECTOR('',#5479,1.);
#3369=VECTOR('',#5480,1.);
#3370=VECTOR('',#5483,1.);
#3371=VECTOR('',#5484,1.);
#3372=VECTOR('',#5487,1.);
#3373=VECTOR('',#5488,1.);
#3374=VECTOR('',#5491,1.);
#3375=VECTOR('',#5492,1.);
#3376=VECTOR('',#5495,1.);
#3377=VECTOR('',#5496,1.);
#3378=VECTOR('',#5499,1.);
#3379=VECTOR('',#5502,1.);
#3380=VECTOR('',#5505,1.);
#3381=VECTOR('',#5508,1.);
#3382=VECTOR('',#5511,1.);
#3383=VECTOR('',#5514,1.);
#3384=VECTOR('',#5517,1.);
#3385=VECTOR('',#5518,1.);
#3386=VECTOR('',#5521,1.);
#3387=VECTOR('',#5524,1.);
#3388=VECTOR('',#5527,1.);
#3389=VECTOR('',#5530,1.);
#3390=VECTOR('',#5533,1.);
#3391=VECTOR('',#5536,1.);
#3392=VECTOR('',#5539,1.);
#3393=VECTOR('',#5540,1.);
#3394=VECTOR('',#5543,1.);
#3395=VECTOR('',#5546,1.);
#3396=VECTOR('',#5549,1.);
#3397=VECTOR('',#5552,1.);
#3398=VECTOR('',#5555,1.);
#3399=VECTOR('',#5558,1.);
#3400=VECTOR('',#5561,1.);
#3401=VECTOR('',#5562,1.);
#3402=VECTOR('',#5565,1.);
#3403=VECTOR('',#5568,1.);
#3404=VECTOR('',#5571,1.);
#3405=VECTOR('',#5574,1.);
#3406=VECTOR('',#5577,1.);
#3407=VECTOR('',#5580,1.);
#3408=VECTOR('',#5583,1.);
#3409=VECTOR('',#5584,1.);
#3410=VECTOR('',#5587,1.);
#3411=VECTOR('',#5590,1.);
#3412=VECTOR('',#5593,1.);
#3413=VECTOR('',#5596,1.);
#3414=VECTOR('',#5599,1.);
#3415=VECTOR('',#5602,1.);
#3416=VECTOR('',#5605,1.);
#3417=VECTOR('',#5606,1.);
#3418=VECTOR('',#5609,1.);
#3419=VECTOR('',#5612,1.);
#3420=VECTOR('',#5615,1.);
#3421=VECTOR('',#5618,1.);
#3422=VECTOR('',#5621,1.);
#3423=VECTOR('',#5624,1.);
#3424=VECTOR('',#5627,1.);
#3425=VECTOR('',#5628,1.);
#3426=VECTOR('',#5631,1.);
#3427=VECTOR('',#5634,1.);
#3428=VECTOR('',#5637,1.);
#3429=VECTOR('',#5640,1.);
#3430=VECTOR('',#5643,1.);
#3431=VECTOR('',#5646,1.);
#3432=VECTOR('',#5649,1.);
#3433=VECTOR('',#5650,1.);
#3434=VECTOR('',#5653,1.);
#3435=VECTOR('',#5656,1.);
#3436=VECTOR('',#5659,1.);
#3437=VECTOR('',#5662,1.);
#3438=VECTOR('',#5665,1.);
#3439=VECTOR('',#5668,1.);
#3440=VECTOR('',#5671,1.);
#3441=VECTOR('',#5672,1.);
#3442=VECTOR('',#5675,1.);
#3443=VECTOR('',#5678,1.);
#3444=VECTOR('',#5681,1.);
#3445=VECTOR('',#5684,1.);
#3446=VECTOR('',#5687,1.);
#3447=VECTOR('',#5690,1.);
#3448=VECTOR('',#5693,1.);
#3449=VECTOR('',#5694,1.);
#3450=VECTOR('',#5697,1.);
#3451=VECTOR('',#5700,1.);
#3452=VECTOR('',#5703,1.);
#3453=VECTOR('',#5706,1.);
#3454=VECTOR('',#5709,1.);
#3455=VECTOR('',#5712,1.);
#3456=VECTOR('',#5715,1.);
#3457=VECTOR('',#5716,1.);
#3458=VECTOR('',#5719,1.);
#3459=VECTOR('',#5722,1.);
#3460=VECTOR('',#5725,1.);
#3461=VECTOR('',#5728,1.);
#3462=VECTOR('',#5731,1.);
#3463=VECTOR('',#5734,1.);
#3464=VECTOR('',#5737,1.);
#3465=VECTOR('',#5738,1.);
#3466=VECTOR('',#5741,1.);
#3467=VECTOR('',#5744,1.);
#3468=VECTOR('',#5747,1.);
#3469=VECTOR('',#5750,1.);
#3470=VECTOR('',#5753,1.);
#3471=VECTOR('',#5756,1.);
#3472=VECTOR('',#5759,1.);
#3473=VECTOR('',#5760,1.);
#3474=VECTOR('',#5763,1.);
#3475=VECTOR('',#5766,1.);
#3476=VECTOR('',#5769,1.);
#3477=VECTOR('',#5772,1.);
#3478=VECTOR('',#5775,1.);
#3479=VECTOR('',#5778,1.);
#3480=VECTOR('',#5781,1.);
#3481=VECTOR('',#5782,1.);
#3482=VECTOR('',#5785,1.);
#3483=VECTOR('',#5788,1.);
#3484=VECTOR('',#5791,1.);
#3485=VECTOR('',#5794,1.);
#3486=VECTOR('',#5797,1.);
#3487=VECTOR('',#5800,1.);
#3488=VECTOR('',#5803,1.);
#3489=VECTOR('',#5804,1.);
#3490=VECTOR('',#5807,1.);
#3491=VECTOR('',#5810,1.);
#3492=VECTOR('',#5813,1.);
#3493=VECTOR('',#5816,1.);
#3494=VECTOR('',#5819,1.);
#3495=VECTOR('',#5822,1.);
#3496=VECTOR('',#5855,1.);
#3497=VECTOR('',#5856,1.);
#3498=VECTOR('',#5859,1.);
#3499=VECTOR('',#5862,1.);
#3500=VECTOR('',#5865,1.);
#3501=VECTOR('',#5868,1.);
#3502=VECTOR('',#5871,1.);
#3503=VECTOR('',#5874,1.);
#3504=VECTOR('',#5879,1.);
#3505=VECTOR('',#5880,1.);
#3506=VECTOR('',#5883,1.);
#3507=VECTOR('',#5886,1.);
#3508=VECTOR('',#5891,1.);
#3509=VECTOR('',#5892,1.);
#3510=VECTOR('',#5895,1.);
#3511=VECTOR('',#5898,1.);
#3512=VECTOR('',#5903,1.);
#3513=VECTOR('',#5904,1.);
#3514=VECTOR('',#5907,1.);
#3515=VECTOR('',#5910,1.);
#3516=VECTOR('',#5915,1.);
#3517=VECTOR('',#5916,1.);
#3518=VECTOR('',#5919,1.);
#3519=VECTOR('',#5920,1.);
#3520=VECTOR('',#5923,1.);
#3521=VECTOR('',#5924,1.);
#3522=VECTOR('',#5927,1.);
#3523=VECTOR('',#5928,1.);
#3524=VECTOR('',#5931,1.);
#3525=VECTOR('',#5932,1.);
#3526=VECTOR('',#5933,1.);
#3527=VECTOR('',#5936,1.);
#3528=VECTOR('',#5937,1.);
#3529=VECTOR('',#5940,1.);
#3530=VECTOR('',#5941,1.);
#3531=VECTOR('',#5942,1.);
#3532=VECTOR('',#5945,1.);
#3533=VECTOR('',#5946,1.);
#3534=VECTOR('',#5947,1.);
#3535=VECTOR('',#5950,1.);
#3536=VECTOR('',#5951,1.);
#3537=VECTOR('',#5954,1.);
#3538=VECTOR('',#5955,1.);
#3539=VECTOR('',#5956,1.);
#3540=VECTOR('',#5959,1.);
#3541=VECTOR('',#5960,1.);
#3542=VECTOR('',#5963,1.);
#3543=VECTOR('',#5964,1.);
#3544=VECTOR('',#5985,1.);
#3545=VECTOR('',#5986,1.);
#3546=VECTOR('',#5987,1.);
#3547=VECTOR('',#5990,1.);
#3548=VECTOR('',#5991,1.);
#3549=VECTOR('',#5994,1.);
#3550=VECTOR('',#5995,1.);
#3551=VECTOR('',#5996,1.);
#3552=VECTOR('',#5999,1.);
#3553=VECTOR('',#6000,1.);
#3554=VECTOR('',#6001,1.);
#3555=VECTOR('',#6004,1.);
#3556=VECTOR('',#6005,1.);
#3557=VECTOR('',#6008,1.);
#3558=VECTOR('',#6009,1.);
#3559=VECTOR('',#6010,1.);
#3560=VECTOR('',#6013,1.);
#3561=VECTOR('',#6014,1.);
#3562=VECTOR('',#6017,1.);
#3563=VECTOR('',#6018,1.);
#3564=VECTOR('',#6039,1.);
#3565=VECTOR('',#6040,1.);
#3566=VECTOR('',#6041,1.);
#3567=VECTOR('',#6044,1.);
#3568=VECTOR('',#6045,1.);
#3569=VECTOR('',#6048,1.);
#3570=VECTOR('',#6049,1.);
#3571=VECTOR('',#6050,1.);
#3572=VECTOR('',#6053,1.);
#3573=VECTOR('',#6054,1.);
#3574=VECTOR('',#6055,1.);
#3575=VECTOR('',#6058,1.);
#3576=VECTOR('',#6059,1.);
#3577=VECTOR('',#6062,1.);
#3578=VECTOR('',#6063,1.);
#3579=VECTOR('',#6064,1.);
#3580=VECTOR('',#6067,1.);
#3581=VECTOR('',#6068,1.);
#3582=VECTOR('',#6071,1.);
#3583=VECTOR('',#6072,1.);
#3584=VECTOR('',#6093,1.);
#3585=VECTOR('',#6094,1.);
#3586=VECTOR('',#6095,1.);
#3587=VECTOR('',#6098,1.);
#3588=VECTOR('',#6099,1.);
#3589=VECTOR('',#6102,1.);
#3590=VECTOR('',#6103,1.);
#3591=VECTOR('',#6104,1.);
#3592=VECTOR('',#6107,1.);
#3593=VECTOR('',#6108,1.);
#3594=VECTOR('',#6109,1.);
#3595=VECTOR('',#6112,1.);
#3596=VECTOR('',#6113,1.);
#3597=VECTOR('',#6116,1.);
#3598=VECTOR('',#6117,1.);
#3599=VECTOR('',#6118,1.);
#3600=VECTOR('',#6121,1.);
#3601=VECTOR('',#6122,1.);
#3602=VECTOR('',#6125,1.);
#3603=VECTOR('',#6126,1.);
#3604=VECTOR('',#6155,1.);
#3605=VECTOR('',#6156,1.);
#3606=VECTOR('',#6159,1.);
#3607=VECTOR('',#6162,1.);
#3608=VECTOR('',#6167,1.);
#3609=VECTOR('',#6168,1.);
#3610=VECTOR('',#6171,1.);
#3611=VECTOR('',#6174,1.);
#3612=VECTOR('',#6179,1.);
#3613=VECTOR('',#6180,1.);
#3614=VECTOR('',#6183,1.);
#3615=VECTOR('',#6186,1.);
#3616=VECTOR('',#6191,1.);
#3617=VECTOR('',#6192,1.);
#3618=VECTOR('',#6195,1.);
#3619=VECTOR('',#6198,1.);
#3620=EDGE_LOOP('',(#264,#265,#266,#267,#268,#269,#270,#271));
#3621=EDGE_LOOP('',(#272,#273,#274,#275,#276,#277,#278,#279));
#3622=EDGE_LOOP('',(#280,#281,#282,#283,#284,#285,#286,#287));
#3623=EDGE_LOOP('',(#288,#289,#290,#291,#292,#293,#294,#295));
#3624=EDGE_LOOP('',(#296,#297,#298,#299,#300,#301,#302,#303));
#3625=EDGE_LOOP('',(#304,#305,#306,#307,#308,#309,#310,#311));
#3626=EDGE_LOOP('',(#312,#313,#314,#315,#316,#317,#318,#319));
#3627=EDGE_LOOP('',(#320,#321,#322,#323,#324,#325,#326,#327));
#3628=EDGE_LOOP('',(#328,#329,#330,#331,#332,#333,#334,#335));
#3629=EDGE_LOOP('',(#336,#337,#338,#339,#340,#341,#342,#343));
#3630=EDGE_LOOP('',(#344,#345,#346,#347,#348,#349,#350,#351));
#3631=EDGE_LOOP('',(#352,#353,#354,#355,#356,#357,#358,#359));
#3632=EDGE_LOOP('',(#360,#361,#362,#363,#364,#365,#366,#367));
#3633=EDGE_LOOP('',(#368,#369,#370,#371,#372,#373,#374,#375));
#3634=EDGE_LOOP('',(#376,#377,#378,#379,#380,#381,#382,#383));
#3635=EDGE_LOOP('',(#384,#385,#386,#387,#388,#389,#390,#391));
#3636=EDGE_LOOP('',(#392,#393,#394,#395));
#3637=EDGE_LOOP('',(#396,#397,#398,#399));
#3638=EDGE_LOOP('',(#400,#401,#402,#403));
#3639=EDGE_LOOP('',(#404,#405,#406,#407,#408,#409,#410,#411,#412,#413,#414,#415,#416,#417,#418,#419,#420,#421,#422,#423,#424,#425,#426,#427,#428,#429,#430,#431,#432,#433,#434,#435));
#3640=EDGE_LOOP('',(#436,#437,#438,#439,#440,#441));
#3641=EDGE_LOOP('',(#442,#443,#444,#445,#446,#447));
#3642=EDGE_LOOP('',(#448,#449,#450,#451,#452,#453));
#3643=EDGE_LOOP('',(#454,#455,#456,#457,#458,#459));
#3644=EDGE_LOOP('',(#460,#461,#462,#463));
#3645=EDGE_LOOP('',(#464,#465,#466,#467));
#3646=EDGE_LOOP('',(#468,#469,#470,#471));
#3647=EDGE_LOOP('',(#472,#473,#474,#475));
#3648=EDGE_LOOP('',(#476,#477,#478,#479));
#3649=EDGE_LOOP('',(#480,#481,#482,#483));
#3650=EDGE_LOOP('',(#484,#485,#486,#487));
#3651=EDGE_LOOP('',(#488,#489,#490,#491,#492,#493,#494,#495));
#3652=EDGE_LOOP('',(#496,#497,#498,#499,#500,#501,#502,#503));
#3653=EDGE_LOOP('',(#504,#505,#506,#507,#508,#509,#510,#511));
#3654=EDGE_LOOP('',(#512,#513,#514,#515,#516,#517,#518,#519));
#3655=EDGE_LOOP('',(#520,#521,#522,#523,#524,#525,#526,#527));
#3656=EDGE_LOOP('',(#528,#529,#530,#531,#532,#533,#534,#535));
#3657=EDGE_LOOP('',(#536,#537,#538,#539,#540,#541,#542,#543));
#3658=EDGE_LOOP('',(#544,#545,#546,#547,#548,#549,#550,#551));
#3659=EDGE_LOOP('',(#552,#553,#554,#555,#556,#557,#558,#559));
#3660=EDGE_LOOP('',(#560,#561,#562,#563,#564,#565,#566,#567));
#3661=EDGE_LOOP('',(#568,#569,#570,#571,#572,#573,#574,#575));
#3662=EDGE_LOOP('',(#576,#577,#578,#579,#580,#581,#582,#583));
#3663=EDGE_LOOP('',(#584,#585,#586,#587,#588,#589,#590,#591));
#3664=EDGE_LOOP('',(#592,#593,#594,#595,#596,#597,#598,#599));
#3665=EDGE_LOOP('',(#600,#601,#602,#603,#604,#605,#606,#607));
#3666=EDGE_LOOP('',(#608,#609,#610,#611,#612,#613,#614,#615));
#3667=EDGE_LOOP('',(#616,#617,#618,#619));
#3668=EDGE_LOOP('',(#620,#621,#622,#623));
#3669=EDGE_LOOP('',(#624,#625,#626,#627,#628,#629,#630,#631,#632,#633,#634,#635,#636,#637,#638,#639));
#3670=EDGE_LOOP('',(#640,#641,#642,#643));
#3671=EDGE_LOOP('',(#644,#645,#646,#647));
#3672=EDGE_LOOP('',(#648,#649,#650,#651));
#3673=EDGE_LOOP('',(#652,#653,#654,#655));
#3674=EDGE_LOOP('',(#656,#657,#658,#659));
#3675=EDGE_LOOP('',(#660,#661,#662,#663));
#3676=EDGE_LOOP('',(#664,#665,#666,#667));
#3677=EDGE_LOOP('',(#668,#669,#670,#671));
#3678=EDGE_LOOP('',(#672,#673,#674,#675));
#3679=EDGE_LOOP('',(#676,#677,#678,#679));
#3680=EDGE_LOOP('',(#680,#681,#682,#683));
#3681=EDGE_LOOP('',(#684,#685,#686,#687));
#3682=EDGE_LOOP('',(#688,#689,#690,#691));
#3683=EDGE_LOOP('',(#692,#693,#694,#695));
#3684=EDGE_LOOP('',(#696,#697,#698,#699));
#3685=EDGE_LOOP('',(#700,#701,#702,#703));
#3686=EDGE_LOOP('',(#704,#705,#706,#707));
#3687=EDGE_LOOP('',(#708,#709,#710,#711));
#3688=EDGE_LOOP('',(#712,#713,#714,#715));
#3689=EDGE_LOOP('',(#716,#717,#718,#719));
#3690=EDGE_LOOP('',(#720,#721,#722,#723));
#3691=EDGE_LOOP('',(#724,#725,#726,#727));
#3692=EDGE_LOOP('',(#728,#729,#730,#731));
#3693=EDGE_LOOP('',(#732,#733,#734,#735));
#3694=EDGE_LOOP('',(#736,#737,#738,#739));
#3695=EDGE_LOOP('',(#740,#741,#742,#743));
#3696=EDGE_LOOP('',(#744,#745,#746,#747));
#3697=EDGE_LOOP('',(#748,#749,#750,#751));
#3698=EDGE_LOOP('',(#752,#753,#754,#755));
#3699=EDGE_LOOP('',(#756,#757,#758,#759));
#3700=EDGE_LOOP('',(#760,#761,#762,#763));
#3701=EDGE_LOOP('',(#764,#765,#766,#767));
#3702=EDGE_LOOP('',(#768,#769,#770,#771));
#3703=EDGE_LOOP('',(#772,#773,#774,#775));
#3704=EDGE_LOOP('',(#776,#777,#778,#779));
#3705=EDGE_LOOP('',(#780,#781,#782,#783));
#3706=EDGE_LOOP('',(#784,#785,#786,#787));
#3707=EDGE_LOOP('',(#788,#789,#790,#791));
#3708=EDGE_LOOP('',(#792,#793,#794,#795));
#3709=EDGE_LOOP('',(#796,#797,#798,#799));
#3710=EDGE_LOOP('',(#800,#801,#802,#803));
#3711=EDGE_LOOP('',(#804,#805,#806,#807));
#3712=EDGE_LOOP('',(#808,#809,#810,#811));
#3713=EDGE_LOOP('',(#812,#813,#814,#815));
#3714=EDGE_LOOP('',(#816,#817,#818,#819));
#3715=EDGE_LOOP('',(#820,#821,#822,#823));
#3716=EDGE_LOOP('',(#824,#825,#826,#827));
#3717=EDGE_LOOP('',(#828,#829,#830,#831));
#3718=EDGE_LOOP('',(#832,#833,#834,#835));
#3719=EDGE_LOOP('',(#836,#837,#838,#839));
#3720=EDGE_LOOP('',(#840,#841,#842,#843));
#3721=EDGE_LOOP('',(#844,#845,#846,#847));
#3722=EDGE_LOOP('',(#848,#849,#850,#851));
#3723=EDGE_LOOP('',(#852,#853,#854,#855));
#3724=EDGE_LOOP('',(#856,#857,#858,#859));
#3725=EDGE_LOOP('',(#860,#861,#862,#863));
#3726=EDGE_LOOP('',(#864,#865,#866,#867));
#3727=EDGE_LOOP('',(#868,#869,#870,#871));
#3728=EDGE_LOOP('',(#872,#873,#874,#875));
#3729=EDGE_LOOP('',(#876,#877,#878,#879));
#3730=EDGE_LOOP('',(#880,#881,#882,#883));
#3731=EDGE_LOOP('',(#884,#885,#886,#887));
#3732=EDGE_LOOP('',(#888,#889,#890,#891));
#3733=EDGE_LOOP('',(#892,#893,#894,#895));
#3734=EDGE_LOOP('',(#896,#897,#898,#899));
#3735=EDGE_LOOP('',(#900,#901,#902,#903));
#3736=EDGE_LOOP('',(#904,#905,#906,#907));
#3737=EDGE_LOOP('',(#908,#909,#910,#911));
#3738=EDGE_LOOP('',(#912,#913,#914,#915));
#3739=EDGE_LOOP('',(#916,#917,#918,#919));
#3740=EDGE_LOOP('',(#920,#921,#922,#923));
#3741=EDGE_LOOP('',(#924,#925,#926,#927));
#3742=EDGE_LOOP('',(#928,#929,#930,#931));
#3743=EDGE_LOOP('',(#932,#933,#934,#935));
#3744=EDGE_LOOP('',(#936,#937,#938,#939));
#3745=EDGE_LOOP('',(#940,#941,#942,#943));
#3746=EDGE_LOOP('',(#944,#945,#946,#947));
#3747=EDGE_LOOP('',(#948,#949,#950,#951));
#3748=EDGE_LOOP('',(#952,#953,#954,#955));
#3749=EDGE_LOOP('',(#956,#957,#958,#959));
#3750=EDGE_LOOP('',(#960,#961,#962,#963));
#3751=EDGE_LOOP('',(#964,#965,#966,#967));
#3752=EDGE_LOOP('',(#968,#969,#970,#971));
#3753=EDGE_LOOP('',(#972,#973,#974,#975));
#3754=EDGE_LOOP('',(#976,#977,#978,#979));
#3755=EDGE_LOOP('',(#980,#981,#982,#983));
#3756=EDGE_LOOP('',(#984,#985,#986,#987));
#3757=EDGE_LOOP('',(#988,#989,#990,#991));
#3758=EDGE_LOOP('',(#992,#993,#994,#995));
#3759=EDGE_LOOP('',(#996,#997,#998,#999));
#3760=EDGE_LOOP('',(#1000,#1001,#1002,#1003));
#3761=EDGE_LOOP('',(#1004,#1005,#1006,#1007));
#3762=EDGE_LOOP('',(#1008,#1009,#1010,#1011));
#3763=EDGE_LOOP('',(#1012,#1013,#1014,#1015));
#3764=EDGE_LOOP('',(#1016,#1017,#1018,#1019));
#3765=EDGE_LOOP('',(#1020,#1021,#1022,#1023));
#3766=EDGE_LOOP('',(#1024,#1025,#1026,#1027));
#3767=EDGE_LOOP('',(#1028,#1029,#1030,#1031));
#3768=EDGE_LOOP('',(#1032,#1033,#1034,#1035));
#3769=EDGE_LOOP('',(#1036,#1037,#1038,#1039));
#3770=EDGE_LOOP('',(#1040,#1041,#1042,#1043));
#3771=EDGE_LOOP('',(#1044,#1045,#1046,#1047));
#3772=EDGE_LOOP('',(#1048,#1049,#1050,#1051));
#3773=EDGE_LOOP('',(#1052,#1053,#1054,#1055));
#3774=EDGE_LOOP('',(#1056,#1057,#1058,#1059));
#3775=EDGE_LOOP('',(#1060,#1061,#1062,#1063));
#3776=EDGE_LOOP('',(#1064,#1065,#1066,#1067));
#3777=EDGE_LOOP('',(#1068,#1069,#1070,#1071));
#3778=EDGE_LOOP('',(#1072,#1073,#1074,#1075));
#3779=EDGE_LOOP('',(#1076,#1077,#1078,#1079));
#3780=EDGE_LOOP('',(#1080,#1081,#1082,#1083));
#3781=EDGE_LOOP('',(#1084,#1085,#1086,#1087));
#3782=EDGE_LOOP('',(#1088,#1089,#1090,#1091));
#3783=EDGE_LOOP('',(#1092,#1093,#1094,#1095));
#3784=EDGE_LOOP('',(#1096,#1097,#1098,#1099));
#3785=EDGE_LOOP('',(#1100,#1101,#1102,#1103));
#3786=EDGE_LOOP('',(#1104,#1105,#1106,#1107));
#3787=EDGE_LOOP('',(#1108,#1109,#1110,#1111));
#3788=EDGE_LOOP('',(#1112,#1113,#1114,#1115));
#3789=EDGE_LOOP('',(#1116,#1117,#1118,#1119));
#3790=EDGE_LOOP('',(#1120,#1121,#1122,#1123));
#3791=EDGE_LOOP('',(#1124,#1125,#1126,#1127));
#3792=EDGE_LOOP('',(#1128,#1129,#1130,#1131));
#3793=EDGE_LOOP('',(#1132,#1133,#1134,#1135));
#3794=EDGE_LOOP('',(#1136,#1137,#1138,#1139));
#3795=EDGE_LOOP('',(#1140,#1141,#1142,#1143));
#3796=EDGE_LOOP('',(#1144,#1145,#1146,#1147));
#3797=EDGE_LOOP('',(#1148,#1149,#1150,#1151));
#3798=EDGE_LOOP('',(#1152,#1153,#1154,#1155));
#3799=EDGE_LOOP('',(#1156,#1157,#1158,#1159));
#3800=EDGE_LOOP('',(#1160,#1161,#1162,#1163));
#3801=EDGE_LOOP('',(#1164,#1165,#1166,#1167));
#3802=EDGE_LOOP('',(#1168,#1169,#1170,#1171));
#3803=EDGE_LOOP('',(#1172,#1173,#1174,#1175));
#3804=EDGE_LOOP('',(#1176,#1177,#1178,#1179));
#3805=EDGE_LOOP('',(#1180,#1181,#1182,#1183));
#3806=EDGE_LOOP('',(#1184,#1185,#1186,#1187));
#3807=EDGE_LOOP('',(#1188,#1189,#1190,#1191));
#3808=EDGE_LOOP('',(#1192,#1193,#1194,#1195));
#3809=EDGE_LOOP('',(#1196,#1197,#1198,#1199));
#3810=EDGE_LOOP('',(#1200,#1201,#1202,#1203));
#3811=EDGE_LOOP('',(#1204,#1205,#1206,#1207));
#3812=EDGE_LOOP('',(#1208,#1209,#1210,#1211));
#3813=EDGE_LOOP('',(#1212,#1213,#1214,#1215));
#3814=EDGE_LOOP('',(#1216,#1217,#1218,#1219));
#3815=EDGE_LOOP('',(#1220,#1221,#1222,#1223));
#3816=EDGE_LOOP('',(#1224,#1225,#1226,#1227));
#3817=EDGE_LOOP('',(#1228,#1229,#1230,#1231));
#3818=EDGE_LOOP('',(#1232,#1233,#1234,#1235));
#3819=EDGE_LOOP('',(#1236,#1237,#1238,#1239));
#3820=EDGE_LOOP('',(#1240,#1241,#1242,#1243));
#3821=EDGE_LOOP('',(#1244,#1245,#1246,#1247,#1248));
#3822=EDGE_LOOP('',(#1249,#1250,#1251,#1252));
#3823=EDGE_LOOP('',(#1253,#1254,#1255,#1256));
#3824=EDGE_LOOP('',(#1257,#1258,#1259,#1260));
#3825=EDGE_LOOP('',(#1261,#1262,#1263,#1264));
#3826=EDGE_LOOP('',(#1265,#1266,#1267,#1268));
#3827=EDGE_LOOP('',(#1269,#1270,#1271,#1272,#1273));
#3828=EDGE_LOOP('',(#1274,#1275,#1276,#1277,#1278,#1279));
#3829=EDGE_LOOP('',(#1280,#1281,#1282,#1283,#1284,#1285));
#3830=EDGE_LOOP('',(#1286,#1287,#1288,#1289));
#3831=EDGE_LOOP('',(#1290,#1291,#1292,#1293));
#3832=EDGE_LOOP('',(#1294,#1295,#1296,#1297));
#3833=EDGE_LOOP('',(#1298,#1299,#1300,#1301));
#3834=EDGE_LOOP('',(#1302,#1303,#1304,#1305));
#3835=EDGE_LOOP('',(#1306,#1307,#1308,#1309,#1310));
#3836=EDGE_LOOP('',(#1311,#1312,#1313,#1314));
#3837=EDGE_LOOP('',(#1315,#1316,#1317,#1318));
#3838=EDGE_LOOP('',(#1319,#1320,#1321,#1322));
#3839=EDGE_LOOP('',(#1323,#1324,#1325,#1326));
#3840=EDGE_LOOP('',(#1327,#1328,#1329,#1330));
#3841=EDGE_LOOP('',(#1331,#1332,#1333,#1334,#1335));
#3842=EDGE_LOOP('',(#1336,#1337,#1338,#1339,#1340,#1341));
#3843=EDGE_LOOP('',(#1342,#1343,#1344,#1345,#1346,#1347));
#3844=EDGE_LOOP('',(#1348,#1349,#1350,#1351));
#3845=EDGE_LOOP('',(#1352,#1353,#1354,#1355));
#3846=EDGE_LOOP('',(#1356,#1357,#1358,#1359));
#3847=EDGE_LOOP('',(#1360,#1361,#1362,#1363));
#3848=EDGE_LOOP('',(#1364,#1365,#1366,#1367));
#3849=EDGE_LOOP('',(#1368,#1369,#1370,#1371,#1372));
#3850=EDGE_LOOP('',(#1373,#1374,#1375,#1376));
#3851=EDGE_LOOP('',(#1377,#1378,#1379,#1380));
#3852=EDGE_LOOP('',(#1381,#1382,#1383,#1384));
#3853=EDGE_LOOP('',(#1385,#1386,#1387,#1388));
#3854=EDGE_LOOP('',(#1389,#1390,#1391,#1392));
#3855=EDGE_LOOP('',(#1393,#1394,#1395,#1396,#1397));
#3856=EDGE_LOOP('',(#1398,#1399,#1400,#1401,#1402,#1403));
#3857=EDGE_LOOP('',(#1404,#1405,#1406,#1407,#1408,#1409));
#3858=EDGE_LOOP('',(#1410,#1411,#1412,#1413));
#3859=EDGE_LOOP('',(#1414,#1415,#1416,#1417));
#3860=EDGE_LOOP('',(#1418,#1419,#1420,#1421));
#3861=EDGE_LOOP('',(#1422,#1423,#1424,#1425));
#3862=EDGE_LOOP('',(#1426,#1427,#1428,#1429));
#3863=EDGE_LOOP('',(#1430,#1431,#1432,#1433,#1434));
#3864=EDGE_LOOP('',(#1435,#1436,#1437,#1438));
#3865=EDGE_LOOP('',(#1439,#1440,#1441,#1442));
#3866=EDGE_LOOP('',(#1443,#1444,#1445,#1446));
#3867=EDGE_LOOP('',(#1447,#1448,#1449,#1450));
#3868=EDGE_LOOP('',(#1451,#1452,#1453,#1454));
#3869=EDGE_LOOP('',(#1455,#1456,#1457,#1458,#1459));
#3870=EDGE_LOOP('',(#1460,#1461,#1462,#1463,#1464,#1465));
#3871=EDGE_LOOP('',(#1466,#1467,#1468,#1469,#1470,#1471));
#3872=EDGE_LOOP('',(#1472,#1473,#1474,#1475));
#3873=EDGE_LOOP('',(#1476,#1477,#1478,#1479));
#3874=EDGE_LOOP('',(#1480,#1481,#1482,#1483));
#3875=EDGE_LOOP('',(#1484,#1485,#1486,#1487));
#3876=EDGE_LOOP('',(#1488,#1489,#1490,#1491));
#3877=EDGE_LOOP('',(#1492,#1493,#1494,#1495));
#3878=EDGE_LOOP('',(#1496,#1497,#1498,#1499));
#3879=EDGE_LOOP('',(#1500,#1501,#1502,#1503));
#3880=EDGE_LOOP('',(#1504,#1505,#1506,#1507));
#3881=EDGE_LOOP('',(#1508,#1509,#1510,#1511));
#3882=EDGE_LOOP('',(#1512,#1513,#1514,#1515));
#3883=EDGE_LOOP('',(#1516,#1517,#1518,#1519));
#3884=EDGE_LOOP('',(#1520,#1521,#1522,#1523));
#3885=EDGE_LOOP('',(#1524,#1525,#1526,#1527));
#3886=EDGE_LOOP('',(#1528,#1529,#1530,#1531));
#3887=EDGE_LOOP('',(#1532,#1533,#1534,#1535));
#3888=EDGE_LOOP('',(#1536,#1537,#1538,#1539));
#3889=EDGE_LOOP('',(#1540,#1541,#1542,#1543));
#3890=EDGE_LOOP('',(#1544,#1545,#1546,#1547));
#3891=EDGE_LOOP('',(#1548,#1549,#1550,#1551));
#3892=EDGE_LOOP('',(#1552,#1553,#1554,#1555));
#3893=EDGE_LOOP('',(#1556,#1557,#1558,#1559));
#3894=EDGE_LOOP('',(#1560,#1561,#1562,#1563));
#3895=EDGE_LOOP('',(#1564,#1565,#1566,#1567));
#3896=FACE_BOUND('',#3620,.T.);
#3897=FACE_BOUND('',#3621,.T.);
#3898=FACE_BOUND('',#3622,.T.);
#3899=FACE_BOUND('',#3623,.T.);
#3900=FACE_BOUND('',#3624,.T.);
#3901=FACE_BOUND('',#3625,.T.);
#3902=FACE_BOUND('',#3626,.T.);
#3903=FACE_BOUND('',#3627,.T.);
#3904=FACE_BOUND('',#3628,.T.);
#3905=FACE_BOUND('',#3629,.T.);
#3906=FACE_BOUND('',#3630,.T.);
#3907=FACE_BOUND('',#3631,.T.);
#3908=FACE_BOUND('',#3632,.T.);
#3909=FACE_BOUND('',#3633,.T.);
#3910=FACE_BOUND('',#3634,.T.);
#3911=FACE_BOUND('',#3635,.T.);
#3912=FACE_BOUND('',#3636,.T.);
#3913=FACE_BOUND('',#3637,.T.);
#3914=FACE_BOUND('',#3638,.T.);
#3915=FACE_BOUND('',#3639,.T.);
#3916=FACE_BOUND('',#3640,.T.);
#3917=FACE_BOUND('',#3641,.T.);
#3918=FACE_BOUND('',#3642,.T.);
#3919=FACE_BOUND('',#3643,.T.);
#3920=FACE_BOUND('',#3644,.T.);
#3921=FACE_BOUND('',#3645,.T.);
#3922=FACE_BOUND('',#3646,.T.);
#3923=FACE_BOUND('',#3647,.T.);
#3924=FACE_BOUND('',#3648,.T.);
#3925=FACE_BOUND('',#3649,.T.);
#3926=FACE_BOUND('',#3650,.T.);
#3927=FACE_BOUND('',#3651,.T.);
#3928=FACE_BOUND('',#3652,.T.);
#3929=FACE_BOUND('',#3653,.T.);
#3930=FACE_BOUND('',#3654,.T.);
#3931=FACE_BOUND('',#3655,.T.);
#3932=FACE_BOUND('',#3656,.T.);
#3933=FACE_BOUND('',#3657,.T.);
#3934=FACE_BOUND('',#3658,.T.);
#3935=FACE_BOUND('',#3659,.T.);
#3936=FACE_BOUND('',#3660,.T.);
#3937=FACE_BOUND('',#3661,.T.);
#3938=FACE_BOUND('',#3662,.T.);
#3939=FACE_BOUND('',#3663,.T.);
#3940=FACE_BOUND('',#3664,.T.);
#3941=FACE_BOUND('',#3665,.T.);
#3942=FACE_BOUND('',#3666,.T.);
#3943=FACE_BOUND('',#3667,.T.);
#3944=FACE_BOUND('',#3668,.T.);
#3945=FACE_BOUND('',#3669,.T.);
#3946=FACE_BOUND('',#3670,.T.);
#3947=FACE_BOUND('',#3671,.T.);
#3948=FACE_BOUND('',#3672,.T.);
#3949=FACE_BOUND('',#3673,.T.);
#3950=FACE_BOUND('',#3674,.T.);
#3951=FACE_BOUND('',#3675,.T.);
#3952=FACE_BOUND('',#3676,.T.);
#3953=FACE_BOUND('',#3677,.T.);
#3954=FACE_BOUND('',#3678,.T.);
#3955=FACE_BOUND('',#3679,.T.);
#3956=FACE_BOUND('',#3680,.T.);
#3957=FACE_BOUND('',#3681,.T.);
#3958=FACE_BOUND('',#3682,.T.);
#3959=FACE_BOUND('',#3683,.T.);
#3960=FACE_BOUND('',#3684,.T.);
#3961=FACE_BOUND('',#3685,.T.);
#3962=FACE_BOUND('',#3686,.T.);
#3963=FACE_BOUND('',#3687,.T.);
#3964=FACE_BOUND('',#3688,.T.);
#3965=FACE_BOUND('',#3689,.T.);
#3966=FACE_BOUND('',#3690,.T.);
#3967=FACE_BOUND('',#3691,.T.);
#3968=FACE_BOUND('',#3692,.T.);
#3969=FACE_BOUND('',#3693,.T.);
#3970=FACE_BOUND('',#3694,.T.);
#3971=FACE_BOUND('',#3695,.T.);
#3972=FACE_BOUND('',#3696,.T.);
#3973=FACE_BOUND('',#3697,.T.);
#3974=FACE_BOUND('',#3698,.T.);
#3975=FACE_BOUND('',#3699,.T.);
#3976=FACE_BOUND('',#3700,.T.);
#3977=FACE_BOUND('',#3701,.T.);
#3978=FACE_BOUND('',#3702,.T.);
#3979=FACE_BOUND('',#3703,.T.);
#3980=FACE_BOUND('',#3704,.T.);
#3981=FACE_BOUND('',#3705,.T.);
#3982=FACE_BOUND('',#3706,.T.);
#3983=FACE_BOUND('',#3707,.T.);
#3984=FACE_BOUND('',#3708,.T.);
#3985=FACE_BOUND('',#3709,.T.);
#3986=FACE_BOUND('',#3710,.T.);
#3987=FACE_BOUND('',#3711,.T.);
#3988=FACE_BOUND('',#3712,.T.);
#3989=FACE_BOUND('',#3713,.T.);
#3990=FACE_BOUND('',#3714,.T.);
#3991=FACE_BOUND('',#3715,.T.);
#3992=FACE_BOUND('',#3716,.T.);
#3993=FACE_BOUND('',#3717,.T.);
#3994=FACE_BOUND('',#3718,.T.);
#3995=FACE_BOUND('',#3719,.T.);
#3996=FACE_BOUND('',#3720,.T.);
#3997=FACE_BOUND('',#3721,.T.);
#3998=FACE_BOUND('',#3722,.T.);
#3999=FACE_BOUND('',#3723,.T.);
#4000=FACE_BOUND('',#3724,.T.);
#4001=FACE_BOUND('',#3725,.T.);
#4002=FACE_BOUND('',#3726,.T.);
#4003=FACE_BOUND('',#3727,.T.);
#4004=FACE_BOUND('',#3728,.T.);
#4005=FACE_BOUND('',#3729,.T.);
#4006=FACE_BOUND('',#3730,.T.);
#4007=FACE_BOUND('',#3731,.T.);
#4008=FACE_BOUND('',#3732,.T.);
#4009=FACE_BOUND('',#3733,.T.);
#4010=FACE_BOUND('',#3734,.T.);
#4011=FACE_BOUND('',#3735,.T.);
#4012=FACE_BOUND('',#3736,.T.);
#4013=FACE_BOUND('',#3737,.T.);
#4014=FACE_BOUND('',#3738,.T.);
#4015=FACE_BOUND('',#3739,.T.);
#4016=FACE_BOUND('',#3740,.T.);
#4017=FACE_BOUND('',#3741,.T.);
#4018=FACE_BOUND('',#3742,.T.);
#4019=FACE_BOUND('',#3743,.T.);
#4020=FACE_BOUND('',#3744,.T.);
#4021=FACE_BOUND('',#3745,.T.);
#4022=FACE_BOUND('',#3746,.T.);
#4023=FACE_BOUND('',#3747,.T.);
#4024=FACE_BOUND('',#3748,.T.);
#4025=FACE_BOUND('',#3749,.T.);
#4026=FACE_BOUND('',#3750,.T.);
#4027=FACE_BOUND('',#3751,.T.);
#4028=FACE_BOUND('',#3752,.T.);
#4029=FACE_BOUND('',#3753,.T.);
#4030=FACE_BOUND('',#3754,.T.);
#4031=FACE_BOUND('',#3755,.T.);
#4032=FACE_BOUND('',#3756,.T.);
#4033=FACE_BOUND('',#3757,.T.);
#4034=FACE_BOUND('',#3758,.T.);
#4035=FACE_BOUND('',#3759,.T.);
#4036=FACE_BOUND('',#3760,.T.);
#4037=FACE_BOUND('',#3761,.T.);
#4038=FACE_BOUND('',#3762,.T.);
#4039=FACE_BOUND('',#3763,.T.);
#4040=FACE_BOUND('',#3764,.T.);
#4041=FACE_BOUND('',#3765,.T.);
#4042=FACE_BOUND('',#3766,.T.);
#4043=FACE_BOUND('',#3767,.T.);
#4044=FACE_BOUND('',#3768,.T.);
#4045=FACE_BOUND('',#3769,.T.);
#4046=FACE_BOUND('',#3770,.T.);
#4047=FACE_BOUND('',#3771,.T.);
#4048=FACE_BOUND('',#3772,.T.);
#4049=FACE_BOUND('',#3773,.T.);
#4050=FACE_BOUND('',#3774,.T.);
#4051=FACE_BOUND('',#3775,.T.);
#4052=FACE_BOUND('',#3776,.T.);
#4053=FACE_BOUND('',#3777,.T.);
#4054=FACE_BOUND('',#3778,.T.);
#4055=FACE_BOUND('',#3779,.T.);
#4056=FACE_BOUND('',#3780,.T.);
#4057=FACE_BOUND('',#3781,.T.);
#4058=FACE_BOUND('',#3782,.T.);
#4059=FACE_BOUND('',#3783,.T.);
#4060=FACE_BOUND('',#3784,.T.);
#4061=FACE_BOUND('',#3785,.T.);
#4062=FACE_BOUND('',#3786,.T.);
#4063=FACE_BOUND('',#3787,.T.);
#4064=FACE_BOUND('',#3788,.T.);
#4065=FACE_BOUND('',#3789,.T.);
#4066=FACE_BOUND('',#3790,.T.);
#4067=FACE_BOUND('',#3791,.T.);
#4068=FACE_BOUND('',#3792,.T.);
#4069=FACE_BOUND('',#3793,.T.);
#4070=FACE_BOUND('',#3794,.T.);
#4071=FACE_BOUND('',#3795,.T.);
#4072=FACE_BOUND('',#3796,.T.);
#4073=FACE_BOUND('',#3797,.T.);
#4074=FACE_BOUND('',#3798,.T.);
#4075=FACE_BOUND('',#3799,.T.);
#4076=FACE_BOUND('',#3800,.T.);
#4077=FACE_BOUND('',#3801,.T.);
#4078=FACE_BOUND('',#3802,.T.);
#4079=FACE_BOUND('',#3803,.T.);
#4080=FACE_BOUND('',#3804,.T.);
#4081=FACE_BOUND('',#3805,.T.);
#4082=FACE_BOUND('',#3806,.T.);
#4083=FACE_BOUND('',#3807,.T.);
#4084=FACE_BOUND('',#3808,.T.);
#4085=FACE_BOUND('',#3809,.T.);
#4086=FACE_BOUND('',#3810,.T.);
#4087=FACE_BOUND('',#3811,.T.);
#4088=FACE_BOUND('',#3812,.T.);
#4089=FACE_BOUND('',#3813,.T.);
#4090=FACE_BOUND('',#3814,.T.);
#4091=FACE_BOUND('',#3815,.T.);
#4092=FACE_BOUND('',#3816,.T.);
#4093=FACE_BOUND('',#3817,.T.);
#4094=FACE_BOUND('',#3818,.T.);
#4095=FACE_BOUND('',#3819,.T.);
#4096=FACE_BOUND('',#3820,.T.);
#4097=FACE_BOUND('',#3821,.T.);
#4098=FACE_BOUND('',#3822,.T.);
#4099=FACE_BOUND('',#3823,.T.);
#4100=FACE_BOUND('',#3824,.T.);
#4101=FACE_BOUND('',#3825,.T.);
#4102=FACE_BOUND('',#3826,.T.);
#4103=FACE_BOUND('',#3827,.T.);
#4104=FACE_BOUND('',#3828,.T.);
#4105=FACE_BOUND('',#3829,.T.);
#4106=FACE_BOUND('',#3830,.T.);
#4107=FACE_BOUND('',#3831,.T.);
#4108=FACE_BOUND('',#3832,.T.);
#4109=FACE_BOUND('',#3833,.T.);
#4110=FACE_BOUND('',#3834,.T.);
#4111=FACE_BOUND('',#3835,.T.);
#4112=FACE_BOUND('',#3836,.T.);
#4113=FACE_BOUND('',#3837,.T.);
#4114=FACE_BOUND('',#3838,.T.);
#4115=FACE_BOUND('',#3839,.T.);
#4116=FACE_BOUND('',#3840,.T.);
#4117=FACE_BOUND('',#3841,.T.);
#4118=FACE_BOUND('',#3842,.T.);
#4119=FACE_BOUND('',#3843,.T.);
#4120=FACE_BOUND('',#3844,.T.);
#4121=FACE_BOUND('',#3845,.T.);
#4122=FACE_BOUND('',#3846,.T.);
#4123=FACE_BOUND('',#3847,.T.);
#4124=FACE_BOUND('',#3848,.T.);
#4125=FACE_BOUND('',#3849,.T.);
#4126=FACE_BOUND('',#3850,.T.);
#4127=FACE_BOUND('',#3851,.T.);
#4128=FACE_BOUND('',#3852,.T.);
#4129=FACE_BOUND('',#3853,.T.);
#4130=FACE_BOUND('',#3854,.T.);
#4131=FACE_BOUND('',#3855,.T.);
#4132=FACE_BOUND('',#3856,.T.);
#4133=FACE_BOUND('',#3857,.T.);
#4134=FACE_BOUND('',#3858,.T.);
#4135=FACE_BOUND('',#3859,.T.);
#4136=FACE_BOUND('',#3860,.T.);
#4137=FACE_BOUND('',#3861,.T.);
#4138=FACE_BOUND('',#3862,.T.);
#4139=FACE_BOUND('',#3863,.T.);
#4140=FACE_BOUND('',#3864,.T.);
#4141=FACE_BOUND('',#3865,.T.);
#4142=FACE_BOUND('',#3866,.T.);
#4143=FACE_BOUND('',#3867,.T.);
#4144=FACE_BOUND('',#3868,.T.);
#4145=FACE_BOUND('',#3869,.T.);
#4146=FACE_BOUND('',#3870,.T.);
#4147=FACE_BOUND('',#3871,.T.);
#4148=FACE_BOUND('',#3872,.T.);
#4149=FACE_BOUND('',#3873,.T.);
#4150=FACE_BOUND('',#3874,.T.);
#4151=FACE_BOUND('',#3875,.T.);
#4152=FACE_BOUND('',#3876,.T.);
#4153=FACE_BOUND('',#3877,.T.);
#4154=FACE_BOUND('',#3878,.T.);
#4155=FACE_BOUND('',#3879,.T.);
#4156=FACE_BOUND('',#3880,.T.);
#4157=FACE_BOUND('',#3881,.T.);
#4158=FACE_BOUND('',#3882,.T.);
#4159=FACE_BOUND('',#3883,.T.);
#4160=FACE_BOUND('',#3884,.T.);
#4161=FACE_BOUND('',#3885,.T.);
#4162=FACE_BOUND('',#3886,.T.);
#4163=FACE_BOUND('',#3887,.T.);
#4164=FACE_BOUND('',#3888,.T.);
#4165=FACE_BOUND('',#3889,.T.);
#4166=FACE_BOUND('',#3890,.T.);
#4167=FACE_BOUND('',#3891,.T.);
#4168=FACE_BOUND('',#3892,.T.);
#4169=FACE_BOUND('',#3893,.T.);
#4170=FACE_BOUND('',#3894,.T.);
#4171=FACE_BOUND('',#3895,.T.);
#4172=PLANE('',#4545);
#4173=PLANE('',#4630);
#4174=PLANE('',#4699);
#4175=PLANE('',#4700);
#4176=PLANE('',#4701);
#4177=PLANE('',#4702);
#4178=PLANE('',#4704);
#4179=PLANE('',#4706);
#4180=PLANE('',#4708);
#4181=PLANE('',#4711);
#4182=PLANE('',#4713);
#4183=PLANE('',#4715);
#4184=PLANE('',#4718);
#4185=PLANE('',#4720);
#4186=PLANE('',#4722);
#4187=PLANE('',#4725);
#4188=PLANE('',#4727);
#4189=PLANE('',#4729);
#4190=PLANE('',#4732);
#4191=PLANE('',#4734);
#4192=PLANE('',#4736);
#4193=PLANE('',#4739);
#4194=PLANE('',#4741);
#4195=PLANE('',#4743);
#4196=PLANE('',#4746);
#4197=PLANE('',#4748);
#4198=PLANE('',#4750);
#4199=PLANE('',#4753);
#4200=PLANE('',#4755);
#4201=PLANE('',#4757);
#4202=PLANE('',#4760);
#4203=PLANE('',#4762);
#4204=PLANE('',#4764);
#4205=PLANE('',#4767);
#4206=PLANE('',#4769);
#4207=PLANE('',#4771);
#4208=PLANE('',#4774);
#4209=PLANE('',#4776);
#4210=PLANE('',#4778);
#4211=PLANE('',#4781);
#4212=PLANE('',#4783);
#4213=PLANE('',#4785);
#4214=PLANE('',#4788);
#4215=PLANE('',#4790);
#4216=PLANE('',#4792);
#4217=PLANE('',#4795);
#4218=PLANE('',#4797);
#4219=PLANE('',#4799);
#4220=PLANE('',#4802);
#4221=PLANE('',#4804);
#4222=PLANE('',#4806);
#4223=PLANE('',#4808);
#4224=PLANE('',#4809);
#4225=PLANE('',#4810);
#4226=PLANE('',#4811);
#4227=PLANE('',#4812);
#4228=PLANE('',#4813);
#4229=PLANE('',#4814);
#4230=PLANE('',#4815);
#4231=PLANE('',#4816);
#4232=PLANE('',#4817);
#4233=PLANE('',#4818);
#4234=PLANE('',#4819);
#4235=PLANE('',#4820);
#4236=PLANE('',#4821);
#4237=PLANE('',#4822);
#4238=PLANE('',#4823);
#4239=PLANE('',#4825);
#4240=PLANE('',#4827);
#4241=PLANE('',#4829);
#4242=PLANE('',#4831);
#4243=PLANE('',#4832);
#4244=PLANE('',#4833);
#4245=PLANE('',#4834);
#4246=PLANE('',#4835);
#4247=PLANE('',#4836);
#4248=PLANE('',#4837);
#4249=PLANE('',#4838);
#4250=PLANE('',#4839);
#4251=PLANE('',#4840);
#4252=PLANE('',#4841);
#4253=PLANE('',#4842);
#4254=PLANE('',#4843);
#4255=PLANE('',#4844);
#4256=PLANE('',#4845);
#4257=PLANE('',#4846);
#4258=PLANE('',#4847);
#4259=PLANE('',#4848);
#4260=PLANE('',#4849);
#4261=PLANE('',#4850);
#4262=PLANE('',#4851);
#4263=PLANE('',#4852);
#4264=PLANE('',#4853);
#4265=PLANE('',#4854);
#4266=PLANE('',#4855);
#4267=PLANE('',#4864);
#4268=PLANE('',#4865);
#4269=PLANE('',#4866);
#4270=PLANE('',#4867);
#4271=PLANE('',#4868);
#4272=PLANE('',#4869);
#4273=PLANE('',#4870);
#4274=PLANE('',#4871);
#4275=PLANE('',#4872);
#4276=PLANE('',#4881);
#4277=PLANE('',#4882);
#4278=PLANE('',#4883);
#4279=PLANE('',#4884);
#4280=PLANE('',#4885);
#4281=PLANE('',#4886);
#4282=PLANE('',#4887);
#4283=PLANE('',#4888);
#4284=PLANE('',#4889);
#4285=PLANE('',#4898);
#4286=PLANE('',#4899);
#4287=PLANE('',#4900);
#4288=PLANE('',#4901);
#4289=PLANE('',#4902);
#4290=PLANE('',#4903);
#4291=PLANE('',#4904);
#4292=PLANE('',#4905);
#4293=PLANE('',#4906);
#4294=PLANE('',#4919);
#4295=PLANE('',#4920);
#4296=PLANE('',#4921);
#4297=PLANE('',#4922);
#4298=PLANE('',#4923);
#4299=PLANE('',#4924);
#4300=PLANE('',#4925);
#4301=PLANE('',#4926);
#4302=PLANE('',#4927);
#4303=PLANE('',#4928);
#4304=PLANE('',#4929);
#4305=PLANE('',#4930);
#4306=PLANE('',#4931);
#4307=PLANE('',#4932);
#4308=PLANE('',#4933);
#4309=PLANE('',#4934);
#4310=ADVANCED_FACE('',(#3896,#3897,#3898,#3899,#3900,#3901,#3902,#3903,#3904,#3905,#3906,#3907,#3908,#3909,#3910,#3911,#3912,#3913,#3914,#3915,#3916,#3917,#3918,#3919,#3920,#3921,#3922,#3923),#4172,.T.);
#4311=ADVANCED_FACE('',(#3924,#3925,#3926,#3927,#3928,#3929,#3930,#3931,#3932,#3933,#3934,#3935,#3936,#3937,#3938,#3939,#3940,#3941,#3942,#3943,#3944,#3945,#3946,#3947),#4173,.F.);
#4312=ADVANCED_FACE('',(#3948),#4174,.F.);
#4313=ADVANCED_FACE('',(#3949),#4175,.T.);
#4314=ADVANCED_FACE('',(#3950),#4176,.F.);
#4315=ADVANCED_FACE('',(#3951),#4177,.T.);
#4316=ADVANCED_FACE('',(#3952),#12,.F.);
#4317=ADVANCED_FACE('',(#3953),#4178,.F.);
#4318=ADVANCED_FACE('',(#3954),#13,.F.);
#4319=ADVANCED_FACE('',(#3955),#4179,.F.);
#4320=ADVANCED_FACE('',(#3956),#14,.F.);
#4321=ADVANCED_FACE('',(#3957),#4180,.T.);
#4322=ADVANCED_FACE('',(#3958),#15,.F.);
#4323=ADVANCED_FACE('',(#3959),#16,.F.);
#4324=ADVANCED_FACE('',(#3960),#4181,.F.);
#4325=ADVANCED_FACE('',(#3961),#17,.F.);
#4326=ADVANCED_FACE('',(#3962),#4182,.F.);
#4327=ADVANCED_FACE('',(#3963),#18,.F.);
#4328=ADVANCED_FACE('',(#3964),#4183,.T.);
#4329=ADVANCED_FACE('',(#3965),#19,.F.);
#4330=ADVANCED_FACE('',(#3966),#20,.F.);
#4331=ADVANCED_FACE('',(#3967),#4184,.F.);
#4332=ADVANCED_FACE('',(#3968),#21,.F.);
#4333=ADVANCED_FACE('',(#3969),#4185,.F.);
#4334=ADVANCED_FACE('',(#3970),#22,.F.);
#4335=ADVANCED_FACE('',(#3971),#4186,.T.);
#4336=ADVANCED_FACE('',(#3972),#23,.F.);
#4337=ADVANCED_FACE('',(#3973),#24,.F.);
#4338=ADVANCED_FACE('',(#3974),#4187,.F.);
#4339=ADVANCED_FACE('',(#3975),#25,.F.);
#4340=ADVANCED_FACE('',(#3976),#4188,.F.);
#4341=ADVANCED_FACE('',(#3977),#26,.F.);
#4342=ADVANCED_FACE('',(#3978),#4189,.T.);
#4343=ADVANCED_FACE('',(#3979),#27,.F.);
#4344=ADVANCED_FACE('',(#3980),#28,.F.);
#4345=ADVANCED_FACE('',(#3981),#4190,.F.);
#4346=ADVANCED_FACE('',(#3982),#29,.F.);
#4347=ADVANCED_FACE('',(#3983),#4191,.F.);
#4348=ADVANCED_FACE('',(#3984),#30,.F.);
#4349=ADVANCED_FACE('',(#3985),#4192,.T.);
#4350=ADVANCED_FACE('',(#3986),#31,.F.);
#4351=ADVANCED_FACE('',(#3987),#32,.F.);
#4352=ADVANCED_FACE('',(#3988),#4193,.F.);
#4353=ADVANCED_FACE('',(#3989),#33,.F.);
#4354=ADVANCED_FACE('',(#3990),#4194,.F.);
#4355=ADVANCED_FACE('',(#3991),#34,.F.);
#4356=ADVANCED_FACE('',(#3992),#4195,.T.);
#4357=ADVANCED_FACE('',(#3993),#35,.F.);
#4358=ADVANCED_FACE('',(#3994),#36,.F.);
#4359=ADVANCED_FACE('',(#3995),#4196,.F.);
#4360=ADVANCED_FACE('',(#3996),#37,.F.);
#4361=ADVANCED_FACE('',(#3997),#4197,.F.);
#4362=ADVANCED_FACE('',(#3998),#38,.F.);
#4363=ADVANCED_FACE('',(#3999),#4198,.T.);
#4364=ADVANCED_FACE('',(#4000),#39,.F.);
#4365=ADVANCED_FACE('',(#4001),#40,.F.);
#4366=ADVANCED_FACE('',(#4002),#4199,.F.);
#4367=ADVANCED_FACE('',(#4003),#41,.F.);
#4368=ADVANCED_FACE('',(#4004),#4200,.F.);
#4369=ADVANCED_FACE('',(#4005),#42,.F.);
#4370=ADVANCED_FACE('',(#4006),#4201,.T.);
#4371=ADVANCED_FACE('',(#4007),#43,.F.);
#4372=ADVANCED_FACE('',(#4008),#44,.F.);
#4373=ADVANCED_FACE('',(#4009),#4202,.F.);
#4374=ADVANCED_FACE('',(#4010),#45,.F.);
#4375=ADVANCED_FACE('',(#4011),#4203,.F.);
#4376=ADVANCED_FACE('',(#4012),#46,.F.);
#4377=ADVANCED_FACE('',(#4013),#4204,.T.);
#4378=ADVANCED_FACE('',(#4014),#47,.F.);
#4379=ADVANCED_FACE('',(#4015),#48,.F.);
#4380=ADVANCED_FACE('',(#4016),#4205,.F.);
#4381=ADVANCED_FACE('',(#4017),#49,.F.);
#4382=ADVANCED_FACE('',(#4018),#4206,.F.);
#4383=ADVANCED_FACE('',(#4019),#50,.F.);
#4384=ADVANCED_FACE('',(#4020),#4207,.T.);
#4385=ADVANCED_FACE('',(#4021),#51,.F.);
#4386=ADVANCED_FACE('',(#4022),#52,.F.);
#4387=ADVANCED_FACE('',(#4023),#4208,.F.);
#4388=ADVANCED_FACE('',(#4024),#53,.F.);
#4389=ADVANCED_FACE('',(#4025),#4209,.F.);
#4390=ADVANCED_FACE('',(#4026),#54,.F.);
#4391=ADVANCED_FACE('',(#4027),#4210,.T.);
#4392=ADVANCED_FACE('',(#4028),#55,.F.);
#4393=ADVANCED_FACE('',(#4029),#56,.F.);
#4394=ADVANCED_FACE('',(#4030),#4211,.F.);
#4395=ADVANCED_FACE('',(#4031),#57,.F.);
#4396=ADVANCED_FACE('',(#4032),#4212,.F.);
#4397=ADVANCED_FACE('',(#4033),#58,.F.);
#4398=ADVANCED_FACE('',(#4034),#4213,.T.);
#4399=ADVANCED_FACE('',(#4035),#59,.F.);
#4400=ADVANCED_FACE('',(#4036),#60,.F.);
#4401=ADVANCED_FACE('',(#4037),#4214,.F.);
#4402=ADVANCED_FACE('',(#4038),#61,.F.);
#4403=ADVANCED_FACE('',(#4039),#4215,.F.);
#4404=ADVANCED_FACE('',(#4040),#62,.F.);
#4405=ADVANCED_FACE('',(#4041),#4216,.T.);
#4406=ADVANCED_FACE('',(#4042),#63,.F.);
#4407=ADVANCED_FACE('',(#4043),#64,.F.);
#4408=ADVANCED_FACE('',(#4044),#4217,.F.);
#4409=ADVANCED_FACE('',(#4045),#65,.F.);
#4410=ADVANCED_FACE('',(#4046),#4218,.F.);
#4411=ADVANCED_FACE('',(#4047),#66,.F.);
#4412=ADVANCED_FACE('',(#4048),#4219,.T.);
#4413=ADVANCED_FACE('',(#4049),#67,.F.);
#4414=ADVANCED_FACE('',(#4050),#68,.F.);
#4415=ADVANCED_FACE('',(#4051),#4220,.F.);
#4416=ADVANCED_FACE('',(#4052),#69,.F.);
#4417=ADVANCED_FACE('',(#4053),#4221,.F.);
#4418=ADVANCED_FACE('',(#4054),#70,.F.);
#4419=ADVANCED_FACE('',(#4055),#4222,.T.);
#4420=ADVANCED_FACE('',(#4056),#71,.F.);
#4421=ADVANCED_FACE('',(#4057),#4223,.T.);
#4422=ADVANCED_FACE('',(#4058),#4224,.T.);
#4423=ADVANCED_FACE('',(#4059),#4225,.T.);
#4424=ADVANCED_FACE('',(#4060),#4226,.T.);
#4425=ADVANCED_FACE('',(#4061),#4227,.T.);
#4426=ADVANCED_FACE('',(#4062),#4228,.T.);
#4427=ADVANCED_FACE('',(#4063),#4229,.T.);
#4428=ADVANCED_FACE('',(#4064),#4230,.T.);
#4429=ADVANCED_FACE('',(#4065),#4231,.T.);
#4430=ADVANCED_FACE('',(#4066),#4232,.T.);
#4431=ADVANCED_FACE('',(#4067),#4233,.T.);
#4432=ADVANCED_FACE('',(#4068),#4234,.T.);
#4433=ADVANCED_FACE('',(#4069),#4235,.T.);
#4434=ADVANCED_FACE('',(#4070),#4236,.T.);
#4435=ADVANCED_FACE('',(#4071),#4237,.T.);
#4436=ADVANCED_FACE('',(#4072),#4238,.F.);
#4437=ADVANCED_FACE('',(#4073),#72,.F.);
#4438=ADVANCED_FACE('',(#4074),#4239,.F.);
#4439=ADVANCED_FACE('',(#4075),#73,.F.);
#4440=ADVANCED_FACE('',(#4076),#4240,.T.);
#4441=ADVANCED_FACE('',(#4077),#74,.F.);
#4442=ADVANCED_FACE('',(#4078),#4241,.T.);
#4443=ADVANCED_FACE('',(#4079),#75,.F.);
#4444=ADVANCED_FACE('',(#4080),#4242,.T.);
#4445=ADVANCED_FACE('',(#4081),#4243,.F.);
#4446=ADVANCED_FACE('',(#4082),#4244,.F.);
#4447=ADVANCED_FACE('',(#4083),#4245,.T.);
#4448=ADVANCED_FACE('',(#4084),#4246,.T.);
#4449=ADVANCED_FACE('',(#4085),#4247,.F.);
#4450=ADVANCED_FACE('',(#4086),#4248,.F.);
#4451=ADVANCED_FACE('',(#4087),#4249,.T.);
#4452=ADVANCED_FACE('',(#4088),#4250,.T.);
#4453=ADVANCED_FACE('',(#4089),#4251,.F.);
#4454=ADVANCED_FACE('',(#4090),#4252,.F.);
#4455=ADVANCED_FACE('',(#4091),#4253,.T.);
#4456=ADVANCED_FACE('',(#4092),#4254,.F.);
#4457=ADVANCED_FACE('',(#4093),#4255,.F.);
#4458=ADVANCED_FACE('',(#4094),#4256,.T.);
#4459=ADVANCED_FACE('',(#4095),#4257,.T.);
#4460=ADVANCED_FACE('',(#4096),#4258,.F.);
#4461=ADVANCED_FACE('',(#4097),#4259,.T.);
#4462=ADVANCED_FACE('',(#4098),#4260,.F.);
#4463=ADVANCED_FACE('',(#4099),#4261,.F.);
#4464=ADVANCED_FACE('',(#4100),#4262,.F.);
#4465=ADVANCED_FACE('',(#4101),#4263,.F.);
#4466=ADVANCED_FACE('',(#4102),#4264,.F.);
#4467=ADVANCED_FACE('',(#4103),#4265,.F.);
#4468=ADVANCED_FACE('',(#4104,#4105),#4266,.F.);
#4469=ADVANCED_FACE('',(#4106),#76,.T.);
#4470=ADVANCED_FACE('',(#4107),#77,.T.);
#4471=ADVANCED_FACE('',(#4108),#78,.F.);
#4472=ADVANCED_FACE('',(#4109),#79,.F.);
#4473=ADVANCED_FACE('',(#4110),#4267,.F.);
#4474=ADVANCED_FACE('',(#4111),#4268,.T.);
#4475=ADVANCED_FACE('',(#4112),#4269,.F.);
#4476=ADVANCED_FACE('',(#4113),#4270,.F.);
#4477=ADVANCED_FACE('',(#4114),#4271,.F.);
#4478=ADVANCED_FACE('',(#4115),#4272,.F.);
#4479=ADVANCED_FACE('',(#4116),#4273,.F.);
#4480=ADVANCED_FACE('',(#4117),#4274,.F.);
#4481=ADVANCED_FACE('',(#4118,#4119),#4275,.F.);
#4482=ADVANCED_FACE('',(#4120),#80,.T.);
#4483=ADVANCED_FACE('',(#4121),#81,.T.);
#4484=ADVANCED_FACE('',(#4122),#82,.F.);
#4485=ADVANCED_FACE('',(#4123),#83,.F.);
#4486=ADVANCED_FACE('',(#4124),#4276,.F.);
#4487=ADVANCED_FACE('',(#4125),#4277,.T.);
#4488=ADVANCED_FACE('',(#4126),#4278,.F.);
#4489=ADVANCED_FACE('',(#4127),#4279,.F.);
#4490=ADVANCED_FACE('',(#4128),#4280,.F.);
#4491=ADVANCED_FACE('',(#4129),#4281,.F.);
#4492=ADVANCED_FACE('',(#4130),#4282,.F.);
#4493=ADVANCED_FACE('',(#4131),#4283,.F.);
#4494=ADVANCED_FACE('',(#4132,#4133),#4284,.F.);
#4495=ADVANCED_FACE('',(#4134),#84,.T.);
#4496=ADVANCED_FACE('',(#4135),#85,.T.);
#4497=ADVANCED_FACE('',(#4136),#86,.F.);
#4498=ADVANCED_FACE('',(#4137),#87,.F.);
#4499=ADVANCED_FACE('',(#4138),#4285,.F.);
#4500=ADVANCED_FACE('',(#4139),#4286,.T.);
#4501=ADVANCED_FACE('',(#4140),#4287,.F.);
#4502=ADVANCED_FACE('',(#4141),#4288,.F.);
#4503=ADVANCED_FACE('',(#4142),#4289,.F.);
#4504=ADVANCED_FACE('',(#4143),#4290,.F.);
#4505=ADVANCED_FACE('',(#4144),#4291,.F.);
#4506=ADVANCED_FACE('',(#4145),#4292,.F.);
#4507=ADVANCED_FACE('',(#4146,#4147),#4293,.F.);
#4508=ADVANCED_FACE('',(#4148),#88,.T.);
#4509=ADVANCED_FACE('',(#4149),#89,.T.);
#4510=ADVANCED_FACE('',(#4150),#90,.F.);
#4511=ADVANCED_FACE('',(#4151),#91,.F.);
#4512=ADVANCED_FACE('',(#4152),#92,.T.);
#4513=ADVANCED_FACE('',(#4153),#93,.T.);
#4514=ADVANCED_FACE('',(#4154),#94,.T.);
#4515=ADVANCED_FACE('',(#4155),#95,.T.);
#4516=ADVANCED_FACE('',(#4156),#4294,.T.);
#4517=ADVANCED_FACE('',(#4157),#4295,.F.);
#4518=ADVANCED_FACE('',(#4158),#4296,.F.);
#4519=ADVANCED_FACE('',(#4159),#4297,.T.);
#4520=ADVANCED_FACE('',(#4160),#4298,.T.);
#4521=ADVANCED_FACE('',(#4161),#4299,.F.);
#4522=ADVANCED_FACE('',(#4162),#4300,.F.);
#4523=ADVANCED_FACE('',(#4163),#4301,.T.);
#4524=ADVANCED_FACE('',(#4164),#4302,.T.);
#4525=ADVANCED_FACE('',(#4165),#4303,.F.);
#4526=ADVANCED_FACE('',(#4166),#4304,.F.);
#4527=ADVANCED_FACE('',(#4167),#4305,.T.);
#4528=ADVANCED_FACE('',(#4168),#4306,.T.);
#4529=ADVANCED_FACE('',(#4169),#4307,.F.);
#4530=ADVANCED_FACE('',(#4170),#4308,.F.);
#4531=ADVANCED_FACE('',(#4171),#4309,.T.);
#4532=CLOSED_SHELL('',(#4310,#4311,#4312,#4313,#4314,#4315,#4316,#4317,#4318,#4319,#4320,#4321,#4322,#4323,#4324,#4325,#4326,#4327,#4328,#4329,#4330,#4331,#4332,#4333,#4334,#4335,#4336,#4337,#4338,#4339,#4340,#4341,#4342,#4343,#4344,#4345,#4346,#4347,#4348,#4349,#4350,#4351,#4352,#4353,#4354,#4355,#4356,#4357,#4358,#4359,#4360,#4361,#4362,#4363,#4364,#4365,#4366,#4367,#4368,#4369,#4370,#4371,#4372,#4373,#4374,#4375,#4376,#4377,#4378,#4379,#4380,#4381,#4382,#4383,#4384,#4385,#4386,#4387,#4388,#4389,#4390,#4391,#4392,#4393,#4394,#4395,#4396,#4397,#4398,#4399,#4400,#4401,#4402,#4403,#4404,#4405,#4406,#4407,#4408,#4409,#4410,#4411,#4412,#4413,#4414,#4415,#4416,#4417,#4418,#4419,#4420,#4421,#4422,#4423,#4424,#4425,#4426,#4427,#4428,#4429,#4430,#4431,#4432,#4433,#4434,#4435,#4436,#4437,#4438,#4439,#4440,#4441,#4442,#4443,#4444,#4445,#4446,#4447,#4448,#4449,#4450,#4451,#4452,#4453,#4454,#4455,#4456,#4457,#4458,#4459,#4460,#4461,#4462,#4463,#4464,#4465,#4466,#4467,#4468,#4469,#4470,#4471,#4472,#4473,#4474,#4475,#4476,#4477,#4478,#4479,#4480,#4481,#4482,#4483,#4484,#4485,#4486,#4487,#4488,#4489,#4490,#4491,#4492,#4493,#4494,#4495,#4496,#4497,#4498,#4499,#4500,#4501,#4502,#4503,#4504,#4505,#4506,#4507,#4508,#4509,#4510,#4511,#4512,#4513,#4514,#4515,#4516,#4517,#4518,#4519,#4520,#4521,#4522,#4523,#4524,#4525,#4526,#4527,#4528,#4529,#4530,#4531));
#4533=STYLED_ITEM('',(#4534),#4541);
#4534=PRESENTATION_STYLE_ASSIGNMENT((#4535));
#4535=SURFACE_STYLE_USAGE(.BOTH.,#4536);
#4536=SURFACE_SIDE_STYLE('',(#4537));
#4537=SURFACE_STYLE_FILL_AREA(#4538);
#4538=FILL_AREA_STYLE('',(#4539));
#4539=FILL_AREA_STYLE_COLOUR('',#4540);
#4540=COLOUR_RGB('',0.513725490196078,0.737254901960784,0.407843137254902);
#4541=MANIFOLD_SOLID_BREP('Part 1',#4532);
#4542=SHAPE_DEFINITION_REPRESENTATION(#7514,#4543);
#4543=SHAPE_REPRESENTATION('Part 1',(#4544),#7509);
#4544=AXIS2_PLACEMENT_3D('',#6201,#4935,#4936);
#4545=AXIS2_PLACEMENT_3D('',#6202,#4937,#4938);
#4546=AXIS2_PLACEMENT_3D('',#6206,#4940,#4941);
#4547=AXIS2_PLACEMENT_3D('',#6210,#4943,#4944);
#4548=AXIS2_PLACEMENT_3D('',#6214,#4946,#4947);
#4549=AXIS2_PLACEMENT_3D('',#6218,#4949,#4950);
#4550=AXIS2_PLACEMENT_3D('',#6219,#4951,#4952);
#4551=AXIS2_PLACEMENT_3D('',#6224,#4954,#4955);
#4552=AXIS2_PLACEMENT_3D('',#6228,#4957,#4958);
#4553=AXIS2_PLACEMENT_3D('',#6232,#4960,#4961);
#4554=AXIS2_PLACEMENT_3D('',#6235,#4963,#4964);
#4555=AXIS2_PLACEMENT_3D('',#6240,#4966,#4967);
#4556=AXIS2_PLACEMENT_3D('',#6244,#4969,#4970);
#4557=AXIS2_PLACEMENT_3D('',#6248,#4972,#4973);
#4558=AXIS2_PLACEMENT_3D('',#6251,#4975,#4976);
#4559=AXIS2_PLACEMENT_3D('',#6256,#4978,#4979);
#4560=AXIS2_PLACEMENT_3D('',#6260,#4981,#4982);
#4561=AXIS2_PLACEMENT_3D('',#6264,#4984,#4985);
#4562=AXIS2_PLACEMENT_3D('',#6267,#4987,#4988);
#4563=AXIS2_PLACEMENT_3D('',#6272,#4990,#4991);
#4564=AXIS2_PLACEMENT_3D('',#6276,#4993,#4994);
#4565=AXIS2_PLACEMENT_3D('',#6280,#4996,#4997);
#4566=AXIS2_PLACEMENT_3D('',#6283,#4999,#5000);
#4567=AXIS2_PLACEMENT_3D('',#6288,#5002,#5003);
#4568=AXIS2_PLACEMENT_3D('',#6292,#5005,#5006);
#4569=AXIS2_PLACEMENT_3D('',#6296,#5008,#5009);
#4570=AXIS2_PLACEMENT_3D('',#6299,#5011,#5012);
#4571=AXIS2_PLACEMENT_3D('',#6304,#5014,#5015);
#4572=AXIS2_PLACEMENT_3D('',#6308,#5017,#5018);
#4573=AXIS2_PLACEMENT_3D('',#6312,#5020,#5021);
#4574=AXIS2_PLACEMENT_3D('',#6315,#5023,#5024);
#4575=AXIS2_PLACEMENT_3D('',#6320,#5026,#5027);
#4576=AXIS2_PLACEMENT_3D('',#6324,#5029,#5030);
#4577=AXIS2_PLACEMENT_3D('',#6328,#5032,#5033);
#4578=AXIS2_PLACEMENT_3D('',#6331,#5035,#5036);
#4579=AXIS2_PLACEMENT_3D('',#6336,#5038,#5039);
#4580=AXIS2_PLACEMENT_3D('',#6340,#5041,#5042);
#4581=AXIS2_PLACEMENT_3D('',#6344,#5044,#5045);
#4582=AXIS2_PLACEMENT_3D('',#6347,#5047,#5048);
#4583=AXIS2_PLACEMENT_3D('',#6352,#5050,#5051);
#4584=AXIS2_PLACEMENT_3D('',#6356,#5053,#5054);
#4585=AXIS2_PLACEMENT_3D('',#6360,#5056,#5057);
#4586=AXIS2_PLACEMENT_3D('',#6363,#5059,#5060);
#4587=AXIS2_PLACEMENT_3D('',#6368,#5062,#5063);
#4588=AXIS2_PLACEMENT_3D('',#6372,#5065,#5066);
#4589=AXIS2_PLACEMENT_3D('',#6376,#5068,#5069);
#4590=AXIS2_PLACEMENT_3D('',#6379,#5071,#5072);
#4591=AXIS2_PLACEMENT_3D('',#6384,#5074,#5075);
#4592=AXIS2_PLACEMENT_3D('',#6388,#5077,#5078);
#4593=AXIS2_PLACEMENT_3D('',#6392,#5080,#5081);
#4594=AXIS2_PLACEMENT_3D('',#6395,#5083,#5084);
#4595=AXIS2_PLACEMENT_3D('',#6400,#5086,#5087);
#4596=AXIS2_PLACEMENT_3D('',#6404,#5089,#5090);
#4597=AXIS2_PLACEMENT_3D('',#6408,#5092,#5093);
#4598=AXIS2_PLACEMENT_3D('',#6411,#5095,#5096);
#4599=AXIS2_PLACEMENT_3D('',#6416,#5098,#5099);
#4600=AXIS2_PLACEMENT_3D('',#6420,#5101,#5102);
#4601=AXIS2_PLACEMENT_3D('',#6424,#5104,#5105);
#4602=AXIS2_PLACEMENT_3D('',#6427,#5107,#5108);
#4603=AXIS2_PLACEMENT_3D('',#6432,#5110,#5111);
#4604=AXIS2_PLACEMENT_3D('',#6436,#5113,#5114);
#4605=AXIS2_PLACEMENT_3D('',#6440,#5116,#5117);
#4606=AXIS2_PLACEMENT_3D('',#6443,#5119,#5120);
#4607=AXIS2_PLACEMENT_3D('',#6448,#5122,#5123);
#4608=AXIS2_PLACEMENT_3D('',#6452,#5125,#5126);
#4609=AXIS2_PLACEMENT_3D('',#6456,#5128,#5129);
#4610=AXIS2_PLACEMENT_3D('',#6486,#5144,#5145);
#4611=AXIS2_PLACEMENT_3D('',#6492,#5148,#5149);
#4612=AXIS2_PLACEMENT_3D('',#6496,#5151,#5152);
#4613=AXIS2_PLACEMENT_3D('',#6502,#5155,#5156);
#4614=AXIS2_PLACEMENT_3D('',#6508,#5159,#5160);
#4615=AXIS2_PLACEMENT_3D('',#6512,#5162,#5163);
#4616=AXIS2_PLACEMENT_3D('',#6518,#5166,#5167);
#4617=AXIS2_PLACEMENT_3D('',#6524,#5170,#5171);
#4618=AXIS2_PLACEMENT_3D('',#6528,#5173,#5174);
#4619=AXIS2_PLACEMENT_3D('',#6534,#5177,#5178);
#4620=AXIS2_PLACEMENT_3D('',#6540,#5181,#5182);
#4621=AXIS2_PLACEMENT_3D('',#6544,#5184,#5185);
#4622=AXIS2_PLACEMENT_3D('',#6552,#5189,#5190);
#4623=AXIS2_PLACEMENT_3D('',#6556,#5192,#5193);
#4624=AXIS2_PLACEMENT_3D('',#6564,#5197,#5198);
#4625=AXIS2_PLACEMENT_3D('',#6568,#5200,#5201);
#4626=AXIS2_PLACEMENT_3D('',#6576,#5205,#5206);
#4627=AXIS2_PLACEMENT_3D('',#6580,#5208,#5209);
#4628=AXIS2_PLACEMENT_3D('',#6588,#5213,#5214);
#4629=AXIS2_PLACEMENT_3D('',#6592,#5216,#5217);
#4630=AXIS2_PLACEMENT_3D('',#6627,#5235,#5236);
#4631=AXIS2_PLACEMENT_3D('',#6652,#5249,#5250);
#4632=AXIS2_PLACEMENT_3D('',#6657,#5252,#5253);
#4633=AXIS2_PLACEMENT_3D('',#6661,#5255,#5256);
#4634=AXIS2_PLACEMENT_3D('',#6665,#5258,#5259);
#4635=AXIS2_PLACEMENT_3D('',#6668,#5261,#5262);
#4636=AXIS2_PLACEMENT_3D('',#6673,#5264,#5265);
#4637=AXIS2_PLACEMENT_3D('',#6677,#5267,#5268);
#4638=AXIS2_PLACEMENT_3D('',#6681,#5270,#5271);
#4639=AXIS2_PLACEMENT_3D('',#6684,#5273,#5274);
#4640=AXIS2_PLACEMENT_3D('',#6689,#5276,#5277);
#4641=AXIS2_PLACEMENT_3D('',#6693,#5279,#5280);
#4642=AXIS2_PLACEMENT_3D('',#6697,#5282,#5283);
#4643=AXIS2_PLACEMENT_3D('',#6700,#5285,#5286);
#4644=AXIS2_PLACEMENT_3D('',#6705,#5288,#5289);
#4645=AXIS2_PLACEMENT_3D('',#6709,#5291,#5292);
#4646=AXIS2_PLACEMENT_3D('',#6713,#5294,#5295);
#4647=AXIS2_PLACEMENT_3D('',#6716,#5297,#5298);
#4648=AXIS2_PLACEMENT_3D('',#6721,#5300,#5301);
#4649=AXIS2_PLACEMENT_3D('',#6725,#5303,#5304);
#4650=AXIS2_PLACEMENT_3D('',#6729,#5306,#5307);
#4651=AXIS2_PLACEMENT_3D('',#6732,#5309,#5310);
#4652=AXIS2_PLACEMENT_3D('',#6737,#5312,#5313);
#4653=AXIS2_PLACEMENT_3D('',#6741,#5315,#5316);
#4654=AXIS2_PLACEMENT_3D('',#6745,#5318,#5319);
#4655=AXIS2_PLACEMENT_3D('',#6748,#5321,#5322);
#4656=AXIS2_PLACEMENT_3D('',#6753,#5324,#5325);
#4657=AXIS2_PLACEMENT_3D('',#6757,#5327,#5328);
#4658=AXIS2_PLACEMENT_3D('',#6761,#5330,#5331);
#4659=AXIS2_PLACEMENT_3D('',#6764,#5333,#5334);
#4660=AXIS2_PLACEMENT_3D('',#6769,#5336,#5337);
#4661=AXIS2_PLACEMENT_3D('',#6773,#5339,#5340);
#4662=AXIS2_PLACEMENT_3D('',#6777,#5342,#5343);
#4663=AXIS2_PLACEMENT_3D('',#6780,#5345,#5346);
#4664=AXIS2_PLACEMENT_3D('',#6785,#5348,#5349);
#4665=AXIS2_PLACEMENT_3D('',#6789,#5351,#5352);
#4666=AXIS2_PLACEMENT_3D('',#6793,#5354,#5355);
#4667=AXIS2_PLACEMENT_3D('',#6796,#5357,#5358);
#4668=AXIS2_PLACEMENT_3D('',#6801,#5360,#5361);
#4669=AXIS2_PLACEMENT_3D('',#6805,#5363,#5364);
#4670=AXIS2_PLACEMENT_3D('',#6809,#5366,#5367);
#4671=AXIS2_PLACEMENT_3D('',#6812,#5369,#5370);
#4672=AXIS2_PLACEMENT_3D('',#6817,#5372,#5373);
#4673=AXIS2_PLACEMENT_3D('',#6821,#5375,#5376);
#4674=AXIS2_PLACEMENT_3D('',#6825,#5378,#5379);
#4675=AXIS2_PLACEMENT_3D('',#6828,#5381,#5382);
#4676=AXIS2_PLACEMENT_3D('',#6833,#5384,#5385);
#4677=AXIS2_PLACEMENT_3D('',#6837,#5387,#5388);
#4678=AXIS2_PLACEMENT_3D('',#6841,#5390,#5391);
#4679=AXIS2_PLACEMENT_3D('',#6844,#5393,#5394);
#4680=AXIS2_PLACEMENT_3D('',#6849,#5396,#5397);
#4681=AXIS2_PLACEMENT_3D('',#6853,#5399,#5400);
#4682=AXIS2_PLACEMENT_3D('',#6857,#5402,#5403);
#4683=AXIS2_PLACEMENT_3D('',#6860,#5405,#5406);
#4684=AXIS2_PLACEMENT_3D('',#6865,#5408,#5409);
#4685=AXIS2_PLACEMENT_3D('',#6869,#5411,#5412);
#4686=AXIS2_PLACEMENT_3D('',#6873,#5414,#5415);
#4687=AXIS2_PLACEMENT_3D('',#6876,#5417,#5418);
#4688=AXIS2_PLACEMENT_3D('',#6881,#5420,#5421);
#4689=AXIS2_PLACEMENT_3D('',#6885,#5423,#5424);
#4690=AXIS2_PLACEMENT_3D('',#6889,#5426,#5427);
#4691=AXIS2_PLACEMENT_3D('',#6892,#5429,#5430);
#4692=AXIS2_PLACEMENT_3D('',#6897,#5432,#5433);
#4693=AXIS2_PLACEMENT_3D('',#6901,#5435,#5436);
#4694=AXIS2_PLACEMENT_3D('',#6905,#5438,#5439);
#4695=AXIS2_PLACEMENT_3D('',#6927,#5450,#5451);
#4696=AXIS2_PLACEMENT_3D('',#6935,#5455,#5456);
#4697=AXIS2_PLACEMENT_3D('',#6943,#5460,#5461);
#4698=AXIS2_PLACEMENT_3D('',#6951,#5465,#5466);
#4699=AXIS2_PLACEMENT_3D('',#6972,#5477,#5478);
#4700=AXIS2_PLACEMENT_3D('',#6975,#5481,#5482);
#4701=AXIS2_PLACEMENT_3D('',#6978,#5485,#5486);
#4702=AXIS2_PLACEMENT_3D('',#6981,#5489,#5490);
#4703=AXIS2_PLACEMENT_3D('',#6984,#5493,#5494);
#4704=AXIS2_PLACEMENT_3D('',#6987,#5497,#5498);
#4705=AXIS2_PLACEMENT_3D('',#6989,#5500,#5501);
#4706=AXIS2_PLACEMENT_3D('',#6991,#5503,#5504);
#4707=AXIS2_PLACEMENT_3D('',#6993,#5506,#5507);
#4708=AXIS2_PLACEMENT_3D('',#6995,#5509,#5510);
#4709=AXIS2_PLACEMENT_3D('',#6997,#5512,#5513);
#4710=AXIS2_PLACEMENT_3D('',#6999,#5515,#5516);
#4711=AXIS2_PLACEMENT_3D('',#7002,#5519,#5520);
#4712=AXIS2_PLACEMENT_3D('',#7004,#5522,#5523);
#4713=AXIS2_PLACEMENT_3D('',#7006,#5525,#5526);
#4714=AXIS2_PLACEMENT_3D('',#7008,#5528,#5529);
#4715=AXIS2_PLACEMENT_3D('',#7010,#5531,#5532);
#4716=AXIS2_PLACEMENT_3D('',#7012,#5534,#5535);
#4717=AXIS2_PLACEMENT_3D('',#7014,#5537,#5538);
#4718=AXIS2_PLACEMENT_3D('',#7017,#5541,#5542);
#4719=AXIS2_PLACEMENT_3D('',#7019,#5544,#5545);
#4720=AXIS2_PLACEMENT_3D('',#7021,#5547,#5548);
#4721=AXIS2_PLACEMENT_3D('',#7023,#5550,#5551);
#4722=AXIS2_PLACEMENT_3D('',#7025,#5553,#5554);
#4723=AXIS2_PLACEMENT_3D('',#7027,#5556,#5557);
#4724=AXIS2_PLACEMENT_3D('',#7029,#5559,#5560);
#4725=AXIS2_PLACEMENT_3D('',#7032,#5563,#5564);
#4726=AXIS2_PLACEMENT_3D('',#7034,#5566,#5567);
#4727=AXIS2_PLACEMENT_3D('',#7036,#5569,#5570);
#4728=AXIS2_PLACEMENT_3D('',#7038,#5572,#5573);
#4729=AXIS2_PLACEMENT_3D('',#7040,#5575,#5576);
#4730=AXIS2_PLACEMENT_3D('',#7042,#5578,#5579);
#4731=AXIS2_PLACEMENT_3D('',#7044,#5581,#5582);
#4732=AXIS2_PLACEMENT_3D('',#7047,#5585,#5586);
#4733=AXIS2_PLACEMENT_3D('',#7049,#5588,#5589);
#4734=AXIS2_PLACEMENT_3D('',#7051,#5591,#5592);
#4735=AXIS2_PLACEMENT_3D('',#7053,#5594,#5595);
#4736=AXIS2_PLACEMENT_3D('',#7055,#5597,#5598);
#4737=AXIS2_PLACEMENT_3D('',#7057,#5600,#5601);
#4738=AXIS2_PLACEMENT_3D('',#7059,#5603,#5604);
#4739=AXIS2_PLACEMENT_3D('',#7062,#5607,#5608);
#4740=AXIS2_PLACEMENT_3D('',#7064,#5610,#5611);
#4741=AXIS2_PLACEMENT_3D('',#7066,#5613,#5614);
#4742=AXIS2_PLACEMENT_3D('',#7068,#5616,#5617);
#4743=AXIS2_PLACEMENT_3D('',#7070,#5619,#5620);
#4744=AXIS2_PLACEMENT_3D('',#7072,#5622,#5623);
#4745=AXIS2_PLACEMENT_3D('',#7074,#5625,#5626);
#4746=AXIS2_PLACEMENT_3D('',#7077,#5629,#5630);
#4747=AXIS2_PLACEMENT_3D('',#7079,#5632,#5633);
#4748=AXIS2_PLACEMENT_3D('',#7081,#5635,#5636);
#4749=AXIS2_PLACEMENT_3D('',#7083,#5638,#5639);
#4750=AXIS2_PLACEMENT_3D('',#7085,#5641,#5642);
#4751=AXIS2_PLACEMENT_3D('',#7087,#5644,#5645);
#4752=AXIS2_PLACEMENT_3D('',#7089,#5647,#5648);
#4753=AXIS2_PLACEMENT_3D('',#7092,#5651,#5652);
#4754=AXIS2_PLACEMENT_3D('',#7094,#5654,#5655);
#4755=AXIS2_PLACEMENT_3D('',#7096,#5657,#5658);
#4756=AXIS2_PLACEMENT_3D('',#7098,#5660,#5661);
#4757=AXIS2_PLACEMENT_3D('',#7100,#5663,#5664);
#4758=AXIS2_PLACEMENT_3D('',#7102,#5666,#5667);
#4759=AXIS2_PLACEMENT_3D('',#7104,#5669,#5670);
#4760=AXIS2_PLACEMENT_3D('',#7107,#5673,#5674);
#4761=AXIS2_PLACEMENT_3D('',#7109,#5676,#5677);
#4762=AXIS2_PLACEMENT_3D('',#7111,#5679,#5680);
#4763=AXIS2_PLACEMENT_3D('',#7113,#5682,#5683);
#4764=AXIS2_PLACEMENT_3D('',#7115,#5685,#5686);
#4765=AXIS2_PLACEMENT_3D('',#7117,#5688,#5689);
#4766=AXIS2_PLACEMENT_3D('',#7119,#5691,#5692);
#4767=AXIS2_PLACEMENT_3D('',#7122,#5695,#5696);
#4768=AXIS2_PLACEMENT_3D('',#7124,#5698,#5699);
#4769=AXIS2_PLACEMENT_3D('',#7126,#5701,#5702);
#4770=AXIS2_PLACEMENT_3D('',#7128,#5704,#5705);
#4771=AXIS2_PLACEMENT_3D('',#7130,#5707,#5708);
#4772=AXIS2_PLACEMENT_3D('',#7132,#5710,#5711);
#4773=AXIS2_PLACEMENT_3D('',#7134,#5713,#5714);
#4774=AXIS2_PLACEMENT_3D('',#7137,#5717,#5718);
#4775=AXIS2_PLACEMENT_3D('',#7139,#5720,#5721);
#4776=AXIS2_PLACEMENT_3D('',#7141,#5723,#5724);
#4777=AXIS2_PLACEMENT_3D('',#7143,#5726,#5727);
#4778=AXIS2_PLACEMENT_3D('',#7145,#5729,#5730);
#4779=AXIS2_PLACEMENT_3D('',#7147,#5732,#5733);
#4780=AXIS2_PLACEMENT_3D('',#7149,#5735,#5736);
#4781=AXIS2_PLACEMENT_3D('',#7152,#5739,#5740);
#4782=AXIS2_PLACEMENT_3D('',#7154,#5742,#5743);
#4783=AXIS2_PLACEMENT_3D('',#7156,#5745,#5746);
#4784=AXIS2_PLACEMENT_3D('',#7158,#5748,#5749);
#4785=AXIS2_PLACEMENT_3D('',#7160,#5751,#5752);
#4786=AXIS2_PLACEMENT_3D('',#7162,#5754,#5755);
#4787=AXIS2_PLACEMENT_3D('',#7164,#5757,#5758);
#4788=AXIS2_PLACEMENT_3D('',#7167,#5761,#5762);
#4789=AXIS2_PLACEMENT_3D('',#7169,#5764,#5765);
#4790=AXIS2_PLACEMENT_3D('',#7171,#5767,#5768);
#4791=AXIS2_PLACEMENT_3D('',#7173,#5770,#5771);
#4792=AXIS2_PLACEMENT_3D('',#7175,#5773,#5774);
#4793=AXIS2_PLACEMENT_3D('',#7177,#5776,#5777);
#4794=AXIS2_PLACEMENT_3D('',#7179,#5779,#5780);
#4795=AXIS2_PLACEMENT_3D('',#7182,#5783,#5784);
#4796=AXIS2_PLACEMENT_3D('',#7184,#5786,#5787);
#4797=AXIS2_PLACEMENT_3D('',#7186,#5789,#5790);
#4798=AXIS2_PLACEMENT_3D('',#7188,#5792,#5793);
#4799=AXIS2_PLACEMENT_3D('',#7190,#5795,#5796);
#4800=AXIS2_PLACEMENT_3D('',#7192,#5798,#5799);
#4801=AXIS2_PLACEMENT_3D('',#7194,#5801,#5802);
#4802=AXIS2_PLACEMENT_3D('',#7197,#5805,#5806);
#4803=AXIS2_PLACEMENT_3D('',#7199,#5808,#5809);
#4804=AXIS2_PLACEMENT_3D('',#7201,#5811,#5812);
#4805=AXIS2_PLACEMENT_3D('',#7203,#5814,#5815);
#4806=AXIS2_PLACEMENT_3D('',#7205,#5817,#5818);
#4807=AXIS2_PLACEMENT_3D('',#7207,#5820,#5821);
#4808=AXIS2_PLACEMENT_3D('',#7209,#5823,#5824);
#4809=AXIS2_PLACEMENT_3D('',#7210,#5825,#5826);
#4810=AXIS2_PLACEMENT_3D('',#7211,#5827,#5828);
#4811=AXIS2_PLACEMENT_3D('',#7212,#5829,#5830);
#4812=AXIS2_PLACEMENT_3D('',#7213,#5831,#5832);
#4813=AXIS2_PLACEMENT_3D('',#7214,#5833,#5834);
#4814=AXIS2_PLACEMENT_3D('',#7215,#5835,#5836);
#4815=AXIS2_PLACEMENT_3D('',#7216,#5837,#5838);
#4816=AXIS2_PLACEMENT_3D('',#7217,#5839,#5840);
#4817=AXIS2_PLACEMENT_3D('',#7218,#5841,#5842);
#4818=AXIS2_PLACEMENT_3D('',#7219,#5843,#5844);
#4819=AXIS2_PLACEMENT_3D('',#7220,#5845,#5846);
#4820=AXIS2_PLACEMENT_3D('',#7221,#5847,#5848);
#4821=AXIS2_PLACEMENT_3D('',#7222,#5849,#5850);
#4822=AXIS2_PLACEMENT_3D('',#7223,#5851,#5852);
#4823=AXIS2_PLACEMENT_3D('',#7224,#5853,#5854);
#4824=AXIS2_PLACEMENT_3D('',#7227,#5857,#5858);
#4825=AXIS2_PLACEMENT_3D('',#7229,#5860,#5861);
#4826=AXIS2_PLACEMENT_3D('',#7231,#5863,#5864);
#4827=AXIS2_PLACEMENT_3D('',#7233,#5866,#5867);
#4828=AXIS2_PLACEMENT_3D('',#7235,#5869,#5870);
#4829=AXIS2_PLACEMENT_3D('',#7237,#5872,#5873);
#4830=AXIS2_PLACEMENT_3D('',#7239,#5875,#5876);
#4831=AXIS2_PLACEMENT_3D('',#7240,#5877,#5878);
#4832=AXIS2_PLACEMENT_3D('',#7243,#5881,#5882);
#4833=AXIS2_PLACEMENT_3D('',#7245,#5884,#5885);
#4834=AXIS2_PLACEMENT_3D('',#7247,#5887,#5888);
#4835=AXIS2_PLACEMENT_3D('',#7248,#5889,#5890);
#4836=AXIS2_PLACEMENT_3D('',#7251,#5893,#5894);
#4837=AXIS2_PLACEMENT_3D('',#7253,#5896,#5897);
#4838=AXIS2_PLACEMENT_3D('',#7255,#5899,#5900);
#4839=AXIS2_PLACEMENT_3D('',#7256,#5901,#5902);
#4840=AXIS2_PLACEMENT_3D('',#7259,#5905,#5906);
#4841=AXIS2_PLACEMENT_3D('',#7261,#5908,#5909);
#4842=AXIS2_PLACEMENT_3D('',#7263,#5911,#5912);
#4843=AXIS2_PLACEMENT_3D('',#7264,#5913,#5914);
#4844=AXIS2_PLACEMENT_3D('',#7267,#5917,#5918);
#4845=AXIS2_PLACEMENT_3D('',#7270,#5921,#5922);
#4846=AXIS2_PLACEMENT_3D('',#7273,#5925,#5926);
#4847=AXIS2_PLACEMENT_3D('',#7276,#5929,#5930);
#4848=AXIS2_PLACEMENT_3D('',#7282,#5934,#5935);
#4849=AXIS2_PLACEMENT_3D('',#7286,#5938,#5939);
#4850=AXIS2_PLACEMENT_3D('',#7292,#5943,#5944);
#4851=AXIS2_PLACEMENT_3D('',#7298,#5948,#5949);
#4852=AXIS2_PLACEMENT_3D('',#7302,#5952,#5953);
#4853=AXIS2_PLACEMENT_3D('',#7308,#5957,#5958);
#4854=AXIS2_PLACEMENT_3D('',#7312,#5961,#5962);
#4855=AXIS2_PLACEMENT_3D('',#7316,#5965,#5966);
#4856=AXIS2_PLACEMENT_3D('',#7317,#5967,#5968);
#4857=AXIS2_PLACEMENT_3D('',#7318,#5969,#5970);
#4858=AXIS2_PLACEMENT_3D('',#7319,#5971,#5972);
#4859=AXIS2_PLACEMENT_3D('',#7320,#5973,#5974);
#4860=AXIS2_PLACEMENT_3D('',#7321,#5975,#5976);
#4861=AXIS2_PLACEMENT_3D('',#7322,#5977,#5978);
#4862=AXIS2_PLACEMENT_3D('',#7323,#5979,#5980);
#4863=AXIS2_PLACEMENT_3D('',#7324,#5981,#5982);
#4864=AXIS2_PLACEMENT_3D('',#7325,#5983,#5984);
#4865=AXIS2_PLACEMENT_3D('',#7331,#5988,#5989);
#4866=AXIS2_PLACEMENT_3D('',#7335,#5992,#5993);
#4867=AXIS2_PLACEMENT_3D('',#7341,#5997,#5998);
#4868=AXIS2_PLACEMENT_3D('',#7347,#6002,#6003);
#4869=AXIS2_PLACEMENT_3D('',#7351,#6006,#6007);
#4870=AXIS2_PLACEMENT_3D('',#7357,#6011,#6012);
#4871=AXIS2_PLACEMENT_3D('',#7361,#6015,#6016);
#4872=AXIS2_PLACEMENT_3D('',#7365,#6019,#6020);
#4873=AXIS2_PLACEMENT_3D('',#7366,#6021,#6022);
#4874=AXIS2_PLACEMENT_3D('',#7367,#6023,#6024);
#4875=AXIS2_PLACEMENT_3D('',#7368,#6025,#6026);
#4876=AXIS2_PLACEMENT_3D('',#7369,#6027,#6028);
#4877=AXIS2_PLACEMENT_3D('',#7370,#6029,#6030);
#4878=AXIS2_PLACEMENT_3D('',#7371,#6031,#6032);
#4879=AXIS2_PLACEMENT_3D('',#7372,#6033,#6034);
#4880=AXIS2_PLACEMENT_3D('',#7373,#6035,#6036);
#4881=AXIS2_PLACEMENT_3D('',#7374,#6037,#6038);
#4882=AXIS2_PLACEMENT_3D('',#7380,#6042,#6043);
#4883=AXIS2_PLACEMENT_3D('',#7384,#6046,#6047);
#4884=AXIS2_PLACEMENT_3D('',#7390,#6051,#6052);
#4885=AXIS2_PLACEMENT_3D('',#7396,#6056,#6057);
#4886=AXIS2_PLACEMENT_3D('',#7400,#6060,#6061);
#4887=AXIS2_PLACEMENT_3D('',#7406,#6065,#6066);
#4888=AXIS2_PLACEMENT_3D('',#7410,#6069,#6070);
#4889=AXIS2_PLACEMENT_3D('',#7414,#6073,#6074);
#4890=AXIS2_PLACEMENT_3D('',#7415,#6075,#6076);
#4891=AXIS2_PLACEMENT_3D('',#7416,#6077,#6078);
#4892=AXIS2_PLACEMENT_3D('',#7417,#6079,#6080);
#4893=AXIS2_PLACEMENT_3D('',#7418,#6081,#6082);
#4894=AXIS2_PLACEMENT_3D('',#7419,#6083,#6084);
#4895=AXIS2_PLACEMENT_3D('',#7420,#6085,#6086);
#4896=AXIS2_PLACEMENT_3D('',#7421,#6087,#6088);
#4897=AXIS2_PLACEMENT_3D('',#7422,#6089,#6090);
#4898=AXIS2_PLACEMENT_3D('',#7423,#6091,#6092);
#4899=AXIS2_PLACEMENT_3D('',#7429,#6096,#6097);
#4900=AXIS2_PLACEMENT_3D('',#7433,#6100,#6101);
#4901=AXIS2_PLACEMENT_3D('',#7439,#6105,#6106);
#4902=AXIS2_PLACEMENT_3D('',#7445,#6110,#6111);
#4903=AXIS2_PLACEMENT_3D('',#7449,#6114,#6115);
#4904=AXIS2_PLACEMENT_3D('',#7455,#6119,#6120);
#4905=AXIS2_PLACEMENT_3D('',#7459,#6123,#6124);
#4906=AXIS2_PLACEMENT_3D('',#7463,#6127,#6128);
#4907=AXIS2_PLACEMENT_3D('',#7464,#6129,#6130);
#4908=AXIS2_PLACEMENT_3D('',#7465,#6131,#6132);
#4909=AXIS2_PLACEMENT_3D('',#7466,#6133,#6134);
#4910=AXIS2_PLACEMENT_3D('',#7467,#6135,#6136);
#4911=AXIS2_PLACEMENT_3D('',#7468,#6137,#6138);
#4912=AXIS2_PLACEMENT_3D('',#7469,#6139,#6140);
#4913=AXIS2_PLACEMENT_3D('',#7470,#6141,#6142);
#4914=AXIS2_PLACEMENT_3D('',#7471,#6143,#6144);
#4915=AXIS2_PLACEMENT_3D('',#7472,#6145,#6146);
#4916=AXIS2_PLACEMENT_3D('',#7473,#6147,#6148);
#4917=AXIS2_PLACEMENT_3D('',#7474,#6149,#6150);
#4918=AXIS2_PLACEMENT_3D('',#7475,#6151,#6152);
#4919=AXIS2_PLACEMENT_3D('',#7476,#6153,#6154);
#4920=AXIS2_PLACEMENT_3D('',#7479,#6157,#6158);
#4921=AXIS2_PLACEMENT_3D('',#7481,#6160,#6161);
#4922=AXIS2_PLACEMENT_3D('',#7483,#6163,#6164);
#4923=AXIS2_PLACEMENT_3D('',#7484,#6165,#6166);
#4924=AXIS2_PLACEMENT_3D('',#7487,#6169,#6170);
#4925=AXIS2_PLACEMENT_3D('',#7489,#6172,#6173);
#4926=AXIS2_PLACEMENT_3D('',#7491,#6175,#6176);
#4927=AXIS2_PLACEMENT_3D('',#7492,#6177,#6178);
#4928=AXIS2_PLACEMENT_3D('',#7495,#6181,#6182);
#4929=AXIS2_PLACEMENT_3D('',#7497,#6184,#6185);
#4930=AXIS2_PLACEMENT_3D('',#7499,#6187,#6188);
#4931=AXIS2_PLACEMENT_3D('',#7500,#6189,#6190);
#4932=AXIS2_PLACEMENT_3D('',#7503,#6193,#6194);
#4933=AXIS2_PLACEMENT_3D('',#7505,#6196,#6197);
#4934=AXIS2_PLACEMENT_3D('',#7507,#6199,#6200);
#4935=DIRECTION('',(0.,0.,1.));
#4936=DIRECTION('',(1.,0.,0.));
#4937=DIRECTION('',(0.,0.,1.));
#4938=DIRECTION('',(1.,0.,0.));
#4939=DIRECTION('',(0.,1.,0.));
#4940=DIRECTION('',(0.,0.,1.));
#4941=DIRECTION('',(1.,0.,0.));
#4942=DIRECTION('',(-1.,0.,0.));
#4943=DIRECTION('',(0.,0.,1.));
#4944=DIRECTION('',(1.,0.,0.));
#4945=DIRECTION('',(0.,1.,0.));
#4946=DIRECTION('',(0.,0.,1.));
#4947=DIRECTION('',(1.,0.,0.));
#4948=DIRECTION('',(-1.,0.,0.));
#4949=DIRECTION('',(0.,0.,1.));
#4950=DIRECTION('',(1.,0.,0.));
#4951=DIRECTION('',(0.,0.,1.));
#4952=DIRECTION('',(1.,0.,0.));
#4953=DIRECTION('',(1.,0.,0.));
#4954=DIRECTION('',(0.,0.,1.));
#4955=DIRECTION('',(1.,0.,0.));
#4956=DIRECTION('',(0.,-1.,0.));
#4957=DIRECTION('',(0.,0.,1.));
#4958=DIRECTION('',(1.,0.,0.));
#4959=DIRECTION('',(1.,0.,0.));
#4960=DIRECTION('',(0.,0.,1.));
#4961=DIRECTION('',(1.,0.,0.));
#4962=DIRECTION('',(0.,-1.,0.));
#4963=DIRECTION('',(0.,0.,1.));
#4964=DIRECTION('',(1.,0.,0.));
#4965=DIRECTION('',(1.,0.,0.));
#4966=DIRECTION('',(0.,0.,1.));
#4967=DIRECTION('',(1.,0.,0.));
#4968=DIRECTION('',(0.,-1.,0.));
#4969=DIRECTION('',(0.,0.,1.));
#4970=DIRECTION('',(1.,0.,0.));
#4971=DIRECTION('',(1.,0.,0.));
#4972=DIRECTION('',(0.,0.,1.));
#4973=DIRECTION('',(1.,0.,0.));
#4974=DIRECTION('',(0.,-1.,0.));
#4975=DIRECTION('',(0.,0.,1.));
#4976=DIRECTION('',(1.,0.,0.));
#4977=DIRECTION('',(1.,0.,0.));
#4978=DIRECTION('',(0.,0.,1.));
#4979=DIRECTION('',(1.,0.,0.));
#4980=DIRECTION('',(0.,-1.,0.));
#4981=DIRECTION('',(0.,0.,1.));
#4982=DIRECTION('',(1.,0.,0.));
#4983=DIRECTION('',(1.,0.,0.));
#4984=DIRECTION('',(0.,0.,1.));
#4985=DIRECTION('',(1.,0.,0.));
#4986=DIRECTION('',(0.,-1.,0.));
#4987=DIRECTION('',(0.,0.,1.));
#4988=DIRECTION('',(1.,0.,0.));
#4989=DIRECTION('',(1.,0.,0.));
#4990=DIRECTION('',(0.,0.,1.));
#4991=DIRECTION('',(1.,0.,0.));
#4992=DIRECTION('',(0.,-1.,0.));
#4993=DIRECTION('',(0.,0.,1.));
#4994=DIRECTION('',(1.,0.,0.));
#4995=DIRECTION('',(1.,0.,0.));
#4996=DIRECTION('',(0.,0.,1.));
#4997=DIRECTION('',(1.,0.,0.));
#4998=DIRECTION('',(0.,-1.,0.));
#4999=DIRECTION('',(0.,0.,1.));
#5000=DIRECTION('',(1.,0.,0.));
#5001=DIRECTION('',(1.,0.,0.));
#5002=DIRECTION('',(0.,0.,1.));
#5003=DIRECTION('',(1.,0.,0.));
#5004=DIRECTION('',(0.,-1.,0.));
#5005=DIRECTION('',(0.,0.,1.));
#5006=DIRECTION('',(1.,0.,0.));
#5007=DIRECTION('',(1.,0.,0.));
#5008=DIRECTION('',(0.,0.,1.));
#5009=DIRECTION('',(1.,0.,0.));
#5010=DIRECTION('',(0.,-1.,0.));
#5011=DIRECTION('',(0.,0.,1.));
#5012=DIRECTION('',(1.,0.,0.));
#5013=DIRECTION('',(1.,0.,0.));
#5014=DIRECTION('',(0.,0.,1.));
#5015=DIRECTION('',(1.,0.,0.));
#5016=DIRECTION('',(0.,-1.,0.));
#5017=DIRECTION('',(0.,0.,1.));
#5018=DIRECTION('',(1.,0.,0.));
#5019=DIRECTION('',(1.,0.,0.));
#5020=DIRECTION('',(0.,0.,1.));
#5021=DIRECTION('',(1.,0.,0.));
#5022=DIRECTION('',(0.,-1.,0.));
#5023=DIRECTION('',(0.,0.,1.));
#5024=DIRECTION('',(1.,0.,0.));
#5025=DIRECTION('',(1.,0.,0.));
#5026=DIRECTION('',(0.,0.,1.));
#5027=DIRECTION('',(1.,0.,0.));
#5028=DIRECTION('',(0.,-1.,0.));
#5029=DIRECTION('',(0.,0.,1.));
#5030=DIRECTION('',(1.,0.,0.));
#5031=DIRECTION('',(1.,0.,0.));
#5032=DIRECTION('',(0.,0.,1.));
#5033=DIRECTION('',(1.,0.,0.));
#5034=DIRECTION('',(0.,-1.,0.));
#5035=DIRECTION('',(0.,0.,1.));
#5036=DIRECTION('',(1.,0.,0.));
#5037=DIRECTION('',(1.,0.,0.));
#5038=DIRECTION('',(0.,0.,1.));
#5039=DIRECTION('',(1.,0.,0.));
#5040=DIRECTION('',(0.,-1.,0.));
#5041=DIRECTION('',(0.,0.,1.));
#5042=DIRECTION('',(1.,0.,0.));
#5043=DIRECTION('',(1.,0.,0.));
#5044=DIRECTION('',(0.,0.,1.));
#5045=DIRECTION('',(1.,0.,0.));
#5046=DIRECTION('',(0.,-1.,0.));
#5047=DIRECTION('',(0.,0.,1.));
#5048=DIRECTION('',(1.,0.,0.));
#5049=DIRECTION('',(1.,0.,0.));
#5050=DIRECTION('',(0.,0.,1.));
#5051=DIRECTION('',(1.,0.,0.));
#5052=DIRECTION('',(0.,-1.,0.));
#5053=DIRECTION('',(0.,0.,1.));
#5054=DIRECTION('',(1.,0.,0.));
#5055=DIRECTION('',(1.,0.,0.));
#5056=DIRECTION('',(0.,0.,1.));
#5057=DIRECTION('',(1.,0.,0.));
#5058=DIRECTION('',(0.,-1.,0.));
#5059=DIRECTION('',(0.,0.,1.));
#5060=DIRECTION('',(1.,0.,0.));
#5061=DIRECTION('',(1.,0.,0.));
#5062=DIRECTION('',(0.,0.,1.));
#5063=DIRECTION('',(1.,0.,0.));
#5064=DIRECTION('',(0.,-1.,0.));
#5065=DIRECTION('',(0.,0.,1.));
#5066=DIRECTION('',(1.,0.,0.));
#5067=DIRECTION('',(1.,0.,0.));
#5068=DIRECTION('',(0.,0.,1.));
#5069=DIRECTION('',(1.,0.,0.));
#5070=DIRECTION('',(0.,-1.,0.));
#5071=DIRECTION('',(0.,0.,1.));
#5072=DIRECTION('',(1.,0.,0.));
#5073=DIRECTION('',(1.,0.,0.));
#5074=DIRECTION('',(0.,0.,1.));
#5075=DIRECTION('',(1.,0.,0.));
#5076=DIRECTION('',(0.,-1.,0.));
#5077=DIRECTION('',(0.,0.,1.));
#5078=DIRECTION('',(1.,0.,0.));
#5079=DIRECTION('',(1.,0.,0.));
#5080=DIRECTION('',(0.,0.,1.));
#5081=DIRECTION('',(1.,0.,0.));
#5082=DIRECTION('',(0.,-1.,0.));
#5083=DIRECTION('',(0.,0.,1.));
#5084=DIRECTION('',(1.,0.,0.));
#5085=DIRECTION('',(1.,0.,0.));
#5086=DIRECTION('',(0.,0.,1.));
#5087=DIRECTION('',(1.,0.,0.));
#5088=DIRECTION('',(0.,-1.,0.));
#5089=DIRECTION('',(0.,0.,1.));
#5090=DIRECTION('',(1.,0.,0.));
#5091=DIRECTION('',(1.,0.,0.));
#5092=DIRECTION('',(0.,0.,1.));
#5093=DIRECTION('',(1.,0.,0.));
#5094=DIRECTION('',(0.,-1.,0.));
#5095=DIRECTION('',(0.,0.,1.));
#5096=DIRECTION('',(1.,0.,0.));
#5097=DIRECTION('',(1.,0.,0.));
#5098=DIRECTION('',(0.,0.,1.));
#5099=DIRECTION('',(1.,0.,0.));
#5100=DIRECTION('',(0.,-1.,0.));
#5101=DIRECTION('',(0.,0.,1.));
#5102=DIRECTION('',(1.,0.,0.));
#5103=DIRECTION('',(1.,0.,0.));
#5104=DIRECTION('',(0.,0.,1.));
#5105=DIRECTION('',(1.,0.,0.));
#5106=DIRECTION('',(0.,-1.,0.));
#5107=DIRECTION('',(0.,0.,1.));
#5108=DIRECTION('',(1.,0.,0.));
#5109=DIRECTION('',(1.,0.,0.));
#5110=DIRECTION('',(0.,0.,1.));
#5111=DIRECTION('',(1.,0.,0.));
#5112=DIRECTION('',(0.,-1.,0.));
#5113=DIRECTION('',(0.,0.,1.));
#5114=DIRECTION('',(1.,0.,0.));
#5115=DIRECTION('',(1.,0.,0.));
#5116=DIRECTION('',(0.,0.,1.));
#5117=DIRECTION('',(1.,0.,0.));
#5118=DIRECTION('',(0.,-1.,0.));
#5119=DIRECTION('',(0.,0.,1.));
#5120=DIRECTION('',(1.,0.,0.));
#5121=DIRECTION('',(1.,0.,0.));
#5122=DIRECTION('',(0.,0.,1.));
#5123=DIRECTION('',(1.,0.,0.));
#5124=DIRECTION('',(0.,-1.,0.));
#5125=DIRECTION('',(0.,0.,1.));
#5126=DIRECTION('',(1.,0.,0.));
#5127=DIRECTION('',(1.,0.,0.));
#5128=DIRECTION('',(0.,0.,1.));
#5129=DIRECTION('',(1.,0.,0.));
#5130=DIRECTION('',(0.,-1.,0.));
#5131=DIRECTION('',(-1.,9.91270557701033E-17,0.));
#5132=DIRECTION('',(0.,-1.,0.));
#5133=DIRECTION('',(-1.,9.91270557701033E-17,0.));
#5134=DIRECTION('',(0.,-1.,0.));
#5135=DIRECTION('',(-1.,0.,0.));
#5136=DIRECTION('',(0.,-1.,0.));
#5137=DIRECTION('',(-1.,0.,0.));
#5138=DIRECTION('',(0.,-1.,0.));
#5139=DIRECTION('',(-1.,-9.91270557701033E-17,0.));
#5140=DIRECTION('',(0.,-1.,0.));
#5141=DIRECTION('',(-1.,-9.91270557701033E-17,0.));
#5142=DIRECTION('',(0.,-1.,0.));
#5143=DIRECTION('',(0.,1.,0.));
#5144=DIRECTION('',(0.,0.,1.));
#5145=DIRECTION('',(1.,0.,0.));
#5146=DIRECTION('',(1.,0.,0.));
#5147=DIRECTION('',(0.421730749715592,-0.906721111888504,0.));
#5148=DIRECTION('',(0.,0.,-1.));
#5149=DIRECTION('',(6.12323399573677E-17,-1.,0.));
#5150=DIRECTION('',(1.,6.12323399573677E-17,0.));
#5151=DIRECTION('',(0.,0.,-1.));
#5152=DIRECTION('',(6.12323399573677E-17,-1.,0.));
#5153=DIRECTION('',(-0.421730749715584,-0.906721111888508,0.));
#5154=DIRECTION('',(1.,0.,0.));
#5155=DIRECTION('',(0.,0.,1.));
#5156=DIRECTION('',(1.,0.,0.));
#5157=DIRECTION('',(0.,1.,0.));
#5158=DIRECTION('',(0.906721111888508,0.421730749715584,0.));
#5159=DIRECTION('',(0.,0.,1.));
#5160=DIRECTION('',(1.,0.,0.));
#5161=DIRECTION('',(0.,-1.,0.));
#5162=DIRECTION('',(0.,0.,1.));
#5163=DIRECTION('',(1.,0.,0.));
#5164=DIRECTION('',(0.906721111888504,-0.421730749715592,0.));
#5165=DIRECTION('',(0.,1.,0.));
#5166=DIRECTION('',(0.,0.,1.));
#5167=DIRECTION('',(1.,0.,0.));
#5168=DIRECTION('',(1.,0.,0.));
#5169=DIRECTION('',(-0.421730749715584,0.906721111888508,0.));
#5170=DIRECTION('',(0.,0.,1.));
#5171=DIRECTION('',(6.12323399573677E-17,1.,0.));
#5172=DIRECTION('',(1.,-6.12323399573677E-17,0.));
#5173=DIRECTION('',(0.,0.,1.));
#5174=DIRECTION('',(6.12323399573677E-17,1.,0.));
#5175=DIRECTION('',(0.421730749715592,0.906721111888504,0.));
#5176=DIRECTION('',(1.,0.,0.));
#5177=DIRECTION('',(0.,0.,1.));
#5178=DIRECTION('',(1.,0.,0.));
#5179=DIRECTION('',(0.,1.,0.));
#5180=DIRECTION('',(-0.906721111888504,-0.421730749715592,0.));
#5181=DIRECTION('',(0.,0.,-1.));
#5182=DIRECTION('',(-1.,0.,0.));
#5183=DIRECTION('',(0.,-1.,0.));
#5184=DIRECTION('',(0.,0.,-1.));
#5185=DIRECTION('',(-1.,0.,0.));
#5186=DIRECTION('',(-0.906721111888508,0.421730749715584,0.));
#5187=DIRECTION('',(1.,6.12323399573677E-17,0.));
#5188=DIRECTION('',(-0.421730749715585,-0.906721111888507,0.));
#5189=DIRECTION('',(0.,0.,-1.));
#5190=DIRECTION('',(6.12323399573677E-17,-1.,0.));
#5191=DIRECTION('',(-1.,-6.12323399573677E-17,0.));
#5192=DIRECTION('',(0.,0.,-1.));
#5193=DIRECTION('',(6.12323399573677E-17,-1.,0.));
#5194=DIRECTION('',(-0.421730749715593,0.906721111888503,0.));
#5195=DIRECTION('',(1.,-6.12323399573677E-17,0.));
#5196=DIRECTION('',(-0.421730749715593,-0.906721111888503,0.));
#5197=DIRECTION('',(0.,0.,1.));
#5198=DIRECTION('',(6.12323399573677E-17,1.,0.));
#5199=DIRECTION('',(-1.,6.12323399573677E-17,0.));
#5200=DIRECTION('',(0.,0.,1.));
#5201=DIRECTION('',(6.12323399573677E-17,1.,0.));
#5202=DIRECTION('',(-0.421730749715585,0.906721111888507,0.));
#5203=DIRECTION('',(0.,-1.,0.));
#5204=DIRECTION('',(-0.906721111888503,0.421730749715593,0.));
#5205=DIRECTION('',(0.,0.,1.));
#5206=DIRECTION('',(1.,0.,0.));
#5207=DIRECTION('',(0.,1.,0.));
#5208=DIRECTION('',(0.,0.,1.));
#5209=DIRECTION('',(1.,0.,0.));
#5210=DIRECTION('',(0.906721111888507,0.421730749715585,0.));
#5211=DIRECTION('',(0.,-1.,0.));
#5212=DIRECTION('',(-0.906721111888507,0.421730749715585,0.));
#5213=DIRECTION('',(0.,0.,-1.));
#5214=DIRECTION('',(-1.,0.,0.));
#5215=DIRECTION('',(0.,1.,0.));
#5216=DIRECTION('',(0.,0.,-1.));
#5217=DIRECTION('',(-1.,0.,0.));
#5218=DIRECTION('',(0.906721111888503,0.421730749715593,0.));
#5219=DIRECTION('',(-1.,0.,0.));
#5220=DIRECTION('',(0.,-1.,0.));
#5221=DIRECTION('',(-1.,0.,0.));
#5222=DIRECTION('',(0.,-1.,0.));
#5223=DIRECTION('',(-1.,0.,0.));
#5224=DIRECTION('',(0.,-1.,0.));
#5225=DIRECTION('',(-1.,0.,0.));
#5226=DIRECTION('',(0.,-1.,0.));
#5227=DIRECTION('',(-1.,0.,0.));
#5228=DIRECTION('',(1.7347234759768E-16,-1.,0.));
#5229=DIRECTION('',(-1.,0.,0.));
#5230=DIRECTION('',(3.46944695195361E-16,-1.,0.));
#5231=DIRECTION('',(-1.,0.,0.));
#5232=DIRECTION('',(0.,-1.,0.));
#5233=DIRECTION('',(-1.,0.,0.));
#5234=DIRECTION('',(0.,-1.,0.));
#5235=DIRECTION('',(0.,0.,1.));
#5236=DIRECTION('',(1.,0.,0.));
#5237=DIRECTION('',(1.7347234759768E-16,-1.,0.));
#5238=DIRECTION('',(-1.,0.,0.));
#5239=DIRECTION('',(3.46944695195361E-16,-1.,0.));
#5240=DIRECTION('',(-1.,0.,0.));
#5241=DIRECTION('',(0.,-1.,0.));
#5242=DIRECTION('',(-1.,0.,0.));
#5243=DIRECTION('',(0.,-1.,0.));
#5244=DIRECTION('',(-1.,0.,0.));
#5245=DIRECTION('',(0.,-1.,0.));
#5246=DIRECTION('',(-1.,0.,0.));
#5247=DIRECTION('',(0.,-1.,0.));
#5248=DIRECTION('',(-1.,0.,0.));
#5249=DIRECTION('',(0.,0.,1.));
#5250=DIRECTION('',(1.,0.,0.));
#5251=DIRECTION('',(0.,-1.,0.));
#5252=DIRECTION('',(0.,0.,1.));
#5253=DIRECTION('',(1.,0.,0.));
#5254=DIRECTION('',(1.,0.,0.));
#5255=DIRECTION('',(0.,0.,1.));
#5256=DIRECTION('',(1.,0.,0.));
#5257=DIRECTION('',(0.,-1.,0.));
#5258=DIRECTION('',(0.,0.,1.));
#5259=DIRECTION('',(1.,0.,0.));
#5260=DIRECTION('',(1.,0.,0.));
#5261=DIRECTION('',(0.,0.,1.));
#5262=DIRECTION('',(1.,0.,0.));
#5263=DIRECTION('',(0.,-1.,0.));
#5264=DIRECTION('',(0.,0.,1.));
#5265=DIRECTION('',(1.,0.,0.));
#5266=DIRECTION('',(1.,0.,0.));
#5267=DIRECTION('',(0.,0.,1.));
#5268=DIRECTION('',(1.,0.,0.));
#5269=DIRECTION('',(0.,-1.,0.));
#5270=DIRECTION('',(0.,0.,1.));
#5271=DIRECTION('',(1.,0.,0.));
#5272=DIRECTION('',(1.,0.,0.));
#5273=DIRECTION('',(0.,0.,1.));
#5274=DIRECTION('',(1.,0.,0.));
#5275=DIRECTION('',(0.,-1.,0.));
#5276=DIRECTION('',(0.,0.,1.));
#5277=DIRECTION('',(1.,0.,0.));
#5278=DIRECTION('',(1.,0.,0.));
#5279=DIRECTION('',(0.,0.,1.));
#5280=DIRECTION('',(1.,0.,0.));
#5281=DIRECTION('',(0.,-1.,0.));
#5282=DIRECTION('',(0.,0.,1.));
#5283=DIRECTION('',(1.,0.,0.));
#5284=DIRECTION('',(1.,0.,0.));
#5285=DIRECTION('',(0.,0.,1.));
#5286=DIRECTION('',(1.,0.,0.));
#5287=DIRECTION('',(0.,-1.,0.));
#5288=DIRECTION('',(0.,0.,1.));
#5289=DIRECTION('',(1.,0.,0.));
#5290=DIRECTION('',(1.,0.,0.));
#5291=DIRECTION('',(0.,0.,1.));
#5292=DIRECTION('',(1.,0.,0.));
#5293=DIRECTION('',(0.,-1.,0.));
#5294=DIRECTION('',(0.,0.,1.));
#5295=DIRECTION('',(1.,0.,0.));
#5296=DIRECTION('',(1.,0.,0.));
#5297=DIRECTION('',(0.,0.,1.));
#5298=DIRECTION('',(1.,0.,0.));
#5299=DIRECTION('',(0.,-1.,0.));
#5300=DIRECTION('',(0.,0.,1.));
#5301=DIRECTION('',(1.,0.,0.));
#5302=DIRECTION('',(1.,0.,0.));
#5303=DIRECTION('',(0.,0.,1.));
#5304=DIRECTION('',(1.,0.,0.));
#5305=DIRECTION('',(0.,-1.,0.));
#5306=DIRECTION('',(0.,0.,1.));
#5307=DIRECTION('',(1.,0.,0.));
#5308=DIRECTION('',(1.,0.,0.));
#5309=DIRECTION('',(0.,0.,1.));
#5310=DIRECTION('',(1.,0.,0.));
#5311=DIRECTION('',(0.,-1.,0.));
#5312=DIRECTION('',(0.,0.,1.));
#5313=DIRECTION('',(1.,0.,0.));
#5314=DIRECTION('',(1.,0.,0.));
#5315=DIRECTION('',(0.,0.,1.));
#5316=DIRECTION('',(1.,0.,0.));
#5317=DIRECTION('',(0.,-1.,0.));
#5318=DIRECTION('',(0.,0.,1.));
#5319=DIRECTION('',(1.,0.,0.));
#5320=DIRECTION('',(1.,0.,0.));
#5321=DIRECTION('',(0.,0.,1.));
#5322=DIRECTION('',(1.,0.,0.));
#5323=DIRECTION('',(0.,-1.,0.));
#5324=DIRECTION('',(0.,0.,1.));
#5325=DIRECTION('',(1.,0.,0.));
#5326=DIRECTION('',(1.,0.,0.));
#5327=DIRECTION('',(0.,0.,1.));
#5328=DIRECTION('',(1.,0.,0.));
#5329=DIRECTION('',(0.,-1.,0.));
#5330=DIRECTION('',(0.,0.,1.));
#5331=DIRECTION('',(1.,0.,0.));
#5332=DIRECTION('',(1.,0.,0.));
#5333=DIRECTION('',(0.,0.,1.));
#5334=DIRECTION('',(1.,0.,0.));
#5335=DIRECTION('',(0.,-1.,0.));
#5336=DIRECTION('',(0.,0.,1.));
#5337=DIRECTION('',(1.,0.,0.));
#5338=DIRECTION('',(1.,0.,0.));
#5339=DIRECTION('',(0.,0.,1.));
#5340=DIRECTION('',(1.,0.,0.));
#5341=DIRECTION('',(0.,-1.,0.));
#5342=DIRECTION('',(0.,0.,1.));
#5343=DIRECTION('',(1.,0.,0.));
#5344=DIRECTION('',(1.,0.,0.));
#5345=DIRECTION('',(0.,0.,1.));
#5346=DIRECTION('',(1.,0.,0.));
#5347=DIRECTION('',(0.,-1.,0.));
#5348=DIRECTION('',(0.,0.,1.));
#5349=DIRECTION('',(1.,0.,0.));
#5350=DIRECTION('',(1.,0.,0.));
#5351=DIRECTION('',(0.,0.,1.));
#5352=DIRECTION('',(1.,0.,0.));
#5353=DIRECTION('',(0.,-1.,0.));
#5354=DIRECTION('',(0.,0.,1.));
#5355=DIRECTION('',(1.,0.,0.));
#5356=DIRECTION('',(1.,0.,0.));
#5357=DIRECTION('',(0.,0.,1.));
#5358=DIRECTION('',(1.,0.,0.));
#5359=DIRECTION('',(0.,-1.,0.));
#5360=DIRECTION('',(0.,0.,1.));
#5361=DIRECTION('',(1.,0.,0.));
#5362=DIRECTION('',(1.,0.,0.));
#5363=DIRECTION('',(0.,0.,1.));
#5364=DIRECTION('',(1.,0.,0.));
#5365=DIRECTION('',(0.,-1.,0.));
#5366=DIRECTION('',(0.,0.,1.));
#5367=DIRECTION('',(1.,0.,0.));
#5368=DIRECTION('',(1.,0.,0.));
#5369=DIRECTION('',(0.,0.,1.));
#5370=DIRECTION('',(1.,0.,0.));
#5371=DIRECTION('',(0.,-1.,0.));
#5372=DIRECTION('',(0.,0.,1.));
#5373=DIRECTION('',(1.,0.,0.));
#5374=DIRECTION('',(1.,0.,0.));
#5375=DIRECTION('',(0.,0.,1.));
#5376=DIRECTION('',(1.,0.,0.));
#5377=DIRECTION('',(0.,-1.,0.));
#5378=DIRECTION('',(0.,0.,1.));
#5379=DIRECTION('',(1.,0.,0.));
#5380=DIRECTION('',(1.,0.,0.));
#5381=DIRECTION('',(0.,0.,1.));
#5382=DIRECTION('',(1.,0.,0.));
#5383=DIRECTION('',(0.,-1.,0.));
#5384=DIRECTION('',(0.,0.,1.));
#5385=DIRECTION('',(1.,0.,0.));
#5386=DIRECTION('',(1.,0.,0.));
#5387=DIRECTION('',(0.,0.,1.));
#5388=DIRECTION('',(1.,0.,0.));
#5389=DIRECTION('',(0.,-1.,0.));
#5390=DIRECTION('',(0.,0.,1.));
#5391=DIRECTION('',(1.,0.,0.));
#5392=DIRECTION('',(1.,0.,0.));
#5393=DIRECTION('',(0.,0.,1.));
#5394=DIRECTION('',(1.,0.,0.));
#5395=DIRECTION('',(0.,-1.,0.));
#5396=DIRECTION('',(0.,0.,1.));
#5397=DIRECTION('',(1.,0.,0.));
#5398=DIRECTION('',(1.,0.,0.));
#5399=DIRECTION('',(0.,0.,1.));
#5400=DIRECTION('',(1.,0.,0.));
#5401=DIRECTION('',(0.,-1.,0.));
#5402=DIRECTION('',(0.,0.,1.));
#5403=DIRECTION('',(1.,0.,0.));
#5404=DIRECTION('',(1.,0.,0.));
#5405=DIRECTION('',(0.,0.,1.));
#5406=DIRECTION('',(1.,0.,0.));
#5407=DIRECTION('',(0.,-1.,0.));
#5408=DIRECTION('',(0.,0.,1.));
#5409=DIRECTION('',(1.,0.,0.));
#5410=DIRECTION('',(1.,0.,0.));
#5411=DIRECTION('',(0.,0.,1.));
#5412=DIRECTION('',(1.,0.,0.));
#5413=DIRECTION('',(0.,-1.,0.));
#5414=DIRECTION('',(0.,0.,1.));
#5415=DIRECTION('',(1.,0.,0.));
#5416=DIRECTION('',(1.,0.,0.));
#5417=DIRECTION('',(0.,0.,1.));
#5418=DIRECTION('',(1.,0.,0.));
#5419=DIRECTION('',(0.,-1.,0.));
#5420=DIRECTION('',(0.,0.,1.));
#5421=DIRECTION('',(1.,0.,0.));
#5422=DIRECTION('',(1.,0.,0.));
#5423=DIRECTION('',(0.,0.,1.));
#5424=DIRECTION('',(1.,0.,0.));
#5425=DIRECTION('',(0.,-1.,0.));
#5426=DIRECTION('',(0.,0.,1.));
#5427=DIRECTION('',(1.,0.,0.));
#5428=DIRECTION('',(1.,0.,0.));
#5429=DIRECTION('',(0.,0.,1.));
#5430=DIRECTION('',(1.,0.,0.));
#5431=DIRECTION('',(0.,1.,0.));
#5432=DIRECTION('',(0.,0.,1.));
#5433=DIRECTION('',(1.,0.,0.));
#5434=DIRECTION('',(-1.,0.,0.));
#5435=DIRECTION('',(0.,0.,1.));
#5436=DIRECTION('',(1.,0.,0.));
#5437=DIRECTION('',(0.,1.,0.));
#5438=DIRECTION('',(0.,0.,1.));
#5439=DIRECTION('',(1.,0.,0.));
#5440=DIRECTION('',(-1.,0.,0.));
#5441=DIRECTION('',(0.,-1.,0.));
#5442=DIRECTION('',(-1.,9.91270557701033E-17,0.));
#5443=DIRECTION('',(0.,-1.,0.));
#5444=DIRECTION('',(-1.,9.91270557701033E-17,0.));
#5445=DIRECTION('',(0.,-1.,0.));
#5446=DIRECTION('',(-1.,-9.91270557701033E-17,0.));
#5447=DIRECTION('',(0.,-1.,0.));
#5448=DIRECTION('',(-1.,-9.91270557701033E-17,0.));
#5449=DIRECTION('',(1.,0.,0.));
#5450=DIRECTION('',(0.,0.,1.));
#5451=DIRECTION('',(1.,0.,0.));
#5452=DIRECTION('',(0.,1.,0.));
#5453=DIRECTION('',(0.,1.,0.));
#5454=DIRECTION('',(0.,1.,0.));
#5455=DIRECTION('',(0.,0.,1.));
#5456=DIRECTION('',(1.,0.,0.));
#5457=DIRECTION('',(1.,0.,0.));
#5458=DIRECTION('',(1.,0.,0.));
#5459=DIRECTION('',(1.,0.,0.));
#5460=DIRECTION('',(0.,0.,1.));
#5461=DIRECTION('',(1.,0.,0.));
#5462=DIRECTION('',(0.,1.,0.));
#5463=DIRECTION('',(0.,1.,0.));
#5464=DIRECTION('',(0.,1.,0.));
#5465=DIRECTION('',(0.,0.,1.));
#5466=DIRECTION('',(1.,0.,0.));
#5467=DIRECTION('',(1.,0.,0.));
#5468=DIRECTION('',(1.,0.,0.));
#5469=DIRECTION('',(0.,-1.,0.));
#5470=DIRECTION('',(-1.,0.,0.));
#5471=DIRECTION('',(0.,-1.,0.));
#5472=DIRECTION('',(-1.,0.,0.));
#5473=DIRECTION('',(0.,-1.,0.));
#5474=DIRECTION('',(-1.,0.,0.));
#5475=DIRECTION('',(0.,-1.,0.));
#5476=DIRECTION('',(-1.,0.,0.));
#5477=DIRECTION('',(-1.,0.,0.));
#5478=DIRECTION('',(0.,0.,1.));
#5479=DIRECTION('',(0.,0.,-1.));
#5480=DIRECTION('',(0.,0.,1.));
#5481=DIRECTION('',(-1.,0.,0.));
#5482=DIRECTION('',(0.,0.,1.));
#5483=DIRECTION('',(0.,0.,-1.));
#5484=DIRECTION('',(0.,0.,1.));
#5485=DIRECTION('',(0.,1.,0.));
#5486=DIRECTION('',(0.,0.,1.));
#5487=DIRECTION('',(0.,0.,-1.));
#5488=DIRECTION('',(0.,0.,1.));
#5489=DIRECTION('',(0.,1.,0.));
#5490=DIRECTION('',(0.,0.,1.));
#5491=DIRECTION('',(0.,0.,-1.));
#5492=DIRECTION('',(0.,0.,1.));
#5493=DIRECTION('',(0.,0.,-1.));
#5494=DIRECTION('',(-1.,0.,0.));
#5495=DIRECTION('',(0.,0.,-1.));
#5496=DIRECTION('',(0.,0.,-1.));
#5497=DIRECTION('',(0.,1.,0.));
#5498=DIRECTION('',(0.,0.,1.));
#5499=DIRECTION('',(0.,0.,-1.));
#5500=DIRECTION('',(0.,0.,-1.));
#5501=DIRECTION('',(-1.,0.,0.));
#5502=DIRECTION('',(0.,0.,-1.));
#5503=DIRECTION('',(1.,0.,0.));
#5504=DIRECTION('',(0.,0.,-1.));
#5505=DIRECTION('',(0.,0.,-1.));
#5506=DIRECTION('',(0.,0.,-1.));
#5507=DIRECTION('',(-1.,0.,0.));
#5508=DIRECTION('',(0.,0.,-1.));
#5509=DIRECTION('',(0.,1.,0.));
#5510=DIRECTION('',(0.,0.,1.));
#5511=DIRECTION('',(0.,0.,-1.));
#5512=DIRECTION('',(0.,0.,-1.));
#5513=DIRECTION('',(-1.,0.,0.));
#5514=DIRECTION('',(0.,0.,-1.));
#5515=DIRECTION('',(0.,0.,-1.));
#5516=DIRECTION('',(-1.,0.,0.));
#5517=DIRECTION('',(0.,0.,-1.));
#5518=DIRECTION('',(0.,0.,-1.));
#5519=DIRECTION('',(0.,1.,0.));
#5520=DIRECTION('',(0.,0.,1.));
#5521=DIRECTION('',(0.,0.,-1.));
#5522=DIRECTION('',(0.,0.,-1.));
#5523=DIRECTION('',(-1.,0.,0.));
#5524=DIRECTION('',(0.,0.,-1.));
#5525=DIRECTION('',(1.,0.,0.));
#5526=DIRECTION('',(0.,0.,-1.));
#5527=DIRECTION('',(0.,0.,-1.));
#5528=DIRECTION('',(0.,0.,-1.));
#5529=DIRECTION('',(-1.,0.,0.));
#5530=DIRECTION('',(0.,0.,-1.));
#5531=DIRECTION('',(0.,1.,0.));
#5532=DIRECTION('',(0.,0.,1.));
#5533=DIRECTION('',(0.,0.,-1.));
#5534=DIRECTION('',(0.,0.,-1.));
#5535=DIRECTION('',(-1.,0.,0.));
#5536=DIRECTION('',(0.,0.,-1.));
#5537=DIRECTION('',(0.,0.,-1.));
#5538=DIRECTION('',(-1.,0.,0.));
#5539=DIRECTION('',(0.,0.,-1.));
#5540=DIRECTION('',(0.,0.,-1.));
#5541=DIRECTION('',(0.,1.,0.));
#5542=DIRECTION('',(0.,0.,1.));
#5543=DIRECTION('',(0.,0.,-1.));
#5544=DIRECTION('',(0.,0.,-1.));
#5545=DIRECTION('',(-1.,0.,0.));
#5546=DIRECTION('',(0.,0.,-1.));
#5547=DIRECTION('',(1.,0.,0.));
#5548=DIRECTION('',(0.,0.,-1.));
#5549=DIRECTION('',(0.,0.,-1.));
#5550=DIRECTION('',(0.,0.,-1.));
#5551=DIRECTION('',(-1.,0.,0.));
#5552=DIRECTION('',(0.,0.,-1.));
#5553=DIRECTION('',(0.,1.,0.));
#5554=DIRECTION('',(0.,0.,1.));
#5555=DIRECTION('',(0.,0.,-1.));
#5556=DIRECTION('',(0.,0.,-1.));
#5557=DIRECTION('',(-1.,0.,0.));
#5558=DIRECTION('',(0.,0.,-1.));
#5559=DIRECTION('',(0.,0.,-1.));
#5560=DIRECTION('',(-1.,0.,0.));
#5561=DIRECTION('',(0.,0.,-1.));
#5562=DIRECTION('',(0.,0.,-1.));
#5563=DIRECTION('',(0.,1.,0.));
#5564=DIRECTION('',(0.,0.,1.));
#5565=DIRECTION('',(0.,0.,-1.));
#5566=DIRECTION('',(0.,0.,-1.));
#5567=DIRECTION('',(-1.,0.,0.));
#5568=DIRECTION('',(0.,0.,-1.));
#5569=DIRECTION('',(1.,0.,0.));
#5570=DIRECTION('',(0.,0.,-1.));
#5571=DIRECTION('',(0.,0.,-1.));
#5572=DIRECTION('',(0.,0.,-1.));
#5573=DIRECTION('',(-1.,0.,0.));
#5574=DIRECTION('',(0.,0.,-1.));
#5575=DIRECTION('',(0.,1.,0.));
#5576=DIRECTION('',(0.,0.,1.));
#5577=DIRECTION('',(0.,0.,-1.));
#5578=DIRECTION('',(0.,0.,-1.));
#5579=DIRECTION('',(-1.,0.,0.));
#5580=DIRECTION('',(0.,0.,-1.));
#5581=DIRECTION('',(0.,0.,-1.));
#5582=DIRECTION('',(-1.,0.,0.));
#5583=DIRECTION('',(0.,0.,-1.));
#5584=DIRECTION('',(0.,0.,-1.));
#5585=DIRECTION('',(0.,1.,0.));
#5586=DIRECTION('',(0.,0.,1.));
#5587=DIRECTION('',(0.,0.,-1.));
#5588=DIRECTION('',(0.,0.,-1.));
#5589=DIRECTION('',(-1.,0.,0.));
#5590=DIRECTION('',(0.,0.,-1.));
#5591=DIRECTION('',(1.,0.,0.));
#5592=DIRECTION('',(0.,0.,-1.));
#5593=DIRECTION('',(0.,0.,-1.));
#5594=DIRECTION('',(0.,0.,-1.));
#5595=DIRECTION('',(-1.,0.,0.));
#5596=DIRECTION('',(0.,0.,-1.));
#5597=DIRECTION('',(0.,1.,0.));
#5598=DIRECTION('',(0.,0.,1.));
#5599=DIRECTION('',(0.,0.,-1.));
#5600=DIRECTION('',(0.,0.,-1.));
#5601=DIRECTION('',(-1.,0.,0.));
#5602=DIRECTION('',(0.,0.,-1.));
#5603=DIRECTION('',(0.,0.,-1.));
#5604=DIRECTION('',(-1.,0.,0.));
#5605=DIRECTION('',(0.,0.,-1.));
#5606=DIRECTION('',(0.,0.,-1.));
#5607=DIRECTION('',(0.,1.,0.));
#5608=DIRECTION('',(0.,0.,1.));
#5609=DIRECTION('',(0.,0.,-1.));
#5610=DIRECTION('',(0.,0.,-1.));
#5611=DIRECTION('',(-1.,0.,0.));
#5612=DIRECTION('',(0.,0.,-1.));
#5613=DIRECTION('',(1.,0.,0.));
#5614=DIRECTION('',(0.,0.,-1.));
#5615=DIRECTION('',(0.,0.,-1.));
#5616=DIRECTION('',(0.,0.,-1.));
#5617=DIRECTION('',(-1.,0.,0.));
#5618=DIRECTION('',(0.,0.,-1.));
#5619=DIRECTION('',(0.,1.,0.));
#5620=DIRECTION('',(0.,0.,1.));
#5621=DIRECTION('',(0.,0.,-1.));
#5622=DIRECTION('',(0.,0.,-1.));
#5623=DIRECTION('',(-1.,0.,0.));
#5624=DIRECTION('',(0.,0.,-1.));
#5625=DIRECTION('',(0.,0.,-1.));
#5626=DIRECTION('',(-1.,0.,0.));
#5627=DIRECTION('',(0.,0.,-1.));
#5628=DIRECTION('',(0.,0.,-1.));
#5629=DIRECTION('',(0.,1.,0.));
#5630=DIRECTION('',(0.,0.,1.));
#5631=DIRECTION('',(0.,0.,-1.));
#5632=DIRECTION('',(0.,0.,-1.));
#5633=DIRECTION('',(-1.,0.,0.));
#5634=DIRECTION('',(0.,0.,-1.));
#5635=DIRECTION('',(1.,0.,0.));
#5636=DIRECTION('',(0.,0.,-1.));
#5637=DIRECTION('',(0.,0.,-1.));
#5638=DIRECTION('',(0.,0.,-1.));
#5639=DIRECTION('',(-1.,0.,0.));
#5640=DIRECTION('',(0.,0.,-1.));
#5641=DIRECTION('',(0.,1.,0.));
#5642=DIRECTION('',(0.,0.,1.));
#5643=DIRECTION('',(0.,0.,-1.));
#5644=DIRECTION('',(0.,0.,-1.));
#5645=DIRECTION('',(-1.,0.,0.));
#5646=DIRECTION('',(0.,0.,-1.));
#5647=DIRECTION('',(0.,0.,-1.));
#5648=DIRECTION('',(-1.,0.,0.));
#5649=DIRECTION('',(0.,0.,-1.));
#5650=DIRECTION('',(0.,0.,-1.));
#5651=DIRECTION('',(0.,1.,0.));
#5652=DIRECTION('',(0.,0.,1.));
#5653=DIRECTION('',(0.,0.,-1.));
#5654=DIRECTION('',(0.,0.,-1.));
#5655=DIRECTION('',(-1.,0.,0.));
#5656=DIRECTION('',(0.,0.,-1.));
#5657=DIRECTION('',(1.,0.,0.));
#5658=DIRECTION('',(0.,0.,-1.));
#5659=DIRECTION('',(0.,0.,-1.));
#5660=DIRECTION('',(0.,0.,-1.));
#5661=DIRECTION('',(-1.,0.,0.));
#5662=DIRECTION('',(0.,0.,-1.));
#5663=DIRECTION('',(0.,1.,0.));
#5664=DIRECTION('',(0.,0.,1.));
#5665=DIRECTION('',(0.,0.,-1.));
#5666=DIRECTION('',(0.,0.,-1.));
#5667=DIRECTION('',(-1.,0.,0.));
#5668=DIRECTION('',(0.,0.,-1.));
#5669=DIRECTION('',(0.,0.,-1.));
#5670=DIRECTION('',(-1.,0.,0.));
#5671=DIRECTION('',(0.,0.,-1.));
#5672=DIRECTION('',(0.,0.,-1.));
#5673=DIRECTION('',(0.,1.,0.));
#5674=DIRECTION('',(0.,0.,1.));
#5675=DIRECTION('',(0.,0.,-1.));
#5676=DIRECTION('',(0.,0.,-1.));
#5677=DIRECTION('',(-1.,0.,0.));
#5678=DIRECTION('',(0.,0.,-1.));
#5679=DIRECTION('',(1.,0.,0.));
#5680=DIRECTION('',(0.,0.,-1.));
#5681=DIRECTION('',(0.,0.,-1.));
#5682=DIRECTION('',(0.,0.,-1.));
#5683=DIRECTION('',(-1.,0.,0.));
#5684=DIRECTION('',(0.,0.,-1.));
#5685=DIRECTION('',(0.,1.,0.));
#5686=DIRECTION('',(0.,0.,1.));
#5687=DIRECTION('',(0.,0.,-1.));
#5688=DIRECTION('',(0.,0.,-1.));
#5689=DIRECTION('',(-1.,0.,0.));
#5690=DIRECTION('',(0.,0.,-1.));
#5691=DIRECTION('',(0.,0.,-1.));
#5692=DIRECTION('',(-1.,0.,0.));
#5693=DIRECTION('',(0.,0.,-1.));
#5694=DIRECTION('',(0.,0.,-1.));
#5695=DIRECTION('',(0.,1.,0.));
#5696=DIRECTION('',(0.,0.,1.));
#5697=DIRECTION('',(0.,0.,-1.));
#5698=DIRECTION('',(0.,0.,-1.));
#5699=DIRECTION('',(-1.,0.,0.));
#5700=DIRECTION('',(0.,0.,-1.));
#5701=DIRECTION('',(1.,0.,0.));
#5702=DIRECTION('',(0.,0.,-1.));
#5703=DIRECTION('',(0.,0.,-1.));
#5704=DIRECTION('',(0.,0.,-1.));
#5705=DIRECTION('',(-1.,0.,0.));
#5706=DIRECTION('',(0.,0.,-1.));
#5707=DIRECTION('',(0.,1.,0.));
#5708=DIRECTION('',(0.,0.,1.));
#5709=DIRECTION('',(0.,0.,-1.));
#5710=DIRECTION('',(0.,0.,-1.));
#5711=DIRECTION('',(-1.,0.,0.));
#5712=DIRECTION('',(0.,0.,-1.));
#5713=DIRECTION('',(0.,0.,-1.));
#5714=DIRECTION('',(-1.,0.,0.));
#5715=DIRECTION('',(0.,0.,-1.));
#5716=DIRECTION('',(0.,0.,-1.));
#5717=DIRECTION('',(0.,1.,0.));
#5718=DIRECTION('',(0.,0.,1.));
#5719=DIRECTION('',(0.,0.,-1.));
#5720=DIRECTION('',(0.,0.,-1.));
#5721=DIRECTION('',(-1.,0.,0.));
#5722=DIRECTION('',(0.,0.,-1.));
#5723=DIRECTION('',(1.,0.,0.));
#5724=DIRECTION('',(0.,0.,-1.));
#5725=DIRECTION('',(0.,0.,-1.));
#5726=DIRECTION('',(0.,0.,-1.));
#5727=DIRECTION('',(-1.,0.,0.));
#5728=DIRECTION('',(0.,0.,-1.));
#5729=DIRECTION('',(0.,1.,0.));
#5730=DIRECTION('',(0.,0.,1.));
#5731=DIRECTION('',(0.,0.,-1.));
#5732=DIRECTION('',(0.,0.,-1.));
#5733=DIRECTION('',(-1.,0.,0.));
#5734=DIRECTION('',(0.,0.,-1.));
#5735=DIRECTION('',(0.,0.,-1.));
#5736=DIRECTION('',(-1.,0.,0.));
#5737=DIRECTION('',(0.,0.,-1.));
#5738=DIRECTION('',(0.,0.,-1.));
#5739=DIRECTION('',(0.,1.,0.));
#5740=DIRECTION('',(0.,0.,1.));
#5741=DIRECTION('',(0.,0.,-1.));
#5742=DIRECTION('',(0.,0.,-1.));
#5743=DIRECTION('',(-1.,0.,0.));
#5744=DIRECTION('',(0.,0.,-1.));
#5745=DIRECTION('',(1.,0.,0.));
#5746=DIRECTION('',(0.,0.,-1.));
#5747=DIRECTION('',(0.,0.,-1.));
#5748=DIRECTION('',(0.,0.,-1.));
#5749=DIRECTION('',(-1.,0.,0.));
#5750=DIRECTION('',(0.,0.,-1.));
#5751=DIRECTION('',(0.,1.,0.));
#5752=DIRECTION('',(0.,0.,1.));
#5753=DIRECTION('',(0.,0.,-1.));
#5754=DIRECTION('',(0.,0.,-1.));
#5755=DIRECTION('',(-1.,0.,0.));
#5756=DIRECTION('',(0.,0.,-1.));
#5757=DIRECTION('',(0.,0.,-1.));
#5758=DIRECTION('',(-1.,0.,0.));
#5759=DIRECTION('',(0.,0.,-1.));
#5760=DIRECTION('',(0.,0.,-1.));
#5761=DIRECTION('',(0.,1.,0.));
#5762=DIRECTION('',(0.,0.,1.));
#5763=DIRECTION('',(0.,0.,-1.));
#5764=DIRECTION('',(0.,0.,-1.));
#5765=DIRECTION('',(-1.,0.,0.));
#5766=DIRECTION('',(0.,0.,-1.));
#5767=DIRECTION('',(1.,0.,0.));
#5768=DIRECTION('',(0.,0.,-1.));
#5769=DIRECTION('',(0.,0.,-1.));
#5770=DIRECTION('',(0.,0.,-1.));
#5771=DIRECTION('',(-1.,0.,0.));
#5772=DIRECTION('',(0.,0.,-1.));
#5773=DIRECTION('',(0.,1.,0.));
#5774=DIRECTION('',(0.,0.,1.));
#5775=DIRECTION('',(0.,0.,-1.));
#5776=DIRECTION('',(0.,0.,-1.));
#5777=DIRECTION('',(-1.,0.,0.));
#5778=DIRECTION('',(0.,0.,-1.));
#5779=DIRECTION('',(0.,0.,-1.));
#5780=DIRECTION('',(-1.,0.,0.));
#5781=DIRECTION('',(0.,0.,-1.));
#5782=DIRECTION('',(0.,0.,-1.));
#5783=DIRECTION('',(0.,1.,0.));
#5784=DIRECTION('',(0.,0.,1.));
#5785=DIRECTION('',(0.,0.,-1.));
#5786=DIRECTION('',(0.,0.,-1.));
#5787=DIRECTION('',(-1.,0.,0.));
#5788=DIRECTION('',(0.,0.,-1.));
#5789=DIRECTION('',(1.,0.,0.));
#5790=DIRECTION('',(0.,0.,-1.));
#5791=DIRECTION('',(0.,0.,-1.));
#5792=DIRECTION('',(0.,0.,-1.));
#5793=DIRECTION('',(-1.,0.,0.));
#5794=DIRECTION('',(0.,0.,-1.));
#5795=DIRECTION('',(0.,1.,0.));
#5796=DIRECTION('',(0.,0.,1.));
#5797=DIRECTION('',(0.,0.,-1.));
#5798=DIRECTION('',(0.,0.,-1.));
#5799=DIRECTION('',(-1.,0.,0.));
#5800=DIRECTION('',(0.,0.,-1.));
#5801=DIRECTION('',(0.,0.,-1.));
#5802=DIRECTION('',(-1.,0.,0.));
#5803=DIRECTION('',(0.,0.,-1.));
#5804=DIRECTION('',(0.,0.,-1.));
#5805=DIRECTION('',(0.,1.,0.));
#5806=DIRECTION('',(0.,0.,1.));
#5807=DIRECTION('',(0.,0.,-1.));
#5808=DIRECTION('',(0.,0.,-1.));
#5809=DIRECTION('',(-1.,0.,0.));
#5810=DIRECTION('',(0.,0.,-1.));
#5811=DIRECTION('',(1.,0.,0.));
#5812=DIRECTION('',(0.,0.,-1.));
#5813=DIRECTION('',(0.,0.,-1.));
#5814=DIRECTION('',(0.,0.,-1.));
#5815=DIRECTION('',(-1.,0.,0.));
#5816=DIRECTION('',(0.,0.,-1.));
#5817=DIRECTION('',(0.,1.,0.));
#5818=DIRECTION('',(0.,0.,1.));
#5819=DIRECTION('',(0.,0.,-1.));
#5820=DIRECTION('',(0.,0.,-1.));
#5821=DIRECTION('',(-1.,0.,0.));
#5822=DIRECTION('',(0.,0.,-1.));
#5823=DIRECTION('',(1.,0.,0.));
#5824=DIRECTION('',(0.,0.,-1.));
#5825=DIRECTION('',(1.,0.,0.));
#5826=DIRECTION('',(0.,0.,-1.));
#5827=DIRECTION('',(1.,0.,0.));
#5828=DIRECTION('',(0.,0.,-1.));
#5829=DIRECTION('',(1.,0.,0.));
#5830=DIRECTION('',(0.,0.,-1.));
#5831=DIRECTION('',(1.,0.,0.));
#5832=DIRECTION('',(0.,0.,-1.));
#5833=DIRECTION('',(1.,0.,0.));
#5834=DIRECTION('',(0.,0.,-1.));
#5835=DIRECTION('',(1.,0.,0.));
#5836=DIRECTION('',(0.,0.,-1.));
#5837=DIRECTION('',(1.,0.,0.));
#5838=DIRECTION('',(0.,0.,-1.));
#5839=DIRECTION('',(1.,0.,0.));
#5840=DIRECTION('',(0.,0.,-1.));
#5841=DIRECTION('',(1.,0.,0.));
#5842=DIRECTION('',(0.,0.,-1.));
#5843=DIRECTION('',(1.,0.,0.));
#5844=DIRECTION('',(0.,0.,-1.));
#5845=DIRECTION('',(1.,0.,0.));
#5846=DIRECTION('',(0.,0.,-1.));
#5847=DIRECTION('',(1.,0.,0.));
#5848=DIRECTION('',(0.,0.,-1.));
#5849=DIRECTION('',(1.,0.,0.));
#5850=DIRECTION('',(0.,0.,-1.));
#5851=DIRECTION('',(1.,0.,0.));
#5852=DIRECTION('',(0.,0.,-1.));
#5853=DIRECTION('',(1.,0.,0.));
#5854=DIRECTION('',(0.,0.,-1.));
#5855=DIRECTION('',(0.,0.,1.));
#5856=DIRECTION('',(0.,0.,1.));
#5857=DIRECTION('',(0.,0.,1.));
#5858=DIRECTION('',(1.,0.,0.));
#5859=DIRECTION('',(0.,0.,1.));
#5860=DIRECTION('',(0.,1.,0.));
#5861=DIRECTION('',(0.,0.,1.));
#5862=DIRECTION('',(0.,0.,1.));
#5863=DIRECTION('',(0.,0.,1.));
#5864=DIRECTION('',(1.,0.,0.));
#5865=DIRECTION('',(0.,0.,1.));
#5866=DIRECTION('',(1.,0.,0.));
#5867=DIRECTION('',(0.,0.,-1.));
#5868=DIRECTION('',(0.,0.,1.));
#5869=DIRECTION('',(0.,0.,1.));
#5870=DIRECTION('',(1.,0.,0.));
#5871=DIRECTION('',(0.,0.,1.));
#5872=DIRECTION('',(0.,1.,0.));
#5873=DIRECTION('',(0.,0.,1.));
#5874=DIRECTION('',(0.,0.,1.));
#5875=DIRECTION('',(0.,0.,1.));
#5876=DIRECTION('',(1.,0.,0.));
#5877=DIRECTION('',(-1.,0.,0.));
#5878=DIRECTION('',(0.,0.,1.));
#5879=DIRECTION('',(0.,0.,1.));
#5880=DIRECTION('',(0.,0.,1.));
#5881=DIRECTION('',(9.91270557701033E-17,1.,0.));
#5882=DIRECTION('',(-1.,9.91270557701033E-17,0.));
#5883=DIRECTION('',(0.,0.,1.));
#5884=DIRECTION('',(-1.,0.,0.));
#5885=DIRECTION('',(0.,0.,1.));
#5886=DIRECTION('',(0.,0.,1.));
#5887=DIRECTION('',(9.91270557701033E-17,1.,0.));
#5888=DIRECTION('',(-1.,9.91270557701033E-17,0.));
#5889=DIRECTION('',(-1.,0.,0.));
#5890=DIRECTION('',(0.,0.,1.));
#5891=DIRECTION('',(0.,0.,1.));
#5892=DIRECTION('',(0.,0.,1.));
#5893=DIRECTION('',(0.,1.,0.));
#5894=DIRECTION('',(0.,0.,1.));
#5895=DIRECTION('',(0.,0.,1.));
#5896=DIRECTION('',(-1.,0.,0.));
#5897=DIRECTION('',(0.,0.,1.));
#5898=DIRECTION('',(0.,0.,1.));
#5899=DIRECTION('',(0.,1.,0.));
#5900=DIRECTION('',(0.,0.,1.));
#5901=DIRECTION('',(-1.,0.,0.));
#5902=DIRECTION('',(0.,0.,1.));
#5903=DIRECTION('',(0.,0.,1.));
#5904=DIRECTION('',(0.,0.,1.));
#5905=DIRECTION('',(-9.91270557701033E-17,1.,0.));
#5906=DIRECTION('',(-1.,-9.91270557701033E-17,0.));
#5907=DIRECTION('',(0.,0.,1.));
#5908=DIRECTION('',(-1.,0.,0.));
#5909=DIRECTION('',(0.,0.,1.));
#5910=DIRECTION('',(0.,0.,1.));
#5911=DIRECTION('',(-9.91270557701033E-17,1.,0.));
#5912=DIRECTION('',(-1.,-9.91270557701033E-17,0.));
#5913=DIRECTION('',(0.,1.,0.));
#5914=DIRECTION('',(0.,0.,1.));
#5915=DIRECTION('',(0.,0.,-1.));
#5916=DIRECTION('',(0.,0.,1.));
#5917=DIRECTION('',(-1.,0.,0.));
#5918=DIRECTION('',(0.,0.,1.));
#5919=DIRECTION('',(0.,0.,-1.));
#5920=DIRECTION('',(0.,0.,1.));
#5921=DIRECTION('',(-1.,0.,0.));
#5922=DIRECTION('',(0.,0.,1.));
#5923=DIRECTION('',(0.,0.,-1.));
#5924=DIRECTION('',(0.,0.,1.));
#5925=DIRECTION('',(0.,1.,0.));
#5926=DIRECTION('',(0.,0.,1.));
#5927=DIRECTION('',(0.,0.,-1.));
#5928=DIRECTION('',(0.,0.,1.));
#5929=DIRECTION('',(6.12323399573677E-17,-1.,0.));
#5930=DIRECTION('',(0.,0.,-1.));
#5931=DIRECTION('',(0.,0.,1.));
#5932=DIRECTION('',(0.,0.,1.));
#5933=DIRECTION('',(-1.,-6.12323399573677E-17,0.));
#5934=DIRECTION('',(0.906721111888507,-0.421730749715584,0.));
#5935=DIRECTION('',(-0.421730749715584,-0.906721111888508,0.));
#5936=DIRECTION('',(-0.421730749715584,-0.906721111888508,0.));
#5937=DIRECTION('',(0.,0.,1.));
#5938=DIRECTION('',(-6.12323399573677E-17,1.,0.));
#5939=DIRECTION('',(0.,0.,1.));
#5940=DIRECTION('',(0.,0.,1.));
#5941=DIRECTION('',(1.,6.12323399573677E-17,0.));
#5942=DIRECTION('',(0.,0.,1.));
#5943=DIRECTION('',(-6.12323399573677E-17,1.,0.));
#5944=DIRECTION('',(0.,0.,1.));
#5945=DIRECTION('',(0.,0.,1.));
#5946=DIRECTION('',(1.,6.12323399573677E-17,0.));
#5947=DIRECTION('',(0.,0.,1.));
#5948=DIRECTION('',(-0.906721111888503,-0.421730749715593,0.));
#5949=DIRECTION('',(-0.421730749715593,0.906721111888503,0.));
#5950=DIRECTION('',(-0.421730749715593,0.906721111888503,0.));
#5951=DIRECTION('',(0.,0.,1.));
#5952=DIRECTION('',(6.12323399573677E-17,-1.,0.));
#5953=DIRECTION('',(0.,0.,-1.));
#5954=DIRECTION('',(-1.,-6.12323399573677E-17,0.));
#5955=DIRECTION('',(0.,0.,1.));
#5956=DIRECTION('',(0.,0.,1.));
#5957=DIRECTION('',(0.906721111888507,-0.421730749715585,0.));
#5958=DIRECTION('',(-0.421730749715585,-0.906721111888507,0.));
#5959=DIRECTION('',(-0.421730749715585,-0.906721111888507,0.));
#5960=DIRECTION('',(0.,0.,1.));
#5961=DIRECTION('',(0.906721111888504,0.421730749715592,0.));
#5962=DIRECTION('',(0.421730749715592,-0.906721111888504,0.));
#5963=DIRECTION('',(0.421730749715592,-0.906721111888504,0.));
#5964=DIRECTION('',(0.,0.,1.));
#5965=DIRECTION('',(0.,0.,1.));
#5966=DIRECTION('',(6.12323399573677E-17,-1.,0.));
#5967=DIRECTION('',(0.,0.,-1.));
#5968=DIRECTION('',(6.12323399573677E-17,-1.,0.));
#5969=DIRECTION('',(0.,0.,-1.));
#5970=DIRECTION('',(6.12323399573677E-17,-1.,0.));
#5971=DIRECTION('',(0.,0.,-1.));
#5972=DIRECTION('',(6.12323399573677E-17,-1.,0.));
#5973=DIRECTION('',(0.,0.,-1.));
#5974=DIRECTION('',(6.12323399573677E-17,-1.,0.));
#5975=DIRECTION('',(0.,0.,-1.));
#5976=DIRECTION('',(-6.12323399573677E-17,1.,0.));
#5977=DIRECTION('',(0.,0.,1.));
#5978=DIRECTION('',(6.12323399573677E-17,-1.,0.));
#5979=DIRECTION('',(0.,0.,-1.));
#5980=DIRECTION('',(-6.12323399573677E-17,1.,0.));
#5981=DIRECTION('',(0.,0.,-1.));
#5982=DIRECTION('',(-6.12323399573677E-17,1.,0.));
#5983=DIRECTION('',(6.12323399573677E-17,1.,0.));
#5984=DIRECTION('',(0.,0.,-1.));
#5985=DIRECTION('',(0.,0.,1.));
#5986=DIRECTION('',(0.,0.,1.));
#5987=DIRECTION('',(-1.,6.12323399573677E-17,0.));
#5988=DIRECTION('',(0.906721111888507,0.421730749715584,0.));
#5989=DIRECTION('',(-0.421730749715584,0.906721111888508,0.));
#5990=DIRECTION('',(-0.421730749715584,0.906721111888508,0.));
#5991=DIRECTION('',(0.,0.,1.));
#5992=DIRECTION('',(-6.12323399573677E-17,-1.,0.));
#5993=DIRECTION('',(0.,0.,1.));
#5994=DIRECTION('',(0.,0.,1.));
#5995=DIRECTION('',(1.,-6.12323399573677E-17,0.));
#5996=DIRECTION('',(0.,0.,1.));
#5997=DIRECTION('',(-6.12323399573677E-17,-1.,0.));
#5998=DIRECTION('',(0.,0.,1.));
#5999=DIRECTION('',(0.,0.,1.));
#6000=DIRECTION('',(1.,-6.12323399573677E-17,0.));
#6001=DIRECTION('',(0.,0.,1.));
#6002=DIRECTION('',(-0.906721111888503,0.421730749715593,0.));
#6003=DIRECTION('',(-0.421730749715593,-0.906721111888503,0.));
#6004=DIRECTION('',(-0.421730749715593,-0.906721111888503,0.));
#6005=DIRECTION('',(0.,0.,1.));
#6006=DIRECTION('',(6.12323399573677E-17,1.,0.));
#6007=DIRECTION('',(0.,0.,-1.));
#6008=DIRECTION('',(-1.,6.12323399573677E-17,0.));
#6009=DIRECTION('',(0.,0.,1.));
#6010=DIRECTION('',(0.,0.,1.));
#6011=DIRECTION('',(0.906721111888507,0.421730749715585,0.));
#6012=DIRECTION('',(-0.421730749715585,0.906721111888507,0.));
#6013=DIRECTION('',(0.,0.,1.));
#6014=DIRECTION('',(-0.421730749715585,0.906721111888507,0.));
#6015=DIRECTION('',(0.906721111888504,-0.421730749715592,0.));
#6016=DIRECTION('',(0.421730749715592,0.906721111888504,0.));
#6017=DIRECTION('',(0.,0.,1.));
#6018=DIRECTION('',(0.421730749715592,0.906721111888504,0.));
#6019=DIRECTION('',(0.,0.,1.));
#6020=DIRECTION('',(6.12323399573677E-17,1.,0.));
#6021=DIRECTION('',(0.,0.,1.));
#6022=DIRECTION('',(6.12323399573677E-17,1.,0.));
#6023=DIRECTION('',(0.,0.,1.));
#6024=DIRECTION('',(6.12323399573677E-17,1.,0.));
#6025=DIRECTION('',(0.,0.,1.));
#6026=DIRECTION('',(6.12323399573677E-17,1.,0.));
#6027=DIRECTION('',(0.,0.,1.));
#6028=DIRECTION('',(6.12323399573677E-17,1.,0.));
#6029=DIRECTION('',(0.,0.,-1.));
#6030=DIRECTION('',(-6.12323399573677E-17,-1.,0.));
#6031=DIRECTION('',(0.,0.,1.));
#6032=DIRECTION('',(6.12323399573677E-17,1.,0.));
#6033=DIRECTION('',(0.,0.,-1.));
#6034=DIRECTION('',(-6.12323399573677E-17,-1.,0.));
#6035=DIRECTION('',(0.,0.,-1.));
#6036=DIRECTION('',(-6.12323399573677E-17,-1.,0.));
#6037=DIRECTION('',(1.,0.,0.));
#6038=DIRECTION('',(0.,0.,-1.));
#6039=DIRECTION('',(0.,0.,1.));
#6040=DIRECTION('',(0.,0.,1.));
#6041=DIRECTION('',(0.,1.,0.));
#6042=DIRECTION('',(0.421730749715584,-0.906721111888507,0.));
#6043=DIRECTION('',(0.906721111888508,0.421730749715584,0.));
#6044=DIRECTION('',(0.906721111888508,0.421730749715584,0.));
#6045=DIRECTION('',(0.,0.,1.));
#6046=DIRECTION('',(-1.,0.,0.));
#6047=DIRECTION('',(0.,0.,1.));
#6048=DIRECTION('',(0.,0.,1.));
#6049=DIRECTION('',(0.,-1.,0.));
#6050=DIRECTION('',(0.,0.,1.));
#6051=DIRECTION('',(-1.,0.,0.));
#6052=DIRECTION('',(0.,0.,1.));
#6053=DIRECTION('',(0.,0.,1.));
#6054=DIRECTION('',(0.,-1.,0.));
#6055=DIRECTION('',(0.,0.,1.));
#6056=DIRECTION('',(0.421730749715593,0.906721111888503,0.));
#6057=DIRECTION('',(-0.906721111888503,0.421730749715593,0.));
#6058=DIRECTION('',(-0.906721111888503,0.421730749715593,0.));
#6059=DIRECTION('',(0.,0.,1.));
#6060=DIRECTION('',(1.,0.,0.));
#6061=DIRECTION('',(0.,0.,-1.));
#6062=DIRECTION('',(0.,1.,0.));
#6063=DIRECTION('',(0.,0.,1.));
#6064=DIRECTION('',(0.,0.,1.));
#6065=DIRECTION('',(0.421730749715585,-0.906721111888507,0.));
#6066=DIRECTION('',(0.906721111888507,0.421730749715585,0.));
#6067=DIRECTION('',(0.,0.,1.));
#6068=DIRECTION('',(0.906721111888507,0.421730749715585,0.));
#6069=DIRECTION('',(-0.421730749715592,-0.906721111888504,0.));
#6070=DIRECTION('',(0.906721111888504,-0.421730749715592,0.));
#6071=DIRECTION('',(0.,0.,1.));
#6072=DIRECTION('',(0.906721111888504,-0.421730749715592,0.));
#6073=DIRECTION('',(0.,0.,1.));
#6074=DIRECTION('',(1.,0.,0.));
#6075=DIRECTION('',(0.,0.,1.));
#6076=DIRECTION('',(1.,0.,0.));
#6077=DIRECTION('',(0.,0.,1.));
#6078=DIRECTION('',(1.,0.,0.));
#6079=DIRECTION('',(0.,0.,1.));
#6080=DIRECTION('',(1.,0.,0.));
#6081=DIRECTION('',(0.,0.,1.));
#6082=DIRECTION('',(1.,0.,0.));
#6083=DIRECTION('',(0.,0.,-1.));
#6084=DIRECTION('',(-1.,0.,0.));
#6085=DIRECTION('',(0.,0.,1.));
#6086=DIRECTION('',(1.,0.,0.));
#6087=DIRECTION('',(0.,0.,-1.));
#6088=DIRECTION('',(-1.,0.,0.));
#6089=DIRECTION('',(0.,0.,-1.));
#6090=DIRECTION('',(-1.,0.,0.));
#6091=DIRECTION('',(-1.,0.,0.));
#6092=DIRECTION('',(0.,0.,-1.));
#6093=DIRECTION('',(0.,0.,1.));
#6094=DIRECTION('',(0.,0.,1.));
#6095=DIRECTION('',(0.,1.,0.));
#6096=DIRECTION('',(-0.421730749715584,-0.906721111888507,0.));
#6097=DIRECTION('',(-0.906721111888508,0.421730749715584,0.));
#6098=DIRECTION('',(-0.906721111888508,0.421730749715584,0.));
#6099=DIRECTION('',(0.,0.,1.));
#6100=DIRECTION('',(1.,0.,0.));
#6101=DIRECTION('',(0.,0.,1.));
#6102=DIRECTION('',(0.,0.,1.));
#6103=DIRECTION('',(0.,-1.,0.));
#6104=DIRECTION('',(0.,0.,1.));
#6105=DIRECTION('',(1.,0.,0.));
#6106=DIRECTION('',(0.,0.,1.));
#6107=DIRECTION('',(0.,0.,1.));
#6108=DIRECTION('',(0.,-1.,0.));
#6109=DIRECTION('',(0.,0.,1.));
#6110=DIRECTION('',(-0.421730749715593,0.906721111888503,0.));
#6111=DIRECTION('',(0.906721111888503,0.421730749715593,0.));
#6112=DIRECTION('',(0.906721111888503,0.421730749715593,0.));
#6113=DIRECTION('',(0.,0.,1.));
#6114=DIRECTION('',(-1.,0.,0.));
#6115=DIRECTION('',(0.,0.,-1.));
#6116=DIRECTION('',(0.,1.,0.));
#6117=DIRECTION('',(0.,0.,1.));
#6118=DIRECTION('',(0.,0.,1.));
#6119=DIRECTION('',(-0.421730749715585,-0.906721111888507,0.));
#6120=DIRECTION('',(-0.906721111888507,0.421730749715585,0.));
#6121=DIRECTION('',(-0.906721111888507,0.421730749715585,0.));
#6122=DIRECTION('',(0.,0.,1.));
#6123=DIRECTION('',(0.421730749715592,-0.906721111888504,0.));
#6124=DIRECTION('',(-0.906721111888504,-0.421730749715592,0.));
#6125=DIRECTION('',(-0.906721111888504,-0.421730749715592,0.));
#6126=DIRECTION('',(0.,0.,1.));
#6127=DIRECTION('',(0.,0.,1.));
#6128=DIRECTION('',(-1.,0.,0.));
#6129=DIRECTION('',(0.,0.,-1.));
#6130=DIRECTION('',(-1.,0.,0.));
#6131=DIRECTION('',(0.,0.,-1.));
#6132=DIRECTION('',(-1.,0.,0.));
#6133=DIRECTION('',(0.,0.,-1.));
#6134=DIRECTION('',(-1.,0.,0.));
#6135=DIRECTION('',(0.,0.,-1.));
#6136=DIRECTION('',(-1.,0.,0.));
#6137=DIRECTION('',(0.,0.,-1.));
#6138=DIRECTION('',(1.,0.,0.));
#6139=DIRECTION('',(0.,0.,1.));
#6140=DIRECTION('',(-1.,0.,0.));
#6141=DIRECTION('',(0.,0.,-1.));
#6142=DIRECTION('',(1.,0.,0.));
#6143=DIRECTION('',(0.,0.,-1.));
#6144=DIRECTION('',(1.,0.,0.));
#6145=DIRECTION('',(0.,0.,1.));
#6146=DIRECTION('',(1.,0.,0.));
#6147=DIRECTION('',(0.,0.,-1.));
#6148=DIRECTION('',(-1.,0.,0.));
#6149=DIRECTION('',(0.,0.,1.));
#6150=DIRECTION('',(1.,0.,0.));
#6151=DIRECTION('',(0.,0.,-1.));
#6152=DIRECTION('',(-1.,0.,0.));
#6153=DIRECTION('',(-1.,0.,0.));
#6154=DIRECTION('',(0.,0.,1.));
#6155=DIRECTION('',(0.,0.,1.));
#6156=DIRECTION('',(0.,0.,1.));
#6157=DIRECTION('',(0.,1.,0.));
#6158=DIRECTION('',(0.,0.,1.));
#6159=DIRECTION('',(0.,0.,1.));
#6160=DIRECTION('',(-1.,0.,0.));
#6161=DIRECTION('',(0.,0.,1.));
#6162=DIRECTION('',(0.,0.,1.));
#6163=DIRECTION('',(0.,1.,0.));
#6164=DIRECTION('',(0.,0.,1.));
#6165=DIRECTION('',(-1.,0.,0.));
#6166=DIRECTION('',(0.,0.,1.));
#6167=DIRECTION('',(0.,0.,1.));
#6168=DIRECTION('',(0.,0.,1.));
#6169=DIRECTION('',(0.,1.,0.));
#6170=DIRECTION('',(0.,0.,1.));
#6171=DIRECTION('',(0.,0.,1.));
#6172=DIRECTION('',(-1.,0.,0.));
#6173=DIRECTION('',(0.,0.,1.));
#6174=DIRECTION('',(0.,0.,1.));
#6175=DIRECTION('',(0.,1.,0.));
#6176=DIRECTION('',(0.,0.,1.));
#6177=DIRECTION('',(-1.,-1.7347234759768E-16,0.));
#6178=DIRECTION('',(1.7347234759768E-16,-1.,0.));
#6179=DIRECTION('',(0.,0.,1.));
#6180=DIRECTION('',(0.,0.,1.));
#6181=DIRECTION('',(0.,1.,0.));
#6182=DIRECTION('',(0.,0.,1.));
#6183=DIRECTION('',(0.,0.,1.));
#6184=DIRECTION('',(-1.,-3.46944695195361E-16,0.));
#6185=DIRECTION('',(3.46944695195361E-16,-1.,0.));
#6186=DIRECTION('',(0.,0.,1.));
#6187=DIRECTION('',(0.,1.,0.));
#6188=DIRECTION('',(0.,0.,1.));
#6189=DIRECTION('',(-1.,0.,0.));
#6190=DIRECTION('',(0.,0.,1.));
#6191=DIRECTION('',(0.,0.,1.));
#6192=DIRECTION('',(0.,0.,1.));
#6193=DIRECTION('',(0.,1.,0.));
#6194=DIRECTION('',(0.,0.,1.));
#6195=DIRECTION('',(0.,0.,1.));
#6196=DIRECTION('',(-1.,0.,0.));
#6197=DIRECTION('',(0.,0.,1.));
#6198=DIRECTION('',(0.,0.,1.));
#6199=DIRECTION('',(0.,1.,0.));
#6200=DIRECTION('',(0.,0.,1.));
#6201=CARTESIAN_POINT('',(0.,0.,0.));
#6202=CARTESIAN_POINT('',(0.,0.,0.0015));
#6203=CARTESIAN_POINT('',(0.0350062058607866,0.0285168392351099,0.0015));
#6204=CARTESIAN_POINT('',(0.0350062058607866,0.0226668392351099,0.0015));
#6205=CARTESIAN_POINT('',(0.0350062058607866,0.0343668392351099,0.0015));
#6206=CARTESIAN_POINT('',(0.0345062058607866,0.0226668392351099,0.0015));
#6207=CARTESIAN_POINT('',(0.0345062058607866,0.0221668392351099,0.0015));
#6208=CARTESIAN_POINT('',(0.0286562058607866,0.0221668392351099,0.0015));
#6209=CARTESIAN_POINT('',(0.0228062058607865,0.0221668392351099,0.0015));
#6210=CARTESIAN_POINT('',(0.0228062058607865,0.0226668392351099,0.0015));
#6211=CARTESIAN_POINT('',(0.0223062058607865,0.0226668392351099,0.0015));
#6212=CARTESIAN_POINT('',(0.0223062058607865,0.0285168392351099,0.0015));
#6213=CARTESIAN_POINT('',(0.0223062058607865,0.0343668392351099,0.0015));
#6214=CARTESIAN_POINT('',(0.0228062058607865,0.0343668392351099,0.0015));
#6215=CARTESIAN_POINT('',(0.0228062058607865,0.0348668392351099,0.0015));
#6216=CARTESIAN_POINT('',(0.0286562058607866,0.0348668392351099,0.0015));
#6217=CARTESIAN_POINT('',(0.0345062058607866,0.0348668392351099,0.0015));
#6218=CARTESIAN_POINT('',(0.0345062058607866,0.0343668392351099,0.0015));
#6219=CARTESIAN_POINT('',(-0.035075,0.035075,0.0015));
#6220=CARTESIAN_POINT('',(-0.035075,0.035575,0.0015));
#6221=CARTESIAN_POINT('',(-0.035575,0.035075,0.0015));
#6222=CARTESIAN_POINT('',(-0.028575,0.035575,0.0015));
#6223=CARTESIAN_POINT('',(-0.022075,0.035575,0.0015));
#6224=CARTESIAN_POINT('',(-0.022075,0.035075,0.0015));
#6225=CARTESIAN_POINT('',(-0.021575,0.035075,0.0015));
#6226=CARTESIAN_POINT('',(-0.021575,0.028575,0.0015));
#6227=CARTESIAN_POINT('',(-0.021575,0.022075,0.0015));
#6228=CARTESIAN_POINT('',(-0.022075,0.022075,0.0015));
#6229=CARTESIAN_POINT('',(-0.022075,0.021575,0.0015));
#6230=CARTESIAN_POINT('',(-0.028575,0.021575,0.0015));
#6231=CARTESIAN_POINT('',(-0.035075,0.021575,0.0015));
#6232=CARTESIAN_POINT('',(-0.035075,0.022075,0.0015));
#6233=CARTESIAN_POINT('',(-0.035575,0.022075,0.0015));
#6234=CARTESIAN_POINT('',(-0.035575,0.028575,0.0015));
#6235=CARTESIAN_POINT('',(-0.016025,0.035075,0.0015));
#6236=CARTESIAN_POINT('',(-0.016025,0.035575,0.0015));
#6237=CARTESIAN_POINT('',(-0.016525,0.035075,0.0015));
#6238=CARTESIAN_POINT('',(-0.009525,0.035575,0.0015));
#6239=CARTESIAN_POINT('',(-0.003025,0.035575,0.0015));
#6240=CARTESIAN_POINT('',(-0.003025,0.035075,0.0015));
#6241=CARTESIAN_POINT('',(-0.002525,0.035075,0.0015));
#6242=CARTESIAN_POINT('',(-0.002525,0.028575,0.0015));
#6243=CARTESIAN_POINT('',(-0.002525,0.022075,0.0015));
#6244=CARTESIAN_POINT('',(-0.003025,0.022075,0.0015));
#6245=CARTESIAN_POINT('',(-0.003025,0.021575,0.0015));
#6246=CARTESIAN_POINT('',(-0.009525,0.021575,0.0015));
#6247=CARTESIAN_POINT('',(-0.016025,0.021575,0.0015));
#6248=CARTESIAN_POINT('',(-0.016025,0.022075,0.0015));
#6249=CARTESIAN_POINT('',(-0.016525,0.022075,0.0015));
#6250=CARTESIAN_POINT('',(-0.016525,0.028575,0.0015));
#6251=CARTESIAN_POINT('',(0.003025,0.035075,0.0015));
#6252=CARTESIAN_POINT('',(0.003025,0.035575,0.0015));
#6253=CARTESIAN_POINT('',(0.002525,0.035075,0.0015));
#6254=CARTESIAN_POINT('',(0.009525,0.035575,0.0015));
#6255=CARTESIAN_POINT('',(0.016025,0.035575,0.0015));
#6256=CARTESIAN_POINT('',(0.016025,0.035075,0.0015));
#6257=CARTESIAN_POINT('',(0.016525,0.035075,0.0015));
#6258=CARTESIAN_POINT('',(0.016525,0.028575,0.0015));
#6259=CARTESIAN_POINT('',(0.016525,0.022075,0.0015));
#6260=CARTESIAN_POINT('',(0.016025,0.022075,0.0015));
#6261=CARTESIAN_POINT('',(0.016025,0.021575,0.0015));
#6262=CARTESIAN_POINT('',(0.009525,0.021575,0.0015));
#6263=CARTESIAN_POINT('',(0.003025,0.021575,0.0015));
#6264=CARTESIAN_POINT('',(0.003025,0.022075,0.0015));
#6265=CARTESIAN_POINT('',(0.002525,0.022075,0.0015));
#6266=CARTESIAN_POINT('',(0.002525,0.028575,0.0015));
#6267=CARTESIAN_POINT('',(-0.035075,0.016025,0.0015));
#6268=CARTESIAN_POINT('',(-0.035075,0.016525,0.0015));
#6269=CARTESIAN_POINT('',(-0.035575,0.016025,0.0015));
#6270=CARTESIAN_POINT('',(-0.028575,0.016525,0.0015));
#6271=CARTESIAN_POINT('',(-0.022075,0.016525,0.0015));
#6272=CARTESIAN_POINT('',(-0.022075,0.016025,0.0015));
#6273=CARTESIAN_POINT('',(-0.021575,0.016025,0.0015));
#6274=CARTESIAN_POINT('',(-0.021575,0.009525,0.0015));
#6275=CARTESIAN_POINT('',(-0.021575,0.003025,0.0015));
#6276=CARTESIAN_POINT('',(-0.022075,0.003025,0.0015));
#6277=CARTESIAN_POINT('',(-0.022075,0.002525,0.0015));
#6278=CARTESIAN_POINT('',(-0.028575,0.002525,0.0015));
#6279=CARTESIAN_POINT('',(-0.035075,0.002525,0.0015));
#6280=CARTESIAN_POINT('',(-0.035075,0.003025,0.0015));
#6281=CARTESIAN_POINT('',(-0.035575,0.003025,0.0015));
#6282=CARTESIAN_POINT('',(-0.035575,0.009525,0.0015));
#6283=CARTESIAN_POINT('',(-0.016025,0.016025,0.0015));
#6284=CARTESIAN_POINT('',(-0.016025,0.016525,0.0015));
#6285=CARTESIAN_POINT('',(-0.016525,0.016025,0.0015));
#6286=CARTESIAN_POINT('',(-0.009525,0.016525,0.0015));
#6287=CARTESIAN_POINT('',(-0.003025,0.016525,0.0015));
#6288=CARTESIAN_POINT('',(-0.003025,0.016025,0.0015));
#6289=CARTESIAN_POINT('',(-0.002525,0.016025,0.0015));
#6290=CARTESIAN_POINT('',(-0.002525,0.009525,0.0015));
#6291=CARTESIAN_POINT('',(-0.002525,0.003025,0.0015));
#6292=CARTESIAN_POINT('',(-0.003025,0.003025,0.0015));
#6293=CARTESIAN_POINT('',(-0.003025,0.002525,0.0015));
#6294=CARTESIAN_POINT('',(-0.009525,0.002525,0.0015));
#6295=CARTESIAN_POINT('',(-0.016025,0.002525,0.0015));
#6296=CARTESIAN_POINT('',(-0.016025,0.003025,0.0015));
#6297=CARTESIAN_POINT('',(-0.016525,0.003025,0.0015));
#6298=CARTESIAN_POINT('',(-0.016525,0.009525,0.0015));
#6299=CARTESIAN_POINT('',(0.003025,0.016025,0.0015));
#6300=CARTESIAN_POINT('',(0.003025,0.016525,0.0015));
#6301=CARTESIAN_POINT('',(0.002525,0.016025,0.0015));
#6302=CARTESIAN_POINT('',(0.009525,0.016525,0.0015));
#6303=CARTESIAN_POINT('',(0.016025,0.016525,0.0015));
#6304=CARTESIAN_POINT('',(0.016025,0.016025,0.0015));
#6305=CARTESIAN_POINT('',(0.016525,0.016025,0.0015));
#6306=CARTESIAN_POINT('',(0.016525,0.009525,0.0015));
#6307=CARTESIAN_POINT('',(0.016525,0.003025,0.0015));
#6308=CARTESIAN_POINT('',(0.016025,0.003025,0.0015));
#6309=CARTESIAN_POINT('',(0.016025,0.002525,0.0015));
#6310=CARTESIAN_POINT('',(0.009525,0.002525,0.0015));
#6311=CARTESIAN_POINT('',(0.003025,0.002525,0.0015));
#6312=CARTESIAN_POINT('',(0.003025,0.003025,0.0015));
#6313=CARTESIAN_POINT('',(0.002525,0.003025,0.0015));
#6314=CARTESIAN_POINT('',(0.002525,0.009525,0.0015));
#6315=CARTESIAN_POINT('',(0.022075,0.016025,0.0015));
#6316=CARTESIAN_POINT('',(0.022075,0.016525,0.0015));
#6317=CARTESIAN_POINT('',(0.021575,0.016025,0.0015));
#6318=CARTESIAN_POINT('',(0.028575,0.016525,0.0015));
#6319=CARTESIAN_POINT('',(0.035075,0.016525,0.0015));
#6320=CARTESIAN_POINT('',(0.035075,0.016025,0.0015));
#6321=CARTESIAN_POINT('',(0.035575,0.016025,0.0015));
#6322=CARTESIAN_POINT('',(0.035575,0.009525,0.0015));
#6323=CARTESIAN_POINT('',(0.035575,0.003025,0.0015));
#6324=CARTESIAN_POINT('',(0.035075,0.003025,0.0015));
#6325=CARTESIAN_POINT('',(0.035075,0.002525,0.0015));
#6326=CARTESIAN_POINT('',(0.028575,0.002525,0.0015));
#6327=CARTESIAN_POINT('',(0.022075,0.002525,0.0015));
#6328=CARTESIAN_POINT('',(0.022075,0.003025,0.0015));
#6329=CARTESIAN_POINT('',(0.021575,0.003025,0.0015));
#6330=CARTESIAN_POINT('',(0.021575,0.009525,0.0015));
#6331=CARTESIAN_POINT('',(-0.035075,-0.003025,0.0015));
#6332=CARTESIAN_POINT('',(-0.035075,-0.002525,0.0015));
#6333=CARTESIAN_POINT('',(-0.035575,-0.003025,0.0015));
#6334=CARTESIAN_POINT('',(-0.028575,-0.002525,0.0015));
#6335=CARTESIAN_POINT('',(-0.022075,-0.002525,0.0015));
#6336=CARTESIAN_POINT('',(-0.022075,-0.003025,0.0015));
#6337=CARTESIAN_POINT('',(-0.021575,-0.003025,0.0015));
#6338=CARTESIAN_POINT('',(-0.021575,-0.009525,0.0015));
#6339=CARTESIAN_POINT('',(-0.021575,-0.016025,0.0015));
#6340=CARTESIAN_POINT('',(-0.022075,-0.016025,0.0015));
#6341=CARTESIAN_POINT('',(-0.022075,-0.016525,0.0015));
#6342=CARTESIAN_POINT('',(-0.028575,-0.016525,0.0015));
#6343=CARTESIAN_POINT('',(-0.035075,-0.016525,0.0015));
#6344=CARTESIAN_POINT('',(-0.035075,-0.016025,0.0015));
#6345=CARTESIAN_POINT('',(-0.035575,-0.016025,0.0015));
#6346=CARTESIAN_POINT('',(-0.035575,-0.009525,0.0015));
#6347=CARTESIAN_POINT('',(-0.016025,-0.003025,0.0015));
#6348=CARTESIAN_POINT('',(-0.016025,-0.002525,0.0015));
#6349=CARTESIAN_POINT('',(-0.016525,-0.003025,0.0015));
#6350=CARTESIAN_POINT('',(-0.009525,-0.002525,0.0015));
#6351=CARTESIAN_POINT('',(-0.003025,-0.002525,0.0015));
#6352=CARTESIAN_POINT('',(-0.003025,-0.003025,0.0015));
#6353=CARTESIAN_POINT('',(-0.002525,-0.003025,0.0015));
#6354=CARTESIAN_POINT('',(-0.002525,-0.009525,0.0015));
#6355=CARTESIAN_POINT('',(-0.002525,-0.016025,0.0015));
#6356=CARTESIAN_POINT('',(-0.003025,-0.016025,0.0015));
#6357=CARTESIAN_POINT('',(-0.003025,-0.016525,0.0015));
#6358=CARTESIAN_POINT('',(-0.009525,-0.016525,0.0015));
#6359=CARTESIAN_POINT('',(-0.016025,-0.016525,0.0015));
#6360=CARTESIAN_POINT('',(-0.016025,-0.016025,0.0015));
#6361=CARTESIAN_POINT('',(-0.016525,-0.016025,0.0015));
#6362=CARTESIAN_POINT('',(-0.016525,-0.009525,0.0015));
#6363=CARTESIAN_POINT('',(0.003025,-0.003025,0.0015));
#6364=CARTESIAN_POINT('',(0.003025,-0.002525,0.0015));
#6365=CARTESIAN_POINT('',(0.002525,-0.003025,0.0015));
#6366=CARTESIAN_POINT('',(0.009525,-0.002525,0.0015));
#6367=CARTESIAN_POINT('',(0.016025,-0.002525,0.0015));
#6368=CARTESIAN_POINT('',(0.016025,-0.003025,0.0015));
#6369=CARTESIAN_POINT('',(0.016525,-0.003025,0.0015));
#6370=CARTESIAN_POINT('',(0.016525,-0.009525,0.0015));
#6371=CARTESIAN_POINT('',(0.016525,-0.016025,0.0015));
#6372=CARTESIAN_POINT('',(0.016025,-0.016025,0.0015));
#6373=CARTESIAN_POINT('',(0.016025,-0.016525,0.0015));
#6374=CARTESIAN_POINT('',(0.009525,-0.016525,0.0015));
#6375=CARTESIAN_POINT('',(0.003025,-0.016525,0.0015));
#6376=CARTESIAN_POINT('',(0.003025,-0.016025,0.0015));
#6377=CARTESIAN_POINT('',(0.002525,-0.016025,0.0015));
#6378=CARTESIAN_POINT('',(0.002525,-0.009525,0.0015));
#6379=CARTESIAN_POINT('',(0.022075,-0.003025,0.0015));
#6380=CARTESIAN_POINT('',(0.022075,-0.002525,0.0015));
#6381=CARTESIAN_POINT('',(0.021575,-0.003025,0.0015));
#6382=CARTESIAN_POINT('',(0.028575,-0.002525,0.0015));
#6383=CARTESIAN_POINT('',(0.035075,-0.002525,0.0015));
#6384=CARTESIAN_POINT('',(0.035075,-0.003025,0.0015));
#6385=CARTESIAN_POINT('',(0.035575,-0.003025,0.0015));
#6386=CARTESIAN_POINT('',(0.035575,-0.009525,0.0015));
#6387=CARTESIAN_POINT('',(0.035575,-0.016025,0.0015));
#6388=CARTESIAN_POINT('',(0.035075,-0.016025,0.0015));
#6389=CARTESIAN_POINT('',(0.035075,-0.016525,0.0015));
#6390=CARTESIAN_POINT('',(0.028575,-0.016525,0.0015));
#6391=CARTESIAN_POINT('',(0.022075,-0.016525,0.0015));
#6392=CARTESIAN_POINT('',(0.022075,-0.016025,0.0015));
#6393=CARTESIAN_POINT('',(0.021575,-0.016025,0.0015));
#6394=CARTESIAN_POINT('',(0.021575,-0.009525,0.0015));
#6395=CARTESIAN_POINT('',(-0.035075,-0.022075,0.0015));
#6396=CARTESIAN_POINT('',(-0.035075,-0.021575,0.0015));
#6397=CARTESIAN_POINT('',(-0.035575,-0.022075,0.0015));
#6398=CARTESIAN_POINT('',(-0.028575,-0.021575,0.0015));
#6399=CARTESIAN_POINT('',(-0.022075,-0.021575,0.0015));
#6400=CARTESIAN_POINT('',(-0.022075,-0.022075,0.0015));
#6401=CARTESIAN_POINT('',(-0.021575,-0.022075,0.0015));
#6402=CARTESIAN_POINT('',(-0.021575,-0.028575,0.0015));
#6403=CARTESIAN_POINT('',(-0.021575,-0.035075,0.0015));
#6404=CARTESIAN_POINT('',(-0.022075,-0.035075,0.0015));
#6405=CARTESIAN_POINT('',(-0.022075,-0.035575,0.0015));
#6406=CARTESIAN_POINT('',(-0.028575,-0.035575,0.0015));
#6407=CARTESIAN_POINT('',(-0.035075,-0.035575,0.0015));
#6408=CARTESIAN_POINT('',(-0.035075,-0.035075,0.0015));
#6409=CARTESIAN_POINT('',(-0.035575,-0.035075,0.0015));
#6410=CARTESIAN_POINT('',(-0.035575,-0.028575,0.0015));
#6411=CARTESIAN_POINT('',(-0.016025,-0.022075,0.0015));
#6412=CARTESIAN_POINT('',(-0.016025,-0.021575,0.0015));
#6413=CARTESIAN_POINT('',(-0.016525,-0.022075,0.0015));
#6414=CARTESIAN_POINT('',(-0.009525,-0.021575,0.0015));
#6415=CARTESIAN_POINT('',(-0.003025,-0.021575,0.0015));
#6416=CARTESIAN_POINT('',(-0.003025,-0.022075,0.0015));
#6417=CARTESIAN_POINT('',(-0.002525,-0.022075,0.0015));
#6418=CARTESIAN_POINT('',(-0.002525,-0.028575,0.0015));
#6419=CARTESIAN_POINT('',(-0.002525,-0.035075,0.0015));
#6420=CARTESIAN_POINT('',(-0.003025,-0.035075,0.0015));
#6421=CARTESIAN_POINT('',(-0.003025,-0.035575,0.0015));
#6422=CARTESIAN_POINT('',(-0.009525,-0.035575,0.0015));
#6423=CARTESIAN_POINT('',(-0.016025,-0.035575,0.0015));
#6424=CARTESIAN_POINT('',(-0.016025,-0.035075,0.0015));
#6425=CARTESIAN_POINT('',(-0.016525,-0.035075,0.0015));
#6426=CARTESIAN_POINT('',(-0.016525,-0.028575,0.0015));
#6427=CARTESIAN_POINT('',(0.003025,-0.022075,0.0015));
#6428=CARTESIAN_POINT('',(0.003025,-0.021575,0.0015));
#6429=CARTESIAN_POINT('',(0.002525,-0.022075,0.0015));
#6430=CARTESIAN_POINT('',(0.009525,-0.021575,0.0015));
#6431=CARTESIAN_POINT('',(0.016025,-0.021575,0.0015));
#6432=CARTESIAN_POINT('',(0.016025,-0.022075,0.0015));
#6433=CARTESIAN_POINT('',(0.016525,-0.022075,0.0015));
#6434=CARTESIAN_POINT('',(0.016525,-0.028575,0.0015));
#6435=CARTESIAN_POINT('',(0.016525,-0.035075,0.0015));
#6436=CARTESIAN_POINT('',(0.016025,-0.035075,0.0015));
#6437=CARTESIAN_POINT('',(0.016025,-0.035575,0.0015));
#6438=CARTESIAN_POINT('',(0.009525,-0.035575,0.0015));
#6439=CARTESIAN_POINT('',(0.003025,-0.035575,0.0015));
#6440=CARTESIAN_POINT('',(0.003025,-0.035075,0.0015));
#6441=CARTESIAN_POINT('',(0.002525,-0.035075,0.0015));
#6442=CARTESIAN_POINT('',(0.002525,-0.028575,0.0015));
#6443=CARTESIAN_POINT('',(0.022075,-0.022075,0.0015));
#6444=CARTESIAN_POINT('',(0.022075,-0.021575,0.0015));
#6445=CARTESIAN_POINT('',(0.021575,-0.022075,0.0015));
#6446=CARTESIAN_POINT('',(0.028575,-0.021575,0.0015));
#6447=CARTESIAN_POINT('',(0.035075,-0.021575,0.0015));
#6448=CARTESIAN_POINT('',(0.035075,-0.022075,0.0015));
#6449=CARTESIAN_POINT('',(0.035575,-0.022075,0.0015));
#6450=CARTESIAN_POINT('',(0.035575,-0.028575,0.0015));
#6451=CARTESIAN_POINT('',(0.035575,-0.035075,0.0015));
#6452=CARTESIAN_POINT('',(0.035075,-0.035075,0.0015));
#6453=CARTESIAN_POINT('',(0.035075,-0.035575,0.0015));
#6454=CARTESIAN_POINT('',(0.028575,-0.035575,0.0015));
#6455=CARTESIAN_POINT('',(0.022075,-0.035575,0.0015));
#6456=CARTESIAN_POINT('',(0.022075,-0.035075,0.0015));
#6457=CARTESIAN_POINT('',(0.021575,-0.035075,0.0015));
#6458=CARTESIAN_POINT('',(0.021575,-0.028575,0.0015));
#6459=CARTESIAN_POINT('',(0.,-0.0185076170310066,0.0015));
#6460=CARTESIAN_POINT('',(0.035,-0.0185076170310066,0.0015));
#6461=CARTESIAN_POINT('',(-0.035,-0.0185076170310065,0.0015));
#6462=CARTESIAN_POINT('',(0.035,-0.0190076170310066,0.0015));
#6463=CARTESIAN_POINT('',(0.035,-0.0195076170310066,0.0015));
#6464=CARTESIAN_POINT('',(0.,-0.0195076170310066,0.0015));
#6465=CARTESIAN_POINT('',(-0.035,-0.0195076170310066,0.0015));
#6466=CARTESIAN_POINT('',(-0.035,-0.0190076170310066,0.0015));
#6467=CARTESIAN_POINT('',(0.,0.0005,0.0015));
#6468=CARTESIAN_POINT('',(0.035,0.0005,0.0015));
#6469=CARTESIAN_POINT('',(-0.035,0.0005,0.0015));
#6470=CARTESIAN_POINT('',(0.035,-3.25260651745652E-19,0.0015));
#6471=CARTESIAN_POINT('',(0.035,-0.0005,0.0015));
#6472=CARTESIAN_POINT('',(0.,-0.0005,0.0015));
#6473=CARTESIAN_POINT('',(-0.035,-0.0005,0.0015));
#6474=CARTESIAN_POINT('',(-0.035,-3.25260651745652E-19,0.0015));
#6475=CARTESIAN_POINT('',(0.,0.0195076170310066,0.0015));
#6476=CARTESIAN_POINT('',(0.035,0.0195076170310066,0.0015));
#6477=CARTESIAN_POINT('',(-0.035,0.0195076170310066,0.0015));
#6478=CARTESIAN_POINT('',(0.035,0.0190076170310066,0.0015));
#6479=CARTESIAN_POINT('',(0.035,0.0185076170310066,0.0015));
#6480=CARTESIAN_POINT('',(0.,0.0185076170310066,0.0015));
#6481=CARTESIAN_POINT('',(-0.035,0.0185076170310066,0.0015));
#6482=CARTESIAN_POINT('',(-0.035,0.0190076170310066,0.0015));
#6483=CARTESIAN_POINT('',(-0.0401,0.,0.0015));
#6484=CARTESIAN_POINT('',(-0.0401,-0.0381,0.0015));
#6485=CARTESIAN_POINT('',(-0.0401,-0.014,0.0015));
#6486=CARTESIAN_POINT('',(-0.0381,-0.0381,0.0015));
#6487=CARTESIAN_POINT('',(-0.0381,-0.0401,0.0015));
#6488=CARTESIAN_POINT('',(0.,-0.0401,0.0015));
#6489=CARTESIAN_POINT('',(-0.014,-0.0401,0.0015));
#6490=CARTESIAN_POINT('',(-0.0118372093023256,-0.04475,0.0015));
#6491=CARTESIAN_POINT('',(-0.0122123434886366,-0.0439434614994312,0.0015));
#6492=CARTESIAN_POINT('',(-0.0103989012648596,-0.0431,0.0015));
#6493=CARTESIAN_POINT('',(-0.0103989012648596,-0.0451,0.0015));
#6494=CARTESIAN_POINT('',(1.38777878078145E-17,-0.0451,0.0015));
#6495=CARTESIAN_POINT('',(0.0103989012648597,-0.0451,0.0015));
#6496=CARTESIAN_POINT('',(0.0103989012648597,-0.0431,0.0015));
#6497=CARTESIAN_POINT('',(0.0122123434886367,-0.0439434614994312,0.0015));
#6498=CARTESIAN_POINT('',(0.013,-0.04225,0.0015));
#6499=CARTESIAN_POINT('',(0.014,-0.0401,0.0015));
#6500=CARTESIAN_POINT('',(0.,-0.0401,0.0015));
#6501=CARTESIAN_POINT('',(0.0381,-0.0401,0.0015));
#6502=CARTESIAN_POINT('',(0.0381,-0.0381,0.0015));
#6503=CARTESIAN_POINT('',(0.0401,-0.0381,0.0015));
#6504=CARTESIAN_POINT('',(0.0401,0.,0.0015));
#6505=CARTESIAN_POINT('',(0.0401,-0.014,0.0015));
#6506=CARTESIAN_POINT('',(0.04225,-0.013,0.0015));
#6507=CARTESIAN_POINT('',(0.0439434614994312,-0.0122123434886367,0.0015));
#6508=CARTESIAN_POINT('',(0.0431,-0.0103989012648597,0.0015));
#6509=CARTESIAN_POINT('',(0.0451,-0.0103989012648597,0.0015));
#6510=CARTESIAN_POINT('',(0.0451,-1.21430643318376E-17,0.0015));
#6511=CARTESIAN_POINT('',(0.0451,0.0103989012648596,0.0015));
#6512=CARTESIAN_POINT('',(0.0431,0.0103989012648596,0.0015));
#6513=CARTESIAN_POINT('',(0.0439434614994312,0.0122123434886366,0.0015));
#6514=CARTESIAN_POINT('',(0.04475,0.0118372093023256,0.0015));
#6515=CARTESIAN_POINT('',(0.0401,0.014,0.0015));
#6516=CARTESIAN_POINT('',(0.0401,0.,0.0015));
#6517=CARTESIAN_POINT('',(0.0401,0.0381,0.0015));
#6518=CARTESIAN_POINT('',(0.0381,0.0381,0.0015));
#6519=CARTESIAN_POINT('',(0.0381,0.0401,0.0015));
#6520=CARTESIAN_POINT('',(0.,0.0401,0.0015));
#6521=CARTESIAN_POINT('',(0.014,0.0401,0.0015));
#6522=CARTESIAN_POINT('',(0.013,0.04225,0.0015));
#6523=CARTESIAN_POINT('',(0.0122123434886367,0.0439434614994312,0.0015));
#6524=CARTESIAN_POINT('',(0.0103989012648597,0.0431,0.0015));
#6525=CARTESIAN_POINT('',(0.0103989012648597,0.0451,0.0015));
#6526=CARTESIAN_POINT('',(1.38777878078145E-17,0.0451,0.0015));
#6527=CARTESIAN_POINT('',(-0.0103989012648596,0.0451,0.0015));
#6528=CARTESIAN_POINT('',(-0.0103989012648596,0.0431,0.0015));
#6529=CARTESIAN_POINT('',(-0.0122123434886366,0.0439434614994312,0.0015));
#6530=CARTESIAN_POINT('',(-0.0118372093023256,0.04475,0.0015));
#6531=CARTESIAN_POINT('',(-0.014,0.0401,0.0015));
#6532=CARTESIAN_POINT('',(0.,0.0401,0.0015));
#6533=CARTESIAN_POINT('',(-0.0381,0.0401,0.0015));
#6534=CARTESIAN_POINT('',(-0.0381,0.0381,0.0015));
#6535=CARTESIAN_POINT('',(-0.0401,0.0381,0.0015));
#6536=CARTESIAN_POINT('',(-0.0401,0.,0.0015));
#6537=CARTESIAN_POINT('',(-0.0401,0.014,0.0015));
#6538=CARTESIAN_POINT('',(-0.04475,0.0118372093023256,0.0015));
#6539=CARTESIAN_POINT('',(-0.0439434614994312,0.0122123434886366,0.0015));
#6540=CARTESIAN_POINT('',(-0.0431,0.0103989012648596,0.0015));
#6541=CARTESIAN_POINT('',(-0.0451,0.0103989012648596,0.0015));
#6542=CARTESIAN_POINT('',(-0.0451,-1.21430643318376E-17,0.0015));
#6543=CARTESIAN_POINT('',(-0.0451,-0.0103989012648597,0.0015));
#6544=CARTESIAN_POINT('',(-0.0431,-0.0103989012648597,0.0015));
#6545=CARTESIAN_POINT('',(-0.0439434614994312,-0.0122123434886367,0.0015));
#6546=CARTESIAN_POINT('',(-0.04225,-0.013,0.0015));
#6547=CARTESIAN_POINT('',(0.,-0.040660209537751,0.0015));
#6548=CARTESIAN_POINT('',(-0.0125262052698566,-0.040660209537751,0.0015));
#6549=CARTESIAN_POINT('',(0.0125262052698566,-0.040660209537751,0.0015));
#6550=CARTESIAN_POINT('',(0.0117937516330968,-0.0422349848567844,0.0015));
#6551=CARTESIAN_POINT('',(0.0115992228803226,-0.042653221675249,0.0015));
#6552=CARTESIAN_POINT('',(0.00978578065654558,-0.0418097601758179,0.0015));
#6553=CARTESIAN_POINT('',(0.00978578065654558,-0.0438097601758178,0.0015));
#6554=CARTESIAN_POINT('',(0.,-0.0438097601758178,0.0015));
#6555=CARTESIAN_POINT('',(-0.0097857806565456,-0.0438097601758178,0.0015));
#6556=CARTESIAN_POINT('',(-0.0097857806565456,-0.0418097601758179,0.0015));
#6557=CARTESIAN_POINT('',(-0.0115992228803226,-0.042653221675249,0.0015));
#6558=CARTESIAN_POINT('',(-0.0117937516330968,-0.0422349848567844,0.0015));
#6559=CARTESIAN_POINT('',(0.,0.040660209537751,0.0015));
#6560=CARTESIAN_POINT('',(-0.0125262052698566,0.040660209537751,0.0015));
#6561=CARTESIAN_POINT('',(0.0125262052698566,0.040660209537751,0.0015));
#6562=CARTESIAN_POINT('',(-0.0117937516330968,0.0422349848567844,0.0015));
#6563=CARTESIAN_POINT('',(-0.0115992228803226,0.042653221675249,0.0015));
#6564=CARTESIAN_POINT('',(-0.0097857806565456,0.0418097601758179,0.0015));
#6565=CARTESIAN_POINT('',(-0.0097857806565456,0.0438097601758178,0.0015));
#6566=CARTESIAN_POINT('',(0.,0.0438097601758178,0.0015));
#6567=CARTESIAN_POINT('',(0.00978578065654558,0.0438097601758178,0.0015));
#6568=CARTESIAN_POINT('',(0.00978578065654558,0.0418097601758179,0.0015));
#6569=CARTESIAN_POINT('',(0.0115992228803226,0.042653221675249,0.0015));
#6570=CARTESIAN_POINT('',(0.0117937516330968,0.0422349848567844,0.0015));
#6571=CARTESIAN_POINT('',(0.040660209537751,-3.46944695195361E-18,0.0015));
#6572=CARTESIAN_POINT('',(0.040660209537751,0.0125262052698566,0.0015));
#6573=CARTESIAN_POINT('',(0.040660209537751,-0.0125262052698566,0.0015));
#6574=CARTESIAN_POINT('',(0.0422349848567844,0.0117937516330968,0.0015));
#6575=CARTESIAN_POINT('',(0.042653221675249,0.0115992228803226,0.0015));
#6576=CARTESIAN_POINT('',(0.0418097601758179,0.0097857806565456,0.0015));
#6577=CARTESIAN_POINT('',(0.0438097601758178,0.0097857806565456,0.0015));
#6578=CARTESIAN_POINT('',(0.0438097601758178,5.20417042793042E-18,0.0015));
#6579=CARTESIAN_POINT('',(0.0438097601758178,-0.00978578065654557,0.0015));
#6580=CARTESIAN_POINT('',(0.0418097601758179,-0.00978578065654557,0.0015));
#6581=CARTESIAN_POINT('',(0.042653221675249,-0.0115992228803226,0.0015));
#6582=CARTESIAN_POINT('',(0.0422349848567844,-0.0117937516330968,0.0015));
#6583=CARTESIAN_POINT('',(-0.040660209537751,-3.46944695195361E-18,0.0015));
#6584=CARTESIAN_POINT('',(-0.040660209537751,0.0125262052698566,0.0015));
#6585=CARTESIAN_POINT('',(-0.040660209537751,-0.0125262052698566,0.0015));
#6586=CARTESIAN_POINT('',(-0.0422349848567844,-0.0117937516330968,0.0015));
#6587=CARTESIAN_POINT('',(-0.042653221675249,-0.0115992228803226,0.0015));
#6588=CARTESIAN_POINT('',(-0.0418097601758179,-0.00978578065654557,0.0015));
#6589=CARTESIAN_POINT('',(-0.0438097601758178,-0.00978578065654557,0.0015));
#6590=CARTESIAN_POINT('',(-0.0438097601758178,5.20417042793042E-18,0.0015));
#6591=CARTESIAN_POINT('',(-0.0438097601758178,0.0097857806565456,0.0015));
#6592=CARTESIAN_POINT('',(-0.0418097601758179,0.0097857806565456,0.0015));
#6593=CARTESIAN_POINT('',(-0.042653221675249,0.0115992228803226,0.0015));
#6594=CARTESIAN_POINT('',(-0.0422349848567844,0.0117937516330968,0.0015));
#6595=CARTESIAN_POINT('',(-3.46944695195361E-18,-0.037825,0.0015));
#6596=CARTESIAN_POINT('',(0.02,-0.037825,0.0015));
#6597=CARTESIAN_POINT('',(-0.02,-0.037825,0.0015));
#6598=CARTESIAN_POINT('',(0.02,-0.038575,0.0015));
#6599=CARTESIAN_POINT('',(0.02,-0.039325,0.0015));
#6600=CARTESIAN_POINT('',(-3.46944695195361E-18,-0.039325,0.0015));
#6601=CARTESIAN_POINT('',(-0.02,-0.039325,0.0015));
#6602=CARTESIAN_POINT('',(-0.02,-0.038575,0.0015));
#6603=CARTESIAN_POINT('',(0.038,0.02,0.0015));
#6604=CARTESIAN_POINT('',(0.03875,0.02,0.0015));
#6605=CARTESIAN_POINT('',(0.03725,0.02,0.0015));
#6606=CARTESIAN_POINT('',(0.03875,0.,0.0015));
#6607=CARTESIAN_POINT('',(0.03875,-0.02,0.0015));
#6608=CARTESIAN_POINT('',(0.038,-0.02,0.0015));
#6609=CARTESIAN_POINT('',(0.03725,-0.02,0.0015));
#6610=CARTESIAN_POINT('',(0.03725,0.,0.0015));
#6611=CARTESIAN_POINT('',(-0.038,0.02,0.0015));
#6612=CARTESIAN_POINT('',(-0.03725,0.02,0.0015));
#6613=CARTESIAN_POINT('',(-0.03875,0.02,0.0015));
#6614=CARTESIAN_POINT('',(-0.03725,0.,0.0015));
#6615=CARTESIAN_POINT('',(-0.03725,-0.02,0.0015));
#6616=CARTESIAN_POINT('',(-0.038,-0.02,0.0015));
#6617=CARTESIAN_POINT('',(-0.03875,-0.02,0.0015));
#6618=CARTESIAN_POINT('',(-0.03875,0.,0.0015));
#6619=CARTESIAN_POINT('',(0.,0.039325,0.0015));
#6620=CARTESIAN_POINT('',(0.02,0.039325,0.0015));
#6621=CARTESIAN_POINT('',(-0.02,0.039325,0.0015));
#6622=CARTESIAN_POINT('',(0.02,0.038575,0.0015));
#6623=CARTESIAN_POINT('',(0.02,0.037825,0.0015));
#6624=CARTESIAN_POINT('',(0.,0.037825,0.0015));
#6625=CARTESIAN_POINT('',(-0.02,0.037825,0.0015));
#6626=CARTESIAN_POINT('',(-0.02,0.038575,0.0015));
#6627=CARTESIAN_POINT('',(0.,0.,0.));
#6628=CARTESIAN_POINT('',(-0.03725,-6.4618449480136E-18,0.));
#6629=CARTESIAN_POINT('',(-0.03725,0.02,0.));
#6630=CARTESIAN_POINT('',(-0.03725,-0.02,0.));
#6631=CARTESIAN_POINT('',(0.,0.02,0.));
#6632=CARTESIAN_POINT('',(-0.03875,0.02,0.));
#6633=CARTESIAN_POINT('',(-0.03875,-1.34441069388202E-17,0.));
#6634=CARTESIAN_POINT('',(-0.03875,-0.02,0.));
#6635=CARTESIAN_POINT('',(0.,-0.02,0.));
#6636=CARTESIAN_POINT('',(0.02,0.,0.));
#6637=CARTESIAN_POINT('',(0.02,-0.037825,0.));
#6638=CARTESIAN_POINT('',(0.02,-0.039325,0.));
#6639=CARTESIAN_POINT('',(0.,-0.037825,0.));
#6640=CARTESIAN_POINT('',(-0.02,-0.037825,0.));
#6641=CARTESIAN_POINT('',(-0.02,0.,0.));
#6642=CARTESIAN_POINT('',(-0.02,-0.039325,0.));
#6643=CARTESIAN_POINT('',(0.,-0.039325,0.));
#6644=CARTESIAN_POINT('',(0.035,0.,0.));
#6645=CARTESIAN_POINT('',(0.035,0.0005,0.));
#6646=CARTESIAN_POINT('',(0.035,-0.0005,0.));
#6647=CARTESIAN_POINT('',(0.,0.0005,0.));
#6648=CARTESIAN_POINT('',(-0.035,0.0005,0.));
#6649=CARTESIAN_POINT('',(-0.035,0.,0.));
#6650=CARTESIAN_POINT('',(-0.035,-0.0005,0.));
#6651=CARTESIAN_POINT('',(0.,-0.0005,0.));
#6652=CARTESIAN_POINT('',(0.022075,-0.022075,0.));
#6653=CARTESIAN_POINT('',(0.022075,-0.021575,0.));
#6654=CARTESIAN_POINT('',(0.021575,-0.022075,0.));
#6655=CARTESIAN_POINT('',(0.021575,-0.028575,0.));
#6656=CARTESIAN_POINT('',(0.021575,-0.035075,0.));
#6657=CARTESIAN_POINT('',(0.022075,-0.035075,0.));
#6658=CARTESIAN_POINT('',(0.022075,-0.035575,0.));
#6659=CARTESIAN_POINT('',(0.028575,-0.035575,0.));
#6660=CARTESIAN_POINT('',(0.035075,-0.035575,0.));
#6661=CARTESIAN_POINT('',(0.035075,-0.035075,0.));
#6662=CARTESIAN_POINT('',(0.035575,-0.035075,0.));
#6663=CARTESIAN_POINT('',(0.035575,-0.028575,0.));
#6664=CARTESIAN_POINT('',(0.035575,-0.022075,0.));
#6665=CARTESIAN_POINT('',(0.035075,-0.022075,0.));
#6666=CARTESIAN_POINT('',(0.035075,-0.021575,0.));
#6667=CARTESIAN_POINT('',(0.028575,-0.021575,0.));
#6668=CARTESIAN_POINT('',(0.003025,-0.022075,0.));
#6669=CARTESIAN_POINT('',(0.003025,-0.021575,0.));
#6670=CARTESIAN_POINT('',(0.002525,-0.022075,0.));
#6671=CARTESIAN_POINT('',(0.002525,-0.028575,0.));
#6672=CARTESIAN_POINT('',(0.002525,-0.035075,0.));
#6673=CARTESIAN_POINT('',(0.003025,-0.035075,0.));
#6674=CARTESIAN_POINT('',(0.003025,-0.035575,0.));
#6675=CARTESIAN_POINT('',(0.009525,-0.035575,0.));
#6676=CARTESIAN_POINT('',(0.016025,-0.035575,0.));
#6677=CARTESIAN_POINT('',(0.016025,-0.035075,0.));
#6678=CARTESIAN_POINT('',(0.016525,-0.035075,0.));
#6679=CARTESIAN_POINT('',(0.016525,-0.028575,0.));
#6680=CARTESIAN_POINT('',(0.016525,-0.022075,0.));
#6681=CARTESIAN_POINT('',(0.016025,-0.022075,0.));
#6682=CARTESIAN_POINT('',(0.016025,-0.021575,0.));
#6683=CARTESIAN_POINT('',(0.009525,-0.021575,0.));
#6684=CARTESIAN_POINT('',(-0.016025,-0.022075,0.));
#6685=CARTESIAN_POINT('',(-0.016025,-0.021575,0.));
#6686=CARTESIAN_POINT('',(-0.016525,-0.022075,0.));
#6687=CARTESIAN_POINT('',(-0.016525,-0.028575,0.));
#6688=CARTESIAN_POINT('',(-0.016525,-0.035075,0.));
#6689=CARTESIAN_POINT('',(-0.016025,-0.035075,0.));
#6690=CARTESIAN_POINT('',(-0.016025,-0.035575,0.));
#6691=CARTESIAN_POINT('',(-0.009525,-0.035575,0.));
#6692=CARTESIAN_POINT('',(-0.003025,-0.035575,0.));
#6693=CARTESIAN_POINT('',(-0.003025,-0.035075,0.));
#6694=CARTESIAN_POINT('',(-0.002525,-0.035075,0.));
#6695=CARTESIAN_POINT('',(-0.002525,-0.028575,0.));
#6696=CARTESIAN_POINT('',(-0.002525,-0.022075,0.));
#6697=CARTESIAN_POINT('',(-0.003025,-0.022075,0.));
#6698=CARTESIAN_POINT('',(-0.003025,-0.021575,0.));
#6699=CARTESIAN_POINT('',(-0.009525,-0.021575,0.));
#6700=CARTESIAN_POINT('',(-0.035075,-0.022075,0.));
#6701=CARTESIAN_POINT('',(-0.035075,-0.021575,0.));
#6702=CARTESIAN_POINT('',(-0.035575,-0.022075,0.));
#6703=CARTESIAN_POINT('',(-0.035575,-0.028575,0.));
#6704=CARTESIAN_POINT('',(-0.035575,-0.035075,0.));
#6705=CARTESIAN_POINT('',(-0.035075,-0.035075,0.));
#6706=CARTESIAN_POINT('',(-0.035075,-0.035575,0.));
#6707=CARTESIAN_POINT('',(-0.028575,-0.035575,0.));
#6708=CARTESIAN_POINT('',(-0.022075,-0.035575,0.));
#6709=CARTESIAN_POINT('',(-0.022075,-0.035075,0.));
#6710=CARTESIAN_POINT('',(-0.021575,-0.035075,0.));
#6711=CARTESIAN_POINT('',(-0.021575,-0.028575,0.));
#6712=CARTESIAN_POINT('',(-0.021575,-0.022075,0.));
#6713=CARTESIAN_POINT('',(-0.022075,-0.022075,0.));
#6714=CARTESIAN_POINT('',(-0.022075,-0.021575,0.));
#6715=CARTESIAN_POINT('',(-0.028575,-0.021575,0.));
#6716=CARTESIAN_POINT('',(0.022075,-0.003025,0.));
#6717=CARTESIAN_POINT('',(0.022075,-0.002525,0.));
#6718=CARTESIAN_POINT('',(0.021575,-0.003025,0.));
#6719=CARTESIAN_POINT('',(0.021575,-0.009525,0.));
#6720=CARTESIAN_POINT('',(0.021575,-0.016025,0.));
#6721=CARTESIAN_POINT('',(0.022075,-0.016025,0.));
#6722=CARTESIAN_POINT('',(0.022075,-0.016525,0.));
#6723=CARTESIAN_POINT('',(0.028575,-0.016525,0.));
#6724=CARTESIAN_POINT('',(0.035075,-0.016525,0.));
#6725=CARTESIAN_POINT('',(0.035075,-0.016025,0.));
#6726=CARTESIAN_POINT('',(0.035575,-0.016025,0.));
#6727=CARTESIAN_POINT('',(0.035575,-0.009525,0.));
#6728=CARTESIAN_POINT('',(0.035575,-0.003025,0.));
#6729=CARTESIAN_POINT('',(0.035075,-0.003025,0.));
#6730=CARTESIAN_POINT('',(0.035075,-0.002525,0.));
#6731=CARTESIAN_POINT('',(0.028575,-0.002525,0.));
#6732=CARTESIAN_POINT('',(0.003025,-0.003025,0.));
#6733=CARTESIAN_POINT('',(0.003025,-0.002525,0.));
#6734=CARTESIAN_POINT('',(0.002525,-0.003025,0.));
#6735=CARTESIAN_POINT('',(0.002525,-0.009525,0.));
#6736=CARTESIAN_POINT('',(0.002525,-0.016025,0.));
#6737=CARTESIAN_POINT('',(0.003025,-0.016025,0.));
#6738=CARTESIAN_POINT('',(0.003025,-0.016525,0.));
#6739=CARTESIAN_POINT('',(0.009525,-0.016525,0.));
#6740=CARTESIAN_POINT('',(0.016025,-0.016525,0.));
#6741=CARTESIAN_POINT('',(0.016025,-0.016025,0.));
#6742=CARTESIAN_POINT('',(0.016525,-0.016025,0.));
#6743=CARTESIAN_POINT('',(0.016525,-0.009525,0.));
#6744=CARTESIAN_POINT('',(0.016525,-0.003025,0.));
#6745=CARTESIAN_POINT('',(0.016025,-0.003025,0.));
#6746=CARTESIAN_POINT('',(0.016025,-0.002525,0.));
#6747=CARTESIAN_POINT('',(0.009525,-0.002525,0.));
#6748=CARTESIAN_POINT('',(-0.016025,-0.003025,0.));
#6749=CARTESIAN_POINT('',(-0.016025,-0.002525,0.));
#6750=CARTESIAN_POINT('',(-0.016525,-0.003025,0.));
#6751=CARTESIAN_POINT('',(-0.016525,-0.009525,0.));
#6752=CARTESIAN_POINT('',(-0.016525,-0.016025,0.));
#6753=CARTESIAN_POINT('',(-0.016025,-0.016025,0.));
#6754=CARTESIAN_POINT('',(-0.016025,-0.016525,0.));
#6755=CARTESIAN_POINT('',(-0.009525,-0.016525,0.));
#6756=CARTESIAN_POINT('',(-0.003025,-0.016525,0.));
#6757=CARTESIAN_POINT('',(-0.003025,-0.016025,0.));
#6758=CARTESIAN_POINT('',(-0.002525,-0.016025,0.));
#6759=CARTESIAN_POINT('',(-0.002525,-0.009525,0.));
#6760=CARTESIAN_POINT('',(-0.002525,-0.003025,0.));
#6761=CARTESIAN_POINT('',(-0.003025,-0.003025,0.));
#6762=CARTESIAN_POINT('',(-0.003025,-0.002525,0.));
#6763=CARTESIAN_POINT('',(-0.009525,-0.002525,0.));
#6764=CARTESIAN_POINT('',(-0.035075,-0.003025,0.));
#6765=CARTESIAN_POINT('',(-0.035075,-0.002525,0.));
#6766=CARTESIAN_POINT('',(-0.035575,-0.003025,0.));
#6767=CARTESIAN_POINT('',(-0.035575,-0.009525,0.));
#6768=CARTESIAN_POINT('',(-0.035575,-0.016025,0.));
#6769=CARTESIAN_POINT('',(-0.035075,-0.016025,0.));
#6770=CARTESIAN_POINT('',(-0.035075,-0.016525,0.));
#6771=CARTESIAN_POINT('',(-0.028575,-0.016525,0.));
#6772=CARTESIAN_POINT('',(-0.022075,-0.016525,0.));
#6773=CARTESIAN_POINT('',(-0.022075,-0.016025,0.));
#6774=CARTESIAN_POINT('',(-0.021575,-0.016025,0.));
#6775=CARTESIAN_POINT('',(-0.021575,-0.009525,0.));
#6776=CARTESIAN_POINT('',(-0.021575,-0.003025,0.));
#6777=CARTESIAN_POINT('',(-0.022075,-0.003025,0.));
#6778=CARTESIAN_POINT('',(-0.022075,-0.002525,0.));
#6779=CARTESIAN_POINT('',(-0.028575,-0.002525,0.));
#6780=CARTESIAN_POINT('',(0.022075,0.016025,0.));
#6781=CARTESIAN_POINT('',(0.022075,0.016525,0.));
#6782=CARTESIAN_POINT('',(0.021575,0.016025,0.));
#6783=CARTESIAN_POINT('',(0.021575,0.009525,0.));
#6784=CARTESIAN_POINT('',(0.021575,0.003025,0.));
#6785=CARTESIAN_POINT('',(0.022075,0.003025,0.));
#6786=CARTESIAN_POINT('',(0.022075,0.002525,0.));
#6787=CARTESIAN_POINT('',(0.028575,0.002525,0.));
#6788=CARTESIAN_POINT('',(0.035075,0.002525,0.));
#6789=CARTESIAN_POINT('',(0.035075,0.003025,0.));
#6790=CARTESIAN_POINT('',(0.035575,0.003025,0.));
#6791=CARTESIAN_POINT('',(0.035575,0.009525,0.));
#6792=CARTESIAN_POINT('',(0.035575,0.016025,0.));
#6793=CARTESIAN_POINT('',(0.035075,0.016025,0.));
#6794=CARTESIAN_POINT('',(0.035075,0.016525,0.));
#6795=CARTESIAN_POINT('',(0.028575,0.016525,0.));
#6796=CARTESIAN_POINT('',(0.003025,0.016025,0.));
#6797=CARTESIAN_POINT('',(0.003025,0.016525,0.));
#6798=CARTESIAN_POINT('',(0.002525,0.016025,0.));
#6799=CARTESIAN_POINT('',(0.002525,0.009525,0.));
#6800=CARTESIAN_POINT('',(0.002525,0.003025,0.));
#6801=CARTESIAN_POINT('',(0.003025,0.003025,0.));
#6802=CARTESIAN_POINT('',(0.003025,0.002525,0.));
#6803=CARTESIAN_POINT('',(0.009525,0.002525,0.));
#6804=CARTESIAN_POINT('',(0.016025,0.002525,0.));
#6805=CARTESIAN_POINT('',(0.016025,0.003025,0.));
#6806=CARTESIAN_POINT('',(0.016525,0.003025,0.));
#6807=CARTESIAN_POINT('',(0.016525,0.009525,0.));
#6808=CARTESIAN_POINT('',(0.016525,0.016025,0.));
#6809=CARTESIAN_POINT('',(0.016025,0.016025,0.));
#6810=CARTESIAN_POINT('',(0.016025,0.016525,0.));
#6811=CARTESIAN_POINT('',(0.009525,0.016525,0.));
#6812=CARTESIAN_POINT('',(-0.016025,0.016025,0.));
#6813=CARTESIAN_POINT('',(-0.016025,0.016525,0.));
#6814=CARTESIAN_POINT('',(-0.016525,0.016025,0.));
#6815=CARTESIAN_POINT('',(-0.016525,0.009525,0.));
#6816=CARTESIAN_POINT('',(-0.016525,0.003025,0.));
#6817=CARTESIAN_POINT('',(-0.016025,0.003025,0.));
#6818=CARTESIAN_POINT('',(-0.016025,0.002525,0.));
#6819=CARTESIAN_POINT('',(-0.009525,0.002525,0.));
#6820=CARTESIAN_POINT('',(-0.003025,0.002525,0.));
#6821=CARTESIAN_POINT('',(-0.003025,0.003025,0.));
#6822=CARTESIAN_POINT('',(-0.002525,0.003025,0.));
#6823=CARTESIAN_POINT('',(-0.002525,0.009525,0.));
#6824=CARTESIAN_POINT('',(-0.002525,0.016025,0.));
#6825=CARTESIAN_POINT('',(-0.003025,0.016025,0.));
#6826=CARTESIAN_POINT('',(-0.003025,0.016525,0.));
#6827=CARTESIAN_POINT('',(-0.009525,0.016525,0.));
#6828=CARTESIAN_POINT('',(-0.035075,0.016025,0.));
#6829=CARTESIAN_POINT('',(-0.035075,0.016525,0.));
#6830=CARTESIAN_POINT('',(-0.035575,0.016025,0.));
#6831=CARTESIAN_POINT('',(-0.035575,0.009525,0.));
#6832=CARTESIAN_POINT('',(-0.035575,0.003025,0.));
#6833=CARTESIAN_POINT('',(-0.035075,0.003025,0.));
#6834=CARTESIAN_POINT('',(-0.035075,0.002525,0.));
#6835=CARTESIAN_POINT('',(-0.028575,0.002525,0.));
#6836=CARTESIAN_POINT('',(-0.022075,0.002525,0.));
#6837=CARTESIAN_POINT('',(-0.022075,0.003025,0.));
#6838=CARTESIAN_POINT('',(-0.021575,0.003025,0.));
#6839=CARTESIAN_POINT('',(-0.021575,0.009525,0.));
#6840=CARTESIAN_POINT('',(-0.021575,0.016025,0.));
#6841=CARTESIAN_POINT('',(-0.022075,0.016025,0.));
#6842=CARTESIAN_POINT('',(-0.022075,0.016525,0.));
#6843=CARTESIAN_POINT('',(-0.028575,0.016525,0.));
#6844=CARTESIAN_POINT('',(0.003025,0.035075,0.));
#6845=CARTESIAN_POINT('',(0.003025,0.035575,0.));
#6846=CARTESIAN_POINT('',(0.002525,0.035075,0.));
#6847=CARTESIAN_POINT('',(0.002525,0.028575,0.));
#6848=CARTESIAN_POINT('',(0.002525,0.022075,0.));
#6849=CARTESIAN_POINT('',(0.003025,0.022075,0.));
#6850=CARTESIAN_POINT('',(0.003025,0.021575,0.));
#6851=CARTESIAN_POINT('',(0.009525,0.021575,0.));
#6852=CARTESIAN_POINT('',(0.016025,0.021575,0.));
#6853=CARTESIAN_POINT('',(0.016025,0.022075,0.));
#6854=CARTESIAN_POINT('',(0.016525,0.022075,0.));
#6855=CARTESIAN_POINT('',(0.016525,0.028575,0.));
#6856=CARTESIAN_POINT('',(0.016525,0.035075,0.));
#6857=CARTESIAN_POINT('',(0.016025,0.035075,0.));
#6858=CARTESIAN_POINT('',(0.016025,0.035575,0.));
#6859=CARTESIAN_POINT('',(0.009525,0.035575,0.));
#6860=CARTESIAN_POINT('',(-0.016025,0.035075,0.));
#6861=CARTESIAN_POINT('',(-0.016025,0.035575,0.));
#6862=CARTESIAN_POINT('',(-0.016525,0.035075,0.));
#6863=CARTESIAN_POINT('',(-0.016525,0.028575,0.));
#6864=CARTESIAN_POINT('',(-0.016525,0.022075,0.));
#6865=CARTESIAN_POINT('',(-0.016025,0.022075,0.));
#6866=CARTESIAN_POINT('',(-0.016025,0.021575,0.));
#6867=CARTESIAN_POINT('',(-0.009525,0.021575,0.));
#6868=CARTESIAN_POINT('',(-0.003025,0.021575,0.));
#6869=CARTESIAN_POINT('',(-0.003025,0.022075,0.));
#6870=CARTESIAN_POINT('',(-0.002525,0.022075,0.));
#6871=CARTESIAN_POINT('',(-0.002525,0.028575,0.));
#6872=CARTESIAN_POINT('',(-0.002525,0.035075,0.));
#6873=CARTESIAN_POINT('',(-0.003025,0.035075,0.));
#6874=CARTESIAN_POINT('',(-0.003025,0.035575,0.));
#6875=CARTESIAN_POINT('',(-0.009525,0.035575,0.));
#6876=CARTESIAN_POINT('',(-0.035075,0.035075,0.));
#6877=CARTESIAN_POINT('',(-0.035075,0.035575,0.));
#6878=CARTESIAN_POINT('',(-0.035575,0.035075,0.));
#6879=CARTESIAN_POINT('',(-0.035575,0.028575,0.));
#6880=CARTESIAN_POINT('',(-0.035575,0.022075,0.));
#6881=CARTESIAN_POINT('',(-0.035075,0.022075,0.));
#6882=CARTESIAN_POINT('',(-0.035075,0.021575,0.));
#6883=CARTESIAN_POINT('',(-0.028575,0.021575,0.));
#6884=CARTESIAN_POINT('',(-0.022075,0.021575,0.));
#6885=CARTESIAN_POINT('',(-0.022075,0.022075,0.));
#6886=CARTESIAN_POINT('',(-0.021575,0.022075,0.));
#6887=CARTESIAN_POINT('',(-0.021575,0.028575,0.));
#6888=CARTESIAN_POINT('',(-0.021575,0.035075,0.));
#6889=CARTESIAN_POINT('',(-0.022075,0.035075,0.));
#6890=CARTESIAN_POINT('',(-0.022075,0.035575,0.));
#6891=CARTESIAN_POINT('',(-0.028575,0.035575,0.));
#6892=CARTESIAN_POINT('',(0.0345062058607866,0.0226668392351099,0.));
#6893=CARTESIAN_POINT('',(0.0345062058607866,0.0221668392351099,0.));
#6894=CARTESIAN_POINT('',(0.0350062058607866,0.0226668392351099,0.));
#6895=CARTESIAN_POINT('',(0.0350062058607866,0.,0.));
#6896=CARTESIAN_POINT('',(0.0350062058607866,0.0343668392351099,0.));
#6897=CARTESIAN_POINT('',(0.0345062058607866,0.0343668392351099,0.));
#6898=CARTESIAN_POINT('',(0.0345062058607866,0.0348668392351099,0.));
#6899=CARTESIAN_POINT('',(0.,0.0348668392351099,0.));
#6900=CARTESIAN_POINT('',(0.0228062058607865,0.0348668392351099,0.));
#6901=CARTESIAN_POINT('',(0.0228062058607865,0.0343668392351099,0.));
#6902=CARTESIAN_POINT('',(0.0223062058607865,0.0343668392351099,0.));
#6903=CARTESIAN_POINT('',(0.0223062058607865,0.,0.));
#6904=CARTESIAN_POINT('',(0.0223062058607865,0.0226668392351099,0.));
#6905=CARTESIAN_POINT('',(0.0228062058607865,0.0226668392351099,0.));
#6906=CARTESIAN_POINT('',(0.0228062058607865,0.0221668392351099,0.));
#6907=CARTESIAN_POINT('',(0.,0.0221668392351099,0.));
#6908=CARTESIAN_POINT('',(0.035,0.,0.));
#6909=CARTESIAN_POINT('',(0.035,-0.0185076170310066,0.));
#6910=CARTESIAN_POINT('',(0.035,-0.0195076170310066,0.));
#6911=CARTESIAN_POINT('',(-1.8346055856043E-18,-0.0185076170310066,0.));
#6912=CARTESIAN_POINT('',(-0.035,-0.0185076170310065,0.));
#6913=CARTESIAN_POINT('',(-0.035,0.,0.));
#6914=CARTESIAN_POINT('',(-0.035,-0.0195076170310066,0.));
#6915=CARTESIAN_POINT('',(-1.93373264137441E-18,-0.0195076170310066,0.));
#6916=CARTESIAN_POINT('',(0.035,0.,0.));
#6917=CARTESIAN_POINT('',(0.035,0.0195076170310066,0.));
#6918=CARTESIAN_POINT('',(0.035,0.0185076170310066,0.));
#6919=CARTESIAN_POINT('',(-1.93373264137441E-18,0.0195076170310066,0.));
#6920=CARTESIAN_POINT('',(-0.035,0.0195076170310066,0.));
#6921=CARTESIAN_POINT('',(-0.035,0.,0.));
#6922=CARTESIAN_POINT('',(-0.035,0.0185076170310066,0.));
#6923=CARTESIAN_POINT('',(-1.8346055856043E-18,0.0185076170310066,0.));
#6924=CARTESIAN_POINT('',(0.,-0.0401,0.));
#6925=CARTESIAN_POINT('',(-0.0381,-0.0401,0.));
#6926=CARTESIAN_POINT('',(-0.014,-0.0401,0.));
#6927=CARTESIAN_POINT('',(-0.0381,-0.0381,0.));
#6928=CARTESIAN_POINT('',(-0.0401,-0.0381,0.));
#6929=CARTESIAN_POINT('',(-0.0401,0.,0.));
#6930=CARTESIAN_POINT('',(-0.0401,-0.014,-3.3881317890172E-21));
#6931=CARTESIAN_POINT('',(-0.0401,0.,0.));
#6932=CARTESIAN_POINT('',(-0.0401,0.014,0.));
#6933=CARTESIAN_POINT('',(-0.0401,0.,0.));
#6934=CARTESIAN_POINT('',(-0.0401,0.0381,0.));
#6935=CARTESIAN_POINT('',(-0.0381,0.0381,0.));
#6936=CARTESIAN_POINT('',(-0.0381,0.0401,0.));
#6937=CARTESIAN_POINT('',(0.,0.0401,0.));
#6938=CARTESIAN_POINT('',(-0.014,0.0401,-3.3881317890172E-21));
#6939=CARTESIAN_POINT('',(0.,0.0401,0.));
#6940=CARTESIAN_POINT('',(0.014,0.0401,0.));
#6941=CARTESIAN_POINT('',(0.,0.0401,0.));
#6942=CARTESIAN_POINT('',(0.0381,0.0401,0.));
#6943=CARTESIAN_POINT('',(0.0381,0.0381,0.));
#6944=CARTESIAN_POINT('',(0.0401,0.0381,0.));
#6945=CARTESIAN_POINT('',(0.0401,0.,0.));
#6946=CARTESIAN_POINT('',(0.0401,0.014,-3.3881317890172E-21));
#6947=CARTESIAN_POINT('',(0.0401,0.,0.));
#6948=CARTESIAN_POINT('',(0.0401,-0.014,0.));
#6949=CARTESIAN_POINT('',(0.0401,0.,0.));
#6950=CARTESIAN_POINT('',(0.0401,-0.0381,0.));
#6951=CARTESIAN_POINT('',(0.0381,-0.0381,0.));
#6952=CARTESIAN_POINT('',(0.0381,-0.0401,0.));
#6953=CARTESIAN_POINT('',(0.,-0.0401,0.));
#6954=CARTESIAN_POINT('',(0.014,-0.0401,-3.3881317890172E-21));
#6955=CARTESIAN_POINT('',(0.,-0.0401,0.));
#6956=CARTESIAN_POINT('',(0.03875,0.,0.));
#6957=CARTESIAN_POINT('',(0.03875,0.02,0.));
#6958=CARTESIAN_POINT('',(0.03875,-0.02,0.));
#6959=CARTESIAN_POINT('',(0.,0.02,0.));
#6960=CARTESIAN_POINT('',(0.03725,0.02,0.));
#6961=CARTESIAN_POINT('',(0.03725,0.,0.));
#6962=CARTESIAN_POINT('',(0.03725,-0.02,0.));
#6963=CARTESIAN_POINT('',(0.,-0.02,0.));
#6964=CARTESIAN_POINT('',(0.02,0.,0.));
#6965=CARTESIAN_POINT('',(0.02,0.039325,0.));
#6966=CARTESIAN_POINT('',(0.02,0.037825,0.));
#6967=CARTESIAN_POINT('',(0.,0.039325,0.));
#6968=CARTESIAN_POINT('',(-0.02,0.039325,0.));
#6969=CARTESIAN_POINT('',(-0.02,0.,0.));
#6970=CARTESIAN_POINT('',(-0.02,0.037825,0.));
#6971=CARTESIAN_POINT('',(0.,0.037825,0.));
#6972=CARTESIAN_POINT('',(0.0401,0.,0.0015));
#6973=CARTESIAN_POINT('',(0.0401,0.0381,0.0015));
#6974=CARTESIAN_POINT('',(0.0401,0.014,-1.E-05));
#6975=CARTESIAN_POINT('',(-0.0401,0.,0.0015));
#6976=CARTESIAN_POINT('',(-0.0401,0.0381,0.0015));
#6977=CARTESIAN_POINT('',(-0.0401,0.014,-1.E-05));
#6978=CARTESIAN_POINT('',(0.,-0.0401,0.0015));
#6979=CARTESIAN_POINT('',(0.0381,-0.0401,0.0015));
#6980=CARTESIAN_POINT('',(0.014,-0.0401,-1.E-05));
#6981=CARTESIAN_POINT('',(0.,0.0401,0.0015));
#6982=CARTESIAN_POINT('',(0.0381,0.0401,0.));
#6983=CARTESIAN_POINT('',(0.014,0.0401,-1.E-05));
#6984=CARTESIAN_POINT('',(0.022075,-0.022075,0.0015));
#6985=CARTESIAN_POINT('',(0.022075,-0.021575,0.0015));
#6986=CARTESIAN_POINT('',(0.021575,-0.022075,0.0015));
#6987=CARTESIAN_POINT('',(0.028575,-0.021575,0.0015));
#6988=CARTESIAN_POINT('',(0.035075,-0.021575,0.0015));
#6989=CARTESIAN_POINT('',(0.035075,-0.022075,0.0015));
#6990=CARTESIAN_POINT('',(0.035575,-0.022075,0.0015));
#6991=CARTESIAN_POINT('',(0.035575,-0.028575,0.0015));
#6992=CARTESIAN_POINT('',(0.035575,-0.035075,0.0015));
#6993=CARTESIAN_POINT('',(0.035075,-0.035075,0.0015));
#6994=CARTESIAN_POINT('',(0.035075,-0.035575,0.0015));
#6995=CARTESIAN_POINT('',(0.028575,-0.035575,0.0015));
#6996=CARTESIAN_POINT('',(0.022075,-0.035575,0.0015));
#6997=CARTESIAN_POINT('',(0.022075,-0.035075,0.0015));
#6998=CARTESIAN_POINT('',(0.021575,-0.035075,0.0015));
#6999=CARTESIAN_POINT('',(0.003025,-0.022075,0.0015));
#7000=CARTESIAN_POINT('',(0.003025,-0.021575,0.0015));
#7001=CARTESIAN_POINT('',(0.002525,-0.022075,0.0015));
#7002=CARTESIAN_POINT('',(0.009525,-0.021575,0.0015));
#7003=CARTESIAN_POINT('',(0.016025,-0.021575,0.0015));
#7004=CARTESIAN_POINT('',(0.016025,-0.022075,0.0015));
#7005=CARTESIAN_POINT('',(0.016525,-0.022075,0.0015));
#7006=CARTESIAN_POINT('',(0.016525,-0.028575,0.0015));
#7007=CARTESIAN_POINT('',(0.016525,-0.035075,0.0015));
#7008=CARTESIAN_POINT('',(0.016025,-0.035075,0.0015));
#7009=CARTESIAN_POINT('',(0.016025,-0.035575,0.0015));
#7010=CARTESIAN_POINT('',(0.009525,-0.035575,0.0015));
#7011=CARTESIAN_POINT('',(0.003025,-0.035575,0.0015));
#7012=CARTESIAN_POINT('',(0.003025,-0.035075,0.0015));
#7013=CARTESIAN_POINT('',(0.002525,-0.035075,0.0015));
#7014=CARTESIAN_POINT('',(-0.016025,-0.022075,0.0015));
#7015=CARTESIAN_POINT('',(-0.016025,-0.021575,0.0015));
#7016=CARTESIAN_POINT('',(-0.016525,-0.022075,0.0015));
#7017=CARTESIAN_POINT('',(-0.009525,-0.021575,0.0015));
#7018=CARTESIAN_POINT('',(-0.003025,-0.021575,0.0015));
#7019=CARTESIAN_POINT('',(-0.003025,-0.022075,0.0015));
#7020=CARTESIAN_POINT('',(-0.002525,-0.022075,0.0015));
#7021=CARTESIAN_POINT('',(-0.002525,-0.028575,0.0015));
#7022=CARTESIAN_POINT('',(-0.002525,-0.035075,0.0015));
#7023=CARTESIAN_POINT('',(-0.003025,-0.035075,0.0015));
#7024=CARTESIAN_POINT('',(-0.003025,-0.035575,0.0015));
#7025=CARTESIAN_POINT('',(-0.009525,-0.035575,0.0015));
#7026=CARTESIAN_POINT('',(-0.016025,-0.035575,0.0015));
#7027=CARTESIAN_POINT('',(-0.016025,-0.035075,0.0015));
#7028=CARTESIAN_POINT('',(-0.016525,-0.035075,0.0015));
#7029=CARTESIAN_POINT('',(-0.035075,-0.022075,0.0015));
#7030=CARTESIAN_POINT('',(-0.035075,-0.021575,0.0015));
#7031=CARTESIAN_POINT('',(-0.035575,-0.022075,0.0015));
#7032=CARTESIAN_POINT('',(-0.028575,-0.021575,0.0015));
#7033=CARTESIAN_POINT('',(-0.022075,-0.021575,0.0015));
#7034=CARTESIAN_POINT('',(-0.022075,-0.022075,0.0015));
#7035=CARTESIAN_POINT('',(-0.021575,-0.022075,0.0015));
#7036=CARTESIAN_POINT('',(-0.021575,-0.028575,0.0015));
#7037=CARTESIAN_POINT('',(-0.021575,-0.035075,0.0015));
#7038=CARTESIAN_POINT('',(-0.022075,-0.035075,0.0015));
#7039=CARTESIAN_POINT('',(-0.022075,-0.035575,0.0015));
#7040=CARTESIAN_POINT('',(-0.028575,-0.035575,0.0015));
#7041=CARTESIAN_POINT('',(-0.035075,-0.035575,0.0015));
#7042=CARTESIAN_POINT('',(-0.035075,-0.035075,0.0015));
#7043=CARTESIAN_POINT('',(-0.035575,-0.035075,0.0015));
#7044=CARTESIAN_POINT('',(0.022075,-0.003025,0.0015));
#7045=CARTESIAN_POINT('',(0.022075,-0.002525,0.0015));
#7046=CARTESIAN_POINT('',(0.021575,-0.003025,0.0015));
#7047=CARTESIAN_POINT('',(0.028575,-0.002525,0.0015));
#7048=CARTESIAN_POINT('',(0.035075,-0.002525,0.0015));
#7049=CARTESIAN_POINT('',(0.035075,-0.003025,0.0015));
#7050=CARTESIAN_POINT('',(0.035575,-0.003025,0.0015));
#7051=CARTESIAN_POINT('',(0.035575,-0.009525,0.0015));
#7052=CARTESIAN_POINT('',(0.035575,-0.016025,0.0015));
#7053=CARTESIAN_POINT('',(0.035075,-0.016025,0.0015));
#7054=CARTESIAN_POINT('',(0.035075,-0.016525,0.0015));
#7055=CARTESIAN_POINT('',(0.028575,-0.016525,0.0015));
#7056=CARTESIAN_POINT('',(0.022075,-0.016525,0.0015));
#7057=CARTESIAN_POINT('',(0.022075,-0.016025,0.0015));
#7058=CARTESIAN_POINT('',(0.021575,-0.016025,0.0015));
#7059=CARTESIAN_POINT('',(0.003025,-0.003025,0.0015));
#7060=CARTESIAN_POINT('',(0.003025,-0.002525,0.0015));
#7061=CARTESIAN_POINT('',(0.002525,-0.003025,0.0015));
#7062=CARTESIAN_POINT('',(0.009525,-0.002525,0.0015));
#7063=CARTESIAN_POINT('',(0.016025,-0.002525,0.0015));
#7064=CARTESIAN_POINT('',(0.016025,-0.003025,0.0015));
#7065=CARTESIAN_POINT('',(0.016525,-0.003025,0.0015));
#7066=CARTESIAN_POINT('',(0.016525,-0.009525,0.0015));
#7067=CARTESIAN_POINT('',(0.016525,-0.016025,0.0015));
#7068=CARTESIAN_POINT('',(0.016025,-0.016025,0.0015));
#7069=CARTESIAN_POINT('',(0.016025,-0.016525,0.0015));
#7070=CARTESIAN_POINT('',(0.009525,-0.016525,0.0015));
#7071=CARTESIAN_POINT('',(0.003025,-0.016525,0.0015));
#7072=CARTESIAN_POINT('',(0.003025,-0.016025,0.0015));
#7073=CARTESIAN_POINT('',(0.002525,-0.016025,0.0015));
#7074=CARTESIAN_POINT('',(-0.016025,-0.003025,0.0015));
#7075=CARTESIAN_POINT('',(-0.016025,-0.002525,0.0015));
#7076=CARTESIAN_POINT('',(-0.016525,-0.003025,0.0015));
#7077=CARTESIAN_POINT('',(-0.009525,-0.002525,0.0015));
#7078=CARTESIAN_POINT('',(-0.003025,-0.002525,0.0015));
#7079=CARTESIAN_POINT('',(-0.003025,-0.003025,0.0015));
#7080=CARTESIAN_POINT('',(-0.002525,-0.003025,0.0015));
#7081=CARTESIAN_POINT('',(-0.002525,-0.009525,0.0015));
#7082=CARTESIAN_POINT('',(-0.002525,-0.016025,0.0015));
#7083=CARTESIAN_POINT('',(-0.003025,-0.016025,0.0015));
#7084=CARTESIAN_POINT('',(-0.003025,-0.016525,0.0015));
#7085=CARTESIAN_POINT('',(-0.009525,-0.016525,0.0015));
#7086=CARTESIAN_POINT('',(-0.016025,-0.016525,0.0015));
#7087=CARTESIAN_POINT('',(-0.016025,-0.016025,0.0015));
#7088=CARTESIAN_POINT('',(-0.016525,-0.016025,0.0015));
#7089=CARTESIAN_POINT('',(-0.035075,-0.003025,0.0015));
#7090=CARTESIAN_POINT('',(-0.035075,-0.002525,0.0015));
#7091=CARTESIAN_POINT('',(-0.035575,-0.003025,0.0015));
#7092=CARTESIAN_POINT('',(-0.028575,-0.002525,0.0015));
#7093=CARTESIAN_POINT('',(-0.022075,-0.002525,0.0015));
#7094=CARTESIAN_POINT('',(-0.022075,-0.003025,0.0015));
#7095=CARTESIAN_POINT('',(-0.021575,-0.003025,0.0015));
#7096=CARTESIAN_POINT('',(-0.021575,-0.009525,0.0015));
#7097=CARTESIAN_POINT('',(-0.021575,-0.016025,0.0015));
#7098=CARTESIAN_POINT('',(-0.022075,-0.016025,0.0015));
#7099=CARTESIAN_POINT('',(-0.022075,-0.016525,0.0015));
#7100=CARTESIAN_POINT('',(-0.028575,-0.016525,0.0015));
#7101=CARTESIAN_POINT('',(-0.035075,-0.016525,0.0015));
#7102=CARTESIAN_POINT('',(-0.035075,-0.016025,0.0015));
#7103=CARTESIAN_POINT('',(-0.035575,-0.016025,0.0015));
#7104=CARTESIAN_POINT('',(0.022075,0.016025,0.0015));
#7105=CARTESIAN_POINT('',(0.022075,0.016525,0.0015));
#7106=CARTESIAN_POINT('',(0.021575,0.016025,0.0015));
#7107=CARTESIAN_POINT('',(0.028575,0.016525,0.0015));
#7108=CARTESIAN_POINT('',(0.035075,0.016525,0.0015));
#7109=CARTESIAN_POINT('',(0.035075,0.016025,0.0015));
#7110=CARTESIAN_POINT('',(0.035575,0.016025,0.0015));
#7111=CARTESIAN_POINT('',(0.035575,0.009525,0.0015));
#7112=CARTESIAN_POINT('',(0.035575,0.003025,0.0015));
#7113=CARTESIAN_POINT('',(0.035075,0.003025,0.0015));
#7114=CARTESIAN_POINT('',(0.035075,0.002525,0.0015));
#7115=CARTESIAN_POINT('',(0.028575,0.002525,0.0015));
#7116=CARTESIAN_POINT('',(0.022075,0.002525,0.0015));
#7117=CARTESIAN_POINT('',(0.022075,0.003025,0.0015));
#7118=CARTESIAN_POINT('',(0.021575,0.003025,0.0015));
#7119=CARTESIAN_POINT('',(0.003025,0.016025,0.0015));
#7120=CARTESIAN_POINT('',(0.003025,0.016525,0.0015));
#7121=CARTESIAN_POINT('',(0.002525,0.016025,0.0015));
#7122=CARTESIAN_POINT('',(0.009525,0.016525,0.0015));
#7123=CARTESIAN_POINT('',(0.016025,0.016525,0.0015));
#7124=CARTESIAN_POINT('',(0.016025,0.016025,0.0015));
#7125=CARTESIAN_POINT('',(0.016525,0.016025,0.0015));
#7126=CARTESIAN_POINT('',(0.016525,0.009525,0.0015));
#7127=CARTESIAN_POINT('',(0.016525,0.003025,0.0015));
#7128=CARTESIAN_POINT('',(0.016025,0.003025,0.0015));
#7129=CARTESIAN_POINT('',(0.016025,0.002525,0.0015));
#7130=CARTESIAN_POINT('',(0.009525,0.002525,0.0015));
#7131=CARTESIAN_POINT('',(0.003025,0.002525,0.0015));
#7132=CARTESIAN_POINT('',(0.003025,0.003025,0.0015));
#7133=CARTESIAN_POINT('',(0.002525,0.003025,0.0015));
#7134=CARTESIAN_POINT('',(-0.016025,0.016025,0.0015));
#7135=CARTESIAN_POINT('',(-0.016025,0.016525,0.0015));
#7136=CARTESIAN_POINT('',(-0.016525,0.016025,0.0015));
#7137=CARTESIAN_POINT('',(-0.009525,0.016525,0.0015));
#7138=CARTESIAN_POINT('',(-0.003025,0.016525,0.0015));
#7139=CARTESIAN_POINT('',(-0.003025,0.016025,0.0015));
#7140=CARTESIAN_POINT('',(-0.002525,0.016025,0.0015));
#7141=CARTESIAN_POINT('',(-0.002525,0.009525,0.0015));
#7142=CARTESIAN_POINT('',(-0.002525,0.003025,0.0015));
#7143=CARTESIAN_POINT('',(-0.003025,0.003025,0.0015));
#7144=CARTESIAN_POINT('',(-0.003025,0.002525,0.0015));
#7145=CARTESIAN_POINT('',(-0.009525,0.002525,0.0015));
#7146=CARTESIAN_POINT('',(-0.016025,0.002525,0.0015));
#7147=CARTESIAN_POINT('',(-0.016025,0.003025,0.0015));
#7148=CARTESIAN_POINT('',(-0.016525,0.003025,0.0015));
#7149=CARTESIAN_POINT('',(-0.035075,0.016025,0.0015));
#7150=CARTESIAN_POINT('',(-0.035075,0.016525,0.0015));
#7151=CARTESIAN_POINT('',(-0.035575,0.016025,0.0015));
#7152=CARTESIAN_POINT('',(-0.028575,0.016525,0.0015));
#7153=CARTESIAN_POINT('',(-0.022075,0.016525,0.0015));
#7154=CARTESIAN_POINT('',(-0.022075,0.016025,0.0015));
#7155=CARTESIAN_POINT('',(-0.021575,0.016025,0.0015));
#7156=CARTESIAN_POINT('',(-0.021575,0.009525,0.0015));
#7157=CARTESIAN_POINT('',(-0.021575,0.003025,0.0015));
#7158=CARTESIAN_POINT('',(-0.022075,0.003025,0.0015));
#7159=CARTESIAN_POINT('',(-0.022075,0.002525,0.0015));
#7160=CARTESIAN_POINT('',(-0.028575,0.002525,0.0015));
#7161=CARTESIAN_POINT('',(-0.035075,0.002525,0.0015));
#7162=CARTESIAN_POINT('',(-0.035075,0.003025,0.0015));
#7163=CARTESIAN_POINT('',(-0.035575,0.003025,0.0015));
#7164=CARTESIAN_POINT('',(0.003025,0.035075,0.0015));
#7165=CARTESIAN_POINT('',(0.003025,0.035575,0.0015));
#7166=CARTESIAN_POINT('',(0.002525,0.035075,0.0015));
#7167=CARTESIAN_POINT('',(0.009525,0.035575,0.0015));
#7168=CARTESIAN_POINT('',(0.016025,0.035575,0.0015));
#7169=CARTESIAN_POINT('',(0.016025,0.035075,0.0015));
#7170=CARTESIAN_POINT('',(0.016525,0.035075,0.0015));
#7171=CARTESIAN_POINT('',(0.016525,0.028575,0.0015));
#7172=CARTESIAN_POINT('',(0.016525,0.022075,0.0015));
#7173=CARTESIAN_POINT('',(0.016025,0.022075,0.0015));
#7174=CARTESIAN_POINT('',(0.016025,0.021575,0.0015));
#7175=CARTESIAN_POINT('',(0.009525,0.021575,0.0015));
#7176=CARTESIAN_POINT('',(0.003025,0.021575,0.0015));
#7177=CARTESIAN_POINT('',(0.003025,0.022075,0.0015));
#7178=CARTESIAN_POINT('',(0.002525,0.022075,0.0015));
#7179=CARTESIAN_POINT('',(-0.016025,0.035075,0.0015));
#7180=CARTESIAN_POINT('',(-0.016025,0.035575,0.0015));
#7181=CARTESIAN_POINT('',(-0.016525,0.035075,0.0015));
#7182=CARTESIAN_POINT('',(-0.009525,0.035575,0.0015));
#7183=CARTESIAN_POINT('',(-0.003025,0.035575,0.0015));
#7184=CARTESIAN_POINT('',(-0.003025,0.035075,0.0015));
#7185=CARTESIAN_POINT('',(-0.002525,0.035075,0.0015));
#7186=CARTESIAN_POINT('',(-0.002525,0.028575,0.0015));
#7187=CARTESIAN_POINT('',(-0.002525,0.022075,0.0015));
#7188=CARTESIAN_POINT('',(-0.003025,0.022075,0.0015));
#7189=CARTESIAN_POINT('',(-0.003025,0.021575,0.0015));
#7190=CARTESIAN_POINT('',(-0.009525,0.021575,0.0015));
#7191=CARTESIAN_POINT('',(-0.016025,0.021575,0.0015));
#7192=CARTESIAN_POINT('',(-0.016025,0.022075,0.0015));
#7193=CARTESIAN_POINT('',(-0.016525,0.022075,0.0015));
#7194=CARTESIAN_POINT('',(-0.035075,0.035075,0.0015));
#7195=CARTESIAN_POINT('',(-0.035075,0.035575,0.0015));
#7196=CARTESIAN_POINT('',(-0.035575,0.035075,0.0015));
#7197=CARTESIAN_POINT('',(-0.028575,0.035575,0.0015));
#7198=CARTESIAN_POINT('',(-0.022075,0.035575,0.0015));
#7199=CARTESIAN_POINT('',(-0.022075,0.035075,0.0015));
#7200=CARTESIAN_POINT('',(-0.021575,0.035075,0.0015));
#7201=CARTESIAN_POINT('',(-0.021575,0.028575,0.0015));
#7202=CARTESIAN_POINT('',(-0.021575,0.022075,0.0015));
#7203=CARTESIAN_POINT('',(-0.022075,0.022075,0.0015));
#7204=CARTESIAN_POINT('',(-0.022075,0.021575,0.0015));
#7205=CARTESIAN_POINT('',(-0.028575,0.021575,0.0015));
#7206=CARTESIAN_POINT('',(-0.035075,0.021575,0.0015));
#7207=CARTESIAN_POINT('',(-0.035075,0.022075,0.0015));
#7208=CARTESIAN_POINT('',(-0.035575,0.022075,0.0015));
#7209=CARTESIAN_POINT('',(0.021575,-0.028575,0.0015));
#7210=CARTESIAN_POINT('',(0.002525,-0.028575,0.0015));
#7211=CARTESIAN_POINT('',(-0.016525,-0.028575,0.0015));
#7212=CARTESIAN_POINT('',(-0.035575,-0.028575,0.0015));
#7213=CARTESIAN_POINT('',(0.021575,-0.009525,0.0015));
#7214=CARTESIAN_POINT('',(0.002525,-0.009525,0.0015));
#7215=CARTESIAN_POINT('',(-0.016525,-0.009525,0.0015));
#7216=CARTESIAN_POINT('',(-0.035575,-0.009525,0.0015));
#7217=CARTESIAN_POINT('',(0.021575,0.009525,0.0015));
#7218=CARTESIAN_POINT('',(0.002525,0.009525,0.0015));
#7219=CARTESIAN_POINT('',(-0.016525,0.009525,0.0015));
#7220=CARTESIAN_POINT('',(-0.035575,0.009525,0.0015));
#7221=CARTESIAN_POINT('',(0.002525,0.028575,0.0015));
#7222=CARTESIAN_POINT('',(-0.016525,0.028575,0.0015));
#7223=CARTESIAN_POINT('',(-0.035575,0.028575,0.0015));
#7224=CARTESIAN_POINT('',(0.0350062058607866,0.0285168392351099,-0.0235));
#7225=CARTESIAN_POINT('',(0.0350062058607866,0.0226668392351099,-0.0235));
#7226=CARTESIAN_POINT('',(0.0350062058607866,0.0343668392351099,-0.0235));
#7227=CARTESIAN_POINT('',(0.0345062058607866,0.0343668392351099,-0.0235));
#7228=CARTESIAN_POINT('',(0.0345062058607866,0.0348668392351099,-0.0235));
#7229=CARTESIAN_POINT('',(0.0286562058607866,0.0348668392351099,-0.0235));
#7230=CARTESIAN_POINT('',(0.0228062058607865,0.0348668392351099,-0.0235));
#7231=CARTESIAN_POINT('',(0.0228062058607865,0.0343668392351099,-0.0235));
#7232=CARTESIAN_POINT('',(0.0223062058607865,0.0343668392351099,-0.0235));
#7233=CARTESIAN_POINT('',(0.0223062058607865,0.0285168392351099,-0.0235));
#7234=CARTESIAN_POINT('',(0.0223062058607865,0.0226668392351099,-0.0235));
#7235=CARTESIAN_POINT('',(0.0228062058607865,0.0226668392351099,-0.0235));
#7236=CARTESIAN_POINT('',(0.0228062058607865,0.0221668392351099,-0.0235));
#7237=CARTESIAN_POINT('',(0.0286562058607866,0.0221668392351099,-0.0235));
#7238=CARTESIAN_POINT('',(0.0345062058607866,0.0221668392351099,-0.0235));
#7239=CARTESIAN_POINT('',(0.0345062058607866,0.0226668392351099,-0.0235));
#7240=CARTESIAN_POINT('',(0.035,-0.0190076170310066,-0.0235));
#7241=CARTESIAN_POINT('',(0.035,-0.0195076170310066,-0.0235));
#7242=CARTESIAN_POINT('',(0.035,-0.0185076170310066,-0.0235));
#7243=CARTESIAN_POINT('',(0.,-0.0185076170310066,-0.0235));
#7244=CARTESIAN_POINT('',(-0.035,-0.0185076170310065,-0.0235));
#7245=CARTESIAN_POINT('',(-0.035,-0.0190076170310066,-0.0235));
#7246=CARTESIAN_POINT('',(-0.035,-0.0195076170310066,-0.0235));
#7247=CARTESIAN_POINT('',(0.,-0.0195076170310066,-0.0235));
#7248=CARTESIAN_POINT('',(0.035,-3.25260651745652E-19,-0.0235));
#7249=CARTESIAN_POINT('',(0.035,-0.0005,-0.0235));
#7250=CARTESIAN_POINT('',(0.035,0.0005,-0.0235));
#7251=CARTESIAN_POINT('',(0.,0.0005,-0.0235));
#7252=CARTESIAN_POINT('',(-0.035,0.0005,-0.0235));
#7253=CARTESIAN_POINT('',(-0.035,-3.25260651745652E-19,-0.0235));
#7254=CARTESIAN_POINT('',(-0.035,-0.0005,-0.0235));
#7255=CARTESIAN_POINT('',(0.,-0.0005,-0.0235));
#7256=CARTESIAN_POINT('',(0.035,0.0190076170310066,-0.0235));
#7257=CARTESIAN_POINT('',(0.035,0.0185076170310066,-0.0235));
#7258=CARTESIAN_POINT('',(0.035,0.0195076170310066,-0.0235));
#7259=CARTESIAN_POINT('',(0.,0.0195076170310066,-0.0235));
#7260=CARTESIAN_POINT('',(-0.035,0.0195076170310066,-0.0235));
#7261=CARTESIAN_POINT('',(-0.035,0.0190076170310066,-0.0235));
#7262=CARTESIAN_POINT('',(-0.035,0.0185076170310066,-0.0235));
#7263=CARTESIAN_POINT('',(0.,0.0185076170310066,-0.0235));
#7264=CARTESIAN_POINT('',(0.,-0.0401,0.0015));
#7265=CARTESIAN_POINT('',(-0.0381,-0.0401,0.));
#7266=CARTESIAN_POINT('',(-0.014,-0.0401,-1.E-05));
#7267=CARTESIAN_POINT('',(0.0401,0.,0.0015));
#7268=CARTESIAN_POINT('',(0.0401,-0.0381,0.0015));
#7269=CARTESIAN_POINT('',(0.0401,-0.014,-1.E-05));
#7270=CARTESIAN_POINT('',(-0.0401,0.,0.0015));
#7271=CARTESIAN_POINT('',(-0.0401,-0.0381,0.0015));
#7272=CARTESIAN_POINT('',(-0.0401,-0.014,-1.E-05));
#7273=CARTESIAN_POINT('',(0.,0.0401,0.0015));
#7274=CARTESIAN_POINT('',(-0.0381,0.0401,0.0015));
#7275=CARTESIAN_POINT('',(-0.014,0.0401,-1.E-05));
#7276=CARTESIAN_POINT('',(0.,-0.0401,-1.E-05));
#7277=CARTESIAN_POINT('',(-0.014,-0.0401,-1.E-05));
#7278=CARTESIAN_POINT('',(-0.014,-0.0401,-1.E-05));
#7279=CARTESIAN_POINT('',(0.014,-0.0401,-1.E-05));
#7280=CARTESIAN_POINT('',(0.014,-0.0401,-1.E-05));
#7281=CARTESIAN_POINT('',(0.,-0.0401,-1.E-05));
#7282=CARTESIAN_POINT('',(0.013,-0.04225,-1.E-05));
#7283=CARTESIAN_POINT('',(0.013,-0.04225,-1.E-05));
#7284=CARTESIAN_POINT('',(0.0122123434886367,-0.0439434614994312,-1.E-05));
#7285=CARTESIAN_POINT('',(0.0122123434886367,-0.0439434614994312,0.0015));
#7286=CARTESIAN_POINT('',(1.38777878078145E-17,-0.0451,-1.E-05));
#7287=CARTESIAN_POINT('',(-0.0103989012648596,-0.0451,-1.E-05));
#7288=CARTESIAN_POINT('',(-0.0103989012648596,-0.0451,-1.E-05));
#7289=CARTESIAN_POINT('',(1.38777878078145E-17,-0.0451,-1.E-05));
#7290=CARTESIAN_POINT('',(0.0103989012648597,-0.0451,-1.E-05));
#7291=CARTESIAN_POINT('',(0.0103989012648597,-0.0451,-1.E-05));
#7292=CARTESIAN_POINT('',(0.,-0.040660209537751,-1.E-05));
#7293=CARTESIAN_POINT('',(-0.0125262052698566,-0.040660209537751,-1.E-05));
#7294=CARTESIAN_POINT('',(-0.0125262052698566,-0.040660209537751,-1.E-05));
#7295=CARTESIAN_POINT('',(0.,-0.040660209537751,-1.E-05));
#7296=CARTESIAN_POINT('',(0.0125262052698566,-0.040660209537751,-1.E-05));
#7297=CARTESIAN_POINT('',(0.0125262052698566,-0.040660209537751,-1.E-05));
#7298=CARTESIAN_POINT('',(-0.0117937516330968,-0.0422349848567844,-1.E-05));
#7299=CARTESIAN_POINT('',(-0.0117937516330968,-0.0422349848567844,-1.E-05));
#7300=CARTESIAN_POINT('',(-0.0115992228803226,-0.042653221675249,-1.E-05));
#7301=CARTESIAN_POINT('',(-0.0115992228803226,-0.042653221675249,0.0015));
#7302=CARTESIAN_POINT('',(0.,-0.0438097601758178,-1.E-05));
#7303=CARTESIAN_POINT('',(0.,-0.0438097601758178,-1.E-05));
#7304=CARTESIAN_POINT('',(0.00978578065654558,-0.0438097601758178,-1.E-05));
#7305=CARTESIAN_POINT('',(-0.0097857806565456,-0.0438097601758178,-1.E-05));
#7306=CARTESIAN_POINT('',(-0.0097857806565456,-0.0438097601758178,-1.E-05));
#7307=CARTESIAN_POINT('',(0.00978578065654558,-0.0438097601758178,0.0015));
#7308=CARTESIAN_POINT('',(0.0117937516330968,-0.0422349848567844,-1.E-05));
#7309=CARTESIAN_POINT('',(0.0117937516330968,-0.0422349848567844,-1.E-05));
#7310=CARTESIAN_POINT('',(0.0115992228803226,-0.042653221675249,-1.E-05));
#7311=CARTESIAN_POINT('',(0.0115992228803226,-0.042653221675249,-1.E-05));
#7312=CARTESIAN_POINT('',(-0.0118372093023256,-0.04475,-1.E-05));
#7313=CARTESIAN_POINT('',(-0.0118372093023256,-0.04475,-1.E-05));
#7314=CARTESIAN_POINT('',(-0.0122123434886366,-0.0439434614994312,-1.E-05));
#7315=CARTESIAN_POINT('',(-0.0122123434886366,-0.0439434614994312,-1.E-05));
#7316=CARTESIAN_POINT('',(0.,-0.0025,-1.E-05));
#7317=CARTESIAN_POINT('',(-0.0097857806565456,-0.0418097601758179,-1.E-05));
#7318=CARTESIAN_POINT('',(0.00978578065654558,-0.0418097601758179,-1.E-05));
#7319=CARTESIAN_POINT('',(-0.0103989012648596,-0.0431,-1.E-05));
#7320=CARTESIAN_POINT('',(0.0103989012648597,-0.0431,-1.E-05));
#7321=CARTESIAN_POINT('',(0.0103989012648597,-0.0431,-1.E-05));
#7322=CARTESIAN_POINT('',(-0.0103989012648596,-0.0431,-1.E-05));
#7323=CARTESIAN_POINT('',(0.00978578065654558,-0.0418097601758179,-1.E-05));
#7324=CARTESIAN_POINT('',(-0.0097857806565456,-0.0418097601758179,-1.E-05));
#7325=CARTESIAN_POINT('',(0.,0.0401,-1.E-05));
#7326=CARTESIAN_POINT('',(0.014,0.0401,-1.E-05));
#7327=CARTESIAN_POINT('',(0.014,0.0401,-1.E-05));
#7328=CARTESIAN_POINT('',(-0.014,0.0401,-1.E-05));
#7329=CARTESIAN_POINT('',(-0.014,0.0401,-1.E-05));
#7330=CARTESIAN_POINT('',(0.,0.0401,-1.E-05));
#7331=CARTESIAN_POINT('',(0.013,0.04225,-1.E-05));
#7332=CARTESIAN_POINT('',(0.013,0.04225,-1.E-05));
#7333=CARTESIAN_POINT('',(0.0122123434886367,0.0439434614994312,-1.E-05));
#7334=CARTESIAN_POINT('',(0.0122123434886367,0.0439434614994312,0.0015));
#7335=CARTESIAN_POINT('',(1.38777878078145E-17,0.0451,-1.E-05));
#7336=CARTESIAN_POINT('',(0.0103989012648597,0.0451,-1.E-05));
#7337=CARTESIAN_POINT('',(0.0103989012648597,0.0451,-1.E-05));
#7338=CARTESIAN_POINT('',(1.38777878078145E-17,0.0451,-1.E-05));
#7339=CARTESIAN_POINT('',(-0.0103989012648596,0.0451,-1.E-05));
#7340=CARTESIAN_POINT('',(-0.0103989012648596,0.0451,-1.E-05));
#7341=CARTESIAN_POINT('',(0.,0.040660209537751,-1.E-05));
#7342=CARTESIAN_POINT('',(0.0125262052698566,0.040660209537751,-1.E-05));
#7343=CARTESIAN_POINT('',(0.0125262052698566,0.040660209537751,-1.E-05));
#7344=CARTESIAN_POINT('',(0.,0.040660209537751,-1.E-05));
#7345=CARTESIAN_POINT('',(-0.0125262052698566,0.040660209537751,-1.E-05));
#7346=CARTESIAN_POINT('',(-0.0125262052698566,0.040660209537751,-1.E-05));
#7347=CARTESIAN_POINT('',(-0.0117937516330968,0.0422349848567844,-1.E-05));
#7348=CARTESIAN_POINT('',(-0.0117937516330968,0.0422349848567844,-1.E-05));
#7349=CARTESIAN_POINT('',(-0.0115992228803226,0.042653221675249,-1.E-05));
#7350=CARTESIAN_POINT('',(-0.0115992228803226,0.042653221675249,0.0015));
#7351=CARTESIAN_POINT('',(0.,0.0438097601758178,-1.E-05));
#7352=CARTESIAN_POINT('',(0.,0.0438097601758178,-1.E-05));
#7353=CARTESIAN_POINT('',(0.00978578065654558,0.0438097601758178,-1.E-05));
#7354=CARTESIAN_POINT('',(-0.0097857806565456,0.0438097601758178,-1.E-05));
#7355=CARTESIAN_POINT('',(0.00978578065654558,0.0438097601758178,0.0015));
#7356=CARTESIAN_POINT('',(-0.0097857806565456,0.0438097601758178,-1.E-05));
#7357=CARTESIAN_POINT('',(0.0117937516330968,0.0422349848567844,-1.E-05));
#7358=CARTESIAN_POINT('',(0.0115992228803226,0.042653221675249,-1.E-05));
#7359=CARTESIAN_POINT('',(0.0115992228803226,0.042653221675249,-1.E-05));
#7360=CARTESIAN_POINT('',(0.0117937516330968,0.0422349848567844,-1.E-05));
#7361=CARTESIAN_POINT('',(-0.0118372093023256,0.04475,-1.E-05));
#7362=CARTESIAN_POINT('',(-0.0122123434886366,0.0439434614994312,-1.E-05));
#7363=CARTESIAN_POINT('',(-0.0122123434886366,0.0439434614994312,-1.E-05));
#7364=CARTESIAN_POINT('',(-0.0118372093023256,0.04475,-1.E-05));
#7365=CARTESIAN_POINT('',(0.,0.0025,-1.E-05));
#7366=CARTESIAN_POINT('',(0.00978578065654558,0.0418097601758179,-1.E-05));
#7367=CARTESIAN_POINT('',(-0.0097857806565456,0.0418097601758179,-1.E-05));
#7368=CARTESIAN_POINT('',(0.0103989012648597,0.0431,-1.E-05));
#7369=CARTESIAN_POINT('',(-0.0103989012648596,0.0431,-1.E-05));
#7370=CARTESIAN_POINT('',(0.0103989012648597,0.0431,-1.E-05));
#7371=CARTESIAN_POINT('',(-0.0103989012648596,0.0431,-1.E-05));
#7372=CARTESIAN_POINT('',(0.00978578065654558,0.0418097601758179,-1.E-05));
#7373=CARTESIAN_POINT('',(-0.0097857806565456,0.0418097601758179,-1.E-05));
#7374=CARTESIAN_POINT('',(0.0401,0.,-1.E-05));
#7375=CARTESIAN_POINT('',(0.0401,-0.014,-1.E-05));
#7376=CARTESIAN_POINT('',(0.0401,-0.014,-1.E-05));
#7377=CARTESIAN_POINT('',(0.0401,0.014,-1.E-05));
#7378=CARTESIAN_POINT('',(0.0401,0.014,-1.E-05));
#7379=CARTESIAN_POINT('',(0.0401,0.,-1.E-05));
#7380=CARTESIAN_POINT('',(0.04225,-0.013,-1.E-05));
#7381=CARTESIAN_POINT('',(0.04225,-0.013,-1.E-05));
#7382=CARTESIAN_POINT('',(0.0439434614994312,-0.0122123434886367,-1.E-05));
#7383=CARTESIAN_POINT('',(0.0439434614994312,-0.0122123434886367,0.0015));
#7384=CARTESIAN_POINT('',(0.0451,-1.21430643318376E-17,-1.E-05));
#7385=CARTESIAN_POINT('',(0.0451,-0.0103989012648597,-1.E-05));
#7386=CARTESIAN_POINT('',(0.0451,-0.0103989012648597,-1.E-05));
#7387=CARTESIAN_POINT('',(0.0451,-1.21430643318376E-17,-1.E-05));
#7388=CARTESIAN_POINT('',(0.0451,0.0103989012648596,-1.E-05));
#7389=CARTESIAN_POINT('',(0.0451,0.0103989012648596,-1.E-05));
#7390=CARTESIAN_POINT('',(0.040660209537751,-3.46944695195361E-18,-1.E-05));
#7391=CARTESIAN_POINT('',(0.040660209537751,-0.0125262052698566,-1.E-05));
#7392=CARTESIAN_POINT('',(0.040660209537751,-0.0125262052698566,-1.E-05));
#7393=CARTESIAN_POINT('',(0.040660209537751,-3.46944695195361E-18,-1.E-05));
#7394=CARTESIAN_POINT('',(0.040660209537751,0.0125262052698566,-1.E-05));
#7395=CARTESIAN_POINT('',(0.040660209537751,0.0125262052698566,-1.E-05));
#7396=CARTESIAN_POINT('',(0.0422349848567844,0.0117937516330968,-1.E-05));
#7397=CARTESIAN_POINT('',(0.0422349848567844,0.0117937516330968,-1.E-05));
#7398=CARTESIAN_POINT('',(0.042653221675249,0.0115992228803226,-1.E-05));
#7399=CARTESIAN_POINT('',(0.042653221675249,0.0115992228803226,0.0015));
#7400=CARTESIAN_POINT('',(0.0438097601758178,5.20417042793042E-18,-1.E-05));
#7401=CARTESIAN_POINT('',(0.0438097601758178,5.20417042793042E-18,-1.E-05));
#7402=CARTESIAN_POINT('',(0.0438097601758178,-0.00978578065654557,-1.E-05));
#7403=CARTESIAN_POINT('',(0.0438097601758178,0.0097857806565456,-1.E-05));
#7404=CARTESIAN_POINT('',(0.0438097601758178,-0.00978578065654557,0.0015));
#7405=CARTESIAN_POINT('',(0.0438097601758178,0.0097857806565456,-1.E-05));
#7406=CARTESIAN_POINT('',(0.0422349848567844,-0.0117937516330968,-1.E-05));
#7407=CARTESIAN_POINT('',(0.042653221675249,-0.0115992228803226,-1.E-05));
#7408=CARTESIAN_POINT('',(0.042653221675249,-0.0115992228803226,-1.E-05));
#7409=CARTESIAN_POINT('',(0.0422349848567844,-0.0117937516330968,-1.E-05));
#7410=CARTESIAN_POINT('',(0.04475,0.0118372093023256,-1.E-05));
#7411=CARTESIAN_POINT('',(0.0439434614994312,0.0122123434886366,-1.E-05));
#7412=CARTESIAN_POINT('',(0.0439434614994312,0.0122123434886366,-1.E-05));
#7413=CARTESIAN_POINT('',(0.04475,0.0118372093023256,-1.E-05));
#7414=CARTESIAN_POINT('',(0.0025,0.,-1.E-05));
#7415=CARTESIAN_POINT('',(0.0418097601758179,-0.00978578065654557,-1.E-05));
#7416=CARTESIAN_POINT('',(0.0418097601758179,0.0097857806565456,-1.E-05));
#7417=CARTESIAN_POINT('',(0.0431,-0.0103989012648597,-1.E-05));
#7418=CARTESIAN_POINT('',(0.0431,0.0103989012648596,-1.E-05));
#7419=CARTESIAN_POINT('',(0.0431,-0.0103989012648597,-1.E-05));
#7420=CARTESIAN_POINT('',(0.0431,0.0103989012648596,-1.E-05));
#7421=CARTESIAN_POINT('',(0.0418097601758179,-0.00978578065654557,-1.E-05));
#7422=CARTESIAN_POINT('',(0.0418097601758179,0.0097857806565456,-1.E-05));
#7423=CARTESIAN_POINT('',(-0.0401,0.,-1.E-05));
#7424=CARTESIAN_POINT('',(-0.0401,0.014,-1.E-05));
#7425=CARTESIAN_POINT('',(-0.0401,0.014,-1.E-05));
#7426=CARTESIAN_POINT('',(-0.0401,-0.014,-1.E-05));
#7427=CARTESIAN_POINT('',(-0.0401,-0.014,-1.E-05));
#7428=CARTESIAN_POINT('',(-0.0401,0.,-1.E-05));
#7429=CARTESIAN_POINT('',(-0.04225,-0.013,-1.E-05));
#7430=CARTESIAN_POINT('',(-0.04225,-0.013,-1.E-05));
#7431=CARTESIAN_POINT('',(-0.0439434614994312,-0.0122123434886367,-1.E-05));
#7432=CARTESIAN_POINT('',(-0.0439434614994312,-0.0122123434886367,0.0015));
#7433=CARTESIAN_POINT('',(-0.0451,-1.21430643318376E-17,-1.E-05));
#7434=CARTESIAN_POINT('',(-0.0451,0.0103989012648596,-1.E-05));
#7435=CARTESIAN_POINT('',(-0.0451,0.0103989012648596,-1.E-05));
#7436=CARTESIAN_POINT('',(-0.0451,-1.21430643318376E-17,-1.E-05));
#7437=CARTESIAN_POINT('',(-0.0451,-0.0103989012648597,-1.E-05));
#7438=CARTESIAN_POINT('',(-0.0451,-0.0103989012648597,-1.E-05));
#7439=CARTESIAN_POINT('',(-0.040660209537751,-3.46944695195361E-18,-1.E-05));
#7440=CARTESIAN_POINT('',(-0.040660209537751,0.0125262052698566,-1.E-05));
#7441=CARTESIAN_POINT('',(-0.040660209537751,0.0125262052698566,-1.E-05));
#7442=CARTESIAN_POINT('',(-0.040660209537751,-3.46944695195361E-18,-1.E-05));
#7443=CARTESIAN_POINT('',(-0.040660209537751,-0.0125262052698566,-1.E-05));
#7444=CARTESIAN_POINT('',(-0.040660209537751,-0.0125262052698566,-1.E-05));
#7445=CARTESIAN_POINT('',(-0.0422349848567844,0.0117937516330968,-1.E-05));
#7446=CARTESIAN_POINT('',(-0.0422349848567844,0.0117937516330968,-1.E-05));
#7447=CARTESIAN_POINT('',(-0.042653221675249,0.0115992228803226,-1.E-05));
#7448=CARTESIAN_POINT('',(-0.042653221675249,0.0115992228803226,0.0015));
#7449=CARTESIAN_POINT('',(-0.0438097601758178,5.20417042793042E-18,-1.E-05));
#7450=CARTESIAN_POINT('',(-0.0438097601758178,5.20417042793042E-18,-1.E-05));
#7451=CARTESIAN_POINT('',(-0.0438097601758178,-0.00978578065654557,-1.E-05));
#7452=CARTESIAN_POINT('',(-0.0438097601758178,0.0097857806565456,-1.E-05));
#7453=CARTESIAN_POINT('',(-0.0438097601758178,0.0097857806565456,-1.E-05));
#7454=CARTESIAN_POINT('',(-0.0438097601758178,-0.00978578065654557,0.0015));
#7455=CARTESIAN_POINT('',(-0.0422349848567844,-0.0117937516330968,-1.E-05));
#7456=CARTESIAN_POINT('',(-0.0422349848567844,-0.0117937516330968,-1.E-05));
#7457=CARTESIAN_POINT('',(-0.042653221675249,-0.0115992228803226,-1.E-05));
#7458=CARTESIAN_POINT('',(-0.042653221675249,-0.0115992228803226,-1.E-05));
#7459=CARTESIAN_POINT('',(-0.04475,0.0118372093023256,-1.E-05));
#7460=CARTESIAN_POINT('',(-0.04475,0.0118372093023256,-1.E-05));
#7461=CARTESIAN_POINT('',(-0.0439434614994312,0.0122123434886366,-1.E-05));
#7462=CARTESIAN_POINT('',(-0.0439434614994312,0.0122123434886366,-1.E-05));
#7463=CARTESIAN_POINT('',(-0.0025,0.,-1.E-05));
#7464=CARTESIAN_POINT('',(-0.0418097601758179,0.0097857806565456,-1.E-05));
#7465=CARTESIAN_POINT('',(-0.0418097601758179,-0.00978578065654557,-1.E-05));
#7466=CARTESIAN_POINT('',(-0.0431,0.0103989012648596,-1.E-05));
#7467=CARTESIAN_POINT('',(-0.0431,-0.0103989012648597,-1.E-05));
#7468=CARTESIAN_POINT('',(-0.0431,-0.0103989012648597,-1.E-05));
#7469=CARTESIAN_POINT('',(-0.0431,0.0103989012648596,-1.E-05));
#7470=CARTESIAN_POINT('',(-0.0418097601758179,-0.00978578065654557,-1.E-05));
#7471=CARTESIAN_POINT('',(-0.0418097601758179,0.0097857806565456,-1.E-05));
#7472=CARTESIAN_POINT('',(-0.0381,-0.0381,0.0015));
#7473=CARTESIAN_POINT('',(0.0381,-0.0381,0.0015));
#7474=CARTESIAN_POINT('',(0.0381,0.0381,0.0015));
#7475=CARTESIAN_POINT('',(-0.0381,0.0381,0.0015));
#7476=CARTESIAN_POINT('',(0.02,-0.038575,-0.0235));
#7477=CARTESIAN_POINT('',(0.02,-0.039325,-0.0235));
#7478=CARTESIAN_POINT('',(0.02,-0.037825,-0.0235));
#7479=CARTESIAN_POINT('',(-3.46944695195361E-18,-0.037825,-0.0235));
#7480=CARTESIAN_POINT('',(-0.02,-0.037825,-0.0235));
#7481=CARTESIAN_POINT('',(-0.02,-0.038575,-0.0235));
#7482=CARTESIAN_POINT('',(-0.02,-0.039325,-0.0235));
#7483=CARTESIAN_POINT('',(-3.46944695195361E-18,-0.039325,-0.0235));
#7484=CARTESIAN_POINT('',(0.03875,0.,-0.0235));
#7485=CARTESIAN_POINT('',(0.03875,-0.02,-0.0235));
#7486=CARTESIAN_POINT('',(0.03875,0.02,-0.0235));
#7487=CARTESIAN_POINT('',(0.038,0.02,-0.0235));
#7488=CARTESIAN_POINT('',(0.03725,0.02,-0.0235));
#7489=CARTESIAN_POINT('',(0.03725,0.,-0.0235));
#7490=CARTESIAN_POINT('',(0.03725,-0.02,-0.0235));
#7491=CARTESIAN_POINT('',(0.038,-0.02,-0.0235));
#7492=CARTESIAN_POINT('',(-0.03725,0.,-0.0235));
#7493=CARTESIAN_POINT('',(-0.03725,-0.02,-0.0235));
#7494=CARTESIAN_POINT('',(-0.03725,0.02,-0.0235));
#7495=CARTESIAN_POINT('',(-0.038,0.02,-0.0235));
#7496=CARTESIAN_POINT('',(-0.03875,0.02,-0.0235));
#7497=CARTESIAN_POINT('',(-0.03875,0.,-0.0235));
#7498=CARTESIAN_POINT('',(-0.03875,-0.02,-0.0235));
#7499=CARTESIAN_POINT('',(-0.038,-0.02,-0.0235));
#7500=CARTESIAN_POINT('',(0.02,0.038575,-0.0235));
#7501=CARTESIAN_POINT('',(0.02,0.037825,-0.0235));
#7502=CARTESIAN_POINT('',(0.02,0.039325,-0.0235));
#7503=CARTESIAN_POINT('',(0.,0.039325,-0.0235));
#7504=CARTESIAN_POINT('',(-0.02,0.039325,-0.0235));
#7505=CARTESIAN_POINT('',(-0.02,0.038575,-0.0235));
#7506=CARTESIAN_POINT('',(-0.02,0.037825,-0.0235));
#7507=CARTESIAN_POINT('',(0.,0.037825,-0.0235));
#7508=MECHANICAL_DESIGN_GEOMETRIC_PRESENTATION_REPRESENTATION('',(#4533),#7509);
#7509=(
GEOMETRIC_REPRESENTATION_CONTEXT(3)
GLOBAL_UNCERTAINTY_ASSIGNED_CONTEXT((#7510))
GLOBAL_UNIT_ASSIGNED_CONTEXT((#7513,#7512,#7511))
REPRESENTATION_CONTEXT('Part 1','TOP_LEVEL_ASSEMBLY_PART')
);
#7510=UNCERTAINTY_MEASURE_WITH_UNIT(LENGTH_MEASURE(1.E-08),#7513,'DISTANCE_ACCURACY_VALUE','Maximum Tolerance applied to model');
#7511=(
NAMED_UNIT(*)
SI_UNIT($,.STERADIAN.)
SOLID_ANGLE_UNIT()
);
#7512=(
NAMED_UNIT(*)
PLANE_ANGLE_UNIT()
SI_UNIT($,.RADIAN.)
);
#7513=(
LENGTH_UNIT()
NAMED_UNIT(*)
SI_UNIT($,.METRE.)
);
#7514=PRODUCT_DEFINITION_SHAPE('','',#7515);
#7515=PRODUCT_DEFINITION('','',#7517,#7516);
#7516=PRODUCT_DEFINITION_CONTEXT('',#7523,'design');
#7517=PRODUCT_DEFINITION_FORMATION_WITH_SPECIFIED_SOURCE('','',#7519,.NOT_KNOWN.);
#7518=PRODUCT_RELATED_PRODUCT_CATEGORY('','',(#7519));
#7519=PRODUCT('Part 1','Part 1','Part 1',(#7521));
#7520=PRODUCT_CATEGORY('','');
#7521=PRODUCT_CONTEXT('',#7523,'mechanical');
#7522=APPLICATION_PROTOCOL_DEFINITION('international standard','ap242_managed_model_based_3d_engineering',2020,#7523);
#7523=APPLICATION_CONTEXT('managed model based 3d engineering');
ENDSEC;
END-ISO-10303-21;
