ISO-10303-21;
HEADER;
/*Generated by software containing ST-Developer
 * from STEP Tools, Inc. (www.steptools.com) 
 */
/*OPTION: using custom renumber hook */
/*description */
/*implementation_level */
FILE_DESCRIPTION(('STEP AP242 Edition 2','STEP AP242 Edition 2''CAx-IF Rec.Pracs.---Representation and Presentation of Product Manufa
cturing Information (PMI)---4.0---2014-10-13','STEP AP242 Edition 2''CAx-IF Rec.Pracs.---Representation and Presentation of Product Manufa
cturing Information (PMI)---4.0---2014-10-13''CAx-IF Rec.Pracs.---3D Tessellated Geometry---0.4---2014-09-14','STEP AP242 Edition 2''CAx-IF Rec.Pracs.---Representation and Presentation of Product Manufa
cturing Information (PMI)---4.0---2014-10-13''CAx-IF Rec.Pracs.---3D Tessellated Geometry---0.4---2014-09-14''2;1','STEP AP242 Edition 2''CAx-IF Rec.Pracs.---Representation and Presentation of Product Manufa
cturing Information (PMI)---4.0---2014-10-13''CAx-IF Rec.Pracs.---3D Tessellated Geometry---0.4---2014-09-14''2;1''CAx-IF Rec.Pracs.---User Defined Attributes---1.5---2016-08-15'),'2;1');
/*name */
/*time_stamp */
/*author */
/*organization */
/*preprocessor_version */
/*originating_system */
/*authorisation */
FILE_NAME('/vol/tmp/translate-4990465568402071679/Frame v2.step','2026-02-28T05:12:19',(''),(''),'ST-DEVELOPER v20','ONSHAPE BY PTC INC, 1.211','  ');
FILE_SCHEMA(('AP242_MANAGED_MODEL_BASED_3D_ENGINEERING_MIM_LF { 1 0 10303 442 3 1 4 }'));
ENDSEC;
DATA;
#10=SHAPE_REPRESENTATION_RELATIONSHIP('','',#1661,#11);
#11=ADVANCED_BREP_SHAPE_REPRESENTATION('',(#1659),#2847);
#12=CONICAL_SURFACE('',#1777,0.0045,0.785398163397449);
#13=CONICAL_SURFACE('',#1778,0.0045,0.785398163397449);
#14=CONICAL_SURFACE('',#1781,0.0045,0.785398163397449);
#15=CONICAL_SURFACE('',#1782,0.0045,0.785398163397449);
#16=CONICAL_SURFACE('',#1785,0.0045,0.785398163397449);
#17=CONICAL_SURFACE('',#1786,0.0045,0.785398163397449);
#18=CONICAL_SURFACE('',#1789,0.0045,0.785398163397449);
#19=CONICAL_SURFACE('',#1790,0.0045,0.785398163397449);
#20=CONICAL_SURFACE('',#1793,0.0066,0.785398163397444);
#21=CONICAL_SURFACE('',#1794,0.0066,0.785398163397444);
#22=CONICAL_SURFACE('',#1797,0.0066,0.785398163397444);
#23=CONICAL_SURFACE('',#1798,0.0066,0.785398163397444);
#24=CONICAL_SURFACE('',#1801,0.0054,0.785398163397447);
#25=CONICAL_SURFACE('',#1802,0.0054,0.785398163397447);
#26=CONICAL_SURFACE('',#1805,0.0054,0.785398163397447);
#27=CONICAL_SURFACE('',#1806,0.0054,0.785398163397447);
#28=TOROIDAL_SURFACE('',#1727,0.00375,0.002);
#29=TOROIDAL_SURFACE('',#1734,0.00375,0.002);
#30=TOROIDAL_SURFACE('',#1736,0.00375,0.002);
#31=TOROIDAL_SURFACE('',#1742,0.00375,0.002);
#32=CYLINDRICAL_SURFACE('',#1686,0.006);
#33=CYLINDRICAL_SURFACE('',#1689,0.006);
#34=CYLINDRICAL_SURFACE('',#1692,0.006);
#35=CYLINDRICAL_SURFACE('',#1695,0.006);
#36=CYLINDRICAL_SURFACE('',#1715,0.00174999999999998);
#37=CYLINDRICAL_SURFACE('',#1718,0.00174999999999998);
#38=CYLINDRICAL_SURFACE('',#1721,0.00174999999999998);
#39=CYLINDRICAL_SURFACE('',#1724,0.00174999999999998);
#40=CYLINDRICAL_SURFACE('',#1730,0.002);
#41=CYLINDRICAL_SURFACE('',#1732,0.002);
#42=CYLINDRICAL_SURFACE('',#1738,0.002);
#43=CYLINDRICAL_SURFACE('',#1740,0.002);
#44=CYLINDRICAL_SURFACE('',#1747,0.006);
#45=CYLINDRICAL_SURFACE('',#1750,0.006);
#46=CYLINDRICAL_SURFACE('',#1753,0.006);
#47=CYLINDRICAL_SURFACE('',#1756,0.006);
#48=CYLINDRICAL_SURFACE('',#1768,0.003);
#49=CYLINDRICAL_SURFACE('',#1770,0.003);
#50=CYLINDRICAL_SURFACE('',#1772,0.003);
#51=CYLINDRICAL_SURFACE('',#1774,0.003);
#52=CYLINDRICAL_SURFACE('',#1808,0.00927058007951267);
#53=CYLINDRICAL_SURFACE('',#1810,0.00235);
#54=CYLINDRICAL_SURFACE('',#1816,0.00927058007951267);
#55=CYLINDRICAL_SURFACE('',#1818,0.00235);
#56=CYLINDRICAL_SURFACE('',#1824,0.00927058007951267);
#57=CYLINDRICAL_SURFACE('',#1826,0.00235);
#58=CYLINDRICAL_SURFACE('',#1835,0.00927058007951267);
#59=CYLINDRICAL_SURFACE('',#1837,0.00235);
#60=CYLINDRICAL_SURFACE('',#1844,0.003);
#61=CYLINDRICAL_SURFACE('',#1845,0.003);
#62=CYLINDRICAL_SURFACE('',#1846,0.003);
#63=CYLINDRICAL_SURFACE('',#1847,0.003);
#64=CYLINDRICAL_SURFACE('',#1848,0.003);
#65=CYLINDRICAL_SURFACE('',#1849,0.003);
#66=LINE('',#2375,#210);
#67=LINE('',#2379,#211);
#68=LINE('',#2383,#212);
#69=LINE('',#2387,#213);
#70=LINE('',#2388,#214);
#71=LINE('',#2391,#215);
#72=LINE('',#2393,#216);
#73=LINE('',#2395,#217);
#74=LINE('',#2397,#218);
#75=LINE('',#2399,#219);
#76=LINE('',#2401,#220);
#77=LINE('',#2403,#221);
#78=LINE('',#2405,#222);
#79=LINE('',#2408,#223);
#80=LINE('',#2410,#224);
#81=LINE('',#2412,#225);
#82=LINE('',#2414,#226);
#83=LINE('',#2416,#227);
#84=LINE('',#2418,#228);
#85=LINE('',#2420,#229);
#86=LINE('',#2422,#230);
#87=LINE('',#2425,#231);
#88=LINE('',#2427,#232);
#89=LINE('',#2429,#233);
#90=LINE('',#2431,#234);
#91=LINE('',#2433,#235);
#92=LINE('',#2435,#236);
#93=LINE('',#2437,#237);
#94=LINE('',#2439,#238);
#95=LINE('',#2442,#239);
#96=LINE('',#2444,#240);
#97=LINE('',#2446,#241);
#98=LINE('',#2448,#242);
#99=LINE('',#2450,#243);
#100=LINE('',#2452,#244);
#101=LINE('',#2454,#245);
#102=LINE('',#2456,#246);
#103=LINE('',#2461,#247);
#104=LINE('',#2465,#248);
#105=LINE('',#2469,#249);
#106=LINE('',#2476,#250);
#107=LINE('',#2480,#251);
#108=LINE('',#2505,#252);
#109=LINE('',#2510,#253);
#110=LINE('',#2514,#254);
#111=LINE('',#2518,#255);
#112=LINE('',#2521,#256);
#113=LINE('',#2524,#257);
#114=LINE('',#2526,#258);
#115=LINE('',#2528,#259);
#116=LINE('',#2530,#260);
#117=LINE('',#2533,#261);
#118=LINE('',#2535,#262);
#119=LINE('',#2537,#263);
#120=LINE('',#2539,#264);
#121=LINE('',#2542,#265);
#122=LINE('',#2544,#266);
#123=LINE('',#2546,#267);
#124=LINE('',#2548,#268);
#125=LINE('',#2551,#269);
#126=LINE('',#2553,#270);
#127=LINE('',#2555,#271);
#128=LINE('',#2560,#272);
#129=LINE('',#2564,#273);
#130=LINE('',#2568,#274);
#131=LINE('',#2572,#275);
#132=LINE('',#2576,#276);
#133=LINE('',#2580,#277);
#134=LINE('',#2584,#278);
#135=LINE('',#2588,#279);
#136=LINE('',#2590,#280);
#137=LINE('',#2594,#281);
#138=LINE('',#2596,#282);
#139=LINE('',#2598,#283);
#140=LINE('',#2600,#284);
#141=LINE('',#2604,#285);
#142=LINE('',#2606,#286);
#143=LINE('',#2608,#287);
#144=LINE('',#2612,#288);
#145=LINE('',#2614,#289);
#146=LINE('',#2616,#290);
#147=LINE('',#2620,#291);
#148=LINE('',#2638,#292);
#149=LINE('',#2640,#293);
#150=LINE('',#2642,#294);
#151=LINE('',#2644,#295);
#152=LINE('',#2646,#296);
#153=LINE('',#2648,#297);
#154=LINE('',#2650,#298);
#155=LINE('',#2652,#299);
#156=LINE('',#2654,#300);
#157=LINE('',#2656,#301);
#158=LINE('',#2658,#302);
#159=LINE('',#2660,#303);
#160=LINE('',#2677,#304);
#161=LINE('',#2681,#305);
#162=LINE('',#2685,#306);
#163=LINE('',#2689,#307);
#164=LINE('',#2693,#308);
#165=LINE('',#2697,#309);
#166=LINE('',#2701,#310);
#167=LINE('',#2705,#311);
#168=LINE('',#2715,#312);
#169=LINE('',#2716,#313);
#170=LINE('',#2718,#314);
#171=LINE('',#2720,#315);
#172=LINE('',#2722,#316);
#173=LINE('',#2724,#317);
#174=LINE('',#2726,#318);
#175=LINE('',#2728,#319);
#176=LINE('',#2731,#320);
#177=LINE('',#2732,#321);
#178=LINE('',#2734,#322);
#179=LINE('',#2736,#323);
#180=LINE('',#2738,#324);
#181=LINE('',#2740,#325);
#182=LINE('',#2742,#326);
#183=LINE('',#2744,#327);
#184=LINE('',#2747,#328);
#185=LINE('',#2748,#329);
#186=LINE('',#2750,#330);
#187=LINE('',#2752,#331);
#188=LINE('',#2754,#332);
#189=LINE('',#2756,#333);
#190=LINE('',#2758,#334);
#191=LINE('',#2760,#335);
#192=LINE('',#2763,#336);
#193=LINE('',#2764,#337);
#194=LINE('',#2766,#338);
#195=LINE('',#2768,#339);
#196=LINE('',#2770,#340);
#197=LINE('',#2772,#341);
#198=LINE('',#2774,#342);
#199=LINE('',#2776,#343);
#200=LINE('',#2779,#344);
#201=LINE('',#2783,#345);
#202=LINE('',#2796,#346);
#203=LINE('',#2797,#347);
#204=LINE('',#2810,#348);
#205=LINE('',#2811,#349);
#206=LINE('',#2822,#350);
#207=LINE('',#2824,#351);
#208=LINE('',#2826,#352);
#209=LINE('',#2828,#353);
#210=VECTOR('',#1856,1.);
#211=VECTOR('',#1859,1.);
#212=VECTOR('',#1862,1.);
#213=VECTOR('',#1865,1.);
#214=VECTOR('',#1866,1.);
#215=VECTOR('',#1867,1.);
#216=VECTOR('',#1868,1.);
#217=VECTOR('',#1869,1.);
#218=VECTOR('',#1870,1.);
#219=VECTOR('',#1871,1.);
#220=VECTOR('',#1872,1.);
#221=VECTOR('',#1873,1.);
#222=VECTOR('',#1876,1.);
#223=VECTOR('',#1877,1.);
#224=VECTOR('',#1878,1.);
#225=VECTOR('',#1879,1.);
#226=VECTOR('',#1880,1.);
#227=VECTOR('',#1881,1.);
#228=VECTOR('',#1882,1.);
#229=VECTOR('',#1883,1.);
#230=VECTOR('',#1886,1.);
#231=VECTOR('',#1887,1.);
#232=VECTOR('',#1888,1.);
#233=VECTOR('',#1889,1.);
#234=VECTOR('',#1890,1.);
#235=VECTOR('',#1891,1.);
#236=VECTOR('',#1892,1.);
#237=VECTOR('',#1893,1.);
#238=VECTOR('',#1896,1.);
#239=VECTOR('',#1897,1.);
#240=VECTOR('',#1898,1.);
#241=VECTOR('',#1899,1.);
#242=VECTOR('',#1900,1.);
#243=VECTOR('',#1901,1.);
#244=VECTOR('',#1902,1.);
#245=VECTOR('',#1903,1.);
#246=VECTOR('',#1906,1.);
#247=VECTOR('',#1909,1.);
#248=VECTOR('',#1912,1.);
#249=VECTOR('',#1915,1.);
#250=VECTOR('',#1922,1.);
#251=VECTOR('',#1925,1.);
#252=VECTOR('',#1966,1.);
#253=VECTOR('',#1969,1.);
#254=VECTOR('',#1972,1.);
#255=VECTOR('',#1975,1.);
#256=VECTOR('',#1978,1.);
#257=VECTOR('',#1979,1.);
#258=VECTOR('',#1980,1.);
#259=VECTOR('',#1981,1.);
#260=VECTOR('',#1984,1.);
#261=VECTOR('',#1985,1.);
#262=VECTOR('',#1986,1.);
#263=VECTOR('',#1987,1.);
#264=VECTOR('',#1990,1.);
#265=VECTOR('',#1991,1.);
#266=VECTOR('',#1992,1.);
#267=VECTOR('',#1993,1.);
#268=VECTOR('',#1996,1.);
#269=VECTOR('',#1997,1.);
#270=VECTOR('',#1998,1.);
#271=VECTOR('',#1999,1.);
#272=VECTOR('',#2004,1.);
#273=VECTOR('',#2007,1.);
#274=VECTOR('',#2010,1.);
#275=VECTOR('',#2013,1.);
#276=VECTOR('',#2016,1.);
#277=VECTOR('',#2019,1.);
#278=VECTOR('',#2022,1.);
#279=VECTOR('',#2025,1.);
#280=VECTOR('',#2028,1.);
#281=VECTOR('',#2031,1.);
#282=VECTOR('',#2034,1.);
#283=VECTOR('',#2035,1.);
#284=VECTOR('',#2038,1.);
#285=VECTOR('',#2043,1.);
#286=VECTOR('',#2044,1.);
#287=VECTOR('',#2047,1.);
#288=VECTOR('',#2052,1.);
#289=VECTOR('',#2053,1.);
#290=VECTOR('',#2056,1.);
#291=VECTOR('',#2061,1.);
#292=VECTOR('',#2096,1.);
#293=VECTOR('',#2097,1.);
#294=VECTOR('',#2098,1.);
#295=VECTOR('',#2101,1.);
#296=VECTOR('',#2102,1.);
#297=VECTOR('',#2103,1.);
#298=VECTOR('',#2106,1.);
#299=VECTOR('',#2107,1.);
#300=VECTOR('',#2108,1.);
#301=VECTOR('',#2111,1.);
#302=VECTOR('',#2112,1.);
#303=VECTOR('',#2113,1.);
#304=VECTOR('',#2142,1.);
#305=VECTOR('',#2145,1.);
#306=VECTOR('',#2148,1.);
#307=VECTOR('',#2151,1.);
#308=VECTOR('',#2154,1.);
#309=VECTOR('',#2157,1.);
#310=VECTOR('',#2160,1.);
#311=VECTOR('',#2163,1.);
#312=VECTOR('',#2182,1.);
#313=VECTOR('',#2183,1.);
#314=VECTOR('',#2186,1.);
#315=VECTOR('',#2189,1.);
#316=VECTOR('',#2192,1.);
#317=VECTOR('',#2195,1.);
#318=VECTOR('',#2198,1.);
#319=VECTOR('',#2201,1.);
#320=VECTOR('',#2206,1.);
#321=VECTOR('',#2207,1.);
#322=VECTOR('',#2210,1.);
#323=VECTOR('',#2213,1.);
#324=VECTOR('',#2216,1.);
#325=VECTOR('',#2219,1.);
#326=VECTOR('',#2222,1.);
#327=VECTOR('',#2225,1.);
#328=VECTOR('',#2230,1.);
#329=VECTOR('',#2231,1.);
#330=VECTOR('',#2234,1.);
#331=VECTOR('',#2237,1.);
#332=VECTOR('',#2240,1.);
#333=VECTOR('',#2243,1.);
#334=VECTOR('',#2246,1.);
#335=VECTOR('',#2249,1.);
#336=VECTOR('',#2254,1.);
#337=VECTOR('',#2255,1.);
#338=VECTOR('',#2258,1.);
#339=VECTOR('',#2261,1.);
#340=VECTOR('',#2264,1.);
#341=VECTOR('',#2267,1.);
#342=VECTOR('',#2270,1.);
#343=VECTOR('',#2273,1.);
#344=VECTOR('',#2278,1.);
#345=VECTOR('',#2281,1.);
#346=VECTOR('',#2298,1.);
#347=VECTOR('',#2299,1.);
#348=VECTOR('',#2316,1.);
#349=VECTOR('',#2317,1.);
#350=VECTOR('',#2334,1.);
#351=VECTOR('',#2335,1.);
#352=VECTOR('',#2338,1.);
#353=VECTOR('',#2339,1.);
#354=ORIENTED_EDGE('',*,*,#818,.F.);
#355=ORIENTED_EDGE('',*,*,#819,.F.);
#356=ORIENTED_EDGE('',*,*,#820,.F.);
#357=ORIENTED_EDGE('',*,*,#821,.F.);
#358=ORIENTED_EDGE('',*,*,#822,.F.);
#359=ORIENTED_EDGE('',*,*,#823,.F.);
#360=ORIENTED_EDGE('',*,*,#824,.F.);
#361=ORIENTED_EDGE('',*,*,#825,.F.);
#362=ORIENTED_EDGE('',*,*,#826,.F.);
#363=ORIENTED_EDGE('',*,*,#827,.T.);
#364=ORIENTED_EDGE('',*,*,#828,.F.);
#365=ORIENTED_EDGE('',*,*,#829,.T.);
#366=ORIENTED_EDGE('',*,*,#830,.F.);
#367=ORIENTED_EDGE('',*,*,#831,.T.);
#368=ORIENTED_EDGE('',*,*,#832,.T.);
#369=ORIENTED_EDGE('',*,*,#833,.T.);
#370=ORIENTED_EDGE('',*,*,#834,.T.);
#371=ORIENTED_EDGE('',*,*,#835,.T.);
#372=ORIENTED_EDGE('',*,*,#836,.T.);
#373=ORIENTED_EDGE('',*,*,#837,.T.);
#374=ORIENTED_EDGE('',*,*,#838,.T.);
#375=ORIENTED_EDGE('',*,*,#839,.T.);
#376=ORIENTED_EDGE('',*,*,#840,.T.);
#377=ORIENTED_EDGE('',*,*,#841,.T.);
#378=ORIENTED_EDGE('',*,*,#842,.F.);
#379=ORIENTED_EDGE('',*,*,#843,.T.);
#380=ORIENTED_EDGE('',*,*,#844,.F.);
#381=ORIENTED_EDGE('',*,*,#845,.T.);
#382=ORIENTED_EDGE('',*,*,#846,.T.);
#383=ORIENTED_EDGE('',*,*,#847,.T.);
#384=ORIENTED_EDGE('',*,*,#848,.F.);
#385=ORIENTED_EDGE('',*,*,#849,.T.);
#386=ORIENTED_EDGE('',*,*,#850,.T.);
#387=ORIENTED_EDGE('',*,*,#851,.T.);
#388=ORIENTED_EDGE('',*,*,#852,.T.);
#389=ORIENTED_EDGE('',*,*,#853,.F.);
#390=ORIENTED_EDGE('',*,*,#854,.T.);
#391=ORIENTED_EDGE('',*,*,#855,.T.);
#392=ORIENTED_EDGE('',*,*,#856,.T.);
#393=ORIENTED_EDGE('',*,*,#857,.T.);
#394=ORIENTED_EDGE('',*,*,#858,.T.);
#395=ORIENTED_EDGE('',*,*,#859,.T.);
#396=ORIENTED_EDGE('',*,*,#860,.T.);
#397=ORIENTED_EDGE('',*,*,#861,.T.);
#398=ORIENTED_EDGE('',*,*,#862,.F.);
#399=ORIENTED_EDGE('',*,*,#863,.T.);
#400=ORIENTED_EDGE('',*,*,#864,.F.);
#401=ORIENTED_EDGE('',*,*,#865,.T.);
#402=ORIENTED_EDGE('',*,*,#866,.F.);
#403=ORIENTED_EDGE('',*,*,#867,.T.);
#404=ORIENTED_EDGE('',*,*,#842,.T.);
#405=ORIENTED_EDGE('',*,*,#868,.T.);
#406=ORIENTED_EDGE('',*,*,#869,.T.);
#407=ORIENTED_EDGE('',*,*,#870,.F.);
#408=ORIENTED_EDGE('',*,*,#852,.F.);
#409=ORIENTED_EDGE('',*,*,#871,.T.);
#410=ORIENTED_EDGE('',*,*,#872,.F.);
#411=ORIENTED_EDGE('',*,*,#873,.T.);
#412=ORIENTED_EDGE('',*,*,#834,.F.);
#413=ORIENTED_EDGE('',*,*,#874,.T.);
#414=ORIENTED_EDGE('',*,*,#875,.T.);
#415=ORIENTED_EDGE('',*,*,#876,.T.);
#416=ORIENTED_EDGE('',*,*,#828,.T.);
#417=ORIENTED_EDGE('',*,*,#877,.T.);
#418=ORIENTED_EDGE('',*,*,#878,.F.);
#419=ORIENTED_EDGE('',*,*,#839,.F.);
#420=ORIENTED_EDGE('',*,*,#879,.T.);
#421=ORIENTED_EDGE('',*,*,#831,.F.);
#422=ORIENTED_EDGE('',*,*,#880,.F.);
#423=ORIENTED_EDGE('',*,*,#833,.F.);
#424=ORIENTED_EDGE('',*,*,#881,.T.);
#425=ORIENTED_EDGE('',*,*,#845,.F.);
#426=ORIENTED_EDGE('',*,*,#882,.F.);
#427=ORIENTED_EDGE('',*,*,#857,.F.);
#428=ORIENTED_EDGE('',*,*,#883,.T.);
#429=ORIENTED_EDGE('',*,*,#837,.F.);
#430=ORIENTED_EDGE('',*,*,#884,.F.);
#431=ORIENTED_EDGE('',*,*,#847,.F.);
#432=ORIENTED_EDGE('',*,*,#885,.T.);
#433=ORIENTED_EDGE('',*,*,#855,.F.);
#434=ORIENTED_EDGE('',*,*,#886,.T.);
#435=ORIENTED_EDGE('',*,*,#887,.T.);
#436=ORIENTED_EDGE('',*,*,#888,.T.);
#437=ORIENTED_EDGE('',*,*,#889,.T.);
#438=ORIENTED_EDGE('',*,*,#890,.T.);
#439=ORIENTED_EDGE('',*,*,#891,.T.);
#440=ORIENTED_EDGE('',*,*,#892,.T.);
#441=ORIENTED_EDGE('',*,*,#893,.T.);
#442=ORIENTED_EDGE('',*,*,#894,.T.);
#443=ORIENTED_EDGE('',*,*,#895,.T.);
#444=ORIENTED_EDGE('',*,*,#896,.T.);
#445=ORIENTED_EDGE('',*,*,#897,.T.);
#446=ORIENTED_EDGE('',*,*,#898,.T.);
#447=ORIENTED_EDGE('',*,*,#899,.T.);
#448=ORIENTED_EDGE('',*,*,#900,.T.);
#449=ORIENTED_EDGE('',*,*,#901,.T.);
#450=ORIENTED_EDGE('',*,*,#902,.T.);
#451=ORIENTED_EDGE('',*,*,#903,.T.);
#452=ORIENTED_EDGE('',*,*,#904,.T.);
#453=ORIENTED_EDGE('',*,*,#905,.T.);
#454=ORIENTED_EDGE('',*,*,#906,.T.);
#455=ORIENTED_EDGE('',*,*,#907,.T.);
#456=ORIENTED_EDGE('',*,*,#908,.T.);
#457=ORIENTED_EDGE('',*,*,#909,.T.);
#458=ORIENTED_EDGE('',*,*,#910,.T.);
#459=ORIENTED_EDGE('',*,*,#911,.T.);
#460=ORIENTED_EDGE('',*,*,#912,.T.);
#461=ORIENTED_EDGE('',*,*,#913,.T.);
#462=ORIENTED_EDGE('',*,*,#914,.T.);
#463=ORIENTED_EDGE('',*,*,#915,.T.);
#464=ORIENTED_EDGE('',*,*,#916,.T.);
#465=ORIENTED_EDGE('',*,*,#917,.T.);
#466=ORIENTED_EDGE('',*,*,#918,.T.);
#467=ORIENTED_EDGE('',*,*,#919,.T.);
#468=ORIENTED_EDGE('',*,*,#920,.T.);
#469=ORIENTED_EDGE('',*,*,#921,.T.);
#470=ORIENTED_EDGE('',*,*,#922,.T.);
#471=ORIENTED_EDGE('',*,*,#923,.T.);
#472=ORIENTED_EDGE('',*,*,#924,.T.);
#473=ORIENTED_EDGE('',*,*,#925,.T.);
#474=ORIENTED_EDGE('',*,*,#926,.F.);
#475=ORIENTED_EDGE('',*,*,#927,.T.);
#476=ORIENTED_EDGE('',*,*,#928,.T.);
#477=ORIENTED_EDGE('',*,*,#818,.T.);
#478=ORIENTED_EDGE('',*,*,#929,.F.);
#479=ORIENTED_EDGE('',*,*,#930,.T.);
#480=ORIENTED_EDGE('',*,*,#926,.T.);
#481=ORIENTED_EDGE('',*,*,#825,.T.);
#482=ORIENTED_EDGE('',*,*,#931,.F.);
#483=ORIENTED_EDGE('',*,*,#932,.T.);
#484=ORIENTED_EDGE('',*,*,#929,.T.);
#485=ORIENTED_EDGE('',*,*,#824,.T.);
#486=ORIENTED_EDGE('',*,*,#933,.F.);
#487=ORIENTED_EDGE('',*,*,#934,.T.);
#488=ORIENTED_EDGE('',*,*,#931,.T.);
#489=ORIENTED_EDGE('',*,*,#823,.T.);
#490=ORIENTED_EDGE('',*,*,#935,.F.);
#491=ORIENTED_EDGE('',*,*,#936,.T.);
#492=ORIENTED_EDGE('',*,*,#933,.T.);
#493=ORIENTED_EDGE('',*,*,#822,.T.);
#494=ORIENTED_EDGE('',*,*,#937,.F.);
#495=ORIENTED_EDGE('',*,*,#938,.T.);
#496=ORIENTED_EDGE('',*,*,#935,.T.);
#497=ORIENTED_EDGE('',*,*,#821,.T.);
#498=ORIENTED_EDGE('',*,*,#939,.F.);
#499=ORIENTED_EDGE('',*,*,#940,.T.);
#500=ORIENTED_EDGE('',*,*,#937,.T.);
#501=ORIENTED_EDGE('',*,*,#820,.T.);
#502=ORIENTED_EDGE('',*,*,#928,.F.);
#503=ORIENTED_EDGE('',*,*,#941,.T.);
#504=ORIENTED_EDGE('',*,*,#939,.T.);
#505=ORIENTED_EDGE('',*,*,#819,.T.);
#506=ORIENTED_EDGE('',*,*,#942,.F.);
#507=ORIENTED_EDGE('',*,*,#927,.F.);
#508=ORIENTED_EDGE('',*,*,#943,.F.);
#509=ORIENTED_EDGE('',*,*,#891,.F.);
#510=ORIENTED_EDGE('',*,*,#943,.T.);
#511=ORIENTED_EDGE('',*,*,#930,.F.);
#512=ORIENTED_EDGE('',*,*,#944,.F.);
#513=ORIENTED_EDGE('',*,*,#892,.F.);
#514=ORIENTED_EDGE('',*,*,#942,.T.);
#515=ORIENTED_EDGE('',*,*,#890,.F.);
#516=ORIENTED_EDGE('',*,*,#945,.F.);
#517=ORIENTED_EDGE('',*,*,#941,.F.);
#518=ORIENTED_EDGE('',*,*,#944,.T.);
#519=ORIENTED_EDGE('',*,*,#932,.F.);
#520=ORIENTED_EDGE('',*,*,#946,.F.);
#521=ORIENTED_EDGE('',*,*,#893,.F.);
#522=ORIENTED_EDGE('',*,*,#945,.T.);
#523=ORIENTED_EDGE('',*,*,#889,.F.);
#524=ORIENTED_EDGE('',*,*,#947,.F.);
#525=ORIENTED_EDGE('',*,*,#940,.F.);
#526=ORIENTED_EDGE('',*,*,#946,.T.);
#527=ORIENTED_EDGE('',*,*,#934,.F.);
#528=ORIENTED_EDGE('',*,*,#948,.F.);
#529=ORIENTED_EDGE('',*,*,#886,.F.);
#530=ORIENTED_EDGE('',*,*,#947,.T.);
#531=ORIENTED_EDGE('',*,*,#888,.F.);
#532=ORIENTED_EDGE('',*,*,#949,.F.);
#533=ORIENTED_EDGE('',*,*,#938,.F.);
#534=ORIENTED_EDGE('',*,*,#948,.T.);
#535=ORIENTED_EDGE('',*,*,#936,.F.);
#536=ORIENTED_EDGE('',*,*,#949,.T.);
#537=ORIENTED_EDGE('',*,*,#887,.F.);
#538=ORIENTED_EDGE('',*,*,#950,.T.);
#539=ORIENTED_EDGE('',*,*,#951,.T.);
#540=ORIENTED_EDGE('',*,*,#952,.T.);
#541=ORIENTED_EDGE('',*,*,#860,.F.);
#542=ORIENTED_EDGE('',*,*,#953,.T.);
#543=ORIENTED_EDGE('',*,*,#954,.T.);
#544=ORIENTED_EDGE('',*,*,#955,.T.);
#545=ORIENTED_EDGE('',*,*,#858,.F.);
#546=ORIENTED_EDGE('',*,*,#956,.T.);
#547=ORIENTED_EDGE('',*,*,#957,.T.);
#548=ORIENTED_EDGE('',*,*,#958,.T.);
#549=ORIENTED_EDGE('',*,*,#864,.T.);
#550=ORIENTED_EDGE('',*,*,#959,.T.);
#551=ORIENTED_EDGE('',*,*,#960,.T.);
#552=ORIENTED_EDGE('',*,*,#961,.T.);
#553=ORIENTED_EDGE('',*,*,#862,.T.);
#554=ORIENTED_EDGE('',*,*,#908,.F.);
#555=ORIENTED_EDGE('',*,*,#962,.T.);
#556=ORIENTED_EDGE('',*,*,#894,.F.);
#557=ORIENTED_EDGE('',*,*,#963,.T.);
#558=ORIENTED_EDGE('',*,*,#896,.F.);
#559=ORIENTED_EDGE('',*,*,#964,.T.);
#560=ORIENTED_EDGE('',*,*,#902,.F.);
#561=ORIENTED_EDGE('',*,*,#965,.T.);
#562=ORIENTED_EDGE('',*,*,#904,.F.);
#563=ORIENTED_EDGE('',*,*,#966,.T.);
#564=ORIENTED_EDGE('',*,*,#898,.F.);
#565=ORIENTED_EDGE('',*,*,#967,.T.);
#566=ORIENTED_EDGE('',*,*,#900,.F.);
#567=ORIENTED_EDGE('',*,*,#968,.T.);
#568=ORIENTED_EDGE('',*,*,#906,.F.);
#569=ORIENTED_EDGE('',*,*,#969,.T.);
#570=ORIENTED_EDGE('',*,*,#970,.T.);
#571=ORIENTED_EDGE('',*,*,#971,.T.);
#572=ORIENTED_EDGE('',*,*,#972,.T.);
#573=ORIENTED_EDGE('',*,*,#973,.T.);
#574=ORIENTED_EDGE('',*,*,#974,.T.);
#575=ORIENTED_EDGE('',*,*,#975,.T.);
#576=ORIENTED_EDGE('',*,*,#976,.T.);
#577=ORIENTED_EDGE('',*,*,#977,.T.);
#578=ORIENTED_EDGE('',*,*,#978,.T.);
#579=ORIENTED_EDGE('',*,*,#979,.T.);
#580=ORIENTED_EDGE('',*,*,#980,.T.);
#581=ORIENTED_EDGE('',*,*,#981,.T.);
#582=ORIENTED_EDGE('',*,*,#982,.T.);
#583=ORIENTED_EDGE('',*,*,#983,.T.);
#584=ORIENTED_EDGE('',*,*,#984,.T.);
#585=ORIENTED_EDGE('',*,*,#985,.T.);
#586=ORIENTED_EDGE('',*,*,#952,.F.);
#587=ORIENTED_EDGE('',*,*,#986,.T.);
#588=ORIENTED_EDGE('',*,*,#959,.F.);
#589=ORIENTED_EDGE('',*,*,#861,.F.);
#590=ORIENTED_EDGE('',*,*,#961,.F.);
#591=ORIENTED_EDGE('',*,*,#987,.T.);
#592=ORIENTED_EDGE('',*,*,#956,.F.);
#593=ORIENTED_EDGE('',*,*,#863,.F.);
#594=ORIENTED_EDGE('',*,*,#958,.F.);
#595=ORIENTED_EDGE('',*,*,#988,.T.);
#596=ORIENTED_EDGE('',*,*,#953,.F.);
#597=ORIENTED_EDGE('',*,*,#865,.F.);
#598=ORIENTED_EDGE('',*,*,#955,.F.);
#599=ORIENTED_EDGE('',*,*,#989,.T.);
#600=ORIENTED_EDGE('',*,*,#950,.F.);
#601=ORIENTED_EDGE('',*,*,#859,.F.);
#602=ORIENTED_EDGE('',*,*,#990,.F.);
#603=ORIENTED_EDGE('',*,*,#975,.F.);
#604=ORIENTED_EDGE('',*,*,#991,.F.);
#605=ORIENTED_EDGE('',*,*,#960,.F.);
#606=ORIENTED_EDGE('',*,*,#991,.T.);
#607=ORIENTED_EDGE('',*,*,#974,.F.);
#608=ORIENTED_EDGE('',*,*,#992,.F.);
#609=ORIENTED_EDGE('',*,*,#987,.F.);
#610=ORIENTED_EDGE('',*,*,#990,.T.);
#611=ORIENTED_EDGE('',*,*,#986,.F.);
#612=ORIENTED_EDGE('',*,*,#993,.F.);
#613=ORIENTED_EDGE('',*,*,#976,.F.);
#614=ORIENTED_EDGE('',*,*,#992,.T.);
#615=ORIENTED_EDGE('',*,*,#973,.F.);
#616=ORIENTED_EDGE('',*,*,#994,.F.);
#617=ORIENTED_EDGE('',*,*,#957,.F.);
#618=ORIENTED_EDGE('',*,*,#993,.T.);
#619=ORIENTED_EDGE('',*,*,#951,.F.);
#620=ORIENTED_EDGE('',*,*,#995,.F.);
#621=ORIENTED_EDGE('',*,*,#977,.F.);
#622=ORIENTED_EDGE('',*,*,#994,.T.);
#623=ORIENTED_EDGE('',*,*,#972,.F.);
#624=ORIENTED_EDGE('',*,*,#996,.F.);
#625=ORIENTED_EDGE('',*,*,#988,.F.);
#626=ORIENTED_EDGE('',*,*,#995,.T.);
#627=ORIENTED_EDGE('',*,*,#989,.F.);
#628=ORIENTED_EDGE('',*,*,#997,.F.);
#629=ORIENTED_EDGE('',*,*,#970,.F.);
#630=ORIENTED_EDGE('',*,*,#996,.T.);
#631=ORIENTED_EDGE('',*,*,#971,.F.);
#632=ORIENTED_EDGE('',*,*,#997,.T.);
#633=ORIENTED_EDGE('',*,*,#954,.F.);
#634=ORIENTED_EDGE('',*,*,#998,.F.);
#635=ORIENTED_EDGE('',*,*,#983,.F.);
#636=ORIENTED_EDGE('',*,*,#999,.F.);
#637=ORIENTED_EDGE('',*,*,#901,.F.);
#638=ORIENTED_EDGE('',*,*,#999,.T.);
#639=ORIENTED_EDGE('',*,*,#982,.F.);
#640=ORIENTED_EDGE('',*,*,#1000,.F.);
#641=ORIENTED_EDGE('',*,*,#967,.F.);
#642=ORIENTED_EDGE('',*,*,#998,.T.);
#643=ORIENTED_EDGE('',*,*,#969,.F.);
#644=ORIENTED_EDGE('',*,*,#1001,.F.);
#645=ORIENTED_EDGE('',*,*,#984,.F.);
#646=ORIENTED_EDGE('',*,*,#1000,.T.);
#647=ORIENTED_EDGE('',*,*,#981,.F.);
#648=ORIENTED_EDGE('',*,*,#1002,.F.);
#649=ORIENTED_EDGE('',*,*,#905,.F.);
#650=ORIENTED_EDGE('',*,*,#1001,.T.);
#651=ORIENTED_EDGE('',*,*,#909,.F.);
#652=ORIENTED_EDGE('',*,*,#1003,.F.);
#653=ORIENTED_EDGE('',*,*,#985,.F.);
#654=ORIENTED_EDGE('',*,*,#1002,.T.);
#655=ORIENTED_EDGE('',*,*,#980,.F.);
#656=ORIENTED_EDGE('',*,*,#1004,.F.);
#657=ORIENTED_EDGE('',*,*,#965,.F.);
#658=ORIENTED_EDGE('',*,*,#1003,.T.);
#659=ORIENTED_EDGE('',*,*,#963,.F.);
#660=ORIENTED_EDGE('',*,*,#1005,.F.);
#661=ORIENTED_EDGE('',*,*,#978,.F.);
#662=ORIENTED_EDGE('',*,*,#1004,.T.);
#663=ORIENTED_EDGE('',*,*,#979,.F.);
#664=ORIENTED_EDGE('',*,*,#1005,.T.);
#665=ORIENTED_EDGE('',*,*,#897,.F.);
#666=ORIENTED_EDGE('',*,*,#1006,.F.);
#667=ORIENTED_EDGE('',*,*,#915,.F.);
#668=ORIENTED_EDGE('',*,*,#1007,.F.);
#669=ORIENTED_EDGE('',*,*,#856,.F.);
#670=ORIENTED_EDGE('',*,*,#1007,.T.);
#671=ORIENTED_EDGE('',*,*,#914,.F.);
#672=ORIENTED_EDGE('',*,*,#1008,.F.);
#673=ORIENTED_EDGE('',*,*,#883,.F.);
#674=ORIENTED_EDGE('',*,*,#1006,.T.);
#675=ORIENTED_EDGE('',*,*,#885,.F.);
#676=ORIENTED_EDGE('',*,*,#1009,.F.);
#677=ORIENTED_EDGE('',*,*,#916,.F.);
#678=ORIENTED_EDGE('',*,*,#1008,.T.);
#679=ORIENTED_EDGE('',*,*,#913,.F.);
#680=ORIENTED_EDGE('',*,*,#1010,.F.);
#681=ORIENTED_EDGE('',*,*,#838,.F.);
#682=ORIENTED_EDGE('',*,*,#1009,.T.);
#683=ORIENTED_EDGE('',*,*,#846,.F.);
#684=ORIENTED_EDGE('',*,*,#1011,.F.);
#685=ORIENTED_EDGE('',*,*,#917,.F.);
#686=ORIENTED_EDGE('',*,*,#1010,.T.);
#687=ORIENTED_EDGE('',*,*,#912,.F.);
#688=ORIENTED_EDGE('',*,*,#1012,.F.);
#689=ORIENTED_EDGE('',*,*,#879,.F.);
#690=ORIENTED_EDGE('',*,*,#1011,.T.);
#691=ORIENTED_EDGE('',*,*,#881,.F.);
#692=ORIENTED_EDGE('',*,*,#1013,.F.);
#693=ORIENTED_EDGE('',*,*,#910,.F.);
#694=ORIENTED_EDGE('',*,*,#1012,.T.);
#695=ORIENTED_EDGE('',*,*,#911,.F.);
#696=ORIENTED_EDGE('',*,*,#1013,.T.);
#697=ORIENTED_EDGE('',*,*,#832,.F.);
#698=ORIENTED_EDGE('',*,*,#1014,.F.);
#699=ORIENTED_EDGE('',*,*,#903,.F.);
#700=ORIENTED_EDGE('',*,*,#1015,.F.);
#701=ORIENTED_EDGE('',*,*,#923,.F.);
#702=ORIENTED_EDGE('',*,*,#1015,.T.);
#703=ORIENTED_EDGE('',*,*,#964,.F.);
#704=ORIENTED_EDGE('',*,*,#1016,.F.);
#705=ORIENTED_EDGE('',*,*,#924,.F.);
#706=ORIENTED_EDGE('',*,*,#1014,.T.);
#707=ORIENTED_EDGE('',*,*,#922,.F.);
#708=ORIENTED_EDGE('',*,*,#1017,.F.);
#709=ORIENTED_EDGE('',*,*,#966,.F.);
#710=ORIENTED_EDGE('',*,*,#1016,.T.);
#711=ORIENTED_EDGE('',*,*,#895,.F.);
#712=ORIENTED_EDGE('',*,*,#1018,.F.);
#713=ORIENTED_EDGE('',*,*,#925,.F.);
#714=ORIENTED_EDGE('',*,*,#1017,.T.);
#715=ORIENTED_EDGE('',*,*,#921,.F.);
#716=ORIENTED_EDGE('',*,*,#1019,.F.);
#717=ORIENTED_EDGE('',*,*,#899,.F.);
#718=ORIENTED_EDGE('',*,*,#1018,.T.);
#719=ORIENTED_EDGE('',*,*,#962,.F.);
#720=ORIENTED_EDGE('',*,*,#1020,.F.);
#721=ORIENTED_EDGE('',*,*,#918,.F.);
#722=ORIENTED_EDGE('',*,*,#1019,.T.);
#723=ORIENTED_EDGE('',*,*,#920,.F.);
#724=ORIENTED_EDGE('',*,*,#1021,.F.);
#725=ORIENTED_EDGE('',*,*,#968,.F.);
#726=ORIENTED_EDGE('',*,*,#1020,.T.);
#727=ORIENTED_EDGE('',*,*,#907,.F.);
#728=ORIENTED_EDGE('',*,*,#1021,.T.);
#729=ORIENTED_EDGE('',*,*,#919,.F.);
#730=ORIENTED_EDGE('',*,*,#872,.T.);
#731=ORIENTED_EDGE('',*,*,#1022,.T.);
#732=ORIENTED_EDGE('',*,*,#1023,.F.);
#733=ORIENTED_EDGE('',*,*,#1024,.T.);
#734=ORIENTED_EDGE('',*,*,#1025,.T.);
#735=ORIENTED_EDGE('',*,*,#1026,.F.);
#736=ORIENTED_EDGE('',*,*,#1025,.F.);
#737=ORIENTED_EDGE('',*,*,#836,.F.);
#738=ORIENTED_EDGE('',*,*,#1027,.T.);
#739=ORIENTED_EDGE('',*,*,#1023,.T.);
#740=ORIENTED_EDGE('',*,*,#1028,.T.);
#741=ORIENTED_EDGE('',*,*,#850,.F.);
#742=ORIENTED_EDGE('',*,*,#882,.T.);
#743=ORIENTED_EDGE('',*,*,#1029,.F.);
#744=ORIENTED_EDGE('',*,*,#1030,.T.);
#745=ORIENTED_EDGE('',*,*,#866,.T.);
#746=ORIENTED_EDGE('',*,*,#1031,.T.);
#747=ORIENTED_EDGE('',*,*,#1032,.T.);
#748=ORIENTED_EDGE('',*,*,#1033,.F.);
#749=ORIENTED_EDGE('',*,*,#1029,.T.);
#750=ORIENTED_EDGE('',*,*,#1034,.T.);
#751=ORIENTED_EDGE('',*,*,#826,.T.);
#752=ORIENTED_EDGE('',*,*,#880,.T.);
#753=ORIENTED_EDGE('',*,*,#844,.T.);
#754=ORIENTED_EDGE('',*,*,#1035,.T.);
#755=ORIENTED_EDGE('',*,*,#1032,.F.);
#756=ORIENTED_EDGE('',*,*,#1036,.T.);
#757=ORIENTED_EDGE('',*,*,#1037,.T.);
#758=ORIENTED_EDGE('',*,*,#875,.F.);
#759=ORIENTED_EDGE('',*,*,#1038,.T.);
#760=ORIENTED_EDGE('',*,*,#1039,.F.);
#761=ORIENTED_EDGE('',*,*,#1040,.T.);
#762=ORIENTED_EDGE('',*,*,#1039,.T.);
#763=ORIENTED_EDGE('',*,*,#830,.T.);
#764=ORIENTED_EDGE('',*,*,#1041,.T.);
#765=ORIENTED_EDGE('',*,*,#1036,.F.);
#766=ORIENTED_EDGE('',*,*,#1042,.T.);
#767=ORIENTED_EDGE('',*,*,#840,.F.);
#768=ORIENTED_EDGE('',*,*,#878,.T.);
#769=ORIENTED_EDGE('',*,*,#1040,.F.);
#770=ORIENTED_EDGE('',*,*,#868,.F.);
#771=ORIENTED_EDGE('',*,*,#849,.F.);
#772=ORIENTED_EDGE('',*,*,#1043,.T.);
#773=ORIENTED_EDGE('',*,*,#1044,.T.);
#774=ORIENTED_EDGE('',*,*,#870,.T.);
#775=ORIENTED_EDGE('',*,*,#1045,.F.);
#776=ORIENTED_EDGE('',*,*,#1046,.F.);
#777=ORIENTED_EDGE('',*,*,#853,.T.);
#778=ORIENTED_EDGE('',*,*,#869,.F.);
#779=ORIENTED_EDGE('',*,*,#1044,.F.);
#780=ORIENTED_EDGE('',*,*,#1047,.T.);
#781=ORIENTED_EDGE('',*,*,#1045,.T.);
#782=ORIENTED_EDGE('',*,*,#1048,.F.);
#783=ORIENTED_EDGE('',*,*,#1049,.T.);
#784=ORIENTED_EDGE('',*,*,#1043,.F.);
#785=ORIENTED_EDGE('',*,*,#848,.T.);
#786=ORIENTED_EDGE('',*,*,#884,.T.);
#787=ORIENTED_EDGE('',*,*,#854,.F.);
#788=ORIENTED_EDGE('',*,*,#1046,.T.);
#789=ORIENTED_EDGE('',*,*,#1047,.F.);
#790=ORIENTED_EDGE('',*,*,#1048,.T.);
#791=ORIENTED_EDGE('',*,*,#1049,.F.);
#792=ORIENTED_EDGE('',*,*,#1026,.T.);
#793=ORIENTED_EDGE('',*,*,#1033,.T.);
#794=ORIENTED_EDGE('',*,*,#1035,.F.);
#795=ORIENTED_EDGE('',*,*,#843,.F.);
#796=ORIENTED_EDGE('',*,*,#867,.F.);
#797=ORIENTED_EDGE('',*,*,#1030,.F.);
#798=ORIENTED_EDGE('',*,*,#1034,.F.);
#799=ORIENTED_EDGE('',*,*,#1031,.F.);
#800=ORIENTED_EDGE('',*,*,#877,.F.);
#801=ORIENTED_EDGE('',*,*,#827,.F.);
#802=ORIENTED_EDGE('',*,*,#1028,.F.);
#803=ORIENTED_EDGE('',*,*,#1022,.F.);
#804=ORIENTED_EDGE('',*,*,#871,.F.);
#805=ORIENTED_EDGE('',*,*,#851,.F.);
#806=ORIENTED_EDGE('',*,*,#1027,.F.);
#807=ORIENTED_EDGE('',*,*,#835,.F.);
#808=ORIENTED_EDGE('',*,*,#873,.F.);
#809=ORIENTED_EDGE('',*,*,#1024,.F.);
#810=ORIENTED_EDGE('',*,*,#1041,.F.);
#811=ORIENTED_EDGE('',*,*,#829,.F.);
#812=ORIENTED_EDGE('',*,*,#876,.F.);
#813=ORIENTED_EDGE('',*,*,#1037,.F.);
#814=ORIENTED_EDGE('',*,*,#1042,.F.);
#815=ORIENTED_EDGE('',*,*,#1038,.F.);
#816=ORIENTED_EDGE('',*,*,#874,.F.);
#817=ORIENTED_EDGE('',*,*,#841,.F.);
#818=EDGE_CURVE('',#1050,#1051,#1194,.F.);
#819=EDGE_CURVE('',#1052,#1050,#66,.T.);
#820=EDGE_CURVE('',#1053,#1052,#1195,.F.);
#821=EDGE_CURVE('',#1054,#1053,#67,.T.);
#822=EDGE_CURVE('',#1055,#1054,#1196,.F.);
#823=EDGE_CURVE('',#1056,#1055,#68,.T.);
#824=EDGE_CURVE('',#1057,#1056,#1197,.F.);
#825=EDGE_CURVE('',#1051,#1057,#69,.T.);
#826=EDGE_CURVE('',#1058,#1059,#70,.F.);
#827=EDGE_CURVE('',#1058,#1060,#71,.F.);
#828=EDGE_CURVE('',#1061,#1060,#72,.F.);
#829=EDGE_CURVE('',#1061,#1062,#73,.F.);
#830=EDGE_CURVE('',#1063,#1062,#74,.F.);
#831=EDGE_CURVE('',#1063,#1064,#75,.T.);
#832=EDGE_CURVE('',#1064,#1065,#76,.T.);
#833=EDGE_CURVE('',#1065,#1059,#77,.F.);
#834=EDGE_CURVE('',#1066,#1067,#78,.F.);
#835=EDGE_CURVE('',#1067,#1068,#79,.F.);
#836=EDGE_CURVE('',#1068,#1069,#80,.F.);
#837=EDGE_CURVE('',#1069,#1070,#81,.T.);
#838=EDGE_CURVE('',#1070,#1071,#82,.T.);
#839=EDGE_CURVE('',#1071,#1072,#83,.F.);
#840=EDGE_CURVE('',#1072,#1073,#84,.F.);
#841=EDGE_CURVE('',#1073,#1066,#85,.F.);
#842=EDGE_CURVE('',#1074,#1075,#86,.F.);
#843=EDGE_CURVE('',#1074,#1076,#87,.T.);
#844=EDGE_CURVE('',#1077,#1076,#88,.F.);
#845=EDGE_CURVE('',#1077,#1078,#89,.T.);
#846=EDGE_CURVE('',#1078,#1079,#90,.T.);
#847=EDGE_CURVE('',#1079,#1080,#91,.F.);
#848=EDGE_CURVE('',#1081,#1080,#92,.F.);
#849=EDGE_CURVE('',#1081,#1075,#93,.T.);
#850=EDGE_CURVE('',#1082,#1083,#94,.T.);
#851=EDGE_CURVE('',#1083,#1084,#95,.T.);
#852=EDGE_CURVE('',#1084,#1085,#96,.T.);
#853=EDGE_CURVE('',#1086,#1085,#97,.T.);
#854=EDGE_CURVE('',#1086,#1087,#98,.T.);
#855=EDGE_CURVE('',#1087,#1088,#99,.T.);
#856=EDGE_CURVE('',#1088,#1089,#100,.T.);
#857=EDGE_CURVE('',#1089,#1082,#101,.F.);
#858=EDGE_CURVE('',#1090,#1091,#102,.T.);
#859=EDGE_CURVE('',#1091,#1092,#1198,.T.);
#860=EDGE_CURVE('',#1092,#1093,#103,.T.);
#861=EDGE_CURVE('',#1093,#1094,#1199,.T.);
#862=EDGE_CURVE('',#1095,#1094,#104,.T.);
#863=EDGE_CURVE('',#1095,#1096,#1200,.T.);
#864=EDGE_CURVE('',#1097,#1096,#105,.T.);
#865=EDGE_CURVE('',#1097,#1090,#1201,.T.);
#866=EDGE_CURVE('',#1098,#1099,#1202,.T.);
#867=EDGE_CURVE('',#1098,#1074,#1203,.F.);
#868=EDGE_CURVE('',#1075,#1100,#106,.T.);
#869=EDGE_CURVE('',#1100,#1101,#1204,.T.);
#870=EDGE_CURVE('',#1085,#1101,#107,.T.);
#871=EDGE_CURVE('',#1084,#1102,#1205,.F.);
#872=EDGE_CURVE('',#1103,#1102,#1206,.T.);
#873=EDGE_CURVE('',#1103,#1067,#1207,.F.);
#874=EDGE_CURVE('',#1066,#1104,#1208,.F.);
#875=EDGE_CURVE('',#1104,#1105,#1209,.T.);
#876=EDGE_CURVE('',#1105,#1061,#1210,.F.);
#877=EDGE_CURVE('',#1060,#1099,#1211,.F.);
#878=EDGE_CURVE('',#1072,#1063,#1212,.F.);
#879=EDGE_CURVE('',#1071,#1064,#1213,.T.);
#880=EDGE_CURVE('',#1059,#1077,#1214,.F.);
#881=EDGE_CURVE('',#1065,#1078,#1215,.T.);
#882=EDGE_CURVE('',#1082,#1069,#1216,.F.);
#883=EDGE_CURVE('',#1089,#1070,#1217,.T.);
#884=EDGE_CURVE('',#1080,#1087,#1218,.F.);
#885=EDGE_CURVE('',#1079,#1088,#1219,.T.);
#886=EDGE_CURVE('',#1106,#1107,#108,.T.);
#887=EDGE_CURVE('',#1107,#1108,#1220,.F.);
#888=EDGE_CURVE('',#1108,#1109,#109,.T.);
#889=EDGE_CURVE('',#1109,#1110,#1221,.F.);
#890=EDGE_CURVE('',#1110,#1111,#110,.T.);
#891=EDGE_CURVE('',#1111,#1112,#1222,.F.);
#892=EDGE_CURVE('',#1112,#1113,#111,.T.);
#893=EDGE_CURVE('',#1113,#1106,#1223,.F.);
#894=EDGE_CURVE('',#1114,#1115,#112,.T.);
#895=EDGE_CURVE('',#1115,#1116,#113,.T.);
#896=EDGE_CURVE('',#1116,#1117,#114,.F.);
#897=EDGE_CURVE('',#1117,#1114,#115,.T.);
#898=EDGE_CURVE('',#1118,#1119,#116,.T.);
#899=EDGE_CURVE('',#1119,#1120,#117,.T.);
#900=EDGE_CURVE('',#1120,#1121,#118,.F.);
#901=EDGE_CURVE('',#1121,#1118,#119,.T.);
#902=EDGE_CURVE('',#1122,#1123,#120,.T.);
#903=EDGE_CURVE('',#1123,#1124,#121,.T.);
#904=EDGE_CURVE('',#1124,#1125,#122,.F.);
#905=EDGE_CURVE('',#1125,#1122,#123,.T.);
#906=EDGE_CURVE('',#1126,#1127,#124,.T.);
#907=EDGE_CURVE('',#1127,#1128,#125,.T.);
#908=EDGE_CURVE('',#1128,#1129,#126,.F.);
#909=EDGE_CURVE('',#1129,#1126,#127,.T.);
#910=EDGE_CURVE('',#1130,#1131,#1224,.F.);
#911=EDGE_CURVE('',#1131,#1132,#128,.T.);
#912=EDGE_CURVE('',#1132,#1133,#1225,.F.);
#913=EDGE_CURVE('',#1133,#1134,#129,.T.);
#914=EDGE_CURVE('',#1134,#1135,#1226,.F.);
#915=EDGE_CURVE('',#1135,#1136,#130,.T.);
#916=EDGE_CURVE('',#1136,#1137,#1227,.F.);
#917=EDGE_CURVE('',#1137,#1130,#131,.T.);
#918=EDGE_CURVE('',#1138,#1139,#1228,.T.);
#919=EDGE_CURVE('',#1139,#1140,#132,.T.);
#920=EDGE_CURVE('',#1140,#1141,#1229,.T.);
#921=EDGE_CURVE('',#1141,#1142,#133,.T.);
#922=EDGE_CURVE('',#1142,#1143,#1230,.T.);
#923=EDGE_CURVE('',#1143,#1144,#134,.T.);
#924=EDGE_CURVE('',#1144,#1145,#1231,.T.);
#925=EDGE_CURVE('',#1145,#1138,#135,.T.);
#926=EDGE_CURVE('',#1146,#1051,#136,.T.);
#927=EDGE_CURVE('',#1146,#1147,#1232,.T.);
#928=EDGE_CURVE('',#1147,#1050,#137,.T.);
#929=EDGE_CURVE('',#1148,#1057,#138,.T.);
#930=EDGE_CURVE('',#1148,#1146,#139,.F.);
#931=EDGE_CURVE('',#1149,#1056,#140,.T.);
#932=EDGE_CURVE('',#1149,#1148,#1233,.T.);
#933=EDGE_CURVE('',#1150,#1055,#141,.T.);
#934=EDGE_CURVE('',#1150,#1149,#142,.F.);
#935=EDGE_CURVE('',#1151,#1054,#143,.T.);
#936=EDGE_CURVE('',#1151,#1150,#1234,.T.);
#937=EDGE_CURVE('',#1152,#1053,#144,.T.);
#938=EDGE_CURVE('',#1152,#1151,#145,.F.);
#939=EDGE_CURVE('',#1153,#1052,#146,.T.);
#940=EDGE_CURVE('',#1153,#1152,#1235,.T.);
#941=EDGE_CURVE('',#1147,#1153,#147,.F.);
#942=EDGE_CURVE('',#1147,#1111,#1236,.T.);
#943=EDGE_CURVE('',#1112,#1146,#1237,.T.);
#944=EDGE_CURVE('',#1113,#1148,#1238,.T.);
#945=EDGE_CURVE('',#1153,#1110,#1239,.T.);
#946=EDGE_CURVE('',#1106,#1149,#1240,.T.);
#947=EDGE_CURVE('',#1152,#1109,#1241,.T.);
#948=EDGE_CURVE('',#1107,#1150,#1242,.T.);
#949=EDGE_CURVE('',#1151,#1108,#1243,.T.);
#950=EDGE_CURVE('',#1092,#1154,#148,.T.);
#951=EDGE_CURVE('',#1154,#1155,#149,.T.);
#952=EDGE_CURVE('',#1155,#1093,#150,.F.);
#953=EDGE_CURVE('',#1090,#1156,#151,.T.);
#954=EDGE_CURVE('',#1156,#1157,#152,.T.);
#955=EDGE_CURVE('',#1157,#1091,#153,.F.);
#956=EDGE_CURVE('',#1096,#1158,#154,.T.);
#957=EDGE_CURVE('',#1158,#1159,#155,.T.);
#958=EDGE_CURVE('',#1159,#1097,#156,.F.);
#959=EDGE_CURVE('',#1094,#1160,#157,.T.);
#960=EDGE_CURVE('',#1160,#1161,#158,.T.);
#961=EDGE_CURVE('',#1161,#1095,#159,.F.);
#962=EDGE_CURVE('',#1128,#1115,#1244,.F.);
#963=EDGE_CURVE('',#1114,#1129,#1245,.T.);
#964=EDGE_CURVE('',#1116,#1123,#1246,.F.);
#965=EDGE_CURVE('',#1122,#1117,#1247,.T.);
#966=EDGE_CURVE('',#1124,#1119,#1248,.F.);
#967=EDGE_CURVE('',#1118,#1125,#1249,.T.);
#968=EDGE_CURVE('',#1120,#1127,#1250,.F.);
#969=EDGE_CURVE('',#1126,#1121,#1251,.T.);
#970=EDGE_CURVE('',#1162,#1163,#1252,.T.);
#971=EDGE_CURVE('',#1163,#1164,#160,.T.);
#972=EDGE_CURVE('',#1164,#1165,#1253,.T.);
#973=EDGE_CURVE('',#1165,#1166,#161,.T.);
#974=EDGE_CURVE('',#1166,#1167,#1254,.T.);
#975=EDGE_CURVE('',#1167,#1168,#162,.T.);
#976=EDGE_CURVE('',#1168,#1169,#1255,.T.);
#977=EDGE_CURVE('',#1169,#1162,#163,.T.);
#978=EDGE_CURVE('',#1170,#1171,#1256,.F.);
#979=EDGE_CURVE('',#1171,#1172,#164,.T.);
#980=EDGE_CURVE('',#1172,#1173,#1257,.F.);
#981=EDGE_CURVE('',#1173,#1174,#165,.T.);
#982=EDGE_CURVE('',#1174,#1175,#1258,.F.);
#983=EDGE_CURVE('',#1175,#1176,#166,.T.);
#984=EDGE_CURVE('',#1176,#1177,#1259,.F.);
#985=EDGE_CURVE('',#1177,#1170,#167,.T.);
#986=EDGE_CURVE('',#1155,#1160,#1260,.F.);
#987=EDGE_CURVE('',#1161,#1158,#1261,.F.);
#988=EDGE_CURVE('',#1159,#1156,#1262,.F.);
#989=EDGE_CURVE('',#1157,#1154,#1263,.F.);
#990=EDGE_CURVE('',#1168,#1160,#168,.T.);
#991=EDGE_CURVE('',#1161,#1167,#169,.T.);
#992=EDGE_CURVE('',#1158,#1166,#170,.T.);
#993=EDGE_CURVE('',#1169,#1155,#171,.T.);
#994=EDGE_CURVE('',#1159,#1165,#172,.T.);
#995=EDGE_CURVE('',#1162,#1154,#173,.T.);
#996=EDGE_CURVE('',#1156,#1164,#174,.T.);
#997=EDGE_CURVE('',#1163,#1157,#175,.T.);
#998=EDGE_CURVE('',#1176,#1121,#176,.T.);
#999=EDGE_CURVE('',#1118,#1175,#177,.T.);
#1000=EDGE_CURVE('',#1125,#1174,#178,.T.);
#1001=EDGE_CURVE('',#1177,#1126,#179,.T.);
#1002=EDGE_CURVE('',#1122,#1173,#180,.T.);
#1003=EDGE_CURVE('',#1170,#1129,#181,.T.);
#1004=EDGE_CURVE('',#1117,#1172,#182,.T.);
#1005=EDGE_CURVE('',#1171,#1114,#183,.T.);
#1006=EDGE_CURVE('',#1136,#1088,#184,.T.);
#1007=EDGE_CURVE('',#1089,#1135,#185,.T.);
#1008=EDGE_CURVE('',#1070,#1134,#186,.T.);
#1009=EDGE_CURVE('',#1137,#1079,#187,.T.);
#1010=EDGE_CURVE('',#1071,#1133,#188,.T.);
#1011=EDGE_CURVE('',#1130,#1078,#189,.T.);
#1012=EDGE_CURVE('',#1064,#1132,#190,.T.);
#1013=EDGE_CURVE('',#1131,#1065,#191,.T.);
#1014=EDGE_CURVE('',#1124,#1143,#192,.T.);
#1015=EDGE_CURVE('',#1144,#1123,#193,.T.);
#1016=EDGE_CURVE('',#1145,#1116,#194,.T.);
#1017=EDGE_CURVE('',#1119,#1142,#195,.T.);
#1018=EDGE_CURVE('',#1138,#1115,#196,.T.);
#1019=EDGE_CURVE('',#1120,#1141,#197,.T.);
#1020=EDGE_CURVE('',#1139,#1128,#198,.T.);
#1021=EDGE_CURVE('',#1127,#1140,#199,.T.);
#1022=EDGE_CURVE('',#1102,#1178,#200,.F.);
#1023=EDGE_CURVE('',#1179,#1178,#1264,.T.);
#1024=EDGE_CURVE('',#1179,#1103,#201,.T.);
#1025=EDGE_CURVE('',#1180,#1180,#1265,.T.);
#1026=EDGE_CURVE('',#1181,#1181,#1266,.T.);
#1027=EDGE_CURVE('',#1068,#1179,#1267,.F.);
#1028=EDGE_CURVE('',#1178,#1083,#1268,.F.);
#1029=EDGE_CURVE('',#1182,#1183,#1269,.T.);
#1030=EDGE_CURVE('',#1182,#1098,#202,.T.);
#1031=EDGE_CURVE('',#1099,#1183,#203,.F.);
#1032=EDGE_CURVE('',#1184,#1184,#1270,.T.);
#1033=EDGE_CURVE('',#1185,#1185,#1271,.T.);
#1034=EDGE_CURVE('',#1183,#1058,#1272,.F.);
#1035=EDGE_CURVE('',#1076,#1182,#1273,.F.);
#1036=EDGE_CURVE('',#1186,#1187,#1274,.T.);
#1037=EDGE_CURVE('',#1187,#1105,#204,.T.);
#1038=EDGE_CURVE('',#1104,#1186,#205,.F.);
#1039=EDGE_CURVE('',#1188,#1188,#1275,.T.);
#1040=EDGE_CURVE('',#1189,#1189,#1276,.T.);
#1041=EDGE_CURVE('',#1062,#1187,#1277,.F.);
#1042=EDGE_CURVE('',#1186,#1073,#1278,.F.);
#1043=EDGE_CURVE('',#1081,#1190,#206,.T.);
#1044=EDGE_CURVE('',#1190,#1100,#207,.T.);
#1045=EDGE_CURVE('',#1191,#1101,#208,.T.);
#1046=EDGE_CURVE('',#1086,#1191,#209,.T.);
#1047=EDGE_CURVE('',#1190,#1191,#1279,.T.);
#1048=EDGE_CURVE('',#1192,#1192,#1280,.T.);
#1049=EDGE_CURVE('',#1193,#1193,#1281,.T.);
#1050=VERTEX_POINT('',#2373);
#1051=VERTEX_POINT('',#2374);
#1052=VERTEX_POINT('',#2376);
#1053=VERTEX_POINT('',#2378);
#1054=VERTEX_POINT('',#2380);
#1055=VERTEX_POINT('',#2382);
#1056=VERTEX_POINT('',#2384);
#1057=VERTEX_POINT('',#2386);
#1058=VERTEX_POINT('',#2389);
#1059=VERTEX_POINT('',#2390);
#1060=VERTEX_POINT('',#2392);
#1061=VERTEX_POINT('',#2394);
#1062=VERTEX_POINT('',#2396);
#1063=VERTEX_POINT('',#2398);
#1064=VERTEX_POINT('',#2400);
#1065=VERTEX_POINT('',#2402);
#1066=VERTEX_POINT('',#2406);
#1067=VERTEX_POINT('',#2407);
#1068=VERTEX_POINT('',#2409);
#1069=VERTEX_POINT('',#2411);
#1070=VERTEX_POINT('',#2413);
#1071=VERTEX_POINT('',#2415);
#1072=VERTEX_POINT('',#2417);
#1073=VERTEX_POINT('',#2419);
#1074=VERTEX_POINT('',#2423);
#1075=VERTEX_POINT('',#2424);
#1076=VERTEX_POINT('',#2426);
#1077=VERTEX_POINT('',#2428);
#1078=VERTEX_POINT('',#2430);
#1079=VERTEX_POINT('',#2432);
#1080=VERTEX_POINT('',#2434);
#1081=VERTEX_POINT('',#2436);
#1082=VERTEX_POINT('',#2440);
#1083=VERTEX_POINT('',#2441);
#1084=VERTEX_POINT('',#2443);
#1085=VERTEX_POINT('',#2445);
#1086=VERTEX_POINT('',#2447);
#1087=VERTEX_POINT('',#2449);
#1088=VERTEX_POINT('',#2451);
#1089=VERTEX_POINT('',#2453);
#1090=VERTEX_POINT('',#2457);
#1091=VERTEX_POINT('',#2458);
#1092=VERTEX_POINT('',#2460);
#1093=VERTEX_POINT('',#2462);
#1094=VERTEX_POINT('',#2464);
#1095=VERTEX_POINT('',#2466);
#1096=VERTEX_POINT('',#2468);
#1097=VERTEX_POINT('',#2470);
#1098=VERTEX_POINT('',#2473);
#1099=VERTEX_POINT('',#2474);
#1100=VERTEX_POINT('',#2477);
#1101=VERTEX_POINT('',#2479);
#1102=VERTEX_POINT('',#2482);
#1103=VERTEX_POINT('',#2484);
#1104=VERTEX_POINT('',#2487);
#1105=VERTEX_POINT('',#2489);
#1106=VERTEX_POINT('',#2506);
#1107=VERTEX_POINT('',#2507);
#1108=VERTEX_POINT('',#2509);
#1109=VERTEX_POINT('',#2511);
#1110=VERTEX_POINT('',#2513);
#1111=VERTEX_POINT('',#2515);
#1112=VERTEX_POINT('',#2517);
#1113=VERTEX_POINT('',#2519);
#1114=VERTEX_POINT('',#2522);
#1115=VERTEX_POINT('',#2523);
#1116=VERTEX_POINT('',#2525);
#1117=VERTEX_POINT('',#2527);
#1118=VERTEX_POINT('',#2531);
#1119=VERTEX_POINT('',#2532);
#1120=VERTEX_POINT('',#2534);
#1121=VERTEX_POINT('',#2536);
#1122=VERTEX_POINT('',#2540);
#1123=VERTEX_POINT('',#2541);
#1124=VERTEX_POINT('',#2543);
#1125=VERTEX_POINT('',#2545);
#1126=VERTEX_POINT('',#2549);
#1127=VERTEX_POINT('',#2550);
#1128=VERTEX_POINT('',#2552);
#1129=VERTEX_POINT('',#2554);
#1130=VERTEX_POINT('',#2558);
#1131=VERTEX_POINT('',#2559);
#1132=VERTEX_POINT('',#2561);
#1133=VERTEX_POINT('',#2563);
#1134=VERTEX_POINT('',#2565);
#1135=VERTEX_POINT('',#2567);
#1136=VERTEX_POINT('',#2569);
#1137=VERTEX_POINT('',#2571);
#1138=VERTEX_POINT('',#2574);
#1139=VERTEX_POINT('',#2575);
#1140=VERTEX_POINT('',#2577);
#1141=VERTEX_POINT('',#2579);
#1142=VERTEX_POINT('',#2581);
#1143=VERTEX_POINT('',#2583);
#1144=VERTEX_POINT('',#2585);
#1145=VERTEX_POINT('',#2587);
#1146=VERTEX_POINT('',#2591);
#1147=VERTEX_POINT('',#2593);
#1148=VERTEX_POINT('',#2597);
#1149=VERTEX_POINT('',#2601);
#1150=VERTEX_POINT('',#2605);
#1151=VERTEX_POINT('',#2609);
#1152=VERTEX_POINT('',#2613);
#1153=VERTEX_POINT('',#2617);
#1154=VERTEX_POINT('',#2639);
#1155=VERTEX_POINT('',#2641);
#1156=VERTEX_POINT('',#2645);
#1157=VERTEX_POINT('',#2647);
#1158=VERTEX_POINT('',#2651);
#1159=VERTEX_POINT('',#2653);
#1160=VERTEX_POINT('',#2657);
#1161=VERTEX_POINT('',#2659);
#1162=VERTEX_POINT('',#2675);
#1163=VERTEX_POINT('',#2676);
#1164=VERTEX_POINT('',#2678);
#1165=VERTEX_POINT('',#2680);
#1166=VERTEX_POINT('',#2682);
#1167=VERTEX_POINT('',#2684);
#1168=VERTEX_POINT('',#2686);
#1169=VERTEX_POINT('',#2688);
#1170=VERTEX_POINT('',#2691);
#1171=VERTEX_POINT('',#2692);
#1172=VERTEX_POINT('',#2694);
#1173=VERTEX_POINT('',#2696);
#1174=VERTEX_POINT('',#2698);
#1175=VERTEX_POINT('',#2700);
#1176=VERTEX_POINT('',#2702);
#1177=VERTEX_POINT('',#2704);
#1178=VERTEX_POINT('',#2780);
#1179=VERTEX_POINT('',#2782);
#1180=VERTEX_POINT('',#2786);
#1181=VERTEX_POINT('',#2788);
#1182=VERTEX_POINT('',#2794);
#1183=VERTEX_POINT('',#2795);
#1184=VERTEX_POINT('',#2800);
#1185=VERTEX_POINT('',#2802);
#1186=VERTEX_POINT('',#2808);
#1187=VERTEX_POINT('',#2809);
#1188=VERTEX_POINT('',#2814);
#1189=VERTEX_POINT('',#2816);
#1190=VERTEX_POINT('',#2823);
#1191=VERTEX_POINT('',#2827);
#1192=VERTEX_POINT('',#2833);
#1193=VERTEX_POINT('',#2835);
#1194=CIRCLE('',#1664,0.00174999999999998);
#1195=CIRCLE('',#1665,0.00174999999999998);
#1196=CIRCLE('',#1666,0.00174999999999998);
#1197=CIRCLE('',#1667,0.00174999999999998);
#1198=CIRCLE('',#1672,0.003);
#1199=CIRCLE('',#1673,0.003);
#1200=CIRCLE('',#1674,0.003);
#1201=CIRCLE('',#1675,0.003);
#1202=CIRCLE('',#1676,0.00927058007951267);
#1203=CIRCLE('',#1677,0.003);
#1204=CIRCLE('',#1678,0.00927058007951267);
#1205=CIRCLE('',#1679,0.003);
#1206=CIRCLE('',#1680,0.00927058007951267);
#1207=CIRCLE('',#1681,0.003);
#1208=CIRCLE('',#1682,0.003);
#1209=CIRCLE('',#1683,0.00927058007951267);
#1210=CIRCLE('',#1684,0.003);
#1211=CIRCLE('',#1685,0.003);
#1212=CIRCLE('',#1687,0.006);
#1213=CIRCLE('',#1688,0.006);
#1214=CIRCLE('',#1690,0.006);
#1215=CIRCLE('',#1691,0.006);
#1216=CIRCLE('',#1693,0.006);
#1217=CIRCLE('',#1694,0.006);
#1218=CIRCLE('',#1696,0.006);
#1219=CIRCLE('',#1697,0.006);
#1220=CIRCLE('',#1699,0.00375);
#1221=CIRCLE('',#1700,0.00375);
#1222=CIRCLE('',#1701,0.00375);
#1223=CIRCLE('',#1702,0.00375);
#1224=CIRCLE('',#1707,0.0066);
#1225=CIRCLE('',#1708,0.0066);
#1226=CIRCLE('',#1709,0.0066);
#1227=CIRCLE('',#1710,0.0066);
#1228=CIRCLE('',#1711,0.0054);
#1229=CIRCLE('',#1712,0.0054);
#1230=CIRCLE('',#1713,0.0054);
#1231=CIRCLE('',#1714,0.0054);
#1232=CIRCLE('',#1716,0.00174999999999998);
#1233=CIRCLE('',#1719,0.00174999999999998);
#1234=CIRCLE('',#1722,0.00174999999999998);
#1235=CIRCLE('',#1725,0.00174999999999998);
#1236=CIRCLE('',#1728,0.002);
#1237=CIRCLE('',#1729,0.002);
#1238=CIRCLE('',#1731,0.002);
#1239=CIRCLE('',#1733,0.002);
#1240=CIRCLE('',#1735,0.002);
#1241=CIRCLE('',#1737,0.002);
#1242=CIRCLE('',#1739,0.002);
#1243=CIRCLE('',#1741,0.002);
#1244=CIRCLE('',#1748,0.006);
#1245=CIRCLE('',#1749,0.006);
#1246=CIRCLE('',#1751,0.006);
#1247=CIRCLE('',#1752,0.006);
#1248=CIRCLE('',#1754,0.006);
#1249=CIRCLE('',#1755,0.006);
#1250=CIRCLE('',#1757,0.006);
#1251=CIRCLE('',#1758,0.006);
#1252=CIRCLE('',#1760,0.0045);
#1253=CIRCLE('',#1761,0.0045);
#1254=CIRCLE('',#1762,0.0045);
#1255=CIRCLE('',#1763,0.0045);
#1256=CIRCLE('',#1764,0.0045);
#1257=CIRCLE('',#1765,0.0045);
#1258=CIRCLE('',#1766,0.0045);
#1259=CIRCLE('',#1767,0.0045);
#1260=CIRCLE('',#1769,0.003);
#1261=CIRCLE('',#1771,0.003);
#1262=CIRCLE('',#1773,0.003);
#1263=CIRCLE('',#1775,0.003);
#1264=CIRCLE('',#1809,0.00927058007951267);
#1265=CIRCLE('',#1811,0.00235);
#1266=CIRCLE('',#1812,0.00235);
#1267=CIRCLE('',#1814,0.003);
#1268=CIRCLE('',#1815,0.003);
#1269=CIRCLE('',#1817,0.00927058007951267);
#1270=CIRCLE('',#1819,0.00235);
#1271=CIRCLE('',#1820,0.00235);
#1272=CIRCLE('',#1822,0.003);
#1273=CIRCLE('',#1823,0.003);
#1274=CIRCLE('',#1825,0.00927058007951267);
#1275=CIRCLE('',#1827,0.00235);
#1276=CIRCLE('',#1828,0.00235);
#1277=CIRCLE('',#1830,0.003);
#1278=CIRCLE('',#1831,0.003);
#1279=CIRCLE('',#1836,0.00927058007951267);
#1280=CIRCLE('',#1838,0.00235);
#1281=CIRCLE('',#1839,0.00235);
#1282=EDGE_LOOP('',(#354,#355,#356,#357,#358,#359,#360,#361));
#1283=EDGE_LOOP('',(#362,#363,#364,#365,#366,#367,#368,#369));
#1284=EDGE_LOOP('',(#370,#371,#372,#373,#374,#375,#376,#377));
#1285=EDGE_LOOP('',(#378,#379,#380,#381,#382,#383,#384,#385));
#1286=EDGE_LOOP('',(#386,#387,#388,#389,#390,#391,#392,#393));
#1287=EDGE_LOOP('',(#394,#395,#396,#397,#398,#399,#400,#401));
#1288=EDGE_LOOP('',(#402,#403,#404,#405,#406,#407,#408,#409,#410,#411,#412,#413,#414,#415,#416,#417));
#1289=EDGE_LOOP('',(#418,#419,#420,#421));
#1290=EDGE_LOOP('',(#422,#423,#424,#425));
#1291=EDGE_LOOP('',(#426,#427,#428,#429));
#1292=EDGE_LOOP('',(#430,#431,#432,#433));
#1293=EDGE_LOOP('',(#434,#435,#436,#437,#438,#439,#440,#441));
#1294=EDGE_LOOP('',(#442,#443,#444,#445));
#1295=EDGE_LOOP('',(#446,#447,#448,#449));
#1296=EDGE_LOOP('',(#450,#451,#452,#453));
#1297=EDGE_LOOP('',(#454,#455,#456,#457));
#1298=EDGE_LOOP('',(#458,#459,#460,#461,#462,#463,#464,#465));
#1299=EDGE_LOOP('',(#466,#467,#468,#469,#470,#471,#472,#473));
#1300=EDGE_LOOP('',(#474,#475,#476,#477));
#1301=EDGE_LOOP('',(#478,#479,#480,#481));
#1302=EDGE_LOOP('',(#482,#483,#484,#485));
#1303=EDGE_LOOP('',(#486,#487,#488,#489));
#1304=EDGE_LOOP('',(#490,#491,#492,#493));
#1305=EDGE_LOOP('',(#494,#495,#496,#497));
#1306=EDGE_LOOP('',(#498,#499,#500,#501));
#1307=EDGE_LOOP('',(#502,#503,#504,#505));
#1308=EDGE_LOOP('',(#506,#507,#508,#509));
#1309=EDGE_LOOP('',(#510,#511,#512,#513));
#1310=EDGE_LOOP('',(#514,#515,#516,#517));
#1311=EDGE_LOOP('',(#518,#519,#520,#521));
#1312=EDGE_LOOP('',(#522,#523,#524,#525));
#1313=EDGE_LOOP('',(#526,#527,#528,#529));
#1314=EDGE_LOOP('',(#530,#531,#532,#533));
#1315=EDGE_LOOP('',(#534,#535,#536,#537));
#1316=EDGE_LOOP('',(#538,#539,#540,#541));
#1317=EDGE_LOOP('',(#542,#543,#544,#545));
#1318=EDGE_LOOP('',(#546,#547,#548,#549));
#1319=EDGE_LOOP('',(#550,#551,#552,#553));
#1320=EDGE_LOOP('',(#554,#555,#556,#557));
#1321=EDGE_LOOP('',(#558,#559,#560,#561));
#1322=EDGE_LOOP('',(#562,#563,#564,#565));
#1323=EDGE_LOOP('',(#566,#567,#568,#569));
#1324=EDGE_LOOP('',(#570,#571,#572,#573,#574,#575,#576,#577));
#1325=EDGE_LOOP('',(#578,#579,#580,#581,#582,#583,#584,#585));
#1326=EDGE_LOOP('',(#586,#587,#588,#589));
#1327=EDGE_LOOP('',(#590,#591,#592,#593));
#1328=EDGE_LOOP('',(#594,#595,#596,#597));
#1329=EDGE_LOOP('',(#598,#599,#600,#601));
#1330=EDGE_LOOP('',(#602,#603,#604,#605));
#1331=EDGE_LOOP('',(#606,#607,#608,#609));
#1332=EDGE_LOOP('',(#610,#611,#612,#613));
#1333=EDGE_LOOP('',(#614,#615,#616,#617));
#1334=EDGE_LOOP('',(#618,#619,#620,#621));
#1335=EDGE_LOOP('',(#622,#623,#624,#625));
#1336=EDGE_LOOP('',(#626,#627,#628,#629));
#1337=EDGE_LOOP('',(#630,#631,#632,#633));
#1338=EDGE_LOOP('',(#634,#635,#636,#637));
#1339=EDGE_LOOP('',(#638,#639,#640,#641));
#1340=EDGE_LOOP('',(#642,#643,#644,#645));
#1341=EDGE_LOOP('',(#646,#647,#648,#649));
#1342=EDGE_LOOP('',(#650,#651,#652,#653));
#1343=EDGE_LOOP('',(#654,#655,#656,#657));
#1344=EDGE_LOOP('',(#658,#659,#660,#661));
#1345=EDGE_LOOP('',(#662,#663,#664,#665));
#1346=EDGE_LOOP('',(#666,#667,#668,#669));
#1347=EDGE_LOOP('',(#670,#671,#672,#673));
#1348=EDGE_LOOP('',(#674,#675,#676,#677));
#1349=EDGE_LOOP('',(#678,#679,#680,#681));
#1350=EDGE_LOOP('',(#682,#683,#684,#685));
#1351=EDGE_LOOP('',(#686,#687,#688,#689));
#1352=EDGE_LOOP('',(#690,#691,#692,#693));
#1353=EDGE_LOOP('',(#694,#695,#696,#697));
#1354=EDGE_LOOP('',(#698,#699,#700,#701));
#1355=EDGE_LOOP('',(#702,#703,#704,#705));
#1356=EDGE_LOOP('',(#706,#707,#708,#709));
#1357=EDGE_LOOP('',(#710,#711,#712,#713));
#1358=EDGE_LOOP('',(#714,#715,#716,#717));
#1359=EDGE_LOOP('',(#718,#719,#720,#721));
#1360=EDGE_LOOP('',(#722,#723,#724,#725));
#1361=EDGE_LOOP('',(#726,#727,#728,#729));
#1362=EDGE_LOOP('',(#730,#731,#732,#733));
#1363=EDGE_LOOP('',(#734));
#1364=EDGE_LOOP('',(#735));
#1365=EDGE_LOOP('',(#736));
#1366=EDGE_LOOP('',(#737,#738,#739,#740,#741,#742));
#1367=EDGE_LOOP('',(#743,#744,#745,#746));
#1368=EDGE_LOOP('',(#747));
#1369=EDGE_LOOP('',(#748));
#1370=EDGE_LOOP('',(#749,#750,#751,#752,#753,#754));
#1371=EDGE_LOOP('',(#755));
#1372=EDGE_LOOP('',(#756,#757,#758,#759));
#1373=EDGE_LOOP('',(#760));
#1374=EDGE_LOOP('',(#761));
#1375=EDGE_LOOP('',(#762));
#1376=EDGE_LOOP('',(#763,#764,#765,#766,#767,#768));
#1377=EDGE_LOOP('',(#769));
#1378=EDGE_LOOP('',(#770,#771,#772,#773));
#1379=EDGE_LOOP('',(#774,#775,#776,#777));
#1380=EDGE_LOOP('',(#778,#779,#780,#781));
#1381=EDGE_LOOP('',(#782));
#1382=EDGE_LOOP('',(#783));
#1383=EDGE_LOOP('',(#784,#785,#786,#787,#788,#789));
#1384=EDGE_LOOP('',(#790));
#1385=EDGE_LOOP('',(#791));
#1386=EDGE_LOOP('',(#792));
#1387=EDGE_LOOP('',(#793));
#1388=EDGE_LOOP('',(#794,#795,#796,#797));
#1389=EDGE_LOOP('',(#798,#799,#800,#801));
#1390=EDGE_LOOP('',(#802,#803,#804,#805));
#1391=EDGE_LOOP('',(#806,#807,#808,#809));
#1392=EDGE_LOOP('',(#810,#811,#812,#813));
#1393=EDGE_LOOP('',(#814,#815,#816,#817));
#1394=FACE_BOUND('',#1282,.T.);
#1395=FACE_BOUND('',#1283,.T.);
#1396=FACE_BOUND('',#1284,.T.);
#1397=FACE_BOUND('',#1285,.T.);
#1398=FACE_BOUND('',#1286,.T.);
#1399=FACE_BOUND('',#1287,.T.);
#1400=FACE_BOUND('',#1288,.T.);
#1401=FACE_BOUND('',#1289,.T.);
#1402=FACE_BOUND('',#1290,.T.);
#1403=FACE_BOUND('',#1291,.T.);
#1404=FACE_BOUND('',#1292,.T.);
#1405=FACE_BOUND('',#1293,.T.);
#1406=FACE_BOUND('',#1294,.T.);
#1407=FACE_BOUND('',#1295,.T.);
#1408=FACE_BOUND('',#1296,.T.);
#1409=FACE_BOUND('',#1297,.T.);
#1410=FACE_BOUND('',#1298,.T.);
#1411=FACE_BOUND('',#1299,.T.);
#1412=FACE_BOUND('',#1300,.T.);
#1413=FACE_BOUND('',#1301,.T.);
#1414=FACE_BOUND('',#1302,.T.);
#1415=FACE_BOUND('',#1303,.T.);
#1416=FACE_BOUND('',#1304,.T.);
#1417=FACE_BOUND('',#1305,.T.);
#1418=FACE_BOUND('',#1306,.T.);
#1419=FACE_BOUND('',#1307,.T.);
#1420=FACE_BOUND('',#1308,.T.);
#1421=FACE_BOUND('',#1309,.T.);
#1422=FACE_BOUND('',#1310,.T.);
#1423=FACE_BOUND('',#1311,.T.);
#1424=FACE_BOUND('',#1312,.T.);
#1425=FACE_BOUND('',#1313,.T.);
#1426=FACE_BOUND('',#1314,.T.);
#1427=FACE_BOUND('',#1315,.T.);
#1428=FACE_BOUND('',#1316,.T.);
#1429=FACE_BOUND('',#1317,.T.);
#1430=FACE_BOUND('',#1318,.T.);
#1431=FACE_BOUND('',#1319,.T.);
#1432=FACE_BOUND('',#1320,.T.);
#1433=FACE_BOUND('',#1321,.T.);
#1434=FACE_BOUND('',#1322,.T.);
#1435=FACE_BOUND('',#1323,.T.);
#1436=FACE_BOUND('',#1324,.T.);
#1437=FACE_BOUND('',#1325,.T.);
#1438=FACE_BOUND('',#1326,.T.);
#1439=FACE_BOUND('',#1327,.T.);
#1440=FACE_BOUND('',#1328,.T.);
#1441=FACE_BOUND('',#1329,.T.);
#1442=FACE_BOUND('',#1330,.T.);
#1443=FACE_BOUND('',#1331,.T.);
#1444=FACE_BOUND('',#1332,.T.);
#1445=FACE_BOUND('',#1333,.T.);
#1446=FACE_BOUND('',#1334,.T.);
#1447=FACE_BOUND('',#1335,.T.);
#1448=FACE_BOUND('',#1336,.T.);
#1449=FACE_BOUND('',#1337,.T.);
#1450=FACE_BOUND('',#1338,.T.);
#1451=FACE_BOUND('',#1339,.T.);
#1452=FACE_BOUND('',#1340,.T.);
#1453=FACE_BOUND('',#1341,.T.);
#1454=FACE_BOUND('',#1342,.T.);
#1455=FACE_BOUND('',#1343,.T.);
#1456=FACE_BOUND('',#1344,.T.);
#1457=FACE_BOUND('',#1345,.T.);
#1458=FACE_BOUND('',#1346,.T.);
#1459=FACE_BOUND('',#1347,.T.);
#1460=FACE_BOUND('',#1348,.T.);
#1461=FACE_BOUND('',#1349,.T.);
#1462=FACE_BOUND('',#1350,.T.);
#1463=FACE_BOUND('',#1351,.T.);
#1464=FACE_BOUND('',#1352,.T.);
#1465=FACE_BOUND('',#1353,.T.);
#1466=FACE_BOUND('',#1354,.T.);
#1467=FACE_BOUND('',#1355,.T.);
#1468=FACE_BOUND('',#1356,.T.);
#1469=FACE_BOUND('',#1357,.T.);
#1470=FACE_BOUND('',#1358,.T.);
#1471=FACE_BOUND('',#1359,.T.);
#1472=FACE_BOUND('',#1360,.T.);
#1473=FACE_BOUND('',#1361,.T.);
#1474=FACE_BOUND('',#1362,.T.);
#1475=FACE_BOUND('',#1363,.T.);
#1476=FACE_BOUND('',#1364,.T.);
#1477=FACE_BOUND('',#1365,.T.);
#1478=FACE_BOUND('',#1366,.T.);
#1479=FACE_BOUND('',#1367,.T.);
#1480=FACE_BOUND('',#1368,.T.);
#1481=FACE_BOUND('',#1369,.T.);
#1482=FACE_BOUND('',#1370,.T.);
#1483=FACE_BOUND('',#1371,.T.);
#1484=FACE_BOUND('',#1372,.T.);
#1485=FACE_BOUND('',#1373,.T.);
#1486=FACE_BOUND('',#1374,.T.);
#1487=FACE_BOUND('',#1375,.T.);
#1488=FACE_BOUND('',#1376,.T.);
#1489=FACE_BOUND('',#1377,.T.);
#1490=FACE_BOUND('',#1378,.T.);
#1491=FACE_BOUND('',#1379,.T.);
#1492=FACE_BOUND('',#1380,.T.);
#1493=FACE_BOUND('',#1381,.T.);
#1494=FACE_BOUND('',#1382,.T.);
#1495=FACE_BOUND('',#1383,.T.);
#1496=FACE_BOUND('',#1384,.T.);
#1497=FACE_BOUND('',#1385,.T.);
#1498=FACE_BOUND('',#1386,.T.);
#1499=FACE_BOUND('',#1387,.T.);
#1500=FACE_BOUND('',#1388,.T.);
#1501=FACE_BOUND('',#1389,.T.);
#1502=FACE_BOUND('',#1390,.T.);
#1503=FACE_BOUND('',#1391,.T.);
#1504=FACE_BOUND('',#1392,.T.);
#1505=FACE_BOUND('',#1393,.T.);
#1506=PLANE('',#1663);
#1507=PLANE('',#1668);
#1508=PLANE('',#1669);
#1509=PLANE('',#1670);
#1510=PLANE('',#1671);
#1511=PLANE('',#1698);
#1512=PLANE('',#1703);
#1513=PLANE('',#1704);
#1514=PLANE('',#1705);
#1515=PLANE('',#1706);
#1516=PLANE('',#1717);
#1517=PLANE('',#1720);
#1518=PLANE('',#1723);
#1519=PLANE('',#1726);
#1520=PLANE('',#1743);
#1521=PLANE('',#1744);
#1522=PLANE('',#1745);
#1523=PLANE('',#1746);
#1524=PLANE('',#1759);
#1525=PLANE('',#1776);
#1526=PLANE('',#1779);
#1527=PLANE('',#1780);
#1528=PLANE('',#1783);
#1529=PLANE('',#1784);
#1530=PLANE('',#1787);
#1531=PLANE('',#1788);
#1532=PLANE('',#1791);
#1533=PLANE('',#1792);
#1534=PLANE('',#1795);
#1535=PLANE('',#1796);
#1536=PLANE('',#1799);
#1537=PLANE('',#1800);
#1538=PLANE('',#1803);
#1539=PLANE('',#1804);
#1540=PLANE('',#1807);
#1541=PLANE('',#1813);
#1542=PLANE('',#1821);
#1543=PLANE('',#1829);
#1544=PLANE('',#1832);
#1545=PLANE('',#1833);
#1546=PLANE('',#1834);
#1547=PLANE('',#1840);
#1548=PLANE('',#1841);
#1549=PLANE('',#1842);
#1550=PLANE('',#1843);
#1551=ADVANCED_FACE('',(#1394,#1395),#1506,.F.);
#1552=ADVANCED_FACE('',(#1396),#1507,.T.);
#1553=ADVANCED_FACE('',(#1397),#1508,.F.);
#1554=ADVANCED_FACE('',(#1398),#1509,.T.);
#1555=ADVANCED_FACE('',(#1399,#1400),#1510,.F.);
#1556=ADVANCED_FACE('',(#1401),#32,.F.);
#1557=ADVANCED_FACE('',(#1402),#33,.F.);
#1558=ADVANCED_FACE('',(#1403),#34,.F.);
#1559=ADVANCED_FACE('',(#1404),#35,.F.);
#1560=ADVANCED_FACE('',(#1405,#1406),#1511,.T.);
#1561=ADVANCED_FACE('',(#1407),#1512,.F.);
#1562=ADVANCED_FACE('',(#1408),#1513,.F.);
#1563=ADVANCED_FACE('',(#1409),#1514,.T.);
#1564=ADVANCED_FACE('',(#1410,#1411),#1515,.T.);
#1565=ADVANCED_FACE('',(#1412),#36,.F.);
#1566=ADVANCED_FACE('',(#1413),#1516,.T.);
#1567=ADVANCED_FACE('',(#1414),#37,.F.);
#1568=ADVANCED_FACE('',(#1415),#1517,.T.);
#1569=ADVANCED_FACE('',(#1416),#38,.F.);
#1570=ADVANCED_FACE('',(#1417),#1518,.T.);
#1571=ADVANCED_FACE('',(#1418),#39,.F.);
#1572=ADVANCED_FACE('',(#1419),#1519,.T.);
#1573=ADVANCED_FACE('',(#1420),#28,.T.);
#1574=ADVANCED_FACE('',(#1421),#40,.T.);
#1575=ADVANCED_FACE('',(#1422),#41,.T.);
#1576=ADVANCED_FACE('',(#1423),#29,.T.);
#1577=ADVANCED_FACE('',(#1424),#30,.T.);
#1578=ADVANCED_FACE('',(#1425),#42,.T.);
#1579=ADVANCED_FACE('',(#1426),#43,.T.);
#1580=ADVANCED_FACE('',(#1427),#31,.T.);
#1581=ADVANCED_FACE('',(#1428),#1520,.F.);
#1582=ADVANCED_FACE('',(#1429),#1521,.F.);
#1583=ADVANCED_FACE('',(#1430),#1522,.T.);
#1584=ADVANCED_FACE('',(#1431),#1523,.T.);
#1585=ADVANCED_FACE('',(#1432),#44,.T.);
#1586=ADVANCED_FACE('',(#1433),#45,.T.);
#1587=ADVANCED_FACE('',(#1434),#46,.T.);
#1588=ADVANCED_FACE('',(#1435),#47,.T.);
#1589=ADVANCED_FACE('',(#1436,#1437),#1524,.F.);
#1590=ADVANCED_FACE('',(#1438),#48,.F.);
#1591=ADVANCED_FACE('',(#1439),#49,.F.);
#1592=ADVANCED_FACE('',(#1440),#50,.F.);
#1593=ADVANCED_FACE('',(#1441),#51,.F.);
#1594=ADVANCED_FACE('',(#1442),#1525,.T.);
#1595=ADVANCED_FACE('',(#1443),#12,.F.);
#1596=ADVANCED_FACE('',(#1444),#13,.F.);
#1597=ADVANCED_FACE('',(#1445),#1526,.T.);
#1598=ADVANCED_FACE('',(#1446),#1527,.F.);
#1599=ADVANCED_FACE('',(#1447),#14,.F.);
#1600=ADVANCED_FACE('',(#1448),#15,.F.);
#1601=ADVANCED_FACE('',(#1449),#1528,.F.);
#1602=ADVANCED_FACE('',(#1450),#1529,.F.);
#1603=ADVANCED_FACE('',(#1451),#16,.T.);
#1604=ADVANCED_FACE('',(#1452),#17,.T.);
#1605=ADVANCED_FACE('',(#1453),#1530,.F.);
#1606=ADVANCED_FACE('',(#1454),#1531,.T.);
#1607=ADVANCED_FACE('',(#1455),#18,.T.);
#1608=ADVANCED_FACE('',(#1456),#19,.T.);
#1609=ADVANCED_FACE('',(#1457),#1532,.T.);
#1610=ADVANCED_FACE('',(#1458),#1533,.F.);
#1611=ADVANCED_FACE('',(#1459),#20,.F.);
#1612=ADVANCED_FACE('',(#1460),#21,.F.);
#1613=ADVANCED_FACE('',(#1461),#1534,.F.);
#1614=ADVANCED_FACE('',(#1462),#1535,.T.);
#1615=ADVANCED_FACE('',(#1463),#22,.F.);
#1616=ADVANCED_FACE('',(#1464),#23,.F.);
#1617=ADVANCED_FACE('',(#1465),#1536,.T.);
#1618=ADVANCED_FACE('',(#1466),#1537,.T.);
#1619=ADVANCED_FACE('',(#1467),#24,.T.);
#1620=ADVANCED_FACE('',(#1468),#25,.T.);
#1621=ADVANCED_FACE('',(#1469),#1538,.F.);
#1622=ADVANCED_FACE('',(#1470),#1539,.T.);
#1623=ADVANCED_FACE('',(#1471),#26,.T.);
#1624=ADVANCED_FACE('',(#1472),#27,.T.);
#1625=ADVANCED_FACE('',(#1473),#1540,.F.);
#1626=ADVANCED_FACE('',(#1474),#52,.T.);
#1627=ADVANCED_FACE('',(#1475,#1476),#53,.F.);
#1628=ADVANCED_FACE('',(#1477,#1478),#1541,.T.);
#1629=ADVANCED_FACE('',(#1479),#54,.T.);
#1630=ADVANCED_FACE('',(#1480,#1481),#55,.F.);
#1631=ADVANCED_FACE('',(#1482,#1483),#1542,.T.);
#1632=ADVANCED_FACE('',(#1484),#56,.T.);
#1633=ADVANCED_FACE('',(#1485,#1486),#57,.F.);
#1634=ADVANCED_FACE('',(#1487,#1488),#1543,.T.);
#1635=ADVANCED_FACE('',(#1489),#1544,.F.);
#1636=ADVANCED_FACE('',(#1490),#1545,.T.);
#1637=ADVANCED_FACE('',(#1491),#1546,.F.);
#1638=ADVANCED_FACE('',(#1492),#58,.T.);
#1639=ADVANCED_FACE('',(#1493,#1494),#59,.F.);
#1640=ADVANCED_FACE('',(#1495,#1496),#1547,.T.);
#1641=ADVANCED_FACE('',(#1497),#1548,.F.);
#1642=ADVANCED_FACE('',(#1498),#1549,.F.);
#1643=ADVANCED_FACE('',(#1499),#1550,.F.);
#1644=ADVANCED_FACE('',(#1500),#60,.F.);
#1645=ADVANCED_FACE('',(#1501),#61,.F.);
#1646=ADVANCED_FACE('',(#1502),#62,.F.);
#1647=ADVANCED_FACE('',(#1503),#63,.F.);
#1648=ADVANCED_FACE('',(#1504),#64,.F.);
#1649=ADVANCED_FACE('',(#1505),#65,.F.);
#1650=CLOSED_SHELL('',(#1551,#1552,#1553,#1554,#1555,#1556,#1557,#1558,#1559,#1560,#1561,#1562,#1563,#1564,#1565,#1566,#1567,#1568,#1569,#1570,#1571,#1572,#1573,#1574,#1575,#1576,#1577,#1578,#1579,#1580,#1581,#1582,#1583,#1584,#1585,#1586,#1587,#1588,#1589,#1590,#1591,#1592,#1593,#1594,#1595,#1596,#1597,#1598,#1599,#1600,#1601,#1602,#1603,#1604,#1605,#1606,#1607,#1608,#1609,#1610,#1611,#1612,#1613,#1614,#1615,#1616,#1617,#1618,#1619,#1620,#1621,#1622,#1623,#1624,#1625,#1626,#1627,#1628,#1629,#1630,#1631,#1632,#1633,#1634,#1635,#1636,#1637,#1638,#1639,#1640,#1641,#1642,#1643,#1644,#1645,#1646,#1647,#1648,#1649));
#1651=STYLED_ITEM('',(#1652),#1659);
#1652=PRESENTATION_STYLE_ASSIGNMENT((#1653));
#1653=SURFACE_STYLE_USAGE(.BOTH.,#1654);
#1654=SURFACE_SIDE_STYLE('',(#1655));
#1655=SURFACE_STYLE_FILL_AREA(#1656);
#1656=FILL_AREA_STYLE('',(#1657));
#1657=FILL_AREA_STYLE_COLOUR('',#1658);
#1658=COLOUR_RGB('',0.647058823529412,0.647058823529412,0.647058823529412);
#1659=MANIFOLD_SOLID_BREP('Top',#1650);
#1660=SHAPE_DEFINITION_REPRESENTATION(#2852,#1661);
#1661=SHAPE_REPRESENTATION('Top',(#1662),#2847);
#1662=AXIS2_PLACEMENT_3D('',#2370,#1850,#1851);
#1663=AXIS2_PLACEMENT_3D('',#2371,#1852,#1853);
#1664=AXIS2_PLACEMENT_3D('',#2372,#1854,#1855);
#1665=AXIS2_PLACEMENT_3D('',#2377,#1857,#1858);
#1666=AXIS2_PLACEMENT_3D('',#2381,#1860,#1861);
#1667=AXIS2_PLACEMENT_3D('',#2385,#1863,#1864);
#1668=AXIS2_PLACEMENT_3D('',#2404,#1874,#1875);
#1669=AXIS2_PLACEMENT_3D('',#2421,#1884,#1885);
#1670=AXIS2_PLACEMENT_3D('',#2438,#1894,#1895);
#1671=AXIS2_PLACEMENT_3D('',#2455,#1904,#1905);
#1672=AXIS2_PLACEMENT_3D('',#2459,#1907,#1908);
#1673=AXIS2_PLACEMENT_3D('',#2463,#1910,#1911);
#1674=AXIS2_PLACEMENT_3D('',#2467,#1913,#1914);
#1675=AXIS2_PLACEMENT_3D('',#2471,#1916,#1917);
#1676=AXIS2_PLACEMENT_3D('',#2472,#1918,#1919);
#1677=AXIS2_PLACEMENT_3D('',#2475,#1920,#1921);
#1678=AXIS2_PLACEMENT_3D('',#2478,#1923,#1924);
#1679=AXIS2_PLACEMENT_3D('',#2481,#1926,#1927);
#1680=AXIS2_PLACEMENT_3D('',#2483,#1928,#1929);
#1681=AXIS2_PLACEMENT_3D('',#2485,#1930,#1931);
#1682=AXIS2_PLACEMENT_3D('',#2486,#1932,#1933);
#1683=AXIS2_PLACEMENT_3D('',#2488,#1934,#1935);
#1684=AXIS2_PLACEMENT_3D('',#2490,#1936,#1937);
#1685=AXIS2_PLACEMENT_3D('',#2491,#1938,#1939);
#1686=AXIS2_PLACEMENT_3D('',#2492,#1940,#1941);
#1687=AXIS2_PLACEMENT_3D('',#2493,#1942,#1943);
#1688=AXIS2_PLACEMENT_3D('',#2494,#1944,#1945);
#1689=AXIS2_PLACEMENT_3D('',#2495,#1946,#1947);
#1690=AXIS2_PLACEMENT_3D('',#2496,#1948,#1949);
#1691=AXIS2_PLACEMENT_3D('',#2497,#1950,#1951);
#1692=AXIS2_PLACEMENT_3D('',#2498,#1952,#1953);
#1693=AXIS2_PLACEMENT_3D('',#2499,#1954,#1955);
#1694=AXIS2_PLACEMENT_3D('',#2500,#1956,#1957);
#1695=AXIS2_PLACEMENT_3D('',#2501,#1958,#1959);
#1696=AXIS2_PLACEMENT_3D('',#2502,#1960,#1961);
#1697=AXIS2_PLACEMENT_3D('',#2503,#1962,#1963);
#1698=AXIS2_PLACEMENT_3D('',#2504,#1964,#1965);
#1699=AXIS2_PLACEMENT_3D('',#2508,#1967,#1968);
#1700=AXIS2_PLACEMENT_3D('',#2512,#1970,#1971);
#1701=AXIS2_PLACEMENT_3D('',#2516,#1973,#1974);
#1702=AXIS2_PLACEMENT_3D('',#2520,#1976,#1977);
#1703=AXIS2_PLACEMENT_3D('',#2529,#1982,#1983);
#1704=AXIS2_PLACEMENT_3D('',#2538,#1988,#1989);
#1705=AXIS2_PLACEMENT_3D('',#2547,#1994,#1995);
#1706=AXIS2_PLACEMENT_3D('',#2556,#2000,#2001);
#1707=AXIS2_PLACEMENT_3D('',#2557,#2002,#2003);
#1708=AXIS2_PLACEMENT_3D('',#2562,#2005,#2006);
#1709=AXIS2_PLACEMENT_3D('',#2566,#2008,#2009);
#1710=AXIS2_PLACEMENT_3D('',#2570,#2011,#2012);
#1711=AXIS2_PLACEMENT_3D('',#2573,#2014,#2015);
#1712=AXIS2_PLACEMENT_3D('',#2578,#2017,#2018);
#1713=AXIS2_PLACEMENT_3D('',#2582,#2020,#2021);
#1714=AXIS2_PLACEMENT_3D('',#2586,#2023,#2024);
#1715=AXIS2_PLACEMENT_3D('',#2589,#2026,#2027);
#1716=AXIS2_PLACEMENT_3D('',#2592,#2029,#2030);
#1717=AXIS2_PLACEMENT_3D('',#2595,#2032,#2033);
#1718=AXIS2_PLACEMENT_3D('',#2599,#2036,#2037);
#1719=AXIS2_PLACEMENT_3D('',#2602,#2039,#2040);
#1720=AXIS2_PLACEMENT_3D('',#2603,#2041,#2042);
#1721=AXIS2_PLACEMENT_3D('',#2607,#2045,#2046);
#1722=AXIS2_PLACEMENT_3D('',#2610,#2048,#2049);
#1723=AXIS2_PLACEMENT_3D('',#2611,#2050,#2051);
#1724=AXIS2_PLACEMENT_3D('',#2615,#2054,#2055);
#1725=AXIS2_PLACEMENT_3D('',#2618,#2057,#2058);
#1726=AXIS2_PLACEMENT_3D('',#2619,#2059,#2060);
#1727=AXIS2_PLACEMENT_3D('',#2621,#2062,#2063);
#1728=AXIS2_PLACEMENT_3D('',#2622,#2064,#2065);
#1729=AXIS2_PLACEMENT_3D('',#2623,#2066,#2067);
#1730=AXIS2_PLACEMENT_3D('',#2624,#2068,#2069);
#1731=AXIS2_PLACEMENT_3D('',#2625,#2070,#2071);
#1732=AXIS2_PLACEMENT_3D('',#2626,#2072,#2073);
#1733=AXIS2_PLACEMENT_3D('',#2627,#2074,#2075);
#1734=AXIS2_PLACEMENT_3D('',#2628,#2076,#2077);
#1735=AXIS2_PLACEMENT_3D('',#2629,#2078,#2079);
#1736=AXIS2_PLACEMENT_3D('',#2630,#2080,#2081);
#1737=AXIS2_PLACEMENT_3D('',#2631,#2082,#2083);
#1738=AXIS2_PLACEMENT_3D('',#2632,#2084,#2085);
#1739=AXIS2_PLACEMENT_3D('',#2633,#2086,#2087);
#1740=AXIS2_PLACEMENT_3D('',#2634,#2088,#2089);
#1741=AXIS2_PLACEMENT_3D('',#2635,#2090,#2091);
#1742=AXIS2_PLACEMENT_3D('',#2636,#2092,#2093);
#1743=AXIS2_PLACEMENT_3D('',#2637,#2094,#2095);
#1744=AXIS2_PLACEMENT_3D('',#2643,#2099,#2100);
#1745=AXIS2_PLACEMENT_3D('',#2649,#2104,#2105);
#1746=AXIS2_PLACEMENT_3D('',#2655,#2109,#2110);
#1747=AXIS2_PLACEMENT_3D('',#2661,#2114,#2115);
#1748=AXIS2_PLACEMENT_3D('',#2662,#2116,#2117);
#1749=AXIS2_PLACEMENT_3D('',#2663,#2118,#2119);
#1750=AXIS2_PLACEMENT_3D('',#2664,#2120,#2121);
#1751=AXIS2_PLACEMENT_3D('',#2665,#2122,#2123);
#1752=AXIS2_PLACEMENT_3D('',#2666,#2124,#2125);
#1753=AXIS2_PLACEMENT_3D('',#2667,#2126,#2127);
#1754=AXIS2_PLACEMENT_3D('',#2668,#2128,#2129);
#1755=AXIS2_PLACEMENT_3D('',#2669,#2130,#2131);
#1756=AXIS2_PLACEMENT_3D('',#2670,#2132,#2133);
#1757=AXIS2_PLACEMENT_3D('',#2671,#2134,#2135);
#1758=AXIS2_PLACEMENT_3D('',#2672,#2136,#2137);
#1759=AXIS2_PLACEMENT_3D('',#2673,#2138,#2139);
#1760=AXIS2_PLACEMENT_3D('',#2674,#2140,#2141);
#1761=AXIS2_PLACEMENT_3D('',#2679,#2143,#2144);
#1762=AXIS2_PLACEMENT_3D('',#2683,#2146,#2147);
#1763=AXIS2_PLACEMENT_3D('',#2687,#2149,#2150);
#1764=AXIS2_PLACEMENT_3D('',#2690,#2152,#2153);
#1765=AXIS2_PLACEMENT_3D('',#2695,#2155,#2156);
#1766=AXIS2_PLACEMENT_3D('',#2699,#2158,#2159);
#1767=AXIS2_PLACEMENT_3D('',#2703,#2161,#2162);
#1768=AXIS2_PLACEMENT_3D('',#2706,#2164,#2165);
#1769=AXIS2_PLACEMENT_3D('',#2707,#2166,#2167);
#1770=AXIS2_PLACEMENT_3D('',#2708,#2168,#2169);
#1771=AXIS2_PLACEMENT_3D('',#2709,#2170,#2171);
#1772=AXIS2_PLACEMENT_3D('',#2710,#2172,#2173);
#1773=AXIS2_PLACEMENT_3D('',#2711,#2174,#2175);
#1774=AXIS2_PLACEMENT_3D('',#2712,#2176,#2177);
#1775=AXIS2_PLACEMENT_3D('',#2713,#2178,#2179);
#1776=AXIS2_PLACEMENT_3D('',#2714,#2180,#2181);
#1777=AXIS2_PLACEMENT_3D('',#2717,#2184,#2185);
#1778=AXIS2_PLACEMENT_3D('',#2719,#2187,#2188);
#1779=AXIS2_PLACEMENT_3D('',#2721,#2190,#2191);
#1780=AXIS2_PLACEMENT_3D('',#2723,#2193,#2194);
#1781=AXIS2_PLACEMENT_3D('',#2725,#2196,#2197);
#1782=AXIS2_PLACEMENT_3D('',#2727,#2199,#2200);
#1783=AXIS2_PLACEMENT_3D('',#2729,#2202,#2203);
#1784=AXIS2_PLACEMENT_3D('',#2730,#2204,#2205);
#1785=AXIS2_PLACEMENT_3D('',#2733,#2208,#2209);
#1786=AXIS2_PLACEMENT_3D('',#2735,#2211,#2212);
#1787=AXIS2_PLACEMENT_3D('',#2737,#2214,#2215);
#1788=AXIS2_PLACEMENT_3D('',#2739,#2217,#2218);
#1789=AXIS2_PLACEMENT_3D('',#2741,#2220,#2221);
#1790=AXIS2_PLACEMENT_3D('',#2743,#2223,#2224);
#1791=AXIS2_PLACEMENT_3D('',#2745,#2226,#2227);
#1792=AXIS2_PLACEMENT_3D('',#2746,#2228,#2229);
#1793=AXIS2_PLACEMENT_3D('',#2749,#2232,#2233);
#1794=AXIS2_PLACEMENT_3D('',#2751,#2235,#2236);
#1795=AXIS2_PLACEMENT_3D('',#2753,#2238,#2239);
#1796=AXIS2_PLACEMENT_3D('',#2755,#2241,#2242);
#1797=AXIS2_PLACEMENT_3D('',#2757,#2244,#2245);
#1798=AXIS2_PLACEMENT_3D('',#2759,#2247,#2248);
#1799=AXIS2_PLACEMENT_3D('',#2761,#2250,#2251);
#1800=AXIS2_PLACEMENT_3D('',#2762,#2252,#2253);
#1801=AXIS2_PLACEMENT_3D('',#2765,#2256,#2257);
#1802=AXIS2_PLACEMENT_3D('',#2767,#2259,#2260);
#1803=AXIS2_PLACEMENT_3D('',#2769,#2262,#2263);
#1804=AXIS2_PLACEMENT_3D('',#2771,#2265,#2266);
#1805=AXIS2_PLACEMENT_3D('',#2773,#2268,#2269);
#1806=AXIS2_PLACEMENT_3D('',#2775,#2271,#2272);
#1807=AXIS2_PLACEMENT_3D('',#2777,#2274,#2275);
#1808=AXIS2_PLACEMENT_3D('',#2778,#2276,#2277);
#1809=AXIS2_PLACEMENT_3D('',#2781,#2279,#2280);
#1810=AXIS2_PLACEMENT_3D('',#2784,#2282,#2283);
#1811=AXIS2_PLACEMENT_3D('',#2785,#2284,#2285);
#1812=AXIS2_PLACEMENT_3D('',#2787,#2286,#2287);
#1813=AXIS2_PLACEMENT_3D('',#2789,#2288,#2289);
#1814=AXIS2_PLACEMENT_3D('',#2790,#2290,#2291);
#1815=AXIS2_PLACEMENT_3D('',#2791,#2292,#2293);
#1816=AXIS2_PLACEMENT_3D('',#2792,#2294,#2295);
#1817=AXIS2_PLACEMENT_3D('',#2793,#2296,#2297);
#1818=AXIS2_PLACEMENT_3D('',#2798,#2300,#2301);
#1819=AXIS2_PLACEMENT_3D('',#2799,#2302,#2303);
#1820=AXIS2_PLACEMENT_3D('',#2801,#2304,#2305);
#1821=AXIS2_PLACEMENT_3D('',#2803,#2306,#2307);
#1822=AXIS2_PLACEMENT_3D('',#2804,#2308,#2309);
#1823=AXIS2_PLACEMENT_3D('',#2805,#2310,#2311);
#1824=AXIS2_PLACEMENT_3D('',#2806,#2312,#2313);
#1825=AXIS2_PLACEMENT_3D('',#2807,#2314,#2315);
#1826=AXIS2_PLACEMENT_3D('',#2812,#2318,#2319);
#1827=AXIS2_PLACEMENT_3D('',#2813,#2320,#2321);
#1828=AXIS2_PLACEMENT_3D('',#2815,#2322,#2323);
#1829=AXIS2_PLACEMENT_3D('',#2817,#2324,#2325);
#1830=AXIS2_PLACEMENT_3D('',#2818,#2326,#2327);
#1831=AXIS2_PLACEMENT_3D('',#2819,#2328,#2329);
#1832=AXIS2_PLACEMENT_3D('',#2820,#2330,#2331);
#1833=AXIS2_PLACEMENT_3D('',#2821,#2332,#2333);
#1834=AXIS2_PLACEMENT_3D('',#2825,#2336,#2337);
#1835=AXIS2_PLACEMENT_3D('',#2829,#2340,#2341);
#1836=AXIS2_PLACEMENT_3D('',#2830,#2342,#2343);
#1837=AXIS2_PLACEMENT_3D('',#2831,#2344,#2345);
#1838=AXIS2_PLACEMENT_3D('',#2832,#2346,#2347);
#1839=AXIS2_PLACEMENT_3D('',#2834,#2348,#2349);
#1840=AXIS2_PLACEMENT_3D('',#2836,#2350,#2351);
#1841=AXIS2_PLACEMENT_3D('',#2837,#2352,#2353);
#1842=AXIS2_PLACEMENT_3D('',#2838,#2354,#2355);
#1843=AXIS2_PLACEMENT_3D('',#2839,#2356,#2357);
#1844=AXIS2_PLACEMENT_3D('',#2840,#2358,#2359);
#1845=AXIS2_PLACEMENT_3D('',#2841,#2360,#2361);
#1846=AXIS2_PLACEMENT_3D('',#2842,#2362,#2363);
#1847=AXIS2_PLACEMENT_3D('',#2843,#2364,#2365);
#1848=AXIS2_PLACEMENT_3D('',#2844,#2366,#2367);
#1849=AXIS2_PLACEMENT_3D('',#2845,#2368,#2369);
#1850=DIRECTION('',(0.,0.,1.));
#1851=DIRECTION('',(1.,0.,0.));
#1852=DIRECTION('',(0.,1.,0.));
#1853=DIRECTION('',(0.,0.,1.));
#1854=DIRECTION('',(0.,1.,0.));
#1855=DIRECTION('',(0.,0.,1.));
#1856=DIRECTION('',(-1.,0.,-3.69720451617884E-18));
#1857=DIRECTION('',(0.,1.,0.));
#1858=DIRECTION('',(0.,0.,1.));
#1859=DIRECTION('',(9.2430319699931E-19,0.,1.));
#1860=DIRECTION('',(0.,1.,0.));
#1861=DIRECTION('',(0.,0.,1.));
#1862=DIRECTION('',(1.,0.,3.69720451617884E-18));
#1863=DIRECTION('',(0.,1.,0.));
#1864=DIRECTION('',(0.,0.,1.));
#1865=DIRECTION('',(-9.2430319699931E-19,0.,-1.));
#1866=DIRECTION('',(1.,0.,0.));
#1867=DIRECTION('',(0.,0.,1.));
#1868=DIRECTION('',(1.,0.,0.));
#1869=DIRECTION('',(0.,0.,-1.));
#1870=DIRECTION('',(1.,0.,0.));
#1871=DIRECTION('',(0.,0.,1.));
#1872=DIRECTION('',(-1.,0.,0.));
#1873=DIRECTION('',(0.,0.,1.));
#1874=DIRECTION('',(-1.,0.,0.));
#1875=DIRECTION('',(0.,0.,1.));
#1876=DIRECTION('',(0.,1.,0.));
#1877=DIRECTION('',(0.,0.,-1.));
#1878=DIRECTION('',(0.,1.,0.));
#1879=DIRECTION('',(0.,0.,1.));
#1880=DIRECTION('',(0.,1.,0.));
#1881=DIRECTION('',(0.,0.,1.));
#1882=DIRECTION('',(0.,1.,0.));
#1883=DIRECTION('',(0.,0.,1.));
#1884=DIRECTION('',(-1.,0.,0.));
#1885=DIRECTION('',(0.,0.,1.));
#1886=DIRECTION('',(0.,1.,0.));
#1887=DIRECTION('',(0.,0.,1.));
#1888=DIRECTION('',(0.,1.,0.));
#1889=DIRECTION('',(0.,0.,1.));
#1890=DIRECTION('',(0.,-1.,0.));
#1891=DIRECTION('',(0.,0.,1.));
#1892=DIRECTION('',(0.,1.,0.));
#1893=DIRECTION('',(0.,0.,-1.));
#1894=DIRECTION('',(1.21430643318376E-16,1.,0.));
#1895=DIRECTION('',(-1.,1.21430643318376E-16,0.));
#1896=DIRECTION('',(-1.,1.21430643318376E-16,0.));
#1897=DIRECTION('',(0.,0.,-1.));
#1898=DIRECTION('',(-1.,1.21430643318376E-16,0.));
#1899=DIRECTION('',(0.,0.,-1.));
#1900=DIRECTION('',(-1.,1.21430643318376E-16,0.));
#1901=DIRECTION('',(0.,0.,1.));
#1902=DIRECTION('',(1.,-1.21430643318376E-16,0.));
#1903=DIRECTION('',(0.,0.,1.));
#1904=DIRECTION('',(0.,0.,-1.));
#1905=DIRECTION('',(1.,0.,0.));
#1906=DIRECTION('',(0.,-1.,0.));
#1907=DIRECTION('',(0.,0.,-1.));
#1908=DIRECTION('',(-1.,0.,0.));
#1909=DIRECTION('',(-1.,1.72523468520816E-16,0.));
#1910=DIRECTION('',(0.,0.,-1.));
#1911=DIRECTION('',(-1.,0.,0.));
#1912=DIRECTION('',(0.,-1.,0.));
#1913=DIRECTION('',(0.,0.,-1.));
#1914=DIRECTION('',(-1.,0.,0.));
#1915=DIRECTION('',(-1.,0.,0.));
#1916=DIRECTION('',(0.,0.,-1.));
#1917=DIRECTION('',(-1.,0.,0.));
#1918=DIRECTION('',(0.,0.,1.));
#1919=DIRECTION('',(1.,0.,0.));
#1920=DIRECTION('',(0.,0.,-1.));
#1921=DIRECTION('',(-1.,0.,0.));
#1922=DIRECTION('',(1.,0.,0.));
#1923=DIRECTION('',(0.,0.,-1.));
#1924=DIRECTION('',(1.,0.,0.));
#1925=DIRECTION('',(0.,1.,0.));
#1926=DIRECTION('',(0.,0.,-1.));
#1927=DIRECTION('',(-1.,0.,0.));
#1928=DIRECTION('',(0.,0.,1.));
#1929=DIRECTION('',(1.,0.,0.));
#1930=DIRECTION('',(0.,0.,-1.));
#1931=DIRECTION('',(-1.,0.,0.));
#1932=DIRECTION('',(0.,0.,-1.));
#1933=DIRECTION('',(-1.,0.,0.));
#1934=DIRECTION('',(0.,0.,-1.));
#1935=DIRECTION('',(1.,0.,0.));
#1936=DIRECTION('',(0.,0.,-1.));
#1937=DIRECTION('',(-1.,0.,0.));
#1938=DIRECTION('',(0.,0.,-1.));
#1939=DIRECTION('',(-1.,0.,0.));
#1940=DIRECTION('',(0.,0.,1.));
#1941=DIRECTION('',(1.,0.,0.));
#1942=DIRECTION('',(0.,0.,-1.));
#1943=DIRECTION('',(-1.,0.,0.));
#1944=DIRECTION('',(0.,0.,1.));
#1945=DIRECTION('',(1.,0.,0.));
#1946=DIRECTION('',(0.,0.,-1.));
#1947=DIRECTION('',(-1.,0.,0.));
#1948=DIRECTION('',(0.,0.,-1.));
#1949=DIRECTION('',(-1.,0.,0.));
#1950=DIRECTION('',(0.,0.,1.));
#1951=DIRECTION('',(1.,0.,0.));
#1952=DIRECTION('',(0.,0.,-1.));
#1953=DIRECTION('',(-1.,0.,0.));
#1954=DIRECTION('',(0.,0.,-1.));
#1955=DIRECTION('',(-1.,0.,0.));
#1956=DIRECTION('',(0.,0.,1.));
#1957=DIRECTION('',(1.,0.,0.));
#1958=DIRECTION('',(0.,0.,1.));
#1959=DIRECTION('',(1.,0.,0.));
#1960=DIRECTION('',(0.,0.,-1.));
#1961=DIRECTION('',(-1.,0.,0.));
#1962=DIRECTION('',(0.,0.,1.));
#1963=DIRECTION('',(1.,0.,0.));
#1964=DIRECTION('',(0.,1.,0.));
#1965=DIRECTION('',(0.,0.,1.));
#1966=DIRECTION('',(1.,0.,3.69720451617884E-18));
#1967=DIRECTION('',(0.,1.,0.));
#1968=DIRECTION('',(0.,0.,1.));
#1969=DIRECTION('',(9.2430319699931E-19,0.,1.));
#1970=DIRECTION('',(0.,1.,0.));
#1971=DIRECTION('',(0.,0.,1.));
#1972=DIRECTION('',(-1.,0.,-3.69720451617884E-18));
#1973=DIRECTION('',(0.,1.,0.));
#1974=DIRECTION('',(0.,0.,1.));
#1975=DIRECTION('',(-9.2430319699931E-19,0.,-1.));
#1976=DIRECTION('',(0.,1.,0.));
#1977=DIRECTION('',(0.,0.,1.));
#1978=DIRECTION('',(0.,0.,1.));
#1979=DIRECTION('',(1.,0.,0.));
#1980=DIRECTION('',(0.,0.,1.));
#1981=DIRECTION('',(-1.,0.,0.));
#1982=DIRECTION('',(1.33440267382831E-16,1.,0.));
#1983=DIRECTION('',(-1.,1.33440267382831E-16,0.));
#1984=DIRECTION('',(0.,0.,1.));
#1985=DIRECTION('',(-1.,1.33440267382831E-16,0.));
#1986=DIRECTION('',(0.,0.,1.));
#1987=DIRECTION('',(1.,-1.33440267382831E-16,0.));
#1988=DIRECTION('',(-1.,0.,0.));
#1989=DIRECTION('',(0.,0.,1.));
#1990=DIRECTION('',(0.,0.,1.));
#1991=DIRECTION('',(0.,-1.,0.));
#1992=DIRECTION('',(0.,0.,1.));
#1993=DIRECTION('',(0.,1.,0.));
#1994=DIRECTION('',(-1.,0.,0.));
#1995=DIRECTION('',(0.,0.,1.));
#1996=DIRECTION('',(0.,0.,1.));
#1997=DIRECTION('',(0.,1.,0.));
#1998=DIRECTION('',(0.,0.,1.));
#1999=DIRECTION('',(0.,-1.,0.));
#2000=DIRECTION('',(0.,0.,1.));
#2001=DIRECTION('',(1.,0.,0.));
#2002=DIRECTION('',(0.,0.,1.));
#2003=DIRECTION('',(1.,0.,0.));
#2004=DIRECTION('',(1.,0.,0.));
#2005=DIRECTION('',(0.,0.,1.));
#2006=DIRECTION('',(1.,0.,0.));
#2007=DIRECTION('',(0.,-1.,0.));
#2008=DIRECTION('',(0.,0.,1.));
#2009=DIRECTION('',(1.,0.,0.));
#2010=DIRECTION('',(-1.,1.21430643318376E-16,0.));
#2011=DIRECTION('',(0.,0.,1.));
#2012=DIRECTION('',(1.,0.,0.));
#2013=DIRECTION('',(0.,1.,0.));
#2014=DIRECTION('',(0.,0.,1.));
#2015=DIRECTION('',(1.,0.,0.));
#2016=DIRECTION('',(0.,-1.,0.));
#2017=DIRECTION('',(0.,0.,1.));
#2018=DIRECTION('',(1.,0.,0.));
#2019=DIRECTION('',(1.,-1.33440267382831E-16,0.));
#2020=DIRECTION('',(0.,0.,1.));
#2021=DIRECTION('',(1.,0.,0.));
#2022=DIRECTION('',(0.,1.,0.));
#2023=DIRECTION('',(0.,0.,1.));
#2024=DIRECTION('',(1.,0.,0.));
#2025=DIRECTION('',(-1.,0.,0.));
#2026=DIRECTION('',(1.77920356510442E-16,-1.,0.));
#2027=DIRECTION('',(1.,1.77920356510442E-16,0.));
#2028=DIRECTION('',(1.77920356510442E-16,-1.,0.));
#2029=DIRECTION('',(0.,1.,0.));
#2030=DIRECTION('',(0.,0.,1.));
#2031=DIRECTION('',(1.77920356510442E-16,-1.,0.));
#2032=DIRECTION('',(1.,1.77920356510442E-16,-9.2430319699931E-19));
#2033=DIRECTION('',(-1.77920356510442E-16,1.,0.));
#2034=DIRECTION('',(1.77920356510442E-16,-1.,0.));
#2035=DIRECTION('',(-9.2430319699931E-19,0.,-1.));
#2036=DIRECTION('',(1.77920356510442E-16,-1.,0.));
#2037=DIRECTION('',(1.,1.77920356510442E-16,0.));
#2038=DIRECTION('',(1.77920356510442E-16,-1.,0.));
#2039=DIRECTION('',(0.,1.,0.));
#2040=DIRECTION('',(0.,0.,1.));
#2041=DIRECTION('',(-3.69720451617884E-18,-6.57807945610556E-34,1.));
#2042=DIRECTION('',(1.,0.,3.69720451617884E-18));
#2043=DIRECTION('',(1.77920356510442E-16,-1.,0.));
#2044=DIRECTION('',(1.,0.,3.69720451617884E-18));
#2045=DIRECTION('',(1.77920356510442E-16,-1.,0.));
#2046=DIRECTION('',(1.,1.77920356510442E-16,0.));
#2047=DIRECTION('',(1.77920356510442E-16,-1.,0.));
#2048=DIRECTION('',(0.,1.,0.));
#2049=DIRECTION('',(0.,0.,1.));
#2050=DIRECTION('',(-1.,-1.77920356510442E-16,9.2430319699931E-19));
#2051=DIRECTION('',(1.77920356510442E-16,-1.,0.));
#2052=DIRECTION('',(1.77920356510442E-16,-1.,0.));
#2053=DIRECTION('',(9.2430319699931E-19,0.,1.));
#2054=DIRECTION('',(1.77920356510442E-16,-1.,0.));
#2055=DIRECTION('',(1.,1.77920356510442E-16,0.));
#2056=DIRECTION('',(1.77920356510442E-16,-1.,0.));
#2057=DIRECTION('',(0.,1.,0.));
#2058=DIRECTION('',(0.,0.,1.));
#2059=DIRECTION('',(3.69720451617884E-18,6.57807945610556E-34,-1.));
#2060=DIRECTION('',(-1.,0.,-3.69720451617884E-18));
#2061=DIRECTION('',(-1.,0.,-3.69720451617884E-18));
#2062=DIRECTION('',(0.,1.,0.));
#2063=DIRECTION('',(0.,0.,1.));
#2064=DIRECTION('',(1.,0.,8.67361737988403E-15));
#2065=DIRECTION('',(8.67361737988403E-15,0.,-1.));
#2066=DIRECTION('',(0.,0.,-1.));
#2067=DIRECTION('',(-1.,0.,0.));
#2068=DIRECTION('',(-9.2430319699931E-19,0.,-1.));
#2069=DIRECTION('',(-1.,0.,9.2430319699931E-19));
#2070=DIRECTION('',(2.47198095326695E-14,0.,-1.));
#2071=DIRECTION('',(-1.,0.,-2.47198095326695E-14));
#2072=DIRECTION('',(-1.,0.,-3.69720451617884E-18));
#2073=DIRECTION('',(-3.69720451617884E-18,0.,1.));
#2074=DIRECTION('',(1.,0.,0.));
#2075=DIRECTION('',(0.,0.,-1.));
#2076=DIRECTION('',(0.,1.,0.));
#2077=DIRECTION('',(0.,0.,1.));
#2078=DIRECTION('',(1.,0.,0.));
#2079=DIRECTION('',(0.,0.,-1.));
#2080=DIRECTION('',(0.,1.,0.));
#2081=DIRECTION('',(0.,0.,1.));
#2082=DIRECTION('',(-1.73472347597681E-14,3.00926553810505E-29,-1.));
#2083=DIRECTION('',(-1.,0.,1.73472347597681E-14));
#2084=DIRECTION('',(1.,0.,3.69720451617884E-18));
#2085=DIRECTION('',(3.69720451617884E-18,0.,-1.));
#2086=DIRECTION('',(1.,0.,-9.54097911787244E-15));
#2087=DIRECTION('',(-9.54097911787244E-15,0.,-1.));
#2088=DIRECTION('',(9.2430319699931E-19,0.,1.));
#2089=DIRECTION('',(1.,0.,-9.2430319699931E-19));
#2090=DIRECTION('',(0.,-2.42861286636752E-14,-1.));
#2091=DIRECTION('',(0.,1.,-2.42861286636752E-14));
#2092=DIRECTION('',(0.,1.,0.));
#2093=DIRECTION('',(0.,0.,1.));
#2094=DIRECTION('',(-1.72523468520816E-16,-1.,0.));
#2095=DIRECTION('',(1.,-1.72523468520816E-16,0.));
#2096=DIRECTION('',(0.,0.,-1.));
#2097=DIRECTION('',(-1.,1.72523468520816E-16,0.));
#2098=DIRECTION('',(0.,0.,-1.));
#2099=DIRECTION('',(1.,0.,0.));
#2100=DIRECTION('',(0.,0.,-1.));
#2101=DIRECTION('',(0.,0.,-1.));
#2102=DIRECTION('',(0.,-1.,0.));
#2103=DIRECTION('',(0.,0.,-1.));
#2104=DIRECTION('',(0.,-1.,0.));
#2105=DIRECTION('',(0.,0.,-1.));
#2106=DIRECTION('',(0.,0.,-1.));
#2107=DIRECTION('',(1.,0.,0.));
#2108=DIRECTION('',(0.,0.,-1.));
#2109=DIRECTION('',(1.,0.,0.));
#2110=DIRECTION('',(0.,0.,-1.));
#2111=DIRECTION('',(0.,0.,-1.));
#2112=DIRECTION('',(0.,1.,0.));
#2113=DIRECTION('',(0.,0.,-1.));
#2114=DIRECTION('',(0.,0.,1.));
#2115=DIRECTION('',(1.,0.,0.));
#2116=DIRECTION('',(0.,0.,1.));
#2117=DIRECTION('',(1.,0.,0.));
#2118=DIRECTION('',(0.,0.,1.));
#2119=DIRECTION('',(1.,0.,0.));
#2120=DIRECTION('',(0.,0.,-1.));
#2121=DIRECTION('',(-1.,0.,0.));
#2122=DIRECTION('',(0.,0.,1.));
#2123=DIRECTION('',(1.,0.,0.));
#2124=DIRECTION('',(0.,0.,1.));
#2125=DIRECTION('',(1.,0.,0.));
#2126=DIRECTION('',(0.,0.,1.));
#2127=DIRECTION('',(1.,0.,0.));
#2128=DIRECTION('',(0.,0.,1.));
#2129=DIRECTION('',(1.,0.,0.));
#2130=DIRECTION('',(0.,0.,1.));
#2131=DIRECTION('',(1.,0.,0.));
#2132=DIRECTION('',(0.,0.,-1.));
#2133=DIRECTION('',(-1.,0.,0.));
#2134=DIRECTION('',(0.,0.,1.));
#2135=DIRECTION('',(1.,0.,0.));
#2136=DIRECTION('',(0.,0.,1.));
#2137=DIRECTION('',(1.,0.,0.));
#2138=DIRECTION('',(0.,0.,1.));
#2139=DIRECTION('',(1.,0.,0.));
#2140=DIRECTION('',(0.,0.,1.));
#2141=DIRECTION('',(1.,0.,0.));
#2142=DIRECTION('',(0.,1.,0.));
#2143=DIRECTION('',(0.,0.,1.));
#2144=DIRECTION('',(1.,0.,0.));
#2145=DIRECTION('',(-1.,0.,0.));
#2146=DIRECTION('',(0.,0.,1.));
#2147=DIRECTION('',(1.,0.,0.));
#2148=DIRECTION('',(0.,-1.,0.));
#2149=DIRECTION('',(0.,0.,1.));
#2150=DIRECTION('',(1.,0.,0.));
#2151=DIRECTION('',(1.,-1.72523468520816E-16,0.));
#2152=DIRECTION('',(0.,0.,1.));
#2153=DIRECTION('',(1.,0.,0.));
#2154=DIRECTION('',(1.,0.,0.));
#2155=DIRECTION('',(0.,0.,1.));
#2156=DIRECTION('',(1.,0.,0.));
#2157=DIRECTION('',(0.,-1.,0.));
#2158=DIRECTION('',(0.,0.,1.));
#2159=DIRECTION('',(1.,0.,0.));
#2160=DIRECTION('',(-1.,1.33440267382831E-16,0.));
#2161=DIRECTION('',(0.,0.,1.));
#2162=DIRECTION('',(1.,0.,0.));
#2163=DIRECTION('',(0.,1.,0.));
#2164=DIRECTION('',(0.,0.,-1.));
#2165=DIRECTION('',(-1.,0.,0.));
#2166=DIRECTION('',(0.,0.,1.));
#2167=DIRECTION('',(1.,0.,0.));
#2168=DIRECTION('',(0.,0.,1.));
#2169=DIRECTION('',(1.,0.,0.));
#2170=DIRECTION('',(0.,0.,1.));
#2171=DIRECTION('',(1.,0.,0.));
#2172=DIRECTION('',(0.,0.,-1.));
#2173=DIRECTION('',(-1.,0.,0.));
#2174=DIRECTION('',(0.,0.,1.));
#2175=DIRECTION('',(1.,0.,0.));
#2176=DIRECTION('',(0.,0.,1.));
#2177=DIRECTION('',(1.,0.,0.));
#2178=DIRECTION('',(0.,0.,1.));
#2179=DIRECTION('',(1.,0.,0.));
#2180=DIRECTION('',(0.707106781186548,0.,-0.707106781186548));
#2181=DIRECTION('',(0.,1.,0.));
#2182=DIRECTION('',(0.707106781186548,0.,0.707106781186548));
#2183=DIRECTION('',(-0.707106781186548,0.,-0.707106781186548));
#2184=DIRECTION('',(0.,0.,-1.));
#2185=DIRECTION('',(-1.,0.,0.));
#2186=DIRECTION('',(0.,0.707106781186548,-0.707106781186548));
#2187=DIRECTION('',(0.,0.,-1.));
#2188=DIRECTION('',(-1.,0.,0.));
#2189=DIRECTION('',(0.,0.707106781186548,0.707106781186548));
#2190=DIRECTION('',(0.,-0.707106781186548,-0.707106781186548));
#2191=DIRECTION('',(1.,0.,0.));
#2192=DIRECTION('',(0.,0.707106781186548,-0.707106781186548));
#2193=DIRECTION('',(-1.21992514504893E-16,-0.707106781186548,0.707106781186548));
#2194=DIRECTION('',(-1.,1.72523468520816E-16,0.));
#2195=DIRECTION('',(0.,0.707106781186548,0.707106781186548));
#2196=DIRECTION('',(0.,0.,-1.));
#2197=DIRECTION('',(-1.,0.,0.));
#2198=DIRECTION('',(0.707106781186548,0.,-0.707106781186548));
#2199=DIRECTION('',(0.,0.,-1.));
#2200=DIRECTION('',(-1.,0.,0.));
#2201=DIRECTION('',(-0.707106781186548,0.,0.707106781186548));
#2202=DIRECTION('',(0.707106781186548,0.,0.707106781186548));
#2203=DIRECTION('',(0.,-1.,0.));
#2204=DIRECTION('',(9.43565179497461E-17,0.707106781186548,0.707106781186548));
#2205=DIRECTION('',(-1.,1.33440267382831E-16,0.));
#2206=DIRECTION('',(0.,-0.707106781186548,0.707106781186548));
#2207=DIRECTION('',(0.,0.707106781186548,-0.707106781186548));
#2208=DIRECTION('',(0.,0.,1.));
#2209=DIRECTION('',(1.,0.,0.));
#2210=DIRECTION('',(-0.707106781186548,0.,-0.707106781186548));
#2211=DIRECTION('',(0.,0.,1.));
#2212=DIRECTION('',(1.,0.,0.));
#2213=DIRECTION('',(-0.707106781186548,0.,0.707106781186548));
#2214=DIRECTION('',(-0.707106781186548,0.,0.707106781186548));
#2215=DIRECTION('',(0.,-1.,0.));
#2216=DIRECTION('',(-0.707106781186548,0.,-0.707106781186548));
#2217=DIRECTION('',(-0.707106781186548,0.,-0.707106781186548));
#2218=DIRECTION('',(0.,1.,0.));
#2219=DIRECTION('',(-0.707106781186548,0.,0.707106781186548));
#2220=DIRECTION('',(0.,0.,1.));
#2221=DIRECTION('',(1.,0.,0.));
#2222=DIRECTION('',(0.,-0.707106781186548,-0.707106781186548));
#2223=DIRECTION('',(0.,0.,1.));
#2224=DIRECTION('',(1.,0.,0.));
#2225=DIRECTION('',(0.,0.707106781186548,0.707106781186548));
#2226=DIRECTION('',(0.,0.707106781186548,-0.707106781186548));
#2227=DIRECTION('',(1.,0.,0.));
#2228=DIRECTION('',(-8.58644313342691E-17,-0.707106781186549,-0.707106781186547));
#2229=DIRECTION('',(-1.,1.21430643318376E-16,0.));
#2230=DIRECTION('',(0.,0.707106781186547,-0.707106781186549));
#2231=DIRECTION('',(0.,-0.707106781186547,0.707106781186549));
#2232=DIRECTION('',(0.,0.,1.));
#2233=DIRECTION('',(1.,0.,0.));
#2234=DIRECTION('',(0.707106781186547,0.,0.707106781186549));
#2235=DIRECTION('',(0.,0.,1.));
#2236=DIRECTION('',(1.,0.,0.));
#2237=DIRECTION('',(0.707106781186547,0.,-0.707106781186549));
#2238=DIRECTION('',(0.707106781186549,0.,-0.707106781186547));
#2239=DIRECTION('',(0.,-1.,0.));
#2240=DIRECTION('',(0.707106781186547,0.,0.707106781186549));
#2241=DIRECTION('',(0.707106781186549,0.,0.707106781186547));
#2242=DIRECTION('',(0.,1.,0.));
#2243=DIRECTION('',(0.707106781186547,0.,-0.707106781186549));
#2244=DIRECTION('',(0.,0.,1.));
#2245=DIRECTION('',(1.,0.,0.));
#2246=DIRECTION('',(0.,0.707106781186547,0.707106781186549));
#2247=DIRECTION('',(0.,0.,1.));
#2248=DIRECTION('',(1.,0.,0.));
#2249=DIRECTION('',(0.,-0.707106781186547,-0.707106781186549));
#2250=DIRECTION('',(0.,-0.707106781186549,0.707106781186547));
#2251=DIRECTION('',(1.,0.,0.));
#2252=DIRECTION('',(0.707106781186549,0.,0.707106781186547));
#2253=DIRECTION('',(0.,1.,0.));
#2254=DIRECTION('',(-0.707106781186547,0.,0.707106781186549));
#2255=DIRECTION('',(0.707106781186547,0.,-0.707106781186549));
#2256=DIRECTION('',(0.,0.,-1.));
#2257=DIRECTION('',(-1.,0.,0.));
#2258=DIRECTION('',(0.,0.707106781186547,-0.707106781186549));
#2259=DIRECTION('',(0.,0.,-1.));
#2260=DIRECTION('',(-1.,0.,0.));
#2261=DIRECTION('',(0.,0.707106781186547,0.707106781186549));
#2262=DIRECTION('',(0.,-0.707106781186549,-0.707106781186547));
#2263=DIRECTION('',(-1.,0.,0.));
#2264=DIRECTION('',(0.,0.707106781186547,-0.707106781186549));
#2265=DIRECTION('',(-9.43565179497462E-17,-0.707106781186549,0.707106781186547));
#2266=DIRECTION('',(1.,-1.33440267382831E-16,0.));
#2267=DIRECTION('',(0.,0.707106781186547,0.707106781186549));
#2268=DIRECTION('',(0.,0.,-1.));
#2269=DIRECTION('',(-1.,0.,0.));
#2270=DIRECTION('',(-0.707106781186547,0.,-0.707106781186549));
#2271=DIRECTION('',(0.,0.,-1.));
#2272=DIRECTION('',(-1.,0.,0.));
#2273=DIRECTION('',(0.707106781186547,0.,0.707106781186549));
#2274=DIRECTION('',(0.707106781186549,0.,-0.707106781186547));
#2275=DIRECTION('',(0.,-1.,0.));
#2276=DIRECTION('',(0.,0.,-1.));
#2277=DIRECTION('',(-1.,0.,0.));
#2278=DIRECTION('',(0.,0.,-1.));
#2279=DIRECTION('',(0.,0.,1.));
#2280=DIRECTION('',(1.,0.,0.));
#2281=DIRECTION('',(0.,0.,-1.));
#2282=DIRECTION('',(0.,0.,-1.));
#2283=DIRECTION('',(-1.,0.,0.));
#2284=DIRECTION('',(0.,0.,1.));
#2285=DIRECTION('',(1.,0.,0.));
#2286=DIRECTION('',(0.,0.,1.));
#2287=DIRECTION('',(1.,0.,0.));
#2288=DIRECTION('',(0.,0.,1.));
#2289=DIRECTION('',(1.,0.,0.));
#2290=DIRECTION('',(0.,0.,1.));
#2291=DIRECTION('',(1.,0.,0.));
#2292=DIRECTION('',(0.,0.,1.));
#2293=DIRECTION('',(1.,0.,0.));
#2294=DIRECTION('',(0.,0.,-1.));
#2295=DIRECTION('',(-1.,0.,0.));
#2296=DIRECTION('',(0.,0.,1.));
#2297=DIRECTION('',(1.,0.,0.));
#2298=DIRECTION('',(0.,0.,-1.));
#2299=DIRECTION('',(0.,0.,-1.));
#2300=DIRECTION('',(0.,0.,-1.));
#2301=DIRECTION('',(-1.,0.,0.));
#2302=DIRECTION('',(0.,0.,1.));
#2303=DIRECTION('',(1.,0.,0.));
#2304=DIRECTION('',(0.,0.,1.));
#2305=DIRECTION('',(1.,0.,0.));
#2306=DIRECTION('',(0.,0.,1.));
#2307=DIRECTION('',(1.,0.,0.));
#2308=DIRECTION('',(0.,0.,1.));
#2309=DIRECTION('',(1.,0.,0.));
#2310=DIRECTION('',(0.,0.,1.));
#2311=DIRECTION('',(1.,0.,0.));
#2312=DIRECTION('',(0.,0.,-1.));
#2313=DIRECTION('',(-1.,0.,0.));
#2314=DIRECTION('',(0.,0.,-1.));
#2315=DIRECTION('',(1.,0.,0.));
#2316=DIRECTION('',(0.,0.,-1.));
#2317=DIRECTION('',(0.,0.,-1.));
#2318=DIRECTION('',(0.,0.,-1.));
#2319=DIRECTION('',(-1.,0.,0.));
#2320=DIRECTION('',(0.,0.,-1.));
#2321=DIRECTION('',(1.,0.,0.));
#2322=DIRECTION('',(0.,0.,-1.));
#2323=DIRECTION('',(-1.,0.,0.));
#2324=DIRECTION('',(0.,0.,1.));
#2325=DIRECTION('',(1.,0.,0.));
#2326=DIRECTION('',(0.,0.,1.));
#2327=DIRECTION('',(1.,0.,0.));
#2328=DIRECTION('',(0.,0.,1.));
#2329=DIRECTION('',(1.,0.,0.));
#2330=DIRECTION('',(0.,0.,-1.));
#2331=DIRECTION('',(1.,0.,0.));
#2332=DIRECTION('',(0.,1.,0.));
#2333=DIRECTION('',(0.,0.,1.));
#2334=DIRECTION('',(1.,0.,0.));
#2335=DIRECTION('',(0.,0.,-1.));
#2336=DIRECTION('',(-1.,0.,0.));
#2337=DIRECTION('',(0.,0.,1.));
#2338=DIRECTION('',(0.,0.,-1.));
#2339=DIRECTION('',(0.,1.,0.));
#2340=DIRECTION('',(0.,0.,-1.));
#2341=DIRECTION('',(-1.,0.,0.));
#2342=DIRECTION('',(0.,0.,-1.));
#2343=DIRECTION('',(1.,0.,0.));
#2344=DIRECTION('',(0.,0.,-1.));
#2345=DIRECTION('',(-1.,0.,0.));
#2346=DIRECTION('',(0.,0.,-1.));
#2347=DIRECTION('',(1.,0.,0.));
#2348=DIRECTION('',(0.,0.,-1.));
#2349=DIRECTION('',(-1.,0.,0.));
#2350=DIRECTION('',(0.,0.,1.));
#2351=DIRECTION('',(1.,0.,0.));
#2352=DIRECTION('',(0.,0.,-1.));
#2353=DIRECTION('',(1.,0.,0.));
#2354=DIRECTION('',(0.,0.,-1.));
#2355=DIRECTION('',(1.,0.,0.));
#2356=DIRECTION('',(0.,0.,-1.));
#2357=DIRECTION('',(1.,0.,0.));
#2358=DIRECTION('',(0.,0.,-1.));
#2359=DIRECTION('',(-1.,0.,0.));
#2360=DIRECTION('',(0.,0.,-1.));
#2361=DIRECTION('',(-1.,0.,0.));
#2362=DIRECTION('',(0.,0.,-1.));
#2363=DIRECTION('',(-1.,0.,0.));
#2364=DIRECTION('',(0.,0.,-1.));
#2365=DIRECTION('',(-1.,0.,0.));
#2366=DIRECTION('',(0.,0.,-1.));
#2367=DIRECTION('',(-1.,0.,0.));
#2368=DIRECTION('',(0.,0.,-1.));
#2369=DIRECTION('',(-1.,0.,0.));
#2370=CARTESIAN_POINT('',(0.,0.,0.));
#2371=CARTESIAN_POINT('',(3.46944695195361E-18,0.04922,-0.025));
#2372=CARTESIAN_POINT('',(0.00648997198463679,0.04922,-0.00304500000000015));
#2373=CARTESIAN_POINT('',(0.00648997198463677,0.04922,-0.00129500000000018));
#2374=CARTESIAN_POINT('',(0.00473997198463682,0.04922,-0.00304500000000019));
#2375=CARTESIAN_POINT('',(3.38180471889759E-18,0.04922,-0.00129500000000019));
#2376=CARTESIAN_POINT('',(0.0129299719846366,0.04922,-0.00129500000000019));
#2377=CARTESIAN_POINT('',(0.0129299719846366,0.04922,-0.00304500000000015));
#2378=CARTESIAN_POINT('',(0.0146799719846366,0.04922,-0.00304500000000019));
#2379=CARTESIAN_POINT('',(0.0146799719846366,0.04922,-0.025));
#2380=CARTESIAN_POINT('',(0.0146799719846366,0.04922,-0.00635500000000018));
#2381=CARTESIAN_POINT('',(0.0129299719846366,0.04922,-0.00635500000000014));
#2382=CARTESIAN_POINT('',(0.0129299719846366,0.04922,-0.00810500000000012));
#2383=CARTESIAN_POINT('',(3.40698268165277E-18,0.04922,-0.00810500000000011));
#2384=CARTESIAN_POINT('',(0.00648997198463678,0.04922,-0.00810500000000011));
#2385=CARTESIAN_POINT('',(0.00648997198463679,0.04922,-0.00635500000000014));
#2386=CARTESIAN_POINT('',(0.00473997198463681,0.04922,-0.00635500000000018));
#2387=CARTESIAN_POINT('',(0.00473997198463682,0.04922,-0.025));
#2388=CARTESIAN_POINT('',(3.46944695195361E-18,0.04922,-0.01115));
#2389=CARTESIAN_POINT('',(-0.035446455849518,0.04922,-0.01115));
#2390=CARTESIAN_POINT('',(-0.04322,0.04922,-0.01115));
#2391=CARTESIAN_POINT('',(-0.035446455849518,0.04922,-0.02115));
#2392=CARTESIAN_POINT('',(-0.035446455849518,0.04922,-0.02115));
#2393=CARTESIAN_POINT('',(3.46944695195361E-18,0.04922,-0.02115));
#2394=CARTESIAN_POINT('',(0.035446455849518,0.04922,-0.02115));
#2395=CARTESIAN_POINT('',(0.035446455849518,0.04922,-0.025));
#2396=CARTESIAN_POINT('',(0.035446455849518,0.04922,-0.01115));
#2397=CARTESIAN_POINT('',(3.46944695195361E-18,0.04922,-0.01115));
#2398=CARTESIAN_POINT('',(0.04322,0.04922,-0.01115));
#2399=CARTESIAN_POINT('',(0.04322,0.04922,-0.025));
#2400=CARTESIAN_POINT('',(0.04322,0.04922,0.0014));
#2401=CARTESIAN_POINT('',(-0.04322,0.04922,0.0014));
#2402=CARTESIAN_POINT('',(-0.04322,0.04922,0.0014));
#2403=CARTESIAN_POINT('',(-0.04322,0.04922,-0.02115));
#2404=CARTESIAN_POINT('',(0.04922,0.0132375491335946,-0.025));
#2405=CARTESIAN_POINT('',(0.04922,0.0132375491335946,-0.02115));
#2406=CARTESIAN_POINT('',(0.04922,0.035446455849518,-0.02115));
#2407=CARTESIAN_POINT('',(0.04922,-0.035446455849518,-0.02115));
#2408=CARTESIAN_POINT('',(0.04922,-0.035446455849518,-0.025));
#2409=CARTESIAN_POINT('',(0.04922,-0.035446455849518,-0.01115));
#2410=CARTESIAN_POINT('',(0.04922,0.0132375491335946,-0.01115));
#2411=CARTESIAN_POINT('',(0.04922,-0.04322,-0.01115));
#2412=CARTESIAN_POINT('',(0.04922,-0.04322,0.002));
#2413=CARTESIAN_POINT('',(0.04922,-0.04322,0.0014));
#2414=CARTESIAN_POINT('',(0.04922,0.0132375491335946,0.0014));
#2415=CARTESIAN_POINT('',(0.04922,0.04322,0.0014));
#2416=CARTESIAN_POINT('',(0.04922,0.04322,-0.025));
#2417=CARTESIAN_POINT('',(0.04922,0.04322,-0.01115));
#2418=CARTESIAN_POINT('',(0.04922,0.0132375491335946,-0.01115));
#2419=CARTESIAN_POINT('',(0.04922,0.035446455849518,-0.01115));
#2420=CARTESIAN_POINT('',(0.04922,0.035446455849518,-0.02115));
#2421=CARTESIAN_POINT('',(-0.04922,0.0132375491335946,-0.025));
#2422=CARTESIAN_POINT('',(-0.04922,0.0132375491335946,-0.02115));
#2423=CARTESIAN_POINT('',(-0.04922,0.035446455849518,-0.02115));
#2424=CARTESIAN_POINT('',(-0.04922,-0.0383645780384541,-0.02115));
#2425=CARTESIAN_POINT('',(-0.04922,0.035446455849518,-0.01115));
#2426=CARTESIAN_POINT('',(-0.04922,0.035446455849518,-0.01115));
#2427=CARTESIAN_POINT('',(-0.04922,0.0132375491335946,-0.01115));
#2428=CARTESIAN_POINT('',(-0.04922,0.04322,-0.01115));
#2429=CARTESIAN_POINT('',(-0.04922,0.04322,0.002));
#2430=CARTESIAN_POINT('',(-0.04922,0.04322,0.0014));
#2431=CARTESIAN_POINT('',(-0.04922,-0.04322,0.0014));
#2432=CARTESIAN_POINT('',(-0.04922,-0.04322,0.0014));
#2433=CARTESIAN_POINT('',(-0.04922,-0.04322,-0.025));
#2434=CARTESIAN_POINT('',(-0.04922,-0.04322,-0.01115));
#2435=CARTESIAN_POINT('',(-0.04922,0.0132375491335946,-0.01115));
#2436=CARTESIAN_POINT('',(-0.04922,-0.0383645780384541,-0.01115));
#2437=CARTESIAN_POINT('',(-0.04922,-0.0383645780384541,-0.01115));
#2438=CARTESIAN_POINT('',(-2.50736931217688E-18,-0.04922,-0.025));
#2439=CARTESIAN_POINT('',(-2.50736931217688E-18,-0.04922,-0.01115));
#2440=CARTESIAN_POINT('',(0.04322,-0.04922,-0.01115));
#2441=CARTESIAN_POINT('',(0.035446455849518,-0.04922,-0.01115));
#2442=CARTESIAN_POINT('',(0.035446455849518,-0.04922,-0.025));
#2443=CARTESIAN_POINT('',(0.035446455849518,-0.04922,-0.02115));
#2444=CARTESIAN_POINT('',(-2.50736931217688E-18,-0.04922,-0.02115));
#2445=CARTESIAN_POINT('',(-0.0383645780384541,-0.04922,-0.02115));
#2446=CARTESIAN_POINT('',(-0.0383645780384541,-0.04922,-0.01115));
#2447=CARTESIAN_POINT('',(-0.0383645780384541,-0.04922,-0.01115));
#2448=CARTESIAN_POINT('',(-2.50736931217688E-18,-0.04922,-0.01115));
#2449=CARTESIAN_POINT('',(-0.04322,-0.04922,-0.01115));
#2450=CARTESIAN_POINT('',(-0.04322,-0.04922,-0.025));
#2451=CARTESIAN_POINT('',(-0.04322,-0.04922,0.0014));
#2452=CARTESIAN_POINT('',(-2.50736931217688E-18,-0.04922,0.0014));
#2453=CARTESIAN_POINT('',(0.04322,-0.04922,0.0014));
#2454=CARTESIAN_POINT('',(0.04322,-0.04922,-0.02115));
#2455=CARTESIAN_POINT('',(0.,0.,-0.02115));
#2456=CARTESIAN_POINT('',(0.04022,-3.46944695195361E-18,-0.02115));
#2457=CARTESIAN_POINT('',(0.04022,0.03722,-0.02115));
#2458=CARTESIAN_POINT('',(0.04022,-0.03722,-0.02115));
#2459=CARTESIAN_POINT('',(0.03722,-0.03722,-0.02115));
#2460=CARTESIAN_POINT('',(0.03722,-0.04022,-0.02115));
#2461=CARTESIAN_POINT('',(0.,-0.04022,-0.02115));
#2462=CARTESIAN_POINT('',(-0.03722,-0.04022,-0.02115));
#2463=CARTESIAN_POINT('',(-0.03722,-0.03722,-0.02115));
#2464=CARTESIAN_POINT('',(-0.04022,-0.03722,-0.02115));
#2465=CARTESIAN_POINT('',(-0.04022,6.93889390390723E-18,-0.02115));
#2466=CARTESIAN_POINT('',(-0.04022,0.03722,-0.02115));
#2467=CARTESIAN_POINT('',(-0.03722,0.03722,-0.02115));
#2468=CARTESIAN_POINT('',(-0.03722,0.04022,-0.02115));
#2469=CARTESIAN_POINT('',(-6.93889390390723E-18,0.04022,-0.02115));
#2470=CARTESIAN_POINT('',(0.03722,0.04022,-0.02115));
#2471=CARTESIAN_POINT('',(0.03722,0.03722,-0.02115));
#2472=CARTESIAN_POINT('',(-0.0476351581179667,0.0476351581179667,-0.02115));
#2473=CARTESIAN_POINT('',(-0.0465659880728042,0.0384264377711876,-0.02115));
#2474=CARTESIAN_POINT('',(-0.0384264377711876,0.0465659880728042,-0.02115));
#2475=CARTESIAN_POINT('',(-0.04622,0.035446455849518,-0.02115));
#2476=CARTESIAN_POINT('',(-0.0487275790589834,-0.0383645780384541,-0.02115));
#2477=CARTESIAN_POINT('',(-0.0476351581179667,-0.0383645780384541,-0.02115));
#2478=CARTESIAN_POINT('',(-0.0476351581179667,-0.0476351581179667,-0.02115));
#2479=CARTESIAN_POINT('',(-0.0383645780384541,-0.0476351581179667,-0.02115));
#2480=CARTESIAN_POINT('',(-0.0383645780384541,-0.0487275790589834,-0.02115));
#2481=CARTESIAN_POINT('',(0.035446455849518,-0.04622,-0.02115));
#2482=CARTESIAN_POINT('',(0.0384264377711876,-0.0465659880728042,-0.02115));
#2483=CARTESIAN_POINT('',(0.0476351581179667,-0.0476351581179667,-0.02115));
#2484=CARTESIAN_POINT('',(0.0465659880728042,-0.0384264377711876,-0.02115));
#2485=CARTESIAN_POINT('',(0.04622,-0.035446455849518,-0.02115));
#2486=CARTESIAN_POINT('',(0.04622,0.035446455849518,-0.02115));
#2487=CARTESIAN_POINT('',(0.0465659880728042,0.0384264377711876,-0.02115));
#2488=CARTESIAN_POINT('',(0.0476351581179667,0.0476351581179667,-0.02115));
#2489=CARTESIAN_POINT('',(0.0384264377711876,0.0465659880728042,-0.02115));
#2490=CARTESIAN_POINT('',(0.035446455849518,0.04622,-0.02115));
#2491=CARTESIAN_POINT('',(-0.035446455849518,0.04622,-0.02115));
#2492=CARTESIAN_POINT('',(0.04322,0.04322,-0.025));
#2493=CARTESIAN_POINT('',(0.04322,0.04322,-0.01115));
#2494=CARTESIAN_POINT('',(0.04322,0.04322,0.0014));
#2495=CARTESIAN_POINT('',(-0.04322,0.04322,-0.025));
#2496=CARTESIAN_POINT('',(-0.04322,0.04322,-0.01115));
#2497=CARTESIAN_POINT('',(-0.04322,0.04322,0.0014));
#2498=CARTESIAN_POINT('',(0.04322,-0.04322,-0.025));
#2499=CARTESIAN_POINT('',(0.04322,-0.04322,-0.01115));
#2500=CARTESIAN_POINT('',(0.04322,-0.04322,0.0014));
#2501=CARTESIAN_POINT('',(-0.04322,-0.04322,-0.025));
#2502=CARTESIAN_POINT('',(-0.04322,-0.04322,-0.01115));
#2503=CARTESIAN_POINT('',(-0.04322,-0.04322,0.0014));
#2504=CARTESIAN_POINT('',(0.,0.052,-0.025));
#2505=CARTESIAN_POINT('',(-5.50698612684835E-20,0.052,-0.010105));
#2506=CARTESIAN_POINT('',(0.00648997198463678,0.052,-0.0101050000000001));
#2507=CARTESIAN_POINT('',(0.0129299719846366,0.052,-0.010105));
#2508=CARTESIAN_POINT('',(0.0129299719846366,0.052,-0.00635500000000014));
#2509=CARTESIAN_POINT('',(0.0166799719846366,0.052,-0.00635500000000023));
#2510=CARTESIAN_POINT('',(0.0166799719846366,0.052,-0.025));
#2511=CARTESIAN_POINT('',(0.0166799719846366,0.052,-0.00304500000000022));
#2512=CARTESIAN_POINT('',(0.0129299719846366,0.052,-0.00304500000000015));
#2513=CARTESIAN_POINT('',(0.0129299719846366,0.052,0.00070499999999982));
#2514=CARTESIAN_POINT('',(-9.50366420883765E-20,0.052,0.00070499999999981));
#2515=CARTESIAN_POINT('',(0.00648997198463676,0.052,0.00070499999999981));
#2516=CARTESIAN_POINT('',(0.00648997198463679,0.052,-0.00304500000000015));
#2517=CARTESIAN_POINT('',(0.00273997198463681,0.052,-0.00304500000000019));
#2518=CARTESIAN_POINT('',(0.00273997198463682,0.052,-0.025));
#2519=CARTESIAN_POINT('',(0.00273997198463682,0.052,-0.00635500000000023));
#2520=CARTESIAN_POINT('',(0.00648997198463679,0.052,-0.00635500000000014));
#2521=CARTESIAN_POINT('',(-0.046,0.052,-0.025));
#2522=CARTESIAN_POINT('',(-0.046,0.052,-0.0227));
#2523=CARTESIAN_POINT('',(-0.046,0.052,0.0014));
#2524=CARTESIAN_POINT('',(0.,0.052,0.0014));
#2525=CARTESIAN_POINT('',(0.046,0.052,0.0014));
#2526=CARTESIAN_POINT('',(0.046,0.052,-0.025));
#2527=CARTESIAN_POINT('',(0.046,0.052,-0.0227));
#2528=CARTESIAN_POINT('',(-0.046,0.052,-0.0227));
#2529=CARTESIAN_POINT('',(0.,-0.052,-0.025));
#2530=CARTESIAN_POINT('',(0.046,-0.052,-0.025));
#2531=CARTESIAN_POINT('',(0.046,-0.052,-0.0227));
#2532=CARTESIAN_POINT('',(0.046,-0.052,0.0014));
#2533=CARTESIAN_POINT('',(-0.046,-0.052,0.0014));
#2534=CARTESIAN_POINT('',(-0.046,-0.052,0.0014));
#2535=CARTESIAN_POINT('',(-0.046,-0.052,-0.025));
#2536=CARTESIAN_POINT('',(-0.046,-0.052,-0.0227));
#2537=CARTESIAN_POINT('',(0.,-0.052,-0.0227));
#2538=CARTESIAN_POINT('',(0.052,0.,-0.025));
#2539=CARTESIAN_POINT('',(0.052,0.046,0.002));
#2540=CARTESIAN_POINT('',(0.052,0.046,-0.0227));
#2541=CARTESIAN_POINT('',(0.052,0.046,0.0014));
#2542=CARTESIAN_POINT('',(0.052,-0.046,0.0014));
#2543=CARTESIAN_POINT('',(0.052,-0.046,0.0014));
#2544=CARTESIAN_POINT('',(0.052,-0.046,-0.025));
#2545=CARTESIAN_POINT('',(0.052,-0.046,-0.0227));
#2546=CARTESIAN_POINT('',(0.052,0.,-0.0227));
#2547=CARTESIAN_POINT('',(-0.052,0.,-0.025));
#2548=CARTESIAN_POINT('',(-0.052,-0.046,0.002));
#2549=CARTESIAN_POINT('',(-0.052,-0.046,-0.0227));
#2550=CARTESIAN_POINT('',(-0.052,-0.046,0.0014));
#2551=CARTESIAN_POINT('',(-0.052,0.,0.0014));
#2552=CARTESIAN_POINT('',(-0.052,0.046,0.0014));
#2553=CARTESIAN_POINT('',(-0.052,0.046,-0.025));
#2554=CARTESIAN_POINT('',(-0.052,0.046,-0.0227));
#2555=CARTESIAN_POINT('',(-0.052,-0.046,-0.0227));
#2556=CARTESIAN_POINT('',(0.,0.,0.002));
#2557=CARTESIAN_POINT('',(-0.04322,0.04322,0.002));
#2558=CARTESIAN_POINT('',(-0.04982,0.04322,0.002));
#2559=CARTESIAN_POINT('',(-0.04322,0.04982,0.002));
#2560=CARTESIAN_POINT('',(0.04322,0.04982,0.002));
#2561=CARTESIAN_POINT('',(0.04322,0.04982,0.002));
#2562=CARTESIAN_POINT('',(0.04322,0.04322,0.002));
#2563=CARTESIAN_POINT('',(0.04982,0.04322,0.002));
#2564=CARTESIAN_POINT('',(0.04982,0.,0.002));
#2565=CARTESIAN_POINT('',(0.04982,-0.04322,0.002));
#2566=CARTESIAN_POINT('',(0.04322,-0.04322,0.002));
#2567=CARTESIAN_POINT('',(0.04322,-0.04982,0.002));
#2568=CARTESIAN_POINT('',(-6.04967465012152E-18,-0.04982,0.002));
#2569=CARTESIAN_POINT('',(-0.04322,-0.04982,0.002));
#2570=CARTESIAN_POINT('',(-0.04322,-0.04322,0.002));
#2571=CARTESIAN_POINT('',(-0.04982,-0.04322,0.002));
#2572=CARTESIAN_POINT('',(-0.04982,0.04322,0.002));
#2573=CARTESIAN_POINT('',(-0.046,0.046,0.002));
#2574=CARTESIAN_POINT('',(-0.046,0.0514,0.002));
#2575=CARTESIAN_POINT('',(-0.0514,0.046,0.002));
#2576=CARTESIAN_POINT('',(-0.0514,0.,0.002));
#2577=CARTESIAN_POINT('',(-0.0514,-0.046,0.002));
#2578=CARTESIAN_POINT('',(-0.046,-0.046,0.002));
#2579=CARTESIAN_POINT('',(-0.046,-0.0514,0.002));
#2580=CARTESIAN_POINT('',(0.046,-0.0514,0.002));
#2581=CARTESIAN_POINT('',(0.046,-0.0514,0.002));
#2582=CARTESIAN_POINT('',(0.046,-0.046,0.002));
#2583=CARTESIAN_POINT('',(0.0514,-0.046,0.002));
#2584=CARTESIAN_POINT('',(0.0514,0.046,0.002));
#2585=CARTESIAN_POINT('',(0.0514,0.046,0.002));
#2586=CARTESIAN_POINT('',(0.046,0.046,0.002));
#2587=CARTESIAN_POINT('',(0.046,0.0514,0.002));
#2588=CARTESIAN_POINT('',(0.,0.0514,0.002));
#2589=CARTESIAN_POINT('',(0.00648997198463678,0.0674,-0.00304500000000015));
#2590=CARTESIAN_POINT('',(0.00473997198463682,0.0674,-0.00304500000000019));
#2591=CARTESIAN_POINT('',(0.00473997198463682,0.05,-0.00304500000000019));
#2592=CARTESIAN_POINT('',(0.00648997198463679,0.05,-0.00304500000000015));
#2593=CARTESIAN_POINT('',(0.00648997198463677,0.05,-0.00129500000000018));
#2594=CARTESIAN_POINT('',(0.00648997198463677,0.0674,-0.00129500000000018));
#2595=CARTESIAN_POINT('',(0.00473997198463682,0.0674,-0.00680500000000017));
#2596=CARTESIAN_POINT('',(0.00473997198463681,0.0674,-0.00635500000000018));
#2597=CARTESIAN_POINT('',(0.00473997198463681,0.05,-0.00635500000000018));
#2598=CARTESIAN_POINT('',(0.00473997198463682,0.05,-0.00680500000000017));
#2599=CARTESIAN_POINT('',(0.00648997198463678,0.0674,-0.00635500000000014));
#2600=CARTESIAN_POINT('',(0.00648997198463678,0.0674,-0.00810500000000011));
#2601=CARTESIAN_POINT('',(0.00648997198463678,0.05,-0.00810500000000011));
#2602=CARTESIAN_POINT('',(0.00648997198463679,0.05,-0.00635500000000014));
#2603=CARTESIAN_POINT('',(-3.81893847730103E-18,0.0674,-0.00810500000000011));
#2604=CARTESIAN_POINT('',(0.0129299719846366,0.0674,-0.00810500000000012));
#2605=CARTESIAN_POINT('',(0.0129299719846366,0.05,-0.00810500000000012));
#2606=CARTESIAN_POINT('',(-3.81893847730103E-18,0.05,-0.00810500000000011));
#2607=CARTESIAN_POINT('',(0.0129299719846366,0.0674,-0.00635500000000014));
#2608=CARTESIAN_POINT('',(0.0146799719846366,0.0674,-0.00635500000000018));
#2609=CARTESIAN_POINT('',(0.0146799719846366,0.05,-0.00635500000000018));
#2610=CARTESIAN_POINT('',(0.0129299719846366,0.05,-0.00635500000000014));
#2611=CARTESIAN_POINT('',(0.0146799719846366,0.0674,-0.00680500000000017));
#2612=CARTESIAN_POINT('',(0.0146799719846366,0.0674,-0.00304500000000019));
#2613=CARTESIAN_POINT('',(0.0146799719846366,0.05,-0.00304500000000019));
#2614=CARTESIAN_POINT('',(0.0146799719846366,0.05,-0.00680500000000017));
#2615=CARTESIAN_POINT('',(0.0129299719846366,0.0674,-0.00304500000000015));
#2616=CARTESIAN_POINT('',(0.0129299719846366,0.0674,-0.00129500000000019));
#2617=CARTESIAN_POINT('',(0.0129299719846366,0.05,-0.00129500000000019));
#2618=CARTESIAN_POINT('',(0.0129299719846366,0.05,-0.00304500000000015));
#2619=CARTESIAN_POINT('',(-3.8441164400562E-18,0.0674,-0.00129500000000019));
#2620=CARTESIAN_POINT('',(-3.8441164400562E-18,0.05,-0.00129500000000019));
#2621=CARTESIAN_POINT('',(0.00648997198463679,0.05,-0.00304500000000015));
#2622=CARTESIAN_POINT('',(0.00648997198463676,0.05,0.00070499999999982));
#2623=CARTESIAN_POINT('',(0.00273997198463681,0.05,-0.00304500000000019));
#2624=CARTESIAN_POINT('',(0.00273997198463682,0.05,-0.025));
#2625=CARTESIAN_POINT('',(0.00273997198463682,0.05,-0.00635500000000023));
#2626=CARTESIAN_POINT('',(-9.50366420883765E-20,0.05,0.00070499999999981));
#2627=CARTESIAN_POINT('',(0.0129299719846366,0.05,0.000704999999999812));
#2628=CARTESIAN_POINT('',(0.00648997198463679,0.05,-0.00635500000000014));
#2629=CARTESIAN_POINT('',(0.00648997198463678,0.05,-0.0101050000000001));
#2630=CARTESIAN_POINT('',(0.0129299719846366,0.05,-0.00304500000000015));
#2631=CARTESIAN_POINT('',(0.0166799719846366,0.05,-0.00304500000000022));
#2632=CARTESIAN_POINT('',(-5.50698612684835E-20,0.05,-0.010105));
#2633=CARTESIAN_POINT('',(0.0129299719846366,0.05,-0.010105));
#2634=CARTESIAN_POINT('',(0.0166799719846366,0.05,-0.025));
#2635=CARTESIAN_POINT('',(0.0166799719846366,0.05,-0.00635500000000018));
#2636=CARTESIAN_POINT('',(0.0129299719846366,0.05,-0.00635500000000014));
#2637=CARTESIAN_POINT('',(0.,-0.04022,-0.02115));
#2638=CARTESIAN_POINT('',(0.03722,-0.04022,-0.0242));
#2639=CARTESIAN_POINT('',(0.03722,-0.04022,-0.0227));
#2640=CARTESIAN_POINT('',(0.,-0.04022,-0.0227));
#2641=CARTESIAN_POINT('',(-0.03722,-0.04022,-0.0227));
#2642=CARTESIAN_POINT('',(-0.03722,-0.04022,-0.02115));
#2643=CARTESIAN_POINT('',(0.04022,-3.46944695195361E-18,-0.02115));
#2644=CARTESIAN_POINT('',(0.04022,0.03722,-0.02115));
#2645=CARTESIAN_POINT('',(0.04022,0.03722,-0.0227));
#2646=CARTESIAN_POINT('',(0.04022,-3.46944695195361E-18,-0.0227));
#2647=CARTESIAN_POINT('',(0.04022,-0.03722,-0.0227));
#2648=CARTESIAN_POINT('',(0.04022,-0.03722,-0.02115));
#2649=CARTESIAN_POINT('',(-6.93889390390723E-18,0.04022,-0.02115));
#2650=CARTESIAN_POINT('',(-0.03722,0.04022,-0.0242));
#2651=CARTESIAN_POINT('',(-0.03722,0.04022,-0.0227));
#2652=CARTESIAN_POINT('',(0.03722,0.04022,-0.0227));
#2653=CARTESIAN_POINT('',(0.03722,0.04022,-0.0227));
#2654=CARTESIAN_POINT('',(0.03722,0.04022,-0.02115));
#2655=CARTESIAN_POINT('',(-0.04022,6.93889390390723E-18,-0.02115));
#2656=CARTESIAN_POINT('',(-0.04022,-0.03722,-0.02115));
#2657=CARTESIAN_POINT('',(-0.04022,-0.03722,-0.0227));
#2658=CARTESIAN_POINT('',(-0.04022,0.03722,-0.0227));
#2659=CARTESIAN_POINT('',(-0.04022,0.03722,-0.0227));
#2660=CARTESIAN_POINT('',(-0.04022,0.03722,-0.02115));
#2661=CARTESIAN_POINT('',(-0.046,0.046,-0.025));
#2662=CARTESIAN_POINT('',(-0.046,0.046,0.0014));
#2663=CARTESIAN_POINT('',(-0.046,0.046,-0.0227));
#2664=CARTESIAN_POINT('',(0.046,0.046,-0.025));
#2665=CARTESIAN_POINT('',(0.046,0.046,0.0014));
#2666=CARTESIAN_POINT('',(0.046,0.046,-0.0227));
#2667=CARTESIAN_POINT('',(0.046,-0.046,-0.025));
#2668=CARTESIAN_POINT('',(0.046,-0.046,0.0014));
#2669=CARTESIAN_POINT('',(0.046,-0.046,-0.0227));
#2670=CARTESIAN_POINT('',(-0.046,-0.046,-0.025));
#2671=CARTESIAN_POINT('',(-0.046,-0.046,0.0014));
#2672=CARTESIAN_POINT('',(-0.046,-0.046,-0.0227));
#2673=CARTESIAN_POINT('',(0.,0.,-0.0242));
#2674=CARTESIAN_POINT('',(0.03722,-0.03722,-0.0242));
#2675=CARTESIAN_POINT('',(0.03722,-0.04172,-0.0242));
#2676=CARTESIAN_POINT('',(0.04172,-0.03722,-0.0242));
#2677=CARTESIAN_POINT('',(0.04172,0.,-0.0242));
#2678=CARTESIAN_POINT('',(0.04172,0.03722,-0.0242));
#2679=CARTESIAN_POINT('',(0.03722,0.03722,-0.0242));
#2680=CARTESIAN_POINT('',(0.03722,0.04172,-0.0242));
#2681=CARTESIAN_POINT('',(-0.03722,0.04172,-0.0242));
#2682=CARTESIAN_POINT('',(-0.03722,0.04172,-0.0242));
#2683=CARTESIAN_POINT('',(-0.03722,0.03722,-0.0242));
#2684=CARTESIAN_POINT('',(-0.04172,0.03722,-0.0242));
#2685=CARTESIAN_POINT('',(-0.04172,-0.03722,-0.0242));
#2686=CARTESIAN_POINT('',(-0.04172,-0.03722,-0.0242));
#2687=CARTESIAN_POINT('',(-0.03722,-0.03722,-0.0242));
#2688=CARTESIAN_POINT('',(-0.03722,-0.04172,-0.0242));
#2689=CARTESIAN_POINT('',(-7.19767910668845E-18,-0.04172,-0.0242));
#2690=CARTESIAN_POINT('',(-0.046,0.046,-0.0242));
#2691=CARTESIAN_POINT('',(-0.0505,0.046,-0.0242));
#2692=CARTESIAN_POINT('',(-0.046,0.0505,-0.0242));
#2693=CARTESIAN_POINT('',(0.046,0.0505,-0.0242));
#2694=CARTESIAN_POINT('',(0.046,0.0505,-0.0242));
#2695=CARTESIAN_POINT('',(0.046,0.046,-0.0242));
#2696=CARTESIAN_POINT('',(0.0505,0.046,-0.0242));
#2697=CARTESIAN_POINT('',(0.0505,0.,-0.0242));
#2698=CARTESIAN_POINT('',(0.0505,-0.046,-0.0242));
#2699=CARTESIAN_POINT('',(0.046,-0.046,-0.0242));
#2700=CARTESIAN_POINT('',(0.046,-0.0505,-0.0242));
#2701=CARTESIAN_POINT('',(-6.73873350283298E-18,-0.0505,-0.0242));
#2702=CARTESIAN_POINT('',(-0.046,-0.0505,-0.0242));
#2703=CARTESIAN_POINT('',(-0.046,-0.046,-0.0242));
#2704=CARTESIAN_POINT('',(-0.0505,-0.046,-0.0242));
#2705=CARTESIAN_POINT('',(-0.0505,0.046,-0.0242));
#2706=CARTESIAN_POINT('',(-0.03722,-0.03722,-0.02115));
#2707=CARTESIAN_POINT('',(-0.03722,-0.03722,-0.0227));
#2708=CARTESIAN_POINT('',(-0.03722,0.03722,-0.02115));
#2709=CARTESIAN_POINT('',(-0.03722,0.03722,-0.0227));
#2710=CARTESIAN_POINT('',(0.03722,0.03722,-0.02115));
#2711=CARTESIAN_POINT('',(0.03722,0.03722,-0.0227));
#2712=CARTESIAN_POINT('',(0.03722,-0.03722,-0.02115));
#2713=CARTESIAN_POINT('',(0.03722,-0.03722,-0.0227));
#2714=CARTESIAN_POINT('',(-0.04172,0.,-0.0242));
#2715=CARTESIAN_POINT('',(-0.04172,-0.03722,-0.0242));
#2716=CARTESIAN_POINT('',(-0.04022,0.03722,-0.0227));
#2717=CARTESIAN_POINT('',(-0.03722,0.03722,-0.0242));
#2718=CARTESIAN_POINT('',(-0.03722,0.04022,-0.0227));
#2719=CARTESIAN_POINT('',(-0.03722,-0.03722,-0.0242));
#2720=CARTESIAN_POINT('',(-0.03722,-0.04172,-0.0242));
#2721=CARTESIAN_POINT('',(0.,0.04172,-0.0242));
#2722=CARTESIAN_POINT('',(0.03722,0.04022,-0.0227));
#2723=CARTESIAN_POINT('',(0.,-0.04022,-0.0227));
#2724=CARTESIAN_POINT('',(0.03722,-0.04172,-0.0242));
#2725=CARTESIAN_POINT('',(0.03722,0.03722,-0.0242));
#2726=CARTESIAN_POINT('',(0.04022,0.03722,-0.0227));
#2727=CARTESIAN_POINT('',(0.03722,-0.03722,-0.0242));
#2728=CARTESIAN_POINT('',(0.04172,-0.03722,-0.0242));
#2729=CARTESIAN_POINT('',(0.04022,-3.46944695195361E-18,-0.0227));
#2730=CARTESIAN_POINT('',(-6.73873350283298E-18,-0.0505,-0.0242));
#2731=CARTESIAN_POINT('',(-0.046,-0.0505,-0.0242));
#2732=CARTESIAN_POINT('',(0.046,-0.052,-0.0227));
#2733=CARTESIAN_POINT('',(0.046,-0.046,-0.0242));
#2734=CARTESIAN_POINT('',(0.052,-0.046,-0.0227));
#2735=CARTESIAN_POINT('',(-0.046,-0.046,-0.0242));
#2736=CARTESIAN_POINT('',(-0.0505,-0.046,-0.0242));
#2737=CARTESIAN_POINT('',(0.0505,0.,-0.0242));
#2738=CARTESIAN_POINT('',(0.052,0.046,-0.0227));
#2739=CARTESIAN_POINT('',(-0.052,0.,-0.0227));
#2740=CARTESIAN_POINT('',(-0.0505,0.046,-0.0242));
#2741=CARTESIAN_POINT('',(0.046,0.046,-0.0242));
#2742=CARTESIAN_POINT('',(0.046,0.052,-0.0227));
#2743=CARTESIAN_POINT('',(-0.046,0.046,-0.0242));
#2744=CARTESIAN_POINT('',(-0.046,0.0505,-0.0242));
#2745=CARTESIAN_POINT('',(0.,0.052,-0.0227));
#2746=CARTESIAN_POINT('',(-6.04967465012152E-18,-0.04982,0.002));
#2747=CARTESIAN_POINT('',(-0.04322,-0.04982,0.002));
#2748=CARTESIAN_POINT('',(0.04322,-0.04922,0.0014));
#2749=CARTESIAN_POINT('',(0.04322,-0.04322,0.002));
#2750=CARTESIAN_POINT('',(0.04922,-0.04322,0.0014));
#2751=CARTESIAN_POINT('',(-0.04322,-0.04322,0.002));
#2752=CARTESIAN_POINT('',(-0.04982,-0.04322,0.002));
#2753=CARTESIAN_POINT('',(0.04982,0.,0.002));
#2754=CARTESIAN_POINT('',(0.04922,0.04322,0.0014));
#2755=CARTESIAN_POINT('',(-0.04922,0.0132375491335946,0.0014));
#2756=CARTESIAN_POINT('',(-0.04982,0.04322,0.002));
#2757=CARTESIAN_POINT('',(0.04322,0.04322,0.002));
#2758=CARTESIAN_POINT('',(0.04322,0.04922,0.0014));
#2759=CARTESIAN_POINT('',(-0.04322,0.04322,0.002));
#2760=CARTESIAN_POINT('',(-0.04322,0.04982,0.002));
#2761=CARTESIAN_POINT('',(3.46944695195361E-18,0.04922,0.0014));
#2762=CARTESIAN_POINT('',(0.052,0.,0.0014));
#2763=CARTESIAN_POINT('',(0.052,-0.046,0.0014));
#2764=CARTESIAN_POINT('',(0.0514,0.046,0.002));
#2765=CARTESIAN_POINT('',(0.046,0.046,0.002));
#2766=CARTESIAN_POINT('',(0.046,0.0514,0.002));
#2767=CARTESIAN_POINT('',(0.046,-0.046,0.002));
#2768=CARTESIAN_POINT('',(0.046,-0.052,0.0014));
#2769=CARTESIAN_POINT('',(0.,0.0514,0.002));
#2770=CARTESIAN_POINT('',(-0.046,0.0514,0.002));
#2771=CARTESIAN_POINT('',(0.,-0.052,0.0014));
#2772=CARTESIAN_POINT('',(-0.046,-0.052,0.0014));
#2773=CARTESIAN_POINT('',(-0.046,0.046,0.002));
#2774=CARTESIAN_POINT('',(-0.0514,0.046,0.002));
#2775=CARTESIAN_POINT('',(-0.046,-0.046,0.002));
#2776=CARTESIAN_POINT('',(-0.052,-0.046,0.0014));
#2777=CARTESIAN_POINT('',(-0.0514,0.,0.002));
#2778=CARTESIAN_POINT('',(0.0476351581179667,-0.0476351581179667,-0.01115));
#2779=CARTESIAN_POINT('',(0.0384264377711876,-0.0465659880728042,-0.01115));
#2780=CARTESIAN_POINT('',(0.0384264377711876,-0.0465659880728042,-0.01115));
#2781=CARTESIAN_POINT('',(0.0476351581179667,-0.0476351581179667,-0.01115));
#2782=CARTESIAN_POINT('',(0.0465659880728042,-0.0384264377711876,-0.01115));
#2783=CARTESIAN_POINT('',(0.0465659880728042,-0.0384264377711876,-0.01115));
#2784=CARTESIAN_POINT('',(0.04468094,-0.0445,-0.01115));
#2785=CARTESIAN_POINT('',(0.04468094,-0.0445,-0.01115));
#2786=CARTESIAN_POINT('',(0.04703094,-0.0445,-0.01115));
#2787=CARTESIAN_POINT('',(0.04468094,-0.0445,-0.02115));
#2788=CARTESIAN_POINT('',(0.04703094,-0.0445,-0.02115));
#2789=CARTESIAN_POINT('',(0.,0.,-0.01115));
#2790=CARTESIAN_POINT('',(0.04622,-0.035446455849518,-0.01115));
#2791=CARTESIAN_POINT('',(0.035446455849518,-0.04622,-0.01115));
#2792=CARTESIAN_POINT('',(-0.0476351581179667,0.0476351581179667,-0.01115));
#2793=CARTESIAN_POINT('',(-0.0476351581179667,0.0476351581179667,-0.01115));
#2794=CARTESIAN_POINT('',(-0.0465659880728042,0.0384264377711876,-0.01115));
#2795=CARTESIAN_POINT('',(-0.0384264377711876,0.0465659880728042,-0.01115));
#2796=CARTESIAN_POINT('',(-0.0465659880728042,0.0384264377711876,-0.01115));
#2797=CARTESIAN_POINT('',(-0.0384264377711876,0.0465659880728042,-0.01115));
#2798=CARTESIAN_POINT('',(-0.04431906,0.0445,-0.01115));
#2799=CARTESIAN_POINT('',(-0.04431906,0.0445,-0.01115));
#2800=CARTESIAN_POINT('',(-0.04196906,0.0445,-0.01115));
#2801=CARTESIAN_POINT('',(-0.04431906,0.0445,-0.02115));
#2802=CARTESIAN_POINT('',(-0.04196906,0.0445,-0.02115));
#2803=CARTESIAN_POINT('',(0.,0.,-0.01115));
#2804=CARTESIAN_POINT('',(-0.035446455849518,0.04622,-0.01115));
#2805=CARTESIAN_POINT('',(-0.04622,0.035446455849518,-0.01115));
#2806=CARTESIAN_POINT('',(0.0476351581179667,0.0476351581179667,-0.01115));
#2807=CARTESIAN_POINT('',(0.0476351581179667,0.0476351581179667,-0.01115));
#2808=CARTESIAN_POINT('',(0.0465659880728042,0.0384264377711876,-0.01115));
#2809=CARTESIAN_POINT('',(0.0384264377711876,0.0465659880728042,-0.01115));
#2810=CARTESIAN_POINT('',(0.0384264377711876,0.0465659880728042,-0.01115));
#2811=CARTESIAN_POINT('',(0.0465659880728042,0.0384264377711876,-0.01115));
#2812=CARTESIAN_POINT('',(0.04468094,0.0445,-0.01115));
#2813=CARTESIAN_POINT('',(0.04468094,0.0445,-0.01115));
#2814=CARTESIAN_POINT('',(0.04703094,0.0445,-0.01115));
#2815=CARTESIAN_POINT('',(0.04468094,0.0445,-0.02115));
#2816=CARTESIAN_POINT('',(0.04233094,0.0445,-0.02115));
#2817=CARTESIAN_POINT('',(0.,0.,-0.01115));
#2818=CARTESIAN_POINT('',(0.035446455849518,0.04622,-0.01115));
#2819=CARTESIAN_POINT('',(0.04622,0.035446455849518,-0.01115));
#2820=CARTESIAN_POINT('',(0.,0.,-0.02115));
#2821=CARTESIAN_POINT('',(-0.0487275790589834,-0.0383645780384541,-0.01115));
#2822=CARTESIAN_POINT('',(-0.0487275790589834,-0.0383645780384541,-0.01115));
#2823=CARTESIAN_POINT('',(-0.0476351581179667,-0.0383645780384541,-0.01115));
#2824=CARTESIAN_POINT('',(-0.0476351581179667,-0.0383645780384541,-0.01115));
#2825=CARTESIAN_POINT('',(-0.0383645780384541,-0.0487275790589834,-0.01115));
#2826=CARTESIAN_POINT('',(-0.0383645780384541,-0.0476351581179667,-0.01115));
#2827=CARTESIAN_POINT('',(-0.0383645780384541,-0.0476351581179667,-0.01115));
#2828=CARTESIAN_POINT('',(-0.0383645780384541,-0.0487275790589834,-0.01115));
#2829=CARTESIAN_POINT('',(-0.0476351581179667,-0.0476351581179667,-0.01115));
#2830=CARTESIAN_POINT('',(-0.0476351581179667,-0.0476351581179667,-0.01115));
#2831=CARTESIAN_POINT('',(-0.04431906,-0.0445,-0.01115));
#2832=CARTESIAN_POINT('',(-0.04431906,-0.0445,-0.01115));
#2833=CARTESIAN_POINT('',(-0.04196906,-0.0445,-0.01115));
#2834=CARTESIAN_POINT('',(-0.04431906,-0.0445,-0.02115));
#2835=CARTESIAN_POINT('',(-0.04666906,-0.0445,-0.02115));
#2836=CARTESIAN_POINT('',(0.,0.,-0.01115));
#2837=CARTESIAN_POINT('',(0.,0.,-0.02115));
#2838=CARTESIAN_POINT('',(0.,0.,-0.02115));
#2839=CARTESIAN_POINT('',(0.,0.,-0.02115));
#2840=CARTESIAN_POINT('',(-0.04622,0.035446455849518,-0.01115));
#2841=CARTESIAN_POINT('',(-0.035446455849518,0.04622,-0.01115));
#2842=CARTESIAN_POINT('',(0.035446455849518,-0.04622,-0.01115));
#2843=CARTESIAN_POINT('',(0.04622,-0.035446455849518,-0.01115));
#2844=CARTESIAN_POINT('',(0.035446455849518,0.04622,-0.01115));
#2845=CARTESIAN_POINT('',(0.04622,0.035446455849518,-0.01115));
#2846=MECHANICAL_DESIGN_GEOMETRIC_PRESENTATION_REPRESENTATION('',(#1651),#2847);
#2847=(
GEOMETRIC_REPRESENTATION_CONTEXT(3)
GLOBAL_UNCERTAINTY_ASSIGNED_CONTEXT((#2848))
GLOBAL_UNIT_ASSIGNED_CONTEXT((#2851,#2850,#2849))
REPRESENTATION_CONTEXT('Top','TOP_LEVEL_ASSEMBLY_PART')
);
#2848=UNCERTAINTY_MEASURE_WITH_UNIT(LENGTH_MEASURE(1.E-08),#2851,'DISTANCE_ACCURACY_VALUE','Maximum Tolerance applied to model');
#2849=(
NAMED_UNIT(*)
SI_UNIT($,.STERADIAN.)
SOLID_ANGLE_UNIT()
);
#2850=(
NAMED_UNIT(*)
PLANE_ANGLE_UNIT()
SI_UNIT($,.RADIAN.)
);
#2851=(
LENGTH_UNIT()
NAMED_UNIT(*)
SI_UNIT($,.METRE.)
);
#2852=PRODUCT_DEFINITION_SHAPE('','',#2853);
#2853=PRODUCT_DEFINITION('','',#2855,#2854);
#2854=PRODUCT_DEFINITION_CONTEXT('',#2861,'design');
#2855=PRODUCT_DEFINITION_FORMATION_WITH_SPECIFIED_SOURCE('','',#2857,.NOT_KNOWN.);
#2856=PRODUCT_RELATED_PRODUCT_CATEGORY('','',(#2857));
#2857=PRODUCT('Top','Top','Top',(#2859));
#2858=PRODUCT_CATEGORY('','');
#2859=PRODUCT_CONTEXT('',#2861,'mechanical');
#2860=APPLICATION_PROTOCOL_DEFINITION('international standard','ap242_managed_model_based_3d_engineering',2020,#2861);
#2861=APPLICATION_CONTEXT('managed model based 3d engineering');
ENDSEC;
END-ISO-10303-21;
